; Sample Rate 44100
; Channels 1
               0   0.021026611328 
   2.2675737e-05   0.012573242188 
   4.5351474e-05  0.0015563964844 
   6.8027211e-05  -0.010345458984 
   9.0702948e-05  -0.021270751953 
   0.00011337868  -0.029357910156 
   0.00013605442     -0.033203125 
   0.00015873016  -0.031860351562 
    0.0001814059  -0.025360107422 
   0.00020408163  -0.014617919922 
   0.00022675737  -0.0011291503906 
   0.00024943311   0.012939453125 
   0.00027210884   0.025360107422 
   0.00029478458   0.033996582031 
   0.00031746032   0.037322998047 
   0.00034013605    0.03466796875 
   0.00036281179   0.026397705078 
   0.00038548753      0.013671875 
   0.00040816327  -0.0014038085938 
     0.000430839  -0.016479492188 
   0.00045351474  -0.028930664062 
   0.00047619048  -0.036712646484 
   0.00049886621  -0.038391113281 
   0.00052154195  -0.033721923828 
   0.00054421769  -0.023406982422 
   0.00056689342  -0.0091247558594 
   0.00058956916  0.0067138671875 
    0.0006122449   0.021392822266 
   0.00063492063   0.032409667969 
   0.00065759637   0.037872314453 
   0.00068027211   0.036834716797 
   0.00070294785   0.029357910156 
   0.00072562358   0.016845703125 
   0.00074829932  0.0014343261719 
   0.00077097506  -0.014312744141 
   0.00079365079  -0.027496337891 
   0.00081632653  -0.035827636719 
   0.00083900227  -0.037872314453 
     0.000861678     -0.033203125 
   0.00088435374  -0.022644042969 
   0.00090702948  -0.0080261230469 
   0.00092970522  0.0080871582031 
   0.00095238095   0.022827148438 
   0.00097505669   0.033569335938 
   0.00099773243   0.038421630859 
    0.0010204082   0.036437988281 
    0.0010430839   0.027954101562 
    0.0010657596   0.014434814453 
    0.0010884354  -0.0017395019531 
    0.0011111111  -0.017761230469 
    0.0011337868  -0.030700683594 
    0.0011564626  -0.038299560547 
    0.0011791383  -0.039184570312 
    0.0012018141  -0.033111572266 
    0.0012244898  -0.021118164062 
    0.0012471655  -0.0052795410156 
    0.0012698413   0.011566162109 
     0.001292517   0.026397705078 
    0.0013151927   0.036712646484 
    0.0013378685   0.040588378906 
    0.0013605442   0.037261962891 
      0.00138322   0.027374267578 
    0.0014058957   0.012603759766 
    0.0014285714  -0.0044250488281 
    0.0014512472  -0.020721435547 
    0.0014739229  -0.033386230469 
    0.0014965986  -0.040161132812 
    0.0015192744  -0.039886474609 
    0.0015419501  -0.032531738281 
    0.0015646259  -0.019378662109 
    0.0015873016  -0.0028076171875 
    0.0016099773   0.014251708984 
    0.0016326531    0.02880859375 
    0.0016553288   0.038269042969 
    0.0016780045   0.040893554688 
    0.0017006803   0.036315917969 
     0.001723356   0.025238037109 
    0.0017460317  0.0096740722656 
    0.0017687075  -0.0075988769531 
    0.0017913832  -0.023559570312 
     0.001814059  -0.035308837891 
    0.0018367347  -0.040771484375 
    0.0018594104  -0.039001464844 
    0.0018820862  -0.030242919922 
    0.0019047619  -0.016143798828 
    0.0019274376  0.00088500976562 
    0.0019501134   0.017761230469 
    0.0019727891   0.031494140625 
    0.0019954649   0.039611816406 
    0.0020181406   0.040710449219 
    0.0020408163   0.034515380859 
    0.0020634921   0.022216796875 
    0.0020861678  0.0059509277344 
    0.0021088435  -0.011444091797 
    0.0021315193  -0.026763916016 
     0.002154195  -0.037384033203 
    0.0021768707  -0.041351318359 
    0.0021995465  -0.037902832031 
    0.0022222222  -0.027770996094 
     0.002244898  -0.012664794922 
    0.0022675737  0.0046691894531 
    0.0022902494   0.021270751953 
    0.0023129252   0.034027099609 
    0.0023356009   0.040771484375 
    0.0023582766   0.040252685547 
    0.0023809524   0.032592773438 
    0.0024036281   0.019104003906 
    0.0024263039  0.0022583007812 
    0.0024489796  -0.015014648438 
    0.0024716553  -0.029632568359 
    0.0024943311  -0.038970947266 
    0.0025170068  -0.041381835938 
    0.0025396825  -0.036437988281 
    0.0025623583  -0.024993896484 
     0.002585034  -0.0091247558594 
    0.0026077098  0.0083923339844 
    0.0026303855   0.024383544922 
    0.0026530612   0.036071777344 
     0.002675737   0.041290283203 
    0.0026984127   0.039215087891 
    0.0027210884   0.030120849609 
    0.0027437642   0.015716552734 
    0.0027664399  -0.0015258789062 
    0.0027891156  -0.018493652344 
    0.0028117914  -0.032135009766 
    0.0028344671  -0.040069580078 
    0.0028571429  -0.040863037109 
    0.0028798186  -0.034393310547 
    0.0029024943  -0.021820068359 
    0.0029251701  -0.0053405761719 
    0.0029478458   0.012084960938 
    0.0029705215   0.027374267578 
    0.0029931973   0.037750244141 
     0.003015873   0.041412353516 
    0.0030385488   0.037689208984 
    0.0030612245   0.027252197266 
    0.0030839002   0.011962890625 
     0.003106576  -0.0054016113281 
    0.0031292517  -0.021850585938 
    0.0031519274  -0.034393310547 
    0.0031746032  -0.040802001953 
    0.0031972789  -0.039916992188 
    0.0032199546  -0.031951904297 
    0.0032426304  -0.018280029297 
    0.0032653061  -0.0013732910156 
    0.0032879819   0.015808105469 
    0.0033106576   0.030181884766 
    0.0033333333   0.039123535156 
    0.0033560091   0.041107177734 
    0.0033786848   0.035766601562 
    0.0034013605   0.024047851562 
    0.0034240363  0.0080261230469 
     0.003446712  -0.0094299316406 
    0.0034693878  -0.025177001953 
    0.0034920635  -0.036437988281 
    0.0035147392  -0.041198730469 
     0.003537415  -0.038665771484 
    0.0035600907  -0.029174804688 
    0.0035827664  -0.014526367188 
    0.0036054422  0.0027465820312 
    0.0036281179       0.01953125 
    0.0036507937   0.032806396484 
    0.0036734694   0.040283203125 
    0.0036961451    0.04052734375 
    0.0037188209   0.033569335938 
    0.0037414966   0.020629882812 
    0.0037641723  0.0039978027344 
    0.0037868481  -0.013336181641 
    0.0038095238  -0.028350830078 
    0.0038321995  -0.038269042969 
    0.0038548753  -0.041351318359 
     0.003877551     -0.037109375 
    0.0039002268  -0.026214599609 
    0.0039229025  -0.010650634766 
    0.0039455782  0.0067749023438 
     0.003968254   0.023040771484 
    0.0039909297   0.035186767578 
    0.0040136054   0.041046142578 
    0.0040362812   0.039611816406 
    0.0040589569   0.031127929688 
    0.0040816327    0.01708984375 
    0.0041043084                0 
    0.0041269841  -0.017059326172 
    0.0041496599  -0.031127929688 
    0.0041723356  -0.039642333984 
    0.0041950113  -0.041046142578 
    0.0042176871  -0.035186767578 
    0.0042403628  -0.023040771484 
    0.0042630385  -0.0068054199219 
    0.0042857143   0.010650634766 
      0.00430839   0.026214599609 
    0.0043310658      0.037109375 
    0.0043537415   0.041320800781 
    0.0043764172   0.038238525391 
     0.004399093     0.0283203125 
    0.0044217687   0.013397216797 
    0.0044444444  -0.0039367675781 
    0.0044671202  -0.020568847656 
    0.0044897959  -0.033538818359 
    0.0045124717   -0.04052734375 
    0.0045351474  -0.040252685547 
    0.0045578231  -0.032867431641 
    0.0045804989  -0.019561767578 
    0.0046031746  -0.0028686523438 
    0.0046258503   0.014373779297 
    0.0046485261   0.029022216797 
    0.0046712018   0.038543701172 
    0.0046938776   0.041168212891 
    0.0047165533   0.036437988281 
     0.004739229   0.025268554688 
    0.0047619048  0.0095825195312 
    0.0047845805  -0.0077819824219 
    0.0048072562  -0.023742675781 
     0.004829932  -0.035522460938 
    0.0048526077  -0.040893554688 
    0.0048752834  -0.039031982422 
    0.0048979592  -0.030181884766 
    0.0049206349  -0.015991210938 
    0.0049433107  0.0010070800781 
    0.0049659864   0.017822265625 
    0.0049886621   0.031463623047 
    0.0050113379   0.039459228516 
    0.0050340136   0.040435791016 
    0.0050566893   0.034210205078 
    0.0050793651   0.021911621094 
    0.0051020408  0.0057067871094 
    0.0051247166  -0.011474609375 
    0.0051473923  -0.026580810547 
     0.005170068  -0.036987304688 
    0.0051927438  -0.040740966797 
    0.0052154195  -0.037261962891 
    0.0052380952  -0.027160644531 
     0.005260771  -0.012176513672 
    0.0052834467     0.0048828125 
    0.0053061224   0.021057128906 
    0.0053287982   0.033477783203 
    0.0053514739   0.039916992188 
    0.0053741497   0.039184570312 
    0.0053968254   0.031524658203 
    0.0054195011   0.018249511719 
    0.0054421769   0.001708984375 
    0.0054648526  -0.015075683594 
    0.0054875283  -0.029174804688 
    0.0055102041  -0.038055419922 
    0.0055328798  -0.040130615234 
    0.0055555556  -0.035064697266 
    0.0055782313  -0.023773193359 
     0.005600907  -0.0082092285156 
    0.0056235828  0.0087585449219 
    0.0056462585   0.024169921875 
    0.0056689342   0.035278320312 
      0.00569161     0.0400390625 
    0.0057142857   0.037719726562 
    0.0057369615   0.028625488281 
    0.0057596372   0.014495849609 
    0.0057823129  -0.0022583007812 
    0.0058049887    -0.0185546875 
    0.0058276644  -0.031555175781 
    0.0058503401  -0.038909912109 
    0.0058730159  -0.039337158203 
    0.0058956916  -0.032775878906 
    0.0059183673  -0.020385742188 
    0.0059410431  -0.0043334960938 
    0.0059637188   0.012420654297 
    0.0059863946   0.026977539062 
    0.0060090703   0.036712646484 
     0.006031746   0.039886474609 
    0.0060544218   0.036010742188 
    0.0060770975   0.025726318359 
    0.0060997732   0.010833740234 
     0.006122449  -0.0058898925781 
    0.0061451247  -0.021575927734 
    0.0061678005  -0.033416748047 
    0.0061904762  -0.039306640625 
    0.0062131519  -0.038208007812 
    0.0062358277  -0.030303955078 
    0.0062585034  -0.017028808594 
    0.0062811791  -0.00076293945312 
    0.0063038549         0.015625 
    0.0063265306   0.029174804688 
    0.0063492063   0.037567138672 
    0.0063718821   0.039245605469 
    0.0063945578   0.033935546875 
    0.0064172336   0.022644042969 
    0.0064399093  0.0072937011719 
     0.006462585  -0.0092468261719 
    0.0064852608  -0.024200439453 
    0.0065079365  -0.034759521484 
    0.0065306122  -0.039093017578 
     0.006553288  -0.036529541016 
    0.0065759637  -0.027465820312 
    0.0065986395  -0.013519287109 
    0.0066213152  0.0027770996094 
    0.0066439909     0.0185546875 
    0.0066666667   0.031036376953 
    0.0066893424   0.037933349609 
    0.0067120181   0.038116455078 
    0.0067346939   0.031463623047 
    0.0067573696   0.019317626953 
    0.0067800454  0.0036926269531 
    0.0068027211  -0.012542724609 
    0.0068253968  -0.026519775391 
    0.0068480726  -0.035736083984 
    0.0068707483  -0.038543701172 
     0.006893424  -0.034545898438 
    0.0069160998    -0.0244140625 
    0.0069387755  -0.0099487304688 
    0.0069614512  0.0062561035156 
     0.006984127   0.021331787109 
    0.0070068027   0.032592773438 
    0.0070294785   0.038024902344 
    0.0070521542   0.036651611328 
    0.0070748299    0.02880859375 
    0.0070975057   0.015838623047 
    0.0071201814  6.103515625e-05 
    0.0071428571  -0.015686035156 
    0.0071655329  -0.028625488281 
    0.0071882086  -0.036437988281 
    0.0072108844  -0.037780761719 
    0.0072335601  -0.032409667969 
    0.0072562358  -0.021240234375 
    0.0072789116   -0.00634765625 
    0.0073015873  0.0096130371094 
     0.007324263   0.023895263672 
    0.0073469388   0.033874511719 
    0.0073696145   0.037872314453 
    0.0073922902   0.035064697266 
     0.007414966   0.026031494141 
    0.0074376417   0.012420654297 
    0.0074603175  -0.0033874511719 
    0.0074829932  -0.018585205078 
    0.0075056689  -0.030426025391 
    0.0075283447  -0.036865234375 
    0.0075510204  -0.036712646484 
    0.0075736961  -0.030059814453 
    0.0075963719   -0.01806640625 
    0.0076190476  -0.0028991699219 
    0.0076417234   0.012786865234 
    0.0076643991   0.026153564453 
    0.0076870748   0.034851074219 
    0.0077097506   0.037353515625 
    0.0077324263   0.033172607422 
     0.007755102   0.023162841797 
    0.0077777778  0.0090026855469 
    0.0078004535  -0.0067138671875 
    0.0078231293  -0.021209716797 
     0.007845805  -0.031890869141 
    0.0078684807  -0.036926269531 
    0.0078911565  -0.035400390625 
    0.0079138322  -0.027557373047 
    0.0079365079  -0.014801025391 
    0.0079591837  0.00054931640625 
    0.0079818594   0.015777587891 
    0.0080045351   0.028198242188 
    0.0080272109   0.035552978516 
    0.0080498866    0.03662109375 
    0.0080725624   0.031158447266 
    0.0080952381   0.020172119141 
    0.0081179138   0.005615234375 
    0.0081405896  -0.0098876953125 
    0.0081632653  -0.023651123047 
     0.008185941     -0.033203125 
    0.0082086168  -0.036834716797 
    0.0082312925  -0.033935546875 
    0.0082539683  -0.024993896484 
     0.008276644  -0.011627197266 
    0.0082993197  0.0037841796875 
    0.0083219955   0.018463134766 
    0.0083446712   0.029937744141 
    0.0083673469   0.036010742188 
    0.0083900227   0.035705566406 
    0.0084126984   0.029083251953 
    0.0084353741   0.017333984375 
    0.0084580499  0.0025329589844 
    0.0084807256  -0.012725830078 
    0.0085034014  -0.025695800781 
    0.0085260771  -0.034027099609 
    0.0085487528  -0.036376953125 
    0.0085714286    -0.0322265625 
    0.0085941043  -0.022399902344 
      0.00861678  -0.0086364746094 
    0.0086394558  0.0066223144531 
    0.0086621315   0.020660400391 
    0.0086848073   0.031036376953 
     0.008707483   0.035858154297 
    0.0087301587   0.034301757812 
    0.0087528345   0.026672363281 
    0.0087755102   0.014312744141 
    0.0087981859  -0.00051879882812 
    0.0088208617  -0.015197753906 
    0.0088435374  -0.027160644531 
    0.0088662132  -0.034301757812 
    0.0088888889  -0.035247802734 
    0.0089115646  -0.029968261719 
    0.0089342404  -0.019378662109 
    0.0089569161   -0.00537109375 
    0.0089795918  0.0095520019531 
    0.0090022676   0.022735595703 
    0.0090249433   0.031860351562 
     0.009047619   0.035278320312 
    0.0090702948   0.032409667969 
    0.0090929705   0.023773193359 
    0.0091156463   0.010955810547 
     0.009138322  -0.0038452148438 
    0.0091609977  -0.017883300781 
    0.0091836735  -0.028717041016 
    0.0092063492  -0.034423828125 
    0.0092290249  -0.034027099609 
    0.0092517007  -0.027557373047 
    0.0092743764  -0.016204833984 
    0.0092970522  -0.0019836425781 
    0.0093197279   0.012603759766 
    0.0093424036    0.02490234375 
    0.0093650794   0.032775878906 
    0.0093877551   0.034790039062 
    0.0094104308   0.030670166016 
    0.0094331066   0.021057128906 
    0.0094557823  0.0077514648438 
     0.009478458  -0.0069580078125 
    0.0095011338  -0.020355224609 
    0.0095238095  -0.030181884766 
    0.0095464853  -0.034606933594 
     0.009569161  -0.032958984375 
    0.0095918367     -0.025390625 
    0.0096145125  -0.013366699219 
    0.0096371882  0.0010375976562 
    0.0096598639   0.015167236328 
    0.0096825397   0.026641845703 
    0.0097052154   0.033386230469 
    0.0097278912     0.0341796875 
    0.0097505669   0.028930664062 
    0.0097732426   0.018585205078 
    0.0097959184  0.0049743652344 
    0.0098185941  -0.009521484375 
    0.0098412698  -0.022277832031 
    0.0098639456  -0.031066894531 
    0.0098866213  -0.034332275391 
    0.0099092971  -0.031524658203 
    0.0099319728  -0.023132324219 
    0.0099546485  -0.010711669922 
    0.0099773243  0.0036010742188 
            0.01   0.017211914062 
     0.010022676   0.027770996094 
     0.010045351   0.033355712891 
     0.010068027   0.033020019531 
     0.010090703   0.026885986328 
     0.010113379   0.015960693359 
     0.010136054  0.0022888183594 
      0.01015873  -0.011779785156 
     0.010181406  -0.023712158203 
     0.010204082  -0.031372070312 
     0.010226757  -0.033447265625 
     0.010249433  -0.029632568359 
     0.010272109  -0.020538330078 
     0.010294785  -0.0078430175781 
      0.01031746  0.0061950683594 
     0.010340136   0.019073486328 
     0.010362812   0.028533935547 
     0.010385488   0.032928466797 
     0.010408163   0.031463623047 
     0.010430839   0.024383544922 
     0.010453515   0.013031005859 
      0.01047619  -0.0006103515625 
     0.010498866  -0.014099121094 
     0.010521542  -0.025054931641 
     0.010544218  -0.031524658203 
     0.010566893  -0.032348632812 
     0.010589569  -0.027465820312 
     0.010612245  -0.017730712891 
     0.010634921  -0.0048217773438 
     0.010657596  0.0089111328125 
     0.010680272   0.021026611328 
     0.010702948   0.029327392578 
     0.010725624   0.032470703125 
     0.010748299   0.029846191406 
     0.010770975   0.021942138672 
     0.010793651   0.010131835938 
     0.010816327  -0.0034484863281 
     0.010839002  -0.016387939453 
     0.010861678  -0.026397705078 
     0.010884354  -0.031707763672 
     0.010907029  -0.031402587891 
     0.010929705  -0.025543212891 
     0.010952381   -0.01513671875 
     0.010975057  -0.0021362304688 
     0.010997732   0.011260986328 
     0.011020408   0.022613525391 
     0.011043084   0.029937744141 
      0.01106576   0.031982421875 
     0.011088435   0.028350830078 
     0.011111111   0.019744873047 
     0.011133787  0.0076599121094 
     0.011156463  -0.0057983398438 
     0.011179138  -0.018127441406 
     0.011201814  -0.027252197266 
      0.01122449  -0.031494140625 
     0.011247166  -0.030181884766 
     0.011269841  -0.023559570312 
     0.011292517  -0.012756347656 
     0.011315193   0.000244140625 
     0.011337868   0.013214111328 
     0.011360544   0.023742675781 
      0.01138322   0.030090332031 
     0.011405896   0.031066894531 
     0.011428571   0.026550292969 
     0.011451247   0.017333984375 
     0.011473923  0.0050964355469 
     0.011496599  -0.008056640625 
     0.011519274  -0.019683837891 
      0.01154195  -0.027862548828 
     0.011564626  -0.031066894531 
     0.011587302  -0.028778076172 
     0.011609977  -0.021392822266 
     0.011632653   -0.01025390625 
     0.011655329  0.0027160644531 
     0.011678005   0.015167236328 
      0.01170068    0.02490234375 
     0.011723356   0.030242919922 
     0.011746032   0.030242919922 
     0.011768707   0.024871826172 
     0.011791383   0.015106201172 
     0.011814059  0.0027160644531 
     0.011836735  -0.010162353516 
      0.01185941  -0.021209716797 
     0.011882086  -0.028503417969 
     0.011904762  -0.030792236328 
     0.011927438  -0.027587890625 
     0.011950113  -0.019592285156 
     0.011972789  -0.0081481933594 
     0.011995465  0.0047302246094 
     0.012018141   0.016723632812 
     0.012040816   0.025787353516 
     0.012063492     0.0302734375 
     0.012086168   0.029449462891 
     0.012108844        0.0234375 
     0.012131519   0.013305664062 
     0.012154195  0.00088500976562 
     0.012176871  -0.011657714844 
     0.012199546  -0.022094726562 
     0.012222222  -0.028656005859 
     0.012244898  -0.030151367188 
     0.012267574  -0.026336669922 
     0.012290249  -0.017883300781 
     0.012312925   -0.00634765625 
     0.012335601  0.0062561035156 
     0.012358277   0.017730712891 
     0.012380952   0.026031494141 
     0.012403628   0.029754638672 
     0.012426304   0.028167724609 
      0.01244898   0.021697998047 
     0.012471655   0.011383056641 
     0.012494331  -0.00082397460938 
     0.012517007  -0.012878417969 
     0.012539683  -0.022613525391 
     0.012562358  -0.028350830078 
     0.012585034  -0.029022216797 
      0.01260771  -0.024597167969 
     0.012630385  -0.015869140625 
     0.012653061  -0.0043334960938 
     0.012675737  0.0078735351562 
     0.012698413   0.018676757812 
     0.012721088   0.026153564453 
     0.012743764   0.028991699219 
      0.01276644   0.026672363281 
     0.012789116   0.019653320312 
     0.012811791  0.0092163085938 
     0.012834467  -0.0028381347656 
     0.012857143  -0.014343261719 
     0.012879819  -0.023315429688 
     0.012902494  -0.028137207031 
      0.01292517  -0.027954101562 
     0.012947846  -0.022857666016 
     0.012970522  -0.013732910156 
     0.012993197  -0.002197265625 
     0.013015873  0.0097351074219 
     0.013038549   0.019927978516 
     0.013061224   0.026519775391 
       0.0130839   0.028503417969 
     0.013106576      0.025390625 
     0.013129252   0.017822265625 
     0.013151927  0.0071411132812 
     0.013174603  -0.0047912597656 
     0.013197279  -0.015899658203 
     0.013219955  -0.024169921875 
      0.01324263  -0.028198242188 
     0.013265306  -0.027252197266 
     0.013287982     -0.021484375 
     0.013310658  -0.011962890625 
     0.013333333  -0.0003662109375 
     0.013356009   0.011352539062 
     0.013378685    0.02099609375 
     0.013401361   0.026977539062 
     0.013424036   0.028198242188 
     0.013446712   0.024505615234 
     0.013469388   0.016510009766 
     0.013492063   0.005615234375 
     0.013514739  -0.0062561035156 
     0.013537415  -0.016998291016 
     0.013560091  -0.024749755859 
     0.013582766  -0.028106689453 
     0.013605442  -0.026580810547 
     0.013628118  -0.020385742188 
     0.013650794  -0.010620117188 
     0.013673469     0.0009765625 
     0.013696145   0.012359619141 
     0.013718821   0.021575927734 
     0.013741497   0.026947021484 
     0.013764172   0.027587890625 
     0.013786848        0.0234375 
     0.013809524    0.01513671875 
       0.0138322  0.0042114257812 
     0.013854875  -0.0074462890625 
     0.013877551  -0.017700195312 
     0.013900227  -0.024871826172 
     0.013922902  -0.027587890625 
     0.013945578  -0.025482177734 
     0.013968254  -0.018890380859 
      0.01399093  -0.0090026855469 
     0.014013605  0.0024719238281 
     0.014036281   0.013458251953 
     0.014058957   0.022033691406 
     0.014081633   0.026733398438 
     0.014104308   0.026702880859 
     0.014126984    0.02197265625 
      0.01414966   0.013366699219 
     0.014172336  0.0024108886719 
     0.014195011  -0.0089416503906 
     0.014217687  -0.018737792969 
     0.014240363  -0.025177001953 
     0.014263039  -0.027191162109 
     0.014285714    -0.0244140625 
      0.01430839  -0.017333984375 
     0.014331066  -0.0071716308594 
     0.014353741  0.0042419433594 
     0.014376417   0.014892578125 
     0.014399093    0.02294921875 
     0.014421769   0.026977539062 
     0.014444444   0.026214599609 
      0.01446712   0.020904541016 
     0.014489796   0.011840820312 
     0.014512472   0.000732421875 
     0.014535147  -0.010559082031 
     0.014557823  -0.019958496094 
     0.014580499   -0.02587890625 
     0.014603175  -0.027252197266 
      0.01462585  -0.023834228516 
     0.014648526  -0.016265869141 
     0.014671202  -0.0057983398438 
     0.014693878  0.0056457519531 
     0.014716553   0.016143798828 
     0.014739229   0.023803710938 
     0.014761905   0.027313232422 
      0.01478458   0.026031494141 
     0.014807256   0.020172119141 
     0.014829932   0.010803222656 
     0.014852608   -0.00048828125 
     0.014875283  -0.011657714844 
     0.014897959  -0.020782470703 
     0.014920635  -0.026275634766 
     0.014943311  -0.027160644531 
     0.014965986  -0.023284912109 
     0.014988662  -0.015319824219 
     0.015011338  -0.0046997070312 
     0.015034014  0.0067443847656 
     0.015056689   0.016998291016 
     0.015079365   0.024261474609 
     0.015102041   0.027252197266 
     0.015124717   0.025451660156 
     0.015147392   0.019226074219 
     0.015170068  0.0095825195312 
     0.015192744  -0.001708984375 
      0.01521542    -0.0126953125 
     0.015238095  -0.021453857422 
     0.015260771  -0.026428222656 
     0.015283447  -0.026794433594 
     0.015306122  -0.022369384766 
     0.015328798  -0.014099121094 
     0.015351474  -0.0032653808594 
      0.01537415  0.0080871582031 
     0.015396825    0.01806640625 
     0.015419501   0.024841308594 
     0.015442177   0.027221679688 
     0.015464853   0.024871826172 
     0.015487528   0.018127441406 
     0.015510204  0.0081481933594 
      0.01553288  -0.0032653808594 
     0.015555556  -0.014129638672 
     0.015578231  -0.022521972656 
     0.015600907  -0.026947021484 
     0.015623583  -0.026672363281 
     0.015646259  -0.021697998047 
     0.015668934  -0.012878417969 
      0.01569161  -0.0018310546875 
     0.015714286  0.0095825195312 
     0.015736961   0.019378662109 
     0.015759637   0.025726318359 
     0.015782313   0.027648925781 
     0.015804989   0.024719238281 
     0.015827664   0.017425537109 
      0.01585034   0.007080078125 
     0.015873016  -0.0045471191406 
     0.015895692  -0.015350341797 
     0.015918367  -0.023498535156 
     0.015941043  -0.027557373047 
     0.015963719  -0.026763916016 
     0.015986395  -0.021301269531 
      0.01600907  -0.012145996094 
     0.016031746  -0.00079345703125 
     0.016054422   0.010620117188 
     0.016077098   0.020202636719 
     0.016099773   0.026306152344 
     0.016122449   0.027740478516 
     0.016145125   0.024322509766 
       0.0161678   0.016693115234 
     0.016190476  0.0061340332031 
     0.016213152  -0.0055236816406 
     0.016235828  -0.016204833984 
     0.016258503  -0.023986816406 
     0.016281179  -0.027587890625 
     0.016303855  -0.026306152344 
     0.016326531  -0.020416259766 
     0.016349206  -0.010986328125 
     0.016371882  0.00042724609375 
     0.016394558   0.011749267578 
     0.016417234   0.020965576172 
     0.016439909   0.026489257812 
     0.016462585   0.027313232422 
     0.016485261   0.023345947266 
     0.016507937   0.015228271484 
     0.016530612  0.0044555664062 
     0.016553288  -0.0071105957031 
     0.016575964  -0.017486572266 
     0.016598639  -0.024719238281 
     0.016621315  -0.027587890625 
     0.016643991  -0.025604248047 
     0.016666667  -0.019104003906 
     0.016689342  -0.0091247558594 
     0.016712018  0.0024108886719 
     0.016734694   0.013610839844 
      0.01675737   0.022399902344 
     0.016780045   0.027252197266 
     0.016802721   0.027282714844 
     0.016825397   0.022521972656 
     0.016848073   0.013763427734 
     0.016870748    0.00244140625 
     0.016893424   -0.00927734375 
       0.0169161  -0.019409179688 
     0.016938776  -0.026214599609 
     0.016961451  -0.028411865234 
     0.016984127  -0.025573730469 
     0.017006803  -0.018249511719 
     0.017029478  -0.0076293945312 
     0.017052154  0.0043334960938 
      0.01707483         0.015625 
     0.017097506   0.024230957031 
     0.017120181   0.028564453125 
     0.017142857   0.027923583984 
     0.017165533   0.022369384766 
     0.017188209   0.012908935547 
     0.017210884  0.0010986328125 
      0.01723356  -0.010955810547 
     0.017256236  -0.021118164062 
     0.017278912  -0.027618408203 
     0.017301587  -0.029266357422 
     0.017324263  -0.025787353516 
     0.017346939  -0.017822265625 
     0.017369615  -0.0066833496094 
      0.01739229  0.0056457519531 
     0.017414966   0.016998291016 
     0.017437642      0.025390625 
     0.017460317   0.029357910156 
     0.017482993   0.028167724609 
     0.017505669   0.022033691406 
     0.017528345   0.012023925781 
      0.01755102  -9.1552734375e-05 
     0.017573696  -0.012237548828 
     0.017596372  -0.022247314453 
     0.017619048  -0.028289794922 
     0.017641723  -0.029418945312 
     0.017664399  -0.025329589844 
     0.017687075  -0.016784667969 
     0.017709751  -0.0052795410156 
     0.017732426  0.0072326660156 
     0.017755102   0.018402099609 
     0.017777778   0.026397705078 
     0.017800454   0.029693603516 
     0.017823129   0.027801513672 
     0.017845805   0.020935058594 
     0.017868481   0.010375976562 
     0.017891156  -0.0020751953125 
     0.017913832  -0.014190673828 
     0.017936508  -0.023803710938 
     0.017959184  -0.029266357422 
     0.017981859  -0.029541015625 
     0.018004535  -0.024597167969 
     0.018027211  -0.015289306641 
     0.018049887  -0.0032043457031 
     0.018072562  0.0094909667969 
     0.018095238   0.020538330078 
     0.018117914   0.028015136719 
      0.01814059   0.030548095703 
     0.018163265   0.027709960938 
     0.018185941   0.019927978516 
     0.018208617  0.0086364746094 
     0.018231293  -0.0042724609375 
     0.018253968  -0.016448974609 
     0.018276644  -0.025787353516 
      0.01829932  -0.030609130859 
     0.018321995  -0.030029296875 
     0.018344671  -0.024139404297 
     0.018367347  -0.014007568359 
     0.018390023  -0.0012817382812 
     0.018412698   0.011688232422 
     0.018435374   0.022583007812 
      0.01845805   0.029602050781 
     0.018480726   0.031372070312 
     0.018503401   0.027618408203 
     0.018526077   0.018951416016 
     0.018548753  0.0069274902344 
     0.018571429  -0.0064086914062 
     0.018594104  -0.018615722656 
      0.01861678  -0.027587890625 
     0.018639456  -0.031707763672 
     0.018662132  -0.030212402344 
     0.018684807  -0.023376464844 
     0.018707483  -0.012390136719 
     0.018730159  0.0008544921875 
     0.018752834   0.014038085938 
      0.01877551   0.024780273438 
     0.018798186   0.031127929688 
     0.018820862   0.032012939453 
     0.018843537   0.027221679688 
     0.018866213   0.017547607422 
     0.018888889  0.0047302246094 
     0.018911565  -0.0090026855469 
      0.01893424  -0.021209716797 
     0.018956916  -0.029693603516 
     0.018979592  -0.032958984375 
     0.019002268  -0.030426025391 
     0.019024943    -0.0224609375 
     0.019047619  -0.010498046875 
     0.019070295  0.0034484863281 
     0.019092971   0.016845703125 
     0.019115646   0.027313232422 
     0.019138322   0.033020019531 
     0.019160998   0.032958984375 
     0.019183673   0.027008056641 
     0.019206349   0.016265869141 
     0.019229025  0.0025634765625 
     0.019251701  -0.011657714844 
     0.019274376  -0.023895263672 
     0.019297052  -0.031982421875 
     0.019319728  -0.034423828125 
     0.019342404  -0.030853271484 
     0.019365079  -0.021759033203 
     0.019387755  -0.0088195800781 
     0.019410431  0.0057678222656 
     0.019433107   0.019378662109 
     0.019455782   0.029663085938 
     0.019478458   0.034729003906 
     0.019501134   0.033721923828 
      0.01952381   0.026702880859 
     0.019546485   0.015014648438 
     0.019569161  0.00057983398438 
     0.019591837  -0.013946533203 
     0.019614512  -0.026123046875 
     0.019637188   -0.03369140625 
     0.019659864  -0.035369873047 
      0.01968254  -0.030792236328 
     0.019705215  -0.020782470703 
     0.019727891  -0.0070495605469 
     0.019750567  0.0079650878906 
     0.019773243   0.021606445312 
     0.019795918   0.031463623047 
     0.019818594   0.035797119141 
      0.01984127   0.033813476562 
     0.019863946   0.025817871094 
     0.019886621   0.013244628906 
     0.019909297  -0.0016784667969 
     0.019931973  -0.016357421875 
     0.019954649  -0.028137207031 
     0.019977324  -0.035003662109 
            0.02   -0.03564453125 
     0.020022676  -0.029998779297 
     0.020045351  -0.018981933594 
     0.020068027  -0.0046081542969 
     0.020090703   0.010650634766 
     0.020113379   0.024047851562 
     0.020136054      0.033203125 
      0.02015873   0.036468505859 
     0.020181406   0.033294677734 
     0.020204082   0.024169921875 
     0.020226757     0.0107421875 
     0.020249433  -0.004638671875 
     0.020272109  -0.019226074219 
     0.020294785  -0.030487060547 
      0.02031746  -0.036315917969 
     0.020340136  -0.035705566406 
     0.020362812  -0.028747558594 
     0.020385488  -0.016632080078 
     0.020408163  -0.0015258789062 
     0.020430839   0.013946533203 
     0.020453515   0.026977539062 
      0.02047619   0.035217285156 
     0.020498866   0.037292480469 
     0.020521542    0.03271484375 
     0.020544218   0.022277832031 
     0.020566893  0.0078430175781 
     0.020589569  -0.008056640625 
     0.020612245  -0.022583007812 
     0.020634921     -0.033203125 
     0.020657596  -0.037933349609 
     0.020680272  -0.035949707031 
     0.020702948  -0.027557373047 
     0.020725624  -0.014251708984 
     0.020748299  0.0016784667969 
     0.020770975   0.017364501953 
     0.020793651   0.030059814453 
     0.020816327   0.037414550781 
     0.020839002   0.038208007812 
     0.020861678   0.032196044922 
     0.020884354   0.020477294922 
     0.020907029  0.0050354003906 
     0.020929705  -0.011352539062 
     0.020952381  -0.025787353516 
     0.020975057  -0.035705566406 
     0.020997732  -0.039306640625 
     0.021020408  -0.035980224609 
     0.021043084  -0.026245117188 
      0.02106576  -0.011810302734 
     0.021088435  0.0047607421875 
     0.021111111   0.020538330078 
     0.021133787    0.03271484375 
     0.021156463   0.039154052734 
     0.021179138   0.038604736328 
     0.021201814   0.031219482422 
      0.02122449   0.018310546875 
     0.021247166  0.0020751953125 
     0.021269841  -0.014587402344 
     0.021292517  -0.028717041016 
     0.021315193  -0.037750244141 
     0.021337868  -0.040100097656 
     0.021360544  -0.035339355469 
      0.02138322  -0.024261474609 
     0.021405896  -0.0088500976562 
     0.021428571  0.0082092285156 
     0.021451247   0.023864746094 
     0.021473923   0.035278320312 
     0.021496599   0.040496826172 
     0.021519274   0.038482666016 
      0.02154195   0.029632568359 
     0.021564626   0.015441894531 
     0.021587302  -0.0015258789062 
     0.021609977  -0.018280029297 
     0.021632653  -0.031860351562 
     0.021655329  -0.039764404297 
     0.021678005  -0.040679931641 
      0.02170068  -0.034301757812 
     0.021723356  -0.021820068359 
     0.021746032   -0.00537109375 
     0.021768707   0.012084960938 
     0.021791383   0.027435302734 
     0.021814059   0.037994384766 
     0.021836735   0.041809082031 
      0.02185941   0.038208007812 
     0.021882086   0.027770996094 
     0.021904762   0.012329101562 
     0.021927438  -0.0053405761719 
     0.021950113  -0.022094726562 
     0.021972789  -0.035064697266 
     0.021995465  -0.041809082031 
     0.022018141  -0.041107177734 
     0.022040816  -0.033111572266 
     0.022063492  -0.019195556641 
     0.022086168  -0.0017700195312 
     0.022108844   0.015960693359 
     0.022131519   0.030975341797 
     0.022154195   0.040466308594 
     0.022176871   0.042846679688 
     0.022199546   0.037567138672 
     0.022222222   0.025573730469 
     0.022244898   0.009033203125 
     0.022267574  -0.0092163085938 
     0.022290249   -0.02587890625 
     0.022312925  -0.037963867188 
     0.022335601  -0.043334960938 
     0.022358277     -0.041015625 
     0.022380952  -0.031372070312 
     0.022403628   -0.01611328125 
     0.022426304  0.0020751953125 
      0.02244898   0.019927978516 
     0.022471655   0.034301757812 
     0.022494331   0.042633056641 
     0.022517007   0.043395996094 
     0.022539683   0.036376953125 
     0.022562358   0.022888183594 
     0.022585034  0.0052490234375 
      0.02260771  -0.013366699219 
     0.022630385  -0.029693603516 
     0.022653061  -0.040740966797 
     0.022675737  -0.044586181641 
     0.022698413  -0.040496826172 
     0.022721088  -0.029205322266 
     0.022743764  -0.012634277344 
      0.02276644  0.0062561035156 
     0.022789116   0.024047851562 
     0.022811791   0.037658691406 
     0.022834467   0.044616699219 
     0.022857143   0.043640136719 
     0.022879819   0.034851074219 
     0.022902494   0.019866943359 
      0.02292517  0.0012512207031 
     0.022947846  -0.017608642578 
     0.022970522  -0.033416748047 
     0.022993197  -0.043334960938 
     0.023015873  -0.045532226562 
     0.023038549  -0.039672851562 
     0.023061224  -0.026672363281 
       0.0230839  -0.0089111328125 
     0.023106576   0.010467529297 
     0.023129252   0.028076171875 
     0.023151927   0.040740966797 
     0.023174603   0.046173095703 
     0.023197279   0.043395996094 
     0.023219955   0.032897949219 
      0.02324263   0.016510009766 
     0.023265306  -0.0028686523438 
     0.023287982  -0.021759033203 
     0.023310658  -0.036895751953 
     0.023333333  -0.045440673828 
     0.023356009  -0.045928955078 
     0.023378685  -0.038238525391 
     0.023401361  -0.023742675781 
     0.023424036  -0.0049438476562 
     0.023446712   0.014770507812 
     0.023469388   0.031890869141 
     0.023492063   0.043395996094 
     0.023514739   0.047149658203 
     0.023537415   0.042541503906 
     0.023560091   0.030334472656 
     0.023582766     0.0126953125 
     0.023605442  -0.0072631835938 
     0.023628118  -0.025970458984 
     0.023650794  -0.040069580078 
     0.023673469  -0.047058105469 
     0.023696145  -0.045654296875 
     0.023718821    -0.0361328125 
     0.023741497  -0.020141601562 
     0.023764172  -0.00051879882812 
     0.023786848   0.019256591797 
     0.023809524   0.035675048828 
       0.0238322   0.045715332031 
     0.023854875   0.047637939453 
     0.023877551      0.041015625 
     0.023900227   0.027099609375 
     0.023922902    0.00830078125 
     0.023945578  -0.012054443359 
     0.023968254    -0.0302734375 
      0.02399093  -0.043151855469 
     0.024013605  -0.048370361328 
     0.024036281  -0.044952392578 
     0.024058957  -0.033508300781 
     0.024081633  -0.016021728516 
     0.024104308  0.0043640136719 
     0.024126984   0.024017333984 
      0.02414966   0.039459228516 
     0.024172336   0.047912597656 
     0.024195011   0.047790527344 
     0.024217687   0.039184570312 
     0.024240363   0.023559570312 
     0.024263039   0.003662109375 
     0.024285714  -0.016937255859 
      0.02430839  -0.034606933594 
     0.024331066  -0.046142578125 
     0.024353741  -0.049468994141 
     0.024376417  -0.043975830078 
     0.024399093  -0.030670166016 
     0.024421769  -0.011810302734 
     0.024444444  0.0091857910156 
      0.02446712   0.028625488281 
     0.024489796   0.043029785156 
     0.024512472     0.0498046875 
     0.024535147   0.047668457031 
     0.024557823      0.037109375 
     0.024580499   0.019866943359 
     0.024603175  -0.00091552734375 
      0.02462585  -0.021636962891 
     0.024648526  -0.038543701172 
     0.024671202  -0.048614501953 
     0.024693878  -0.050048828125 
     0.024716553  -0.042572021484 
     0.024739229  -0.027526855469 
     0.024761905  -0.0075073242188 
      0.02478458   0.013885498047 
     0.024807256   0.032806396484 
     0.024829932   0.045959472656 
     0.024852608   0.050964355469 
     0.024875283   0.046936035156 
     0.024897959   0.034484863281 
     0.024920635   0.015899658203 
     0.024943311  -0.0055541992188 
     0.024965986  -0.026031494141 
     0.024988662  -0.041900634766 
     0.025011338  -0.050384521484 
     0.025034014  -0.049865722656 
     0.025056689  -0.040466308594 
     0.025079365  -0.023834228516 
     0.025102041  -0.0029602050781 
     0.025124717   0.018432617188 
     0.025147392    0.03662109375 
     0.025170068   0.048309326172 
     0.025192744   0.051361083984 
      0.02521542   0.045257568359 
     0.025238095   0.031097412109 
     0.025260771   0.011383056641 
     0.025283447  -0.010375976562 
     0.025306122  -0.030364990234 
     0.025328798  -0.044860839844 
     0.025351474  -0.051422119141 
      0.02537415     -0.048828125 
     0.025396825  -0.037475585938 
     0.025419501  -0.019439697266 
     0.025442177  0.0021057128906 
     0.025464853   0.023254394531 
     0.025487528   0.040313720703 
     0.025510204   0.050170898438 
      0.02553288   0.051086425781 
     0.025555556   0.042877197266 
     0.025578231   0.027008056641 
     0.025600907  0.0062866210938 
     0.025623583  -0.015655517578 
     0.025646259  -0.034759521484 
     0.025668934  -0.047698974609 
      0.02569161  -0.052124023438 
     0.025714286  -0.047271728516 
     0.025736961  -0.033935546875 
     0.025759637  -0.014495849609 
     0.025782313  0.0075378417969 
     0.025804989     0.0283203125 
     0.025827664   0.044036865234 
      0.02585034   0.051971435547 
     0.025873016   0.050598144531 
     0.025895692   0.040161132812 
     0.025918367   0.022552490234 
     0.025941043  0.00082397460938 
     0.025963719  -0.021026611328 
     0.025986395  -0.039215087891 
      0.02600907  -0.050476074219 
     0.026031746     -0.052734375 
     0.026054422  -0.045562744141 
     0.026077098  -0.030242919922 
     0.026099773  -0.0094909667969 
     0.026122449   0.012969970703 
     0.026145125      0.033203125 
       0.0261678   0.047576904297 
     0.026190476   0.053466796875 
     0.026213152   0.049865722656 
     0.026235828   0.037384033203 
     0.026258503   0.018188476562 
     0.026281179  -0.0043029785156 
     0.026303855  -0.026000976562 
     0.026326531  -0.043151855469 
     0.026349206  -0.052612304688 
     0.026371882     -0.052734375 
     0.026394558  -0.043487548828 
     0.026417234  -0.026458740234 
     0.026439909  -0.0046997070312 
     0.026462585   0.017944335938 
     0.026485261   0.037353515625 
     0.026507937   0.050170898438 
     0.026530612   0.054046630859 
     0.026553288   0.048309326172 
     0.026575964   0.033905029297 
     0.026598639   0.013488769531 
     0.026621315  -0.0093383789062 
     0.026643991  -0.030517578125 
     0.026666667  -0.046264648438 
     0.026689342  -0.053741455078 
     0.026712018  -0.051666259766 
     0.026734694  -0.040374755859 
      0.02675737  -0.021820068359 
     0.026780045  0.00064086914062 
     0.026802721   0.022979736328 
     0.026825397   0.041229248047 
     0.026848073   0.052124023438 
     0.026870748     0.0537109375 
     0.026893424   0.045715332031 
       0.0269161   0.029541015625 
     0.026938776   0.008056640625 
     0.026961451  -0.014923095703 
     0.026984127  -0.035247802734 
     0.027006803  -0.049285888672 
     0.027029478  -0.054504394531 
     0.027052154  -0.050048828125 
      0.02707483  -0.036560058594 
     0.027097506  -0.016571044922 
     0.027120181  0.0065002441406 
     0.027142857   0.028381347656 
     0.027165533   0.045288085938 
     0.027188209   0.054077148438 
     0.027210884   0.053253173828 
      0.02723356   0.042907714844 
     0.027256236   0.024871826172 
     0.027278912  0.0023498535156 
     0.027301587  -0.020599365234 
     0.027324263  -0.039978027344 
     0.027346939  -0.052215576172 
     0.027369615  -0.055145263672 
      0.02739229  -0.048278808594 
     0.027414966  -0.032775878906 
     0.027437642  -0.011413574219 
     0.027460317   0.012054443359 
     0.027482993   0.033386230469 
     0.027505669   0.048797607422 
     0.027528345   0.055603027344 
      0.02755102   0.052429199219 
     0.027573696   0.039947509766 
     0.027596372   0.020324707031 
     0.027619048    -0.0029296875 
     0.027641723  -0.025726318359 
     0.027664399  -0.043914794922 
     0.027687075  -0.054321289062 
     0.027709751  -0.055053710938 
     0.027732426  -0.045989990234 
     0.027755102  -0.028717041016 
     0.027777778  -0.0063171386719 
     0.027800454   0.017211914062 
     0.027823129   0.037689208984 
     0.027845805   0.051483154297 
     0.027868481   0.056060791016 
     0.027891156   0.050659179688 
     0.027913832   0.036254882812 
     0.027936508   0.015380859375 
     0.027959184   -0.00830078125 
     0.027981859  -0.030487060547 
     0.028004535  -0.047210693359 
     0.028027211  -0.055572509766 
     0.028049887  -0.054016113281 
     0.028072562  -0.042785644531 
     0.028095238  -0.023956298828 
     0.028117914  -0.00082397460938 
      0.02814059   0.022491455078 
     0.028163265   0.041748046875 
     0.028185941   0.053649902344 
     0.028208617   0.055908203125 
     0.028231293   0.048248291016 
     0.028253968   0.031921386719 
     0.028276644  0.0099487304688 
      0.02829932  -0.013854980469 
     0.028321995  -0.035186767578 
     0.028344671   -0.05029296875 
     0.028367347  -0.056427001953 
     0.028390023  -0.052490234375 
     0.028412698  -0.039184570312 
     0.028435374  -0.018920898438 
      0.02845805  0.0047607421875 
     0.028480726   0.027618408203 
     0.028503401   0.045501708984 
     0.028526077   0.055328369141 
     0.028548753   0.055267333984 
     0.028571429   0.045379638672 
     0.028594104   0.027404785156 
      0.02861678  0.0045166015625 
     0.028639456  -0.019134521484 
     0.028662132  -0.039428710938 
     0.028684807  -0.052673339844 
     0.028707483  -0.056549072266 
     0.028730159   -0.05029296875 
     0.028752834  -0.035125732422 
      0.02877551     -0.013671875 
     0.028798186   0.010192871094 
     0.028820862   0.032196044922 
     0.028843537   0.048492431641 
     0.028866213   0.056121826172 
     0.028888889   0.053771972656 
     0.028911565   0.041778564453 
      0.02893424   0.022308349609 
     0.028956916  -0.0010986328125 
     0.028979592  -0.024322509766 
     0.029002268  -0.043151855469 
     0.029024943  -0.054351806641 
     0.029047619  -0.055755615234 
     0.029070295  -0.047241210938 
     0.029092971  -0.030303955078 
     0.029115646  -0.0078735351562 
     0.029138322   0.015930175781 
     0.029160998   0.036865234375 
     0.029183673   0.051239013672 
     0.029206349   0.056457519531 
     0.029229025   0.051574707031 
     0.029251701   0.037445068359 
     0.029274376   0.016662597656 
     0.029297052  -0.0071716308594 
     0.029319728  -0.029663085938 
     0.029342404  -0.046936035156 
     0.029365079  -0.055786132812 
     0.029387755  -0.054718017578 
     0.029410431  -0.043823242188 
     0.029433107  -0.025115966797 
     0.029455782  -0.0019226074219 
     0.029478458   0.021667480469 
     0.029501134   0.041381835938 
      0.02952381   0.053741455078 
     0.029546485   0.056488037109 
     0.029569161   0.049163818359 
     0.029591837   0.033050537109 
     0.029614512   0.011047363281 
     0.029637188  -0.012939453125 
     0.029659864  -0.034637451172 
      0.02968254  -0.050140380859 
     0.029705215  -0.056762695312 
     0.029727891  -0.053192138672 
     0.029750567  -0.040161132812 
     0.029773243  -0.019958496094 
     0.029795918  0.0038146972656 
     0.029818594   0.026885986328 
      0.02984127   0.045196533203 
     0.029863946   0.055419921875 
     0.029886621   0.055725097656 
     0.029909297   0.046112060547 
     0.029931973   0.028289794922 
     0.029954649    0.00537109375 
     0.029977324  -0.018493652344 
            0.03  -0.039031982422 
     0.030022676  -0.052642822266 
     0.030045351  -0.056823730469 
     0.030068027  -0.050872802734 
     0.030090703  -0.035827636719 
     0.030113379  -0.014373779297 
     0.030136054  0.0096435546875 
      0.03015873   0.031982421875 
     0.030181406   0.048553466797 
     0.030204082   0.056488037109 
     0.030226757   0.054321289062 
     0.030249433    0.04248046875 
     0.030272109   0.023010253906 
     0.030294785  -0.00051879882812 
      0.03031746  -0.024017333984 
     0.030340136  -0.043212890625 
     0.030362812  -0.054718017578 
     0.030385488  -0.056488037109 
     0.030408163  -0.048156738281 
     0.030430839         -0.03125 
     0.030453515  -0.0087585449219 
      0.03047619   0.015319824219 
     0.030498866   0.036651611328 
     0.030521542   0.051452636719 
     0.030544218   0.057067871094 
     0.030566893   0.052551269531 
     0.030589569   0.038696289062 
     0.030612245   0.017883300781 
     0.030634921  -0.006103515625 
     0.030657596  -0.028961181641 
     0.030680272  -0.046630859375 
     0.030702948  -0.055999755859 
     0.030725624  -0.055419921875 
     0.030748299  -0.044982910156 
     0.030770975  -0.026489257812 
     0.030793651  -0.0033264160156 
     0.030816327   0.020416259766 
     0.030839002   0.040496826172 
     0.030861678   0.053344726562 
     0.030884354   0.056671142578 
     0.030907029   0.049865722656 
     0.030929705   0.034210205078 
     0.030952381   0.012451171875 
     0.030975057  -0.011505126953 
     0.030997732  -0.033355712891 
     0.031020408  -0.049224853516 
     0.031043084  -0.056304931641 
      0.03106576  -0.053314208984 
     0.031088435  -0.040832519531 
     0.031111111  -0.021057128906 
     0.031133787  0.0024719238281 
     0.031156463   0.025512695312 
     0.031179138   0.044006347656 
     0.031201814   0.054626464844 
      0.03122449   0.055480957031 
     0.031247166   0.046417236328 
     0.031269841   0.029052734375 
     0.031292517  0.0065002441406 
     0.031315193  -0.017181396484 
     0.031337868  -0.037811279297 
     0.031360544  -0.051666259766 
      0.03138322  -0.056304931641 
     0.031405896  -0.050872802734 
     0.031428571  -0.036346435547 
     0.031451247  -0.015350341797 
     0.031473923  0.0083923339844 
     0.031496599   0.030639648438 
     0.031519274   0.047454833984 
      0.03154195   0.055755615234 
     0.031564626   0.054138183594 
     0.031587302   0.042877197266 
     0.031609977   0.023986816406 
     0.031632653  0.00079345703125 
     0.031655329  -0.022552490234 
     0.031678005  -0.041900634766 
      0.03170068    -0.0537109375 
     0.031723356  -0.055999755859 
     0.031746032  -0.048309326172 
     0.031768707  -0.032012939453 
     0.031791383  -0.010009765625 
     0.031814059   0.013732910156 
     0.031836735   0.035064697266 
      0.03185941   0.050109863281 
     0.031882086   0.056274414062 
     0.031904762   0.052337646484 
     0.031927438   0.039184570312 
     0.031950113   0.019012451172 
     0.031972789  -0.0045166015625 
     0.031995465  -0.027221679688 
     0.032018141  -0.045043945312 
     0.032040816  -0.054840087891 
     0.032063492  -0.054870605469 
     0.032086168  -0.045166015625 
     0.032108844  -0.027374267578 
     0.032131519  -0.0047607421875 
     0.032154195   0.018676757812 
     0.032176871   0.038726806641 
     0.032199546   0.051910400391 
     0.032222222   0.055816650391 
     0.032244898   0.049743652344 
     0.032267574   0.034881591797 
     0.032290249   0.013793945312 
     0.032312925  -0.0097045898438 
     0.032335601  -0.031463623047 
     0.032358277  -0.047546386719 
     0.032380952   -0.05517578125 
     0.032403628  -0.052917480469 
     0.032426304  -0.041259765625 
      0.03244898  -0.022277832031 
     0.032471655  0.00067138671875 
     0.032494331        0.0234375 
     0.032517007   0.042053222656 
     0.032539683   0.053070068359 
     0.032562358   0.054656982422 
     0.032585034   0.046478271484 
      0.03260771   0.030029296875 
     0.032630385  0.0082397460938 
     0.032653061  -0.015014648438 
     0.032675737  -0.035522460938 
     0.032698413  -0.049682617188 
     0.032721088  -0.054962158203 
     0.032743764  -0.050415039062 
      0.03276644  -0.036865234375 
     0.032789116  -0.016784667969 
     0.032811791  0.0062561035156 
     0.032834467   0.028198242188 
     0.032857143   0.045074462891 
     0.032879819   0.053924560547 
     0.032902494   0.053070068359 
      0.03292517   0.042785644531 
     0.032947846   0.024871826172 
     0.032970522  0.0025329589844 
     0.032993197  -0.020263671875 
     0.033015873  -0.039398193359 
     0.033038549  -0.051513671875 
     0.033061224  -0.054412841797 
       0.0330839  -0.047576904297 
     0.033106576  -0.032318115234 
     0.033129252  -0.011260986328 
     0.033151927   0.011779785156 
     0.033174603   0.032684326172 
     0.033197279   0.047760009766 
     0.033219955   0.054321289062 
      0.03324263   0.051177978516 
     0.033265306   0.038909912109 
     0.033287982   0.019683837891 
     0.033310658  -0.0030212402344 
     0.033333333  -0.025177001953 
     0.033356009  -0.042816162109 
     0.033378685  -0.052795410156 
     0.033401361  -0.053405761719 
     0.033424036  -0.044464111328 
     0.033446712  -0.027587890625 
     0.033469388  -0.0058288574219 
     0.033492063   0.016967773438 
     0.033514739   0.036712646484 
     0.033537415   0.049896240234 
     0.033560091    0.05419921875 
     0.033582766   0.048797607422 
     0.033605442   0.034729003906 
     0.033628118   0.014465332031 
     0.033650794  -0.0083618164062 
     0.033673469  -0.029693603516 
     0.033696145  -0.045684814453 
     0.033718821  -0.053527832031 
     0.033741497  -0.051879882812 
     0.033764172  -0.040954589844 
     0.033786848  -0.022766113281 
     0.033809524   -0.00048828125 
       0.0338322   0.021820068359 
     0.033854875   0.040252685547 
     0.033877551   0.051452636719 
     0.033900227   0.053527832031 
     0.033922902   0.046051025391 
     0.033945578   0.030395507812 
     0.033968254  0.0093383789062 
      0.03399093  -0.013366699219 
     0.034013605  -0.033660888672 
     0.034036281  -0.047973632812 
     0.034058957    -0.0537109375 
     0.034081633  -0.049865722656 
     0.034104308  -0.037200927734 
     0.034126984  -0.017883300781 
      0.03414966  0.0045471191406 
     0.034172336   0.026123046875 
     0.034195011   0.043090820312 
     0.034217687   0.052307128906 
     0.034240363   0.052185058594 
     0.034263039   0.042846679688 
     0.034285714   0.025848388672 
      0.03430839  0.0043029785156 
     0.034331066  -0.017974853516 
     0.034353741  -0.037017822266 
     0.034376417  -0.049407958984 
     0.034399093  -0.053039550781 
     0.034421769  -0.047210693359 
     0.034444444  -0.032958984375 
      0.03446712  -0.012908935547 
     0.034489796  0.0094299316406 
     0.034512472   0.030029296875 
     0.034535147   0.045227050781 
     0.034557823   0.052368164062 
     0.034580499   0.050170898438 
     0.034603175   0.039031982422 
      0.03462585   0.020965576172 
     0.034648526  -0.00076293945312 
     0.034671202  -0.022369384766 
     0.034693878  -0.039916992188 
     0.034716553  -0.050354003906 
     0.034739229    -0.0517578125 
     0.034761905  -0.043975830078 
      0.03478458  -0.028350830078 
     0.034807256  -0.0077209472656 
     0.034829932   0.014282226562 
     0.034852608   0.033660888672 
     0.034875283   0.047027587891 
     0.034897959   0.052001953125 
     0.034920635   0.047698974609 
     0.034943311   0.034881591797 
     0.034965986   0.015930175781 
     0.034988662  -0.0059204101562 
     0.035011338  -0.026611328125 
     0.035034014  -0.042541503906 
     0.035056689  -0.050933837891 
     0.035079365  -0.050170898438 
     0.035102041   -0.04052734375 
     0.035124717  -0.023590087891 
     0.035147392  -0.0025634765625 
     0.035170068   0.018920898438 
     0.035192744   0.037017822266 
      0.03521542   0.048492431641 
     0.035238095   0.051361083984 
     0.035260771   0.045043945312 
     0.035283447   0.030700683594 
     0.035306122   0.010986328125 
     0.035328798    -0.0107421875 
     0.035351474  -0.030517578125 
      0.03537415  -0.044799804688 
     0.035396825  -0.051086425781 
     0.035419501   -0.04833984375 
     0.035442177  -0.036956787109 
     0.035464853  -0.019073486328 
     0.035487528  0.0022583007812 
     0.035510204   0.023101806641 
      0.03553288   0.039855957031 
     0.035555556   0.049468994141 
     0.035578231   0.050262451172 
     0.035600907   0.042144775391 
     0.035623583   0.026550292969 
     0.035646259  0.0062561035156 
     0.035668934  -0.015106201172 
      0.03569161  -0.033752441406 
     0.035714286  -0.046417236328 
     0.035736961      -0.05078125 
     0.035759637  -0.046112060547 
     0.035782313  -0.033233642578 
     0.035804989  -0.014495849609 
     0.035827664  0.0067749023438 
      0.03585034   0.026824951172 
     0.035873016   0.042083740234 
     0.035895692   0.049835205078 
     0.035918367   0.048706054688 
     0.035941043   0.038940429688 
     0.035963719   0.022247314453 
     0.035986395  0.0016784667969 
      0.03600907  -0.019256591797 
     0.036031746   -0.03662109375 
     0.036054422  -0.047546386719 
     0.036077098  -0.049987792969 
     0.036099773  -0.043548583984 
     0.036122449  -0.029357910156 
     0.036145125  -0.010009765625 
       0.0361678   0.011108398438 
     0.036190476   0.030212402344 
     0.036213152     0.0439453125 
     0.036235828   0.049865722656 
     0.036258503   0.046936035156 
     0.036281179   0.035675048828 
     0.036303855   0.018096923828 
     0.036326531  -0.0026550292969 
     0.036349206  -0.022888183594 
     0.036371882  -0.039001464844 
     0.036394558  -0.048187255859 
     0.036417234     -0.048828125 
     0.036439909  -0.040832519531 
     0.036462585  -0.025573730469 
     0.036485261     -0.005859375 
     0.036507937   0.014862060547 
     0.036530612   0.032897949219 
     0.036553288   0.045074462891 
     0.036575964   0.049163818359 
     0.036598639   0.044586181641 
     0.036621315   0.032104492188 
     0.036643991   0.013977050781 
     0.036666667  -0.006591796875 
     0.036689342  -0.025909423828 
     0.036712018  -0.040588378906 
     0.036734694  -0.047973632812 
      0.03675737        -0.046875 
     0.036780045  -0.037445068359 
     0.036802721  -0.021362304688 
     0.036825397  -0.0015563964844 
     0.036848073   0.018493652344 
     0.036870748   0.035186767578 
     0.036893424   0.045532226562 
       0.0369161   0.047790527344 
     0.036938776   0.041564941406 
     0.036961451   0.027954101562 
     0.036984127  0.0093383789062 
     0.037006803  -0.010803222656 
     0.037029478  -0.029022216797 
     0.037052154  -0.042053222656 
      0.03707483  -0.047546386719 
     0.037097506  -0.044555664062 
     0.037120181  -0.033660888672 
     0.037142857  -0.016815185547 
     0.037165533  0.0030517578125 
     0.037188209   0.022308349609 
     0.037210884   0.037567138672 
      0.03723356   0.046142578125 
     0.037256236   0.046478271484 
     0.037278912    0.03857421875 
     0.037301587   0.023803710938 
     0.037324263  0.0048217773438 
     0.037346939  -0.014984130859 
     0.037369615  -0.032073974609 
      0.03739229  -0.043487548828 
     0.037414966  -0.047149658203 
     0.037437642  -0.042449951172 
     0.037460317  -0.030212402344 
     0.037482993  -0.012603759766 
     0.037505669  0.0072021484375 
     0.037528345   0.025695800781 
      0.03755102   0.039581298828 
     0.037573696   0.046417236328 
     0.037596372   0.045043945312 
     0.037619048    0.03564453125 
     0.037641723   0.019958496094 
     0.037664399  0.00076293945312 
     0.037687075    -0.0185546875 
     0.037709751  -0.034545898438 
     0.037732426  -0.044372558594 
     0.037755102  -0.046264648438 
     0.037777778  -0.039978027344 
     0.037800454  -0.026611328125 
     0.037823129  -0.0085144042969 
     0.037845805   0.011047363281 
     0.037868481   0.028594970703 
     0.037891156   0.041046142578 
     0.037913832   0.046173095703 
     0.037936508   0.043121337891 
     0.037959184   0.032379150391 
     0.037981859   0.015869140625 
     0.038004535  -0.0033569335938 
     0.038027211  -0.022033691406 
     0.038049887  -0.036712646484 
     0.038072562     -0.044921875 
     0.038095238  -0.045104980469 
     0.038117914  -0.037292480469 
      0.03814059  -0.022857666016 
     0.038163265  -0.0043640136719 
     0.038185941   0.014892578125 
     0.038208617   0.031463623047 
     0.038231293   0.042449951172 
     0.038253968   0.045867919922 
     0.038276644   0.041198730469 
      0.03829932   0.029205322266 
     0.038321995   0.012023925781 
     0.038344671  -0.0072326660156 
     0.038367347  -0.025146484375 
     0.038390023  -0.038665771484 
     0.038412698  -0.045318603516 
     0.038435374  -0.043914794922 
      0.03845805  -0.034729003906 
     0.038480726  -0.019439697266 
     0.038503401  -0.000732421875 
     0.038526077    0.01806640625 
     0.038548753   0.033660888672 
     0.038571429   0.043273925781 
     0.038594104   0.045166015625 
      0.03861678   0.039093017578 
     0.038639456   0.026092529297 
     0.038662132  0.0085754394531 
     0.038684807  -0.010498046875 
     0.038707483  -0.027618408203 
     0.038730159  -0.039825439453 
     0.038752834     -0.044921875 
      0.03877551  -0.042083740234 
     0.038798186  -0.031799316406 
     0.038820862  -0.015899658203 
     0.038843537  0.0027770996094 
     0.038866213   0.020935058594 
     0.038888889   0.035339355469 
     0.038911565   0.043395996094 
      0.03893424   0.043762207031 
     0.038956916   0.036376953125 
     0.038979592   0.022583007812 
     0.039002268  0.0047607421875 
     0.039024943  -0.013824462891 
     0.039047619  -0.029998779297 
     0.039070295  -0.040771484375 
     0.039092971  -0.044281005859 
     0.039115646  -0.039978027344 
     0.039138322  -0.028564453125 
     0.039160998  -0.012115478516 
     0.039183673  0.0065002441406 
     0.039206349    0.02392578125 
     0.039229025   0.037048339844 
     0.039251701   0.043609619141 
     0.039274376   0.042449951172 
     0.039297052   0.033782958984 
     0.039319728   0.019104003906 
     0.039342404  0.0010986328125 
     0.039365079   -0.01708984375 
     0.039387755    -0.0322265625 
     0.039410431  -0.041687011719 
     0.039433107  -0.043670654297 
     0.039455782  -0.037994384766 
     0.039478458  -0.025573730469 
     0.039501134  -0.0086669921875 
      0.03952381  0.0097351074219 
     0.039546485   0.026397705078 
     0.039569161   0.038391113281 
     0.039591837   0.043548583984 
     0.039614512   0.040954589844 
     0.039637188   0.031158447266 
     0.039659864   0.015899658203 
      0.03968254  -0.002197265625 
     0.039705215  -0.019836425781 
     0.039727891  -0.033935546875 
     0.039750567  -0.042022705078 
     0.039773243  -0.042633056641 
     0.039795918  -0.035736083984 
     0.039818594  -0.022491455078 
      0.03984127  -0.0052795410156 
     0.039863946   0.012817382812 
     0.039886621   0.028625488281 
     0.039909297   0.039306640625 
     0.039931973   0.043060302734 
     0.039954649   0.039154052734 
     0.039977324   0.028350830078 
            0.04   0.012512207031 
     0.040022676  -0.0055236816406 
     0.040045351  -0.022583007812 
     0.040068027  -0.035583496094 
     0.040090703  -0.042327880859 
     0.040113379  -0.041595458984 
     0.040136054  -0.033416748047 
      0.04015873  -0.019409179688 
     0.040181406     -0.001953125 
     0.040204082   0.015838623047 
     0.040226757   0.030792236328 
     0.040249433   0.040313720703 
     0.040272109   0.042724609375 
     0.040294785   0.037567138672 
      0.04031746   0.025787353516 
     0.040340136  0.0094299316406 
     0.040362812  -0.0085144042969 
     0.040385488  -0.024932861328 
     0.040408163  -0.036987304688 
     0.040430839  -0.042449951172 
     0.040453515  -0.040435791016 
      0.04047619  -0.031280517578 
     0.040498866  -0.016632080078 
     0.040521542  0.00091552734375 
     0.040544218   0.018280029297 
     0.040566893   0.032348632812 
     0.040589569   0.040740966797 
     0.040612245   0.041870117188 
     0.040634921    0.03564453125 
     0.040657596   0.023101806641 
     0.040680272  0.0065307617188 
     0.040702948  -0.011199951172 
     0.040725624  -0.026885986328 
     0.040748299  -0.037780761719 
     0.040770975  -0.041961669922 
     0.040793651  -0.038726806641 
     0.040816327  -0.028625488281 
     0.040839002  -0.013488769531 
     0.040861678  0.0040588378906 
     0.040884354   0.020812988281 
     0.040907029   0.033874511719 
     0.040929705   0.040924072266 
     0.040952381   0.040710449219 
     0.040975057   0.033294677734 
     0.040997732   0.019958496094 
     0.041020408  0.0031127929688 
     0.041043084  -0.014282226562 
      0.04106576  -0.029144287109 
     0.041088435  -0.038848876953 
     0.041111111  -0.041687011719 
     0.041133787     -0.037109375 
     0.041156463  -0.026000976562 
     0.041179138  -0.010284423828 
     0.041201814  0.0072937011719 
      0.04122449   0.023529052734 
     0.041247166    0.03564453125 
     0.041269841   0.041473388672 
     0.041292517   0.039916992188 
     0.041315193   0.031372070312 
     0.041337868   0.017242431641 
     0.041360544  0.0001220703125 
      0.04138322  -0.017059326172 
     0.041405896  -0.031219482422 
     0.041428571  -0.039825439453 
     0.041451247  -0.041473388672 
     0.041473923  -0.035736083984 
     0.041496599  -0.023742675781 
     0.041519274  -0.007568359375 
      0.04154195  0.0099487304688 
     0.041564626   0.025634765625 
     0.041587302   0.036834716797 
     0.041609977    0.04150390625 
     0.041632653   0.038818359375 
     0.041655329      0.029296875 
     0.041678005     0.0146484375 
      0.04170068  -0.0026245117188 
     0.041723356  -0.019378662109 
     0.041746032  -0.032653808594 
     0.041768707  -0.040191650391 
     0.041791383  -0.040557861328 
     0.041814059  -0.033782958984 
     0.041836735  -0.020965576172 
      0.04185941  -0.0045166015625 
     0.041882086     0.0126953125 
     0.041904762   0.027679443359 
     0.041927438   0.037719726562 
     0.041950113   0.041046142578 
     0.041972789      0.037109375 
     0.041995465   0.026611328125 
     0.042018141   0.011383056641 
     0.042040816     -0.005859375 
     0.042063492  -0.022094726562 
     0.042086168  -0.034362792969 
     0.042108844  -0.040557861328 
     0.042131519  -0.039581298828 
     0.042154195  -0.031555175781 
     0.042176871  -0.017944335938 
     0.042199546  -0.0011596679688 
     0.042222222   0.015838623047 
     0.042244898   0.030059814453 
     0.042267574   0.038970947266 
     0.042290249   0.040954589844 
     0.042312925   0.035705566406 
     0.042335601   0.024139404297 
     0.042358277    0.00830078125 
     0.042380952  -0.009033203125 
     0.042403628  -0.024749755859 
     0.042426304    -0.0361328125 
      0.04244898  -0.041107177734 
     0.042471655  -0.038848876953 
     0.042494331  -0.029693603516 
     0.042517007  -0.015319824219 
     0.042539683  0.0017700195312 
     0.042562358     0.0185546875 
     0.042585034   0.032043457031 
      0.04260771   0.039886474609 
     0.042630385   0.040649414062 
     0.042653061   0.034271240234 
     0.042675737   0.021820068359 
     0.042698413  0.0055541992188 
     0.042721088  -0.011749267578 
     0.042743764  -0.026916503906 
      0.04276644  -0.037322998047 
     0.042789116  -0.041137695312 
     0.042811791  -0.037658691406 
     0.042834467  -0.027496337891 
     0.042857143  -0.012542724609 
     0.042879819  0.0046997070312 
     0.042902494   0.021057128906 
      0.04292517   0.033660888672 
     0.042947846   0.040344238281 
     0.042970522   0.039855957031 
     0.042993197   0.032287597656 
     0.043015873    0.01904296875 
     0.043038549  0.0023803710938 
     0.043061224  -0.014709472656 
       0.0430839  -0.029144287109 
     0.043106576  -0.038482666016 
     0.043129252  -0.040924072266 
     0.043151927  -0.036193847656 
     0.043174603  -0.024993896484 
     0.043197279  -0.0093688964844 
     0.043219955  0.0079345703125 
      0.04324263   0.023834228516 
     0.043265306   0.035491943359 
     0.043287982   0.040924072266 
     0.043310658        0.0390625 
     0.043333333   0.030364990234 
     0.043356009   0.016204833984 
     0.043378685  -0.00082397460938 
     0.043401361  -0.017700195312 
     0.043424036  -0.031463623047 
     0.043446712  -0.039672851562 
     0.043469388  -0.040893554688 
     0.043492063  -0.034820556641 
     0.043514739  -0.022644042969 
     0.043537415  -0.0064086914062 
     0.043560091   0.010955810547 
     0.043582766   0.026397705078 
     0.043605442   0.037170410156 
     0.043628118   0.041381835938 
     0.043650794   0.038299560547 
     0.043673469   0.028411865234 
     0.043696145   0.013519287109 
     0.043718821  -0.0037841796875 
     0.043741497  -0.020385742188 
     0.043764172  -0.033447265625 
     0.043786848  -0.040588378906 
     0.043809524  -0.040496826172 
       0.0438322  -0.033294677734 
     0.043854875  -0.020172119141 
     0.043877551  -0.0034484863281 
     0.043900227   0.013824462891 
     0.043922902   0.028717041016 
     0.043945578   0.038513183594 
     0.043968254   0.041473388672 
      0.04399093   0.037170410156 
     0.044013605   0.026214599609 
     0.044036281   0.010620117188 
     0.044058957  -0.0068969726562 
     0.044081633  -0.023162841797 
     0.044104308  -0.035339355469 
     0.044126984  -0.041320800781 
      0.04414966  -0.039947509766 
     0.044172336  -0.031494140625 
     0.044195011  -0.017456054688 
     0.044217687  -0.00033569335938 
     0.044240363   0.016906738281 
     0.044263039   0.031158447266 
     0.044285714   0.039886474609 
      0.04430839   0.041564941406 
     0.044331066   0.035919189453 
     0.044353741   0.023895263672 
     0.044376417  0.0076293945312 
     0.044399093  -0.010040283203 
     0.044421769  -0.025909423828 
     0.044444444  -0.037231445312 
      0.04446712  -0.041961669922 
     0.044489796  -0.039306640625 
     0.044512472  -0.029632568359 
     0.044535147  -0.014770507812 
     0.044557823  0.0027465820312 
     0.044580499   0.019775390625 
     0.044603175   0.033325195312 
      0.04462585      0.041015625 
     0.044648526   0.041412353516 
     0.044671202   0.034484863281 
     0.044693878   0.021453857422 
     0.044716553  0.0046081542969 
     0.044739229  -0.013061523438 
     0.044761905  -0.028411865234 
      0.04478458  -0.038726806641 
     0.044807256  -0.042236328125 
     0.044829932  -0.038177490234 
     0.044852608  -0.027404785156 
     0.044875283  -0.011779785156 
     0.044897959  0.0059814453125 
     0.044920635   0.022705078125 
     0.044943311   0.035400390625 
     0.044965986   0.041839599609 
     0.044988662   0.040863037109 
     0.045011338   0.032623291016 
     0.045034014   0.018585205078 
     0.045056689   0.001220703125 
     0.045079365  -0.016357421875 
     0.045102041  -0.031066894531 
     0.045124717  -0.040313720703 
     0.045147392  -0.042419433594 
     0.045170068  -0.036956787109 
     0.045192744  -0.024963378906 
      0.04521542  -0.008544921875 
     0.045238095  0.0094604492188 
     0.045260771   0.025817871094 
     0.045283447   0.037628173828 
     0.045306122   0.042755126953 
     0.045328798   0.040344238281 
     0.045351474   0.030792236328 
      0.04537415   0.015747070312 
     0.045396825  -0.0021057128906 
     0.045419501  -0.019592285156 
     0.045442177  -0.033660888672 
     0.045464853  -0.041778564453 
     0.045487528  -0.042510986328 
     0.045510204  -0.035705566406 
      0.04553288  -0.022583007812 
     0.045555556  -0.0054626464844 
     0.045578231   0.012664794922 
     0.045600907   0.028533935547 
     0.045623583   0.039398193359 
     0.045646259   0.043243408203 
     0.045668934   0.039428710938 
      0.04569161   0.028656005859 
     0.045714286   0.012786865234 
     0.045736961   -0.00537109375 
     0.045759637  -0.022552490234 
     0.045782313  -0.035766601562 
     0.045804989  -0.042633056641 
     0.045827664  -0.041900634766 
      0.04585034  -0.033813476562 
     0.045873016  -0.019653320312 
     0.045895692  -0.0019836425781 
     0.045918367   0.016052246094 
     0.045941043   0.031219482422 
     0.045963719   0.040832519531 
     0.045986395   0.043212890625 
      0.04600907   0.037933349609 
     0.046031746   0.025848388672 
     0.046054422  0.0091857910156 
     0.046077098  -0.0091247558594 
     0.046099773  -0.025848388672 
     0.046122449  -0.038024902344 
     0.046145125   -0.04345703125 
       0.0461678  -0.041137695312 
     0.046190476  -0.031524658203 
     0.046213152  -0.016265869141 
     0.046235828  0.0019226074219 
     0.046258503   0.019775390625 
     0.046281179   0.034149169922 
     0.046303855    0.04248046875 
     0.046326531   0.043304443359 
     0.046349206   0.036407470703 
     0.046371882   0.023010253906 
     0.046394558  0.0055541992188 
     0.046417234  -0.012969970703 
     0.046439909  -0.029235839844 
     0.046462585  -0.040313720703 
     0.046485261  -0.044250488281 
     0.046507937  -0.040344238281 
     0.046530612  -0.029266357422 
     0.046553288  -0.012969970703 
     0.046575964  0.0056762695312 
     0.046598639   0.023345947266 
     0.046621315   0.036895751953 
     0.046643991   0.043914794922 
     0.046666667   0.043182373047 
     0.046689342   0.034729003906 
     0.046712018   0.020111083984 
     0.046734694  0.0019226074219 
      0.04675737  -0.016662597656 
     0.046780045  -0.032348632812 
     0.046802721  -0.042297363281 
     0.046825397  -0.044738769531 
     0.046848073  -0.039245605469 
     0.046870748  -0.026763916016 
     0.046893424  -0.0094909667969 
       0.0469161  0.0094909667969 
     0.046938776   0.026763916016 
     0.046961451   0.039398193359 
     0.046984127   0.045013427734 
     0.047006803   0.042694091797 
     0.047029478   0.032775878906 
     0.047052154   0.016998291016 
      0.04707483  -0.0018310546875 
     0.047097506  -0.020324707031 
     0.047120181  -0.035278320312 
     0.047142857  -0.043975830078 
     0.047165533  -0.044891357422 
     0.047188209  -0.037841796875 
     0.047210884  -0.024078369141 
      0.04723356  -0.0060119628906 
     0.047256236   0.013153076172 
     0.047278912   0.029998779297 
     0.047301587   0.041595458984 
     0.047324263   0.045745849609 
     0.047346939   0.041839599609 
     0.047369615   0.030487060547 
      0.04739229   0.013702392578 
     0.047414966  -0.0055236816406 
     0.047437642  -0.023742675781 
     0.047460317  -0.037841796875 
     0.047482993  -0.045166015625 
     0.047505669  -0.044525146484 
     0.047528345  -0.035949707031 
      0.04755102   -0.02099609375 
     0.047573696  -0.0022888183594 
     0.047596372   0.016815185547 
     0.047619048   0.032958984375 
     0.047641723   0.043212890625 
     0.047664399   0.045837402344 
     0.047687075   0.040344238281 
     0.047709751   0.027587890625 
     0.047732426   0.010009765625 
     0.047755102  -0.0093994140625 
     0.047777778  -0.027191162109 
     0.047800454  -0.040100097656 
     0.047823129    -0.0458984375 
     0.047845805  -0.043518066406 
     0.047868481  -0.033386230469 
     0.047891156  -0.017303466797 
     0.047913832  0.0018920898438 
     0.047936508   0.020751953125 
     0.047959184   0.035949707031 
     0.047981859   0.044738769531 
     0.048004535   0.045593261719 
     0.048027211   0.038299560547 
     0.048049887   0.024200439453 
     0.048072562  0.0057067871094 
     0.048095238  -0.013793945312 
     0.048117914  -0.030914306641 
      0.04814059  -0.042541503906 
     0.048163265  -0.046569824219 
     0.048185941  -0.042358398438 
     0.048208617  -0.030548095703 
     0.048231293  -0.013305664062 
     0.048253968  0.0064086914062 
     0.048276644   0.024932861328 
      0.04829932   0.039154052734 
     0.048321995    0.04638671875 
     0.048344671    0.04541015625 
     0.048367347   0.036285400391 
     0.048390023   0.020751953125 
     0.048412698    0.00146484375 
     0.048435374  -0.018127441406 
      0.04845805  -0.034515380859 
     0.048480726  -0.044830322266 
     0.048503401  -0.047210693359 
     0.048526077  -0.041198730469 
     0.048548753   -0.02783203125 
     0.048571429  -0.009521484375 
     0.048594104   0.010498046875 
      0.04861678   0.028686523438 
     0.048639456   0.041809082031 
     0.048662132   0.047485351562 
     0.048684807   0.044738769531 
     0.048707483   0.034118652344 
     0.048730159   0.017364501953 
     0.048752834   -0.00244140625 
      0.04877551  -0.021850585938 
     0.048798186  -0.037384033203 
     0.048820862  -0.046264648438 
     0.048843537  -0.046905517578 
     0.048866213  -0.039245605469 
     0.048888889  -0.024566650391 
     0.048911565  -0.0055236816406 
      0.04893424   0.014495849609 
     0.048956916   0.031921386719 
     0.048979592   0.043670654297 
     0.049002268   0.047668457031 
     0.049024943   0.043151855469 
     0.049047619   0.030944824219 
     0.049070295   0.013244628906 
     0.049092971  -0.0068664550781 
     0.049115646  -0.025756835938 
     0.049138322  -0.040008544922 
     0.049160998  -0.047210693359 
     0.049183673  -0.045928955078 
     0.049206349  -0.036468505859 
     0.049229025    -0.0205078125 
     0.049251701  -0.00088500976562 
     0.049274376   0.018951416016 
     0.049297052   0.035430908203 
     0.049319728   0.045623779297 
     0.049342404   0.047637939453 
     0.049365079   0.041198730469 
     0.049387755   0.027404785156 
     0.049410431  0.0086669921875 
     0.049433107  -0.011596679688 
     0.049455782  -0.029815673828 
     0.049478458  -0.042785644531 
     0.049501134  -0.048095703125 
      0.04952381  -0.044891357422 
     0.049546485  -0.033660888672 
     0.049569161  -0.016418457031 
     0.049591837  0.0037231445312 
     0.049614512   0.023284912109 
     0.049637188   0.038665771484 
     0.049659864   0.047180175781 
      0.04968254   0.047332763672 
     0.049705215   0.039001464844 
     0.049727891   0.023742675781 
     0.049750567  0.0042724609375 
     0.049773243  -0.015991210938 
     0.049795918  -0.033447265625 
     0.049818594  -0.044891357422 
      0.04984127  -0.048400878906 
     0.049863946  -0.043243408203 
     0.049886621  -0.030395507812 
     0.049909297  -0.012115478516 
     0.049931973  0.0083312988281 
     0.049954649   0.027313232422 
     0.049977324   0.041412353516 
            0.05   0.048126220703 
     0.050022676   0.046295166016 
     0.050045351   0.036193847656 
     0.050068027   0.019622802734 
     0.050090703   -0.00048828125 
     0.050113379    -0.0205078125 
     0.050136054  -0.036895751953 
      0.05015873  -0.046722412109 
     0.050181406  -0.048217773438 
     0.050204082  -0.041107177734 
     0.050226757  -0.026702880859 
     0.050249433  -0.0074768066406 
     0.050272109   0.013092041016 
     0.050294785   0.031341552734 
      0.05031746   0.044006347656 
     0.050340136   0.048889160156 
     0.050362812   0.045043945312 
     0.050385488   0.033172607422 
     0.050408163   0.015380859375 
     0.050430839  -0.0051574707031 
     0.050453515  -0.024780273438 
      0.05047619    -0.0400390625 
     0.050498866  -0.048187255859 
     0.050521542  -0.047760009766 
     0.050544218  -0.038848876953 
     0.050566893  -0.023040771484 
     0.050589569  -0.0030822753906 
     0.050612245   0.017395019531 
     0.050634921   0.034790039062 
     0.050657596   0.045959472656 
     0.050680272   0.049011230469 
     0.050702948   0.043304443359 
     0.050725624   0.029937744141 
     0.050748299    0.01123046875 
     0.050770975  -0.0094604492188 
     0.050793651  -0.028442382812 
     0.050816327  -0.042327880859 
     0.050839002  -0.048706054688 
     0.050861678   -0.04638671875 
     0.050884354  -0.035827636719 
     0.050907029  -0.018890380859 
     0.050929705  0.0014038085938 
     0.050952381   0.021453857422 
     0.050975057    0.03759765625 
     0.050997732   0.047088623047 
     0.051020408   0.048126220703 
     0.051043084   0.040588378906 
      0.05106576   0.025787353516 
     0.051088435  0.0064392089844 
     0.051111111  -0.014068603516 
     0.051133787  -0.032073974609 
     0.051156463  -0.044311523438 
     0.051179138  -0.048583984375 
     0.051201814  -0.044250488281 
      0.05122449  -0.031982421875 
     0.051247166  -0.013977050781 
     0.051269841  0.0065307617188 
     0.051292517   0.025817871094 
     0.051315193    0.04052734375 
     0.051337868   0.048004150391 
     0.051360544         0.046875 
      0.05138322   0.037384033203 
     0.051405896   0.021179199219 
     0.051428571   0.001220703125 
     0.051451247  -0.019012451172 
     0.051473923  -0.035858154297 
     0.051496599  -0.046295166016 
     0.051519274  -0.048492431641 
      0.05154195    -0.0419921875 
     0.051564626  -0.028015136719 
     0.051587302  -0.0090026855469 
     0.051609977   0.011627197266 
     0.051632653   0.030212402344 
     0.051655329   0.043395996094 
     0.051678005   0.048889160156 
      0.05170068   0.045623779297 
     0.051723356   0.034240722656 
     0.051746032   0.016754150391 
     0.051768707  -0.0037536621094 
     0.051791383  -0.023590087891 
     0.051814059  -0.039245605469 
     0.051836735  -0.047912597656 
      0.05185941  -0.048095703125 
     0.051882086  -0.039642333984 
     0.051904762  -0.024108886719 
     0.051927438  -0.0043029785156 
     0.051950113   0.016235351562 
     0.051972789   0.033966064453 
     0.051995465   0.045593261719 
     0.052018141   0.049133300781 
     0.052040816   0.043914794922 
     0.052063492   0.030883789062 
     0.052086168   0.012390136719 
     0.052108844  -0.0083618164062 
     0.052131519  -0.027587890625 
     0.052154195  -0.041870117188 
     0.052176871  -0.048736572266 
     0.052199546  -0.046905517578 
     0.052222222  -0.036712646484 
     0.052244898  -0.019989013672 
     0.052267574  0.00027465820312 
     0.052290249   0.020477294922 
     0.052312925   0.037017822266 
     0.052335601   0.046936035156 
     0.052358277   0.048492431641 
     0.052380952   0.041412353516 
     0.052403628   0.026947021484 
     0.052426304  0.0077209472656 
      0.05244898  -0.012908935547 
     0.052471655  -0.031188964844 
     0.052494331  -0.043853759766 
     0.052517007  -0.048706054688 
     0.052539683  -0.044830322266 
     0.052562358  -0.033020019531 
     0.052585034  -0.015289306641 
      0.05260771  0.0051574707031 
     0.052630385   0.024627685547 
     0.052653061   0.039703369141 
     0.052675737   0.047668457031 
     0.052698413   0.047088623047 
     0.052721088   0.038116455078 
     0.052743764   0.022369384766 
      0.05276644  0.0025634765625 
     0.052789116  -0.017669677734 
     0.052811791  -0.034698486328 
     0.052834467  -0.045562744141 
     0.052857143  -0.048278808594 
     0.052879819  -0.042327880859 
     0.052902494   -0.02880859375 
      0.05292517  -0.010131835938 
     0.052947846   0.010314941406 
     0.052970522   0.028991699219 
     0.052993197   0.042419433594 
     0.053015873   0.048309326172 
     0.053038549   0.045562744141 
     0.053061224   0.034729003906 
       0.0530839   0.017608642578 
     0.053106576  -0.0026245117188 
     0.053129252  -0.022399902344 
     0.053151927  -0.038208007812 
     0.053174603  -0.047210693359 
     0.053197279  -0.047821044922 
     0.053219955  -0.039855957031 
      0.05324263  -0.024841308594 
     0.053265306   -0.00537109375 
     0.053287982   0.015075683594 
     0.053310658   0.032806396484 
     0.053333333   0.044708251953 
     0.053356009   0.048645019531 
     0.053378685   0.044006347656 
     0.053401361   0.031494140625 
     0.053424036   0.013366699219 
     0.053446712  -0.007080078125 
     0.053469388  -0.026275634766 
     0.053492063  -0.040771484375 
     0.053514739  -0.047973632812 
     0.053537415  -0.046661376953 
     0.053560091  -0.037017822266 
     0.053582766  -0.020874023438 
     0.053605442    -0.0009765625 
     0.053628118   0.019012451172 
     0.053650794   0.035583496094 
     0.053673469   0.045806884766 
     0.053696145   0.047821044922 
     0.053718821   0.041351318359 
     0.053741497   0.027496337891 
     0.053764172  0.0087585449219 
     0.053786848  -0.011474609375 
     0.053809524  -0.029602050781 
       0.0538322  -0.042449951172 
     0.053854875  -0.047637939453 
     0.053877551  -0.044372558594 
     0.053900227  -0.033142089844 
     0.053922902  -0.015991210938 
     0.053945578  0.0039672851562 
     0.053968254   0.023193359375 
      0.05399093   0.038269042969 
     0.054013605   0.046478271484 
     0.054036281   0.046325683594 
     0.054058957   0.037933349609 
     0.054081633   0.022766113281 
     0.054104308  0.0035095214844 
     0.054126984  -0.016357421875 
      0.05414966  -0.033294677734 
     0.054172336  -0.044311523438 
     0.054195011   -0.04736328125 
     0.054217687    -0.0419921875 
     0.054240363  -0.029113769531 
     0.054263039  -0.011047363281 
     0.054285714  0.0089721679688 
      0.05430839   0.027435302734 
     0.054331066      0.041015625 
     0.054353741   0.047241210938 
     0.054376417   0.045074462891 
     0.054399093   0.034912109375 
     0.054421769   0.018493652344 
     0.054444444  -0.0011901855469 
      0.05446712  -0.020629882812 
     0.054489796  -0.036376953125 
     0.054512472  -0.045654296875 
     0.054535147  -0.046813964844 
     0.054557823  -0.039672851562 
     0.054580499  -0.025451660156 
     0.054603175  -0.0067443847656 
      0.05462585   0.013122558594 
     0.054648526   0.030639648438 
     0.054671202   0.042633056641 
     0.054693878   0.047027587891 
     0.054716553   0.043060302734 
     0.054739229   0.031463623047 
     0.054761905   0.014251708984 
      0.05478458  -0.0054016113281 
     0.054807256  -0.024047851562 
     0.054829932  -0.038360595703 
     0.054852608  -0.045806884766 
     0.054875283  -0.045043945312 
     0.054897959  -0.036254882812 
     0.054920635  -0.021026611328 
     0.054943311  -0.0021362304688 
     0.054965986   0.017150878906 
     0.054988662   0.033264160156 
     0.055011338    0.04345703125 
     0.055034014   0.045745849609 
     0.055056689   0.039978027344 
     0.055079365   0.027008056641 
     0.055102041  0.0092468261719 
     0.055124717  -0.010101318359 
     0.055147392  -0.027618408203 
     0.055170068  -0.040191650391 
     0.055192744  -0.045562744141 
      0.05521542  -0.042724609375 
     0.055238095  -0.032257080078 
     0.055260771  -0.016021728516 
     0.055283447  0.0030517578125 
     0.055306122   0.021514892578 
     0.055328798   0.036193847656 
     0.055351474   0.044311523438 
      0.05537415   0.044586181641 
     0.055396825   0.036834716797 
     0.055419501   0.022521972656 
     0.055442177  0.0042114257812 
     0.055464853  -0.014862060547 
     0.055487528  -0.031219482422 
     0.055510204  -0.042053222656 
      0.05553288  -0.045349121094 
     0.055555556  -0.040588378906 
     0.055578231  -0.028594970703 
     0.055600907  -0.011505126953 
     0.055623583  0.0075988769531 
     0.055646259   0.025360107422 
     0.055668934   0.038543701172 
      0.05569161   0.044860839844 
     0.055714286   0.043182373047 
     0.055736961   0.033843994141 
     0.055759637   0.018493652344 
     0.055782313  -9.1552734375e-05 
     0.055804989  -0.018676757812 
     0.055827664  -0.033813476562 
      0.05585034  -0.042938232422 
     0.055873016  -0.044372558594 
     0.055895692  -0.037963867188 
     0.055918367  -0.024780273438 
     0.055941043  -0.0072326660156 
     0.055963719   0.011535644531 
     0.055986395   0.028167724609 
      0.05600907   0.039764404297 
     0.056031746   0.044189453125 
     0.056054422   0.040802001953 
     0.056077098   0.030090332031 
     0.056099773   0.014068603516 
     0.056122449   -0.00439453125 
     0.056145125  -0.022033691406 
       0.0561678  -0.035614013672 
     0.056190476  -0.042877197266 
     0.056213152  -0.042419433594 
     0.056235828  -0.034393310547 
     0.056258503  -0.020202636719 
     0.056281179  -0.0025329589844 
     0.056303855   0.015594482422 
     0.056326531   0.030853271484 
     0.056349206   0.040618896484 
     0.056371882   0.043029785156 
     0.056394558   0.037750244141 
     0.056417234   0.025787353516 
     0.056439909  0.0091857910156 
     0.056462585  -0.0090026855469 
     0.056485261  -0.025543212891 
     0.056507937  -0.037475585938 
     0.056530612  -0.042694091797 
     0.056553288  -0.040313720703 
     0.056575964  -0.030670166016 
     0.056598639  -0.015594482422 
     0.056621315  0.0021667480469 
     0.056643991   0.019592285156 
     0.056666667   0.033447265625 
     0.056689342   0.041320800781 
     0.056712018   0.041809082031 
     0.056734694   0.034851074219 
      0.05675737   0.021667480469 
     0.056780045  0.0046997070312 
     0.056802721  -0.013092041016 
     0.056825397  -0.028503417969 
     0.056848073  -0.038818359375 
     0.056870748  -0.042144775391 
     0.056893424  -0.037963867188 
       0.0569161  -0.027038574219 
     0.056938776  -0.011352539062 
     0.056961451    0.00634765625 
     0.056984127   0.022857666016 
     0.057006803   0.035217285156 
     0.057029478   0.041290283203 
     0.057052154   0.039947509766 
      0.05707483   0.031494140625 
     0.057097506   0.017425537109 
     0.057120181  0.00033569335938 
     0.057142857  -0.016784667969 
     0.057165533  -0.030853271484 
     0.057188209  -0.039398193359 
     0.057210884  -0.040832519531 
      0.05723356  -0.035003662109 
     0.057256236  -0.022918701172 
     0.057278912  -0.0067443847656 
     0.057301587   0.010559082031 
     0.057324263   0.025939941406 
     0.057346939   0.036651611328 
     0.057369615   0.040802001953 
      0.05739229   0.037628173828 
     0.057414966   0.027770996094 
     0.057437642   0.012939453125 
     0.057460317  -0.004150390625 
     0.057482993  -0.020477294922 
     0.057505669  -0.033142089844 
     0.057528345  -0.039886474609 
      0.05755102  -0.039489746094 
     0.057573696  -0.032043457031 
     0.057596372  -0.018920898438 
     0.057619048  -0.0024719238281 
     0.057641723   0.014434814453 
     0.057664399   0.028717041016 
     0.057687075   0.037872314453 
     0.057709751   0.040283203125 
     0.057732426   0.035491943359 
     0.057755102   0.024475097656 
     0.057777778  0.0090942382812 
     0.057800454  -0.0078430175781 
     0.057823129  -0.023376464844 
     0.057845805   -0.03466796875 
     0.057868481  -0.039794921875 
     0.057891156  -0.037811279297 
     0.057913832  -0.029144287109 
     0.057936508  -0.015350341797 
     0.057959184  0.0010986328125 
     0.057981859   0.017333984375 
     0.058004535   0.030395507812 
     0.058027211   0.037994384766 
     0.058049887   0.038818359375 
     0.058072562   0.032745361328 
     0.058095238   0.020843505859 
     0.058117914  0.0053100585938 
      0.05814059  -0.011047363281 
     0.058163265  -0.025451660156 
     0.058185941      -0.03515625 
     0.058208617  -0.038635253906 
     0.058231293      -0.03515625 
     0.058253968  -0.025421142578 
     0.058276644   -0.01123046875 
      0.05829932  0.0049438476562 
     0.058321995   0.020111083984 
     0.058344671   0.031646728516 
     0.058367347   0.037506103516 
     0.058390023    0.03662109375 
     0.058412698   0.029205322266 
     0.058435374   0.016571044922 
      0.05845805  0.0010681152344 
     0.058480726  -0.014617919922 
     0.058503401  -0.027618408203 
     0.058526077  -0.035614013672 
     0.058548753  -0.037231445312 
     0.058571429  -0.032196044922 
     0.058594104  -0.021453857422 
      0.05861678    -0.0068359375 
     0.058639456  0.0089111328125 
     0.058662132   0.023010253906 
     0.058684807   0.033020019531 
     0.058707483   0.037078857422 
     0.058730159   0.034545898438 
     0.058752834   0.025787353516 
      0.05877551   0.012481689453 
     0.058798186  -0.0030212402344 
     0.058820862  -0.017944335938 
     0.058843537  -0.029632568359 
     0.058866213  -0.036010742188 
     0.058888889  -0.035980224609 
     0.058911565  -0.029541015625 
      0.05893424  -0.017852783203 
     0.058956916  -0.0029907226562 
     0.058979592   0.012329101562 
     0.059002268   0.025421142578 
     0.059024943   0.033935546875 
     0.059047619   0.036437988281 
     0.059070295   0.032409667969 
     0.059092971   0.022644042969 
     0.059115646  0.0089111328125 
     0.059138322  -0.0064086914062 
     0.059160998  -0.020446777344 
     0.059183673  -0.030853271484 
     0.059206349  -0.035766601562 
     0.059229025  -0.034271240234 
     0.059251701  -0.026702880859 
     0.059274376  -0.014404296875 
     0.059297052  0.0003662109375 
     0.059319728   0.015045166016 
     0.059342404   0.026947021484 
     0.059365079   0.034027099609 
     0.059387755   0.035034179688 
     0.059410431    0.02978515625 
     0.059433107   0.019287109375 
     0.059455782  0.0054016113281 
     0.059478458  -0.0093383789062 
     0.059501134  -0.022369384766 
      0.05952381  -0.031372070312 
     0.059546485  -0.034729003906 
     0.059569161  -0.031921386719 
     0.059591837  -0.023376464844 
     0.059614512    -0.0107421875 
     0.059637188  0.0036926269531 
     0.059659864   0.017456054688 
      0.05968254   0.028015136719 
     0.059705215   0.033508300781 
     0.059727891   0.033050537109 
     0.059750567   0.026672363281 
     0.059773243         0.015625 
     0.059795918  0.0018005371094 
     0.059818594  -0.012268066406 
      0.05984127  -0.024047851562 
     0.059863946  -0.031524658203 
     0.059886621  -0.033325195312 
     0.059909297  -0.029174804688 
     0.059931973  -0.019866943359 
     0.059954649  -0.0070495605469 
     0.059977324  0.0069580078125 
            0.06   0.019683837891 
     0.060022676    0.02880859375 
     0.060045351   0.032775878906 
     0.060068027   0.030883789062 
     0.060090703   0.023529052734 
     0.060113379   0.011962890625 
     0.060136054  -0.0016784667969 
      0.06015873  -0.014923095703 
     0.060181406  -0.025451660156 
     0.060204082  -0.031402587891 
     0.060226757  -0.031768798828 
     0.060249433  -0.026489257812 
     0.060272109  -0.016479492188 
     0.060294785  -0.0036010742188 
      0.06031746  0.0098876953125 
     0.060340136   0.021514892578 
     0.060362812   0.029266357422 
     0.060385488   0.031799316406 
     0.060408163   0.028625488281 
     0.060430839   0.020416259766 
     0.060453515  0.0086059570312 
      0.06047619  -0.0046997070312 
     0.060498866   -0.01708984375 
     0.060521542  -0.026397705078 
     0.060544218  -0.030914306641 
     0.060566893  -0.029968261719 
     0.060589569  -0.023681640625 
     0.060612245  -0.013214111328 
     0.060634921  -0.00045776367188 
     0.060657596   0.012298583984 
     0.060680272   0.022827148438 
     0.060702948   0.029235839844 
     0.060725624   0.030395507812 
     0.060748299   0.026153564453 
     0.060770975   0.017303466797 
     0.060793651  0.0054016113281 
     0.060816327  -0.0073547363281 
     0.060839002  -0.018768310547 
     0.060861678  -0.026763916016 
     0.060884354  -0.029968261719 
     0.060907029  -0.027801513672 
     0.060929705  -0.020721435547 
     0.060952381  -0.0099792480469 
     0.060975057  0.0024719238281 
     0.060997732   0.014373779297 
     0.061020408   0.023712158203 
     0.061043084   0.028747558594 
      0.06106576   0.028656005859 
     0.061088435        0.0234375 
     0.061111111   0.014099121094 
     0.061133787  0.0022888183594 
     0.061156463  -0.0098571777344 
     0.061179138  -0.020202636719 
     0.061201814  -0.026916503906 
      0.06122449  -0.028778076172 
     0.061247166  -0.025512695312 
     0.061269841  -0.017730712891 
     0.061292517    -0.0068359375 
     0.061315193  0.0052490234375 
     0.061337868   0.016326904297 
     0.061360544   0.024444580078 
      0.06138322   0.028228759766 
     0.061405896   0.026947021484 
     0.061428571   0.020904541016 
     0.061451247   0.011138916016 
     0.061473923  -0.00054931640625 
     0.061496599  -0.012084960938 
     0.061519274  -0.021423339844 
      0.06154195  -0.026916503906 
     0.061564626  -0.027587890625 
     0.061587302       -0.0234375 
     0.061609977  -0.015075683594 
     0.061632653  -0.0040893554688 
     0.061655329  0.0075073242188 
     0.061678005   0.017791748047 
      0.06170068   0.024871826172 
     0.061723356   0.027465820312 
     0.061746032   0.025238037109 
     0.061768707   0.018524169922 
     0.061791383  0.0085754394531 
     0.061814059  -0.0028381347656 
     0.061836735  -0.013702392578 
      0.06185941  -0.022033691406 
     0.061882086  -0.026458740234 
     0.061904762  -0.026214599609 
     0.061927438  -0.021301269531 
     0.061950113  -0.012664794922 
     0.061972789  -0.0018310546875 
     0.061995465    0.00927734375 
     0.062018141   0.018646240234 
     0.062040816   0.024658203125 
     0.062063492   0.026306152344 
     0.062086168   0.023315429688 
     0.062108844   0.016204833984 
     0.062131519  0.0062866210938 
     0.062154195  -0.0046691894531 
     0.062176871  -0.014709472656 
     0.062199546  -0.022094726562 
     0.062222222  -0.025512695312 
     0.062244898  -0.024444580078 
     0.062267574  -0.019012451172 
     0.062290249  -0.010314941406 
     0.062312925  0.00015258789062 
     0.062335601   0.010528564453 
     0.062358277   0.018920898438 
     0.062380952    0.02392578125 
     0.062403628   0.024658203125 
     0.062426304   0.021057128906 
      0.06244898   0.013732910156 
     0.062471655  0.0040588378906 
     0.062494331  -0.0062255859375 
     0.062517007  -0.015350341797 
     0.062539683  -0.021636962891 
     0.062562358  -0.024047851562 
     0.062585034  -0.022155761719 
      0.06260771  -0.016357421875 
     0.062630385  -0.0077514648438 
     0.062653061  0.0021667480469 
     0.062675737   0.011627197266 
     0.062698413   0.018920898438 
     0.062721088   0.022766113281 
     0.062743764   0.022583007812 
      0.06276644   0.018371582031 
     0.062789116   0.010894775391 
     0.062811791  0.0015563964844 
     0.062834467  -0.0079956054688 
     0.062857143  -0.016021728516 
     0.062879819  -0.021179199219 
     0.062902494  -0.022491455078 
      0.06292517  -0.019805908203 
     0.062947846  -0.013610839844 
     0.062970522  -0.0050354003906 
     0.062993197    0.00439453125 
     0.063015873   0.013000488281 
     0.063038549   0.019226074219 
     0.063061224    0.02197265625 
       0.0630839   0.020874023438 
     0.063106576   0.016021728516 
     0.063129252  0.0083618164062 
     0.063151927  -0.000732421875 
     0.063174603  -0.0096740722656 
     0.063197279  -0.016845703125 
     0.063219955   -0.02099609375 
      0.06324263  -0.021423339844 
     0.063265306   -0.01806640625 
     0.063287982  -0.011535644531 
     0.063310658  -0.0030212402344 
     0.063333333  0.0060119628906 
     0.063356009   0.013916015625 
     0.063378685   0.019317626953 
     0.063401361   0.021331787109 
     0.063424036       0.01953125 
     0.063446712   0.014343261719 
     0.063469388  0.0066223144531 
     0.063492063  -0.0021362304688 
     0.063514739  -0.010528564453 
     0.063537415  -0.016967773438 
     0.063560091  -0.020385742188 
     0.063582766  -0.020202636719 
     0.063605442  -0.016510009766 
     0.063628118  -0.0098876953125 
     0.063650794  -0.0016479492188 
     0.063673469     0.0068359375 
     0.063696145   0.014068603516 
     0.063718821   0.018707275391 
     0.063741497   0.020050048828 
     0.063764172   0.017852783203 
     0.063786848   0.012542724609 
     0.063809524  0.0050659179688 
       0.0638322  -0.0032348632812 
     0.063854875  -0.010864257812 
     0.063877551  -0.016510009766 
     0.063900227  -0.019195556641 
     0.063922902  -0.018493652344 
     0.063945578  -0.014526367188 
     0.063968254  -0.0080261230469 
      0.06399093  -0.00018310546875 
     0.064013605  0.0076293945312 
     0.064036281   0.013977050781 
     0.064058957   0.017852783203 
     0.064081633   0.018493652344 
     0.064104308   0.015930175781 
     0.064126984   0.010528564453 
      0.06414966  0.0032958984375 
     0.064172336  -0.0044250488281 
     0.064195011  -0.011260986328 
     0.064217687  -0.016143798828 
     0.064240363   -0.01806640625 
     0.064263039  -0.016815185547 
     0.064285714  -0.012603759766 
      0.06430839  -0.0061950683594 
     0.064331066  0.0012512207031 
     0.064353741  0.0084228515625 
     0.064376417   0.014068603516 
     0.064399093   0.017181396484 
     0.064421769   0.017211914062 
     0.064444444   0.014251708984 
      0.06446712  0.0088195800781 
     0.064489796  0.0018005371094 
     0.064512472  -0.0054016113281 
     0.064535147  -0.011657714844 
     0.064557823  -0.015808105469 
     0.064580499  -0.017120361328 
     0.064603175  -0.015411376953 
      0.06462585  -0.011047363281 
     0.064648526  -0.0047302246094 
     0.064671202  0.0023803710938 
     0.064693878  0.0089721679688 
     0.064716553   0.013977050781 
     0.064739229   0.016479492188 
     0.064761905   0.016052246094 
      0.06478458   0.012817382812 
     0.064807256  0.0073547363281 
     0.064829932  0.00067138671875 
     0.064852608  -0.0061340332031 
     0.064875283  -0.011749267578 
     0.064897959  -0.015289306641 
     0.064920635   -0.01611328125 
     0.064943311  -0.014068603516 
     0.064965986  -0.0096130371094 
     0.064988662  -0.0034790039062 
     0.065011338  0.0032043457031 
     0.065034014  0.0092468261719 
     0.065056689   0.013641357422 
     0.065079365         0.015625 
     0.065102041   0.014801025391 
     0.065124717   0.011444091797 
     0.065147392  0.0060119628906 
     0.065170068  -0.0003662109375 
     0.065192744  -0.0066528320312 
      0.06521542      -0.01171875 
     0.065238095  -0.014678955078 
     0.065260771  -0.015075683594 
     0.065283447  -0.012756347656 
     0.065306122  -0.0082702636719 
     0.065328798  -0.0023498535156 
     0.065351474  0.0039367675781 
      0.06537415   0.009521484375 
     0.065396825   0.013336181641 
     0.065419501   0.014801025391 
     0.065442177   0.013641357422 
     0.065464853   0.010070800781 
     0.065487528  0.0048217773438 
     0.065510204  -0.0012817382812 
      0.06553288  -0.007080078125 
     0.065555556  -0.011627197266 
     0.065578231  -0.014068603516 
     0.065600907  -0.014038085938 
     0.065623583  -0.011566162109 
     0.065646259  -0.0070190429688 
     0.065668934  -0.0013122558594 
      0.06569161  0.0046081542969 
     0.065714286  0.0096740722656 
     0.065736961   0.013031005859 
     0.065759637   0.014068603516 
     0.065782313   0.012603759766 
     0.065804989  0.0089721679688 
     0.065827664  0.0037841796875 
      0.06585034  -0.0020751953125 
     0.065873016  -0.0075073242188 
     0.065895692  -0.011596679688 
     0.065918367  -0.013641357422 
     0.065941043  -0.013275146484 
     0.065963719  -0.010589599609 
     0.065986395  -0.0060729980469 
      0.06600907  -0.00051879882812 
     0.066031746   0.005126953125 
     0.066054422  0.0098266601562 
     0.066077098   0.012817382812 
     0.066099773   0.013549804688 
     0.066122449   0.011932373047 
     0.066145125  0.0082092285156 
       0.0661678  0.0031433105469 
     0.066190476  -0.0025024414062 
     0.066213152  -0.0076599121094 
     0.066235828  -0.011474609375 
     0.066258503  -0.013275146484 
     0.066281179  -0.012756347656 
     0.066303855  -0.010040283203 
     0.066326531  -0.0056457519531 
     0.066349206  -0.000244140625 
     0.066371882   0.005126953125 
     0.066394558   0.009521484375 
     0.066417234   0.012329101562 
     0.066439909   0.012908935547 
     0.066462585   0.011322021484 
     0.066485261  0.0077514648438 
     0.066507937  0.0029602050781 
     0.066530612  -0.0023803710938 
     0.066553288  -0.0072326660156 
     0.066575964  -0.010772705078 
     0.066598639  -0.012420654297 
     0.066621315  -0.011901855469 
     0.066643991  -0.0093078613281 
     0.066666667  -0.0051879882812 
     0.066689342  -0.00018310546875 
     0.066712018  0.0047607421875 
     0.066734694  0.0088500976562 
      0.06675737   0.011383056641 
     0.066780045   0.011840820312 
     0.066802721    0.01025390625 
     0.066825397  0.0069274902344 
     0.066848073    0.00244140625 
     0.066870748  -0.0024719238281 
     0.066893424  -0.0068664550781 
       0.0669161  -0.010009765625 
     0.066938776  -0.011413574219 
     0.066961451  -0.010772705078 
     0.066984127  -0.0082397460938 
     0.067006803  -0.0043029785156 
     0.067029478  0.0003662109375 
     0.067052154  0.0049438476562 
      0.06707483  0.0086059570312 
     0.067097506   0.010772705078 
     0.067120181   0.010986328125 
     0.067142857  0.0093078613281 
     0.067165533  0.0060119628906 
     0.067188209  0.0016479492188 
     0.067210884  -0.0029907226562 
      0.06723356  -0.007080078125 
     0.067256236  -0.0099487304688 
     0.067278912  -0.011047363281 
     0.067301587  -0.010223388672 
     0.067324263  -0.0075988769531 
     0.067346939  -0.0037231445312 
     0.067369615  0.00088500976562 
      0.06739229  0.0052795410156 
     0.067414966     0.0087890625 
     0.067437642     0.0107421875 
     0.067460317   0.010833740234 
     0.067482993  0.0090942382812 
     0.067505669  0.0057373046875 
     0.067528345  0.0014038085938 
      0.06755102  -0.0031433105469 
     0.067573696  -0.0071716308594 
     0.067596372  -0.0098876953125 
     0.067619048  -0.010955810547 
     0.067641723  -0.010131835938 
     0.067664399  -0.007568359375 
     0.067687075  -0.0037231445312 
     0.067709751  0.00076293945312 
     0.067732426  0.0050964355469 
     0.067755102  0.0085144042969 
     0.067777778   0.010467529297 
     0.067800454   0.010650634766 
     0.067823129  0.0089721679688 
     0.067845805  0.0057678222656 
     0.067868481  0.0015869140625 
     0.067891156  -0.0027770996094 
     0.067913832  -0.0066833496094 
     0.067936508  -0.0093688964844 
     0.067959184  -0.010498046875 
     0.067981859  -0.0097351074219 
     0.068004535   -0.00732421875 
     0.068027211  -0.0036926269531 
     0.068049887  0.00057983398438 
     0.068072562  0.0046997070312 
     0.068095238  0.0079650878906 
     0.068117914  0.0098266601562 
      0.06814059   0.010009765625 
     0.068163265  0.0083923339844 
     0.068185941    0.00537109375 
     0.068208617  0.0014038085938 
     0.068231293  -0.0027770996094 
     0.068253968  -0.0064086914062 
     0.068276644  -0.0089416503906 
      0.06829932  -0.0098876953125 
     0.068321995  -0.0090637207031 
     0.068344671  -0.0066833496094 
     0.068367347  -0.0031127929688 
     0.068390023  0.00094604492188 
     0.068412698     0.0048828125 
     0.068435374  0.0079345703125 
      0.06845805  0.0095825195312 
     0.068480726  0.0095520019531 
     0.068503401  0.0078430175781 
     0.068526077  0.0047607421875 
     0.068548753  0.00079345703125 
     0.068571429  -0.0032958984375 
     0.068594104  -0.0068054199219 
      0.06861678  -0.0091247558594 
     0.068639456  -0.0098876953125 
     0.068662132  -0.0089111328125 
     0.068684807  -0.0064086914062 
     0.068707483  -0.0027160644531 
     0.068730159  0.0014343261719 
     0.068752834    0.00537109375 
      0.06877551  0.0083923339844 
     0.068798186  0.0099487304688 
     0.068820862  0.0098266601562 
     0.068843537  0.0079650878906 
     0.068866213  0.0047607421875 
     0.068888889  0.00067138671875 
     0.068911565  -0.0034790039062 
      0.06893424  -0.0071105957031 
     0.068956916  -0.0094604492188 
     0.068979592  -0.010223388672 
     0.069002268  -0.0092163085938 
     0.069024943  -0.0066528320312 
     0.069047619  -0.0028991699219 
     0.069070295  0.0013122558594 
     0.069092971  0.0053100585938 
     0.069115646  0.0083618164062 
     0.069138322   0.010009765625 
     0.069160998  0.0099182128906 
     0.069183673  0.0081176757812 
     0.069206349  0.0049133300781 
     0.069229025  0.00088500976562 
     0.069251701  -0.0032958984375 
     0.069274376  -0.0068664550781 
     0.069297052  -0.0092468261719 
     0.069319728  -0.010009765625 
     0.069342404  -0.0090026855469 
     0.069365079  -0.0064697265625 
     0.069387755  -0.0027770996094 
     0.069410431  0.0013732910156 
     0.069433107  0.0052795410156 
     0.069455782  0.0082397460938 
     0.069478458      0.009765625 
     0.069501134  0.0095520019531 
      0.06952381  0.0076599121094 
     0.069546485  0.0044555664062 
     0.069569161  0.00039672851562 
     0.069591837  -0.0036926269531 
     0.069614512  -0.0071105957031 
     0.069637188  -0.0093688964844 
     0.069659864  -0.0099182128906 
      0.06968254  -0.0087280273438 
     0.069705215  -0.0059814453125 
     0.069727891  -0.002197265625 
     0.069750567  0.0020141601562 
     0.069773243  0.0059204101562 
     0.069795918  0.0087280273438 
     0.069818594   0.010101318359 
      0.06984127  0.0097045898438 
     0.069863946  0.0075378417969 
     0.069886621  0.0040893554688 
     0.069909297  -0.0001220703125 
     0.069931973  -0.0043640136719 
     0.069954649  -0.0078430175781 
     0.069977324  -0.0099792480469 
            0.07  -0.010406494141 
     0.070022676  -0.009033203125 
     0.070045351  -0.0060424804688 
     0.070068027  -0.0019836425781 
     0.070090703    0.00244140625 
     0.070113379  0.0064697265625 
     0.070136054  0.0093994140625 
      0.07015873   0.010681152344 
     0.070181406   0.010131835938 
     0.070204082  0.0078430175781 
     0.070226757   0.004150390625 
     0.070249433  -0.000244140625 
     0.070272109  -0.004638671875 
     0.070294785  -0.0082092285156 
      0.07031746  -0.010437011719 
     0.070340136  -0.010803222656 
     0.070362812  -0.0093078613281 
     0.070385488  -0.0062561035156 
     0.070408163  -0.0020446777344 
     0.070430839  0.0025024414062 
     0.070453515  0.0066223144531 
      0.07047619  0.0096130371094 
     0.070498866   0.010894775391 
     0.070521542   0.010314941406 
     0.070544218  0.0079650878906 
     0.070566893  0.0041809082031 
     0.070589569  -0.000244140625 
     0.070612245  -0.0046691894531 
     0.070634921   -0.00830078125 
     0.070657596  -0.010467529297 
     0.070680272  -0.010833740234 
     0.070702948   -0.00927734375 
     0.070725624  -0.0061340332031 
     0.070748299  -0.0018920898438 
     0.070770975  0.0026245117188 
     0.070793651  0.0066833496094 
     0.070816327  0.0095520019531 
     0.070839002     0.0107421875 
     0.070861678   0.010040283203 
     0.070884354  0.0075988769531 
     0.070907029  0.0037841796875 
     0.070929705  -0.00064086914062 
     0.070952381  -0.0049743652344 
     0.070975057  -0.0083923339844 
     0.070997732  -0.010314941406 
     0.071020408  -0.010406494141 
     0.071043084  -0.0086669921875 
      0.07106576   -0.00537109375 
     0.071088435  -0.0011291503906 
     0.071111111  0.0033264160156 
     0.071133787  0.0072021484375 
     0.071156463  0.0097961425781 
     0.071179138   0.010589599609 
     0.071201814  0.0095520019531 
      0.07122449  0.0067749023438 
     0.071247166  0.0027770996094 
     0.071269841  -0.0017700195312 
     0.071292517  -0.0060119628906 
     0.071315193  -0.0092163085938 
     0.071337868  -0.010803222656 
     0.071360544  -0.010498046875 
      0.07138322  -0.0082702636719 
     0.071405896  -0.0045776367188 
     0.071428571                0 
     0.071451247  0.0046081542969 
     0.071473923  0.0084533691406 
     0.071496599   0.010864257812 
     0.071519274   0.011383056641 
      0.07154195  0.0099182128906 
     0.071564626  0.0066833496094 
     0.071587302   0.002197265625 
     0.071609977  -0.002685546875 
     0.071632653  -0.0071411132812 
     0.071655329  -0.010375976562 
     0.071678005  -0.011901855469 
      0.07170068  -0.011352539062 
     0.071723356  -0.0088195800781 
     0.071746032  -0.0047302246094 
     0.071768707  0.00018310546875 
     0.071791383  0.0050964355469 
     0.071814059  0.0091247558594 
     0.071836735   0.011596679688 
      0.07185941   0.012054443359 
     0.071882086   0.010467529297 
     0.071904762  0.0070495605469 
     0.071927438  0.0024108886719 
     0.071950113  -0.0026245117188 
     0.071972789  -0.0071716308594 
     0.071995465  -0.010498046875 
     0.072018141  -0.011962890625 
     0.072040816  -0.011352539062 
     0.072063492  -0.0087280273438 
     0.072086168  -0.004638671875 
     0.072108844   0.000244140625 
     0.072131519  0.0050659179688 
     0.072154195  0.0089721679688 
     0.072176871   0.011260986328 
     0.072199546   0.011535644531 
     0.072222222  0.0097961425781 
     0.072244898  0.0062866210938 
     0.072267574  0.0016784667969 
     0.072290249  -0.0032348632812 
     0.072312925  -0.007568359375 
     0.072335601  -0.010498046875 
     0.072358277  -0.011566162109 
     0.072380952  -0.010589599609 
     0.072403628  -0.0076293945312 
     0.072426304  -0.0033569335938 
      0.07244898  0.0015869140625 
     0.072471655  0.0061950683594 
     0.072494331      0.009765625 
     0.072517007   0.011657714844 
     0.072539683   0.011383056641 
     0.072562358  0.0091247558594 
     0.072585034  0.0051879882812 
      0.07260771  0.00030517578125 
     0.072630385  -0.0046691894531 
     0.072653061  -0.0088806152344 
     0.072675737  -0.011566162109 
     0.072698413   -0.01220703125 
     0.072721088  -0.010681152344 
     0.072743764  -0.0072631835938 
      0.07276644  -0.0025329589844 
     0.072789116  0.0026550292969 
     0.072811791  0.0074157714844 
     0.072834467   0.010925292969 
     0.072857143   0.012542724609 
     0.072879819   0.011932373047 
     0.072902494  0.0092468261719 
      0.07292517  0.0049438476562 
     0.072947846  -0.00021362304688 
     0.072970522   -0.00537109375 
     0.072993197  -0.0096130371094 
     0.073015873  -0.012115478516 
     0.073038549  -0.012542724609 
     0.073061224    -0.0107421875 
       0.0730839  -0.007080078125 
     0.073106576  -0.002197265625 
     0.073129252  0.0030822753906 
     0.073151927        0.0078125 
     0.073174603   0.011138916016 
     0.073197279   0.012451171875 
     0.073219955   0.011627197266 
      0.07324263  0.0086975097656 
     0.073265306  0.0042724609375 
     0.073287982  -0.00091552734375 
     0.073310658  -0.0059814453125 
     0.073333333  -0.0099182128906 
     0.073356009  -0.012084960938 
     0.073378685  -0.012115478516 
     0.073401361  -0.0099487304688 
     0.073424036  -0.0060119628906 
     0.073446712  -0.0010375976562 
     0.073469388  0.0041809082031 
     0.073492063  0.0086059570312 
     0.073514739   0.011535644531 
     0.073537415   0.012420654297 
     0.073560091   0.011047363281 
     0.073582766  0.0076904296875 
     0.073605442  0.0029602050781 
     0.073628118  -0.0023193359375 
     0.073650794  -0.0072326660156 
     0.073673469  -0.010864257812 
     0.073696145  -0.012573242188 
     0.073718821  -0.012054443359 
     0.073741497  -0.0093994140625 
     0.073764172  -0.0050659179688 
     0.073786848  0.00021362304688 
     0.073809524  0.0054626464844 
       0.0738322      0.009765625 
     0.073854875   0.012359619141 
     0.073877551   0.012817382812 
     0.073900227   0.010986328125 
     0.073922902  0.0072326660156 
     0.073945578  0.0021667480469 
     0.073968254  -0.0033264160156 
      0.07399093  -0.0081787109375 
     0.074013605  -0.011657714844 
     0.074036281  -0.013092041016 
     0.074058957  -0.012268066406 
     0.074081633  -0.0092163085938 
     0.074104308  -0.0046081542969 
     0.074126984  0.0008544921875 
      0.07414966  0.0061645507812 
     0.074172336   0.010345458984 
     0.074195011   0.012756347656 
     0.074217687   0.012939453125 
     0.074240363   0.010803222656 
     0.074263039  0.0068054199219 
     0.074285714  0.0016174316406 
      0.07430839  -0.0038452148438 
     0.074331066  -0.0086059570312 
     0.074353741  -0.011840820312 
     0.074376417  -0.013000488281 
     0.074399093  -0.011871337891 
     0.074421769  -0.0086364746094 
     0.074444444  -0.0038757324219 
      0.07446712  0.0015258789062 
     0.074489796  0.0066528320312 
     0.074512472   0.010589599609 
     0.074535147   0.012603759766 
     0.074557823   0.012420654297 
     0.074580499   0.010009765625 
     0.074603175      0.005859375 
      0.07462585  0.00064086914062 
     0.074648526  -0.004638671875 
     0.074671202  -0.0090942382812 
     0.074693878  -0.011932373047 
     0.074716553  -0.012603759766 
     0.074739229  -0.011047363281 
     0.074761905  -0.0075073242188 
      0.07478458  -0.0026550292969 
     0.074807256  0.0027465820312 
     0.074829932   0.007568359375 
     0.074852608   0.011108398438 
     0.074875283   0.012634277344 
     0.074897959   0.011932373047 
     0.074920635  0.0090637207031 
     0.074943311  0.0045471191406 
     0.074965986  -0.00076293945312 
     0.074988662  -0.0059509277344 
     0.075011338  -0.010131835938 
     0.075034014  -0.012481689453 
     0.075056689  -0.012634277344 
     0.075079365  -0.010559082031 
     0.075102041  -0.006591796875 
     0.075124717  -0.0014343261719 
     0.075147392  0.0040283203125 
     0.075170068     0.0087890625 
     0.075192744   0.012023925781 
      0.07521542   0.013122558594 
     0.075238095   0.011962890625 
     0.075260771  0.0086364746094 
     0.075283447  0.0037841796875 
     0.075306122  -0.0017395019531 
     0.075328798  -0.0069885253906 
     0.075351474  -0.011016845703 
      0.07537415  -0.013122558594 
     0.075396825  -0.012939453125 
     0.075419501  -0.010498046875 
     0.075442177  -0.0062255859375 
     0.075464853  -0.00082397460938 
     0.075487528  0.0046997070312 
     0.075510204  0.0093994140625 
      0.07553288   0.012420654297 
     0.075555556   0.013305664062 
     0.075578231   0.011840820312 
     0.075600907    0.00830078125 
     0.075623583  0.0032958984375 
     0.075646259  -0.0022277832031 
     0.075668934  -0.0073547363281 
      0.07569161  -0.011138916016 
     0.075714286  -0.012969970703 
     0.075736961  -0.012512207031 
     0.075759637  -0.0098571777344 
     0.075782313  -0.0054321289062 
     0.075804989  -0.0001220703125 
     0.075827664  0.0051879882812 
      0.07585034  0.0095825195312 
     0.075873016   0.012237548828 
     0.075895692     0.0126953125 
     0.075918367   0.010864257812 
     0.075941043  0.0071105957031 
     0.075963719  0.0021362304688 
     0.075986395  -0.0032348632812 
      0.07600907  -0.0079956054688 
     0.076031746  -0.011322021484 
     0.076054422  -0.012603759766 
     0.076077098  -0.011596679688 
     0.076099773  -0.0085144042969 
     0.076122449  -0.0038757324219 
     0.076145125  0.0014038085938 
       0.0761678  0.0064697265625 
     0.076190476   0.010375976562 
     0.076213152   0.012390136719 
     0.076235828    0.01220703125 
     0.076258503  0.0098266601562 
     0.076281179  0.0056457519531 
     0.076303855  0.00042724609375 
     0.076326531    -0.0048828125 
     0.076349206  -0.0093383789062 
     0.076371882  -0.012145996094 
     0.076394558  -0.012817382812 
     0.076417234  -0.011108398438 
     0.076439909  -0.0074768066406 
     0.076462585  -0.0024719238281 
     0.076485261  0.0030212402344 
     0.076507937  0.0080261230469 
     0.076530612   0.011627197266 
     0.076553288   0.013122558594 
     0.076575964   0.012390136719 
     0.076598639  0.0094299316406 
     0.076621315  0.0047302246094 
     0.076643991  -0.00082397460938 
     0.076666667  -0.0062255859375 
     0.076689342  -0.010589599609 
     0.076712018  -0.013092041016 
     0.076734694  -0.013275146484 
      0.07675737  -0.011169433594 
     0.076780045  -0.0070495605469 
     0.076802721  -0.0016784667969 
     0.076825397  0.0039978027344 
     0.076848073  0.0089721679688 
     0.076870748   0.012420654297 
     0.076893424      0.013671875 
       0.0769161   0.012512207031 
     0.076938776  0.0091552734375 
     0.076961451  0.0042114257812 
     0.076984127  -0.0014953613281 
     0.077006803  -0.0069274902344 
     0.077029478  -0.011138916016 
     0.077052154  -0.013397216797 
      0.07707483  -0.013305664062 
     0.077097506  -0.010864257812 
     0.077120181  -0.0065002441406 
     0.077142857  -0.0010070800781 
     0.077165533   0.004638671875 
     0.077188209  0.0094604492188 
     0.077210884   0.012634277344 
      0.07723356   0.013549804688 
     0.077256236   0.012054443359 
     0.077278912  0.0084228515625 
     0.077301587  0.0033874511719 
     0.077324263  -0.0022888183594 
     0.077346939  -0.0075378417969 
     0.077369615  -0.011413574219 
      0.07739229  -0.013275146484 
     0.077414966  -0.012786865234 
     0.077437642  -0.010009765625 
     0.077460317  -0.0054931640625 
     0.077482993  3.0517578125e-05 
     0.077505669  0.0055236816406 
     0.077528345   0.010040283203 
      0.07755102   0.012725830078 
     0.077573696    0.01318359375 
     0.077596372   0.011291503906 
     0.077619048  0.0073547363281 
     0.077641723  0.0021667480469 
     0.077664399  -0.0034484863281 
     0.077687075  -0.0084533691406 
     0.077709751  -0.011932373047 
     0.077732426  -0.013305664062 
     0.077755102  -0.012329101562 
     0.077777778  -0.0091552734375 
     0.077800454  -0.0043640136719 
     0.077823129   0.001220703125 
     0.077845805  0.0066223144531 
     0.077868481   0.010833740234 
     0.077891156   0.013122558594 
     0.077913832   0.013092041016 
     0.077936508     0.0107421875 
     0.077959184  0.0065002441406 
     0.077981859  0.0010986328125 
     0.078004535  -0.0044860839844 
     0.078027211   -0.00927734375 
     0.078049887  -0.012451171875 
     0.078072562  -0.013427734375 
     0.078095238  -0.012023925781 
     0.078117914  -0.0085144042969 
      0.07814059  -0.0034790039062 
     0.078163265  0.0021667480469 
     0.078185941  0.0074157714844 
     0.078208617   0.011352539062 
     0.078231293   0.013244628906 
     0.078253968   0.012847900391 
     0.078276644   0.010192871094 
      0.07829932  0.0057067871094 
     0.078321995  0.00027465820312 
     0.078344671  -0.0052490234375 
     0.078367347  -0.0098266601562 
     0.078390023  -0.012603759766 
     0.078412698   -0.01318359375 
     0.078435374  -0.011413574219 
      0.07845805  -0.0076293945312 
     0.078480726  -0.0025024414062 
     0.078503401  0.0030517578125 
     0.078526077   0.008056640625 
     0.078548753   0.011627197266 
     0.078571429   0.013122558594 
     0.078594104   0.012298583984 
      0.07861678  0.0092468261719 
     0.078639456  0.0046081542969 
     0.078662132  -0.00088500976562 
     0.078684807  -0.0061950683594 
     0.078707483  -0.010406494141 
     0.078730159  -0.012786865234 
     0.078752834  -0.012847900391 
      0.07877551  -0.010650634766 
     0.078798186  -0.0065307617188 
     0.078820862  -0.0012512207031 
     0.078843537  0.0042724609375 
     0.078866213   0.009033203125 
     0.078888889    0.01220703125 
     0.078911565   0.013214111328 
      0.07893424   0.011871337891 
     0.078956916  0.0084228515625 
     0.078979592  0.0034484863281 
     0.079002268  -0.0021667480469 
     0.079024943  -0.0073852539062 
     0.079047619  -0.011291503906 
     0.079070295  -0.013214111328 
     0.079092971  -0.012847900391 
     0.079115646  -0.010131835938 
     0.079138322  -0.0056457519531 
     0.079160998  -0.00015258789062 
     0.079183673    0.00537109375 
     0.079206349   0.010009765625 
     0.079229025   0.012817382812 
     0.079251701   0.013397216797 
     0.079274376   0.011627197266 
     0.079297052  0.0077819824219 
     0.079319728  0.0025634765625 
     0.079342404  -0.0031433105469 
     0.079365079  -0.0082397460938 
     0.079387755  -0.011962890625 
     0.079410431  -0.013519287109 
     0.079433107  -0.012725830078 
     0.079455782  -0.0096740722656 
     0.079478458  -0.0049133300781 
     0.079501134  0.00070190429688 
      0.07952381  0.0062255859375 
     0.079546485   0.010620117188 
     0.079569161   0.013153076172 
     0.079591837   0.013366699219 
     0.079614512    0.01123046875 
     0.079637188  0.0071105957031 
     0.079659864   0.001708984375 
      0.07968254  -0.0039672851562 
     0.079705215  -0.0089416503906 
     0.079727891  -0.012329101562 
     0.079750567  -0.013519287109 
     0.079773243  -0.012329101562 
     0.079795918  -0.0089721679688 
     0.079818594  -0.0040283203125 
      0.07984127  0.0016174316406 
     0.079863946  0.0069580078125 
     0.079886621   0.011077880859 
     0.079909297   0.013244628906 
     0.079931973   0.013031005859 
     0.079954649   0.010528564453 
     0.079977324  0.0061645507812 
            0.08  0.00070190429688 
     0.080022676    -0.0048828125 
     0.080045351  -0.0095825195312 
     0.080068027  -0.012603759766 
     0.080090703  -0.013336181641 
     0.080113379      -0.01171875 
     0.080136054  -0.008056640625 
      0.08015873    -0.0029296875 
     0.080181406   0.002685546875 
     0.080204082        0.0078125 
     0.080226757   0.011596679688 
     0.080249433   0.013275146484 
     0.080272109   0.012634277344 
     0.080294785  0.0097045898438 
      0.08031746  0.0050964355469 
     0.080340136  -0.00042724609375 
     0.080362812  -0.0058288574219 
     0.080385488   -0.01025390625 
     0.080408163  -0.012817382812 
     0.080430839  -0.013153076172 
     0.080453515  -0.011108398438 
      0.08047619  -0.0071411132812 
     0.080498866  -0.0018920898438 
     0.080521542   0.003662109375 
     0.080544218  0.0086059570312 
     0.080566893   0.011962890625 
     0.080589569   0.013244628906 
     0.080612245   0.012145996094 
     0.080634921  0.0089111328125 
     0.080657596  0.0040893554688 
     0.080680272  -0.0014343261719 
     0.080702948  -0.0066833496094 
     0.080725624    -0.0107421875 
     0.080748299  -0.012878417969 
     0.080770975  -0.012725830078 
     0.080793651  -0.010314941406 
     0.080816327  -0.0060424804688 
     0.080839002  -0.000732421875 
     0.080861678  0.0047302246094 
     0.080884354  0.0093078613281 
     0.080907029   0.012268066406 
     0.080929705   0.013000488281 
     0.080952381   0.011413574219 
     0.080975057  0.0077819824219 
     0.080997732  0.0027770996094 
     0.081020408  -0.0027465820312 
     0.081043084  -0.0077514648438 
      0.08106576  -0.011413574219 
     0.081088435  -0.013000488281 
     0.081111111  -0.012298583984 
     0.081133787  -0.0093688964844 
     0.081156463  -0.0047607421875 
     0.081179138  0.00070190429688 
     0.081201814   0.006103515625 
      0.08122449   0.010406494141 
     0.081247166   0.012878417969 
     0.081269841   0.013061523438 
     0.081292517   0.010894775391 
     0.081315193     0.0068359375 
     0.081337868    0.00146484375 
     0.081360544  -0.004150390625 
      0.08138322  -0.0090942382812 
     0.081405896  -0.012420654297 
     0.081428571  -0.013549804688 
     0.081451247  -0.012329101562 
     0.081473923  -0.0089416503906 
     0.081496599      -0.00390625 
     0.081519274  0.0018005371094 
      0.08154195  0.0072326660156 
     0.081564626   0.011413574219 
     0.081587302   0.013580322266 
     0.081609977   0.013397216797 
     0.081632653   0.010833740234 
     0.081655329  0.0063781738281 
     0.081678005  0.00079345703125 
      0.08170068  -0.0049438476562 
     0.081723356  -0.0097961425781 
     0.081746032  -0.012969970703 
     0.081768707  -0.013824462891 
     0.081791383  -0.012237548828 
     0.081814059  -0.0085754394531 
     0.081836735  -0.0033569335938 
      0.08185941    0.00244140625 
     0.081882086  0.0077819824219 
     0.081904762   0.011749267578 
     0.081927438   0.013641357422 
     0.081950113   0.013092041016 
     0.081972789    0.01025390625 
     0.081995465   0.005615234375 
     0.082018141                0 
     0.082040816  -0.005615234375 
     0.082063492   -0.01025390625 
     0.082086168  -0.013031005859 
     0.082108844  -0.013488769531 
     0.082131519  -0.011535644531 
     0.082154195  -0.0075378417969 
     0.082176871  -0.0022277832031 
     0.082199546  0.0035095214844 
     0.082222222  0.0085754394531 
     0.082244898   0.012145996094 
     0.082267574   0.013549804688 
     0.082290249   0.012512207031 
     0.082312925    0.00927734375 
     0.082335601  0.0043640136719 
     0.082358277  -0.0013732910156 
     0.082380952    -0.0068359375 
     0.082403628  -0.011077880859 
     0.082426304  -0.013427734375 
      0.08244898  -0.013305664062 
     0.082471655  -0.010864257812 
     0.082494331  -0.0065002441406 
     0.082517007  -0.00094604492188 
     0.082539683  0.0048217773438 
     0.082562358  0.0096740722656 
     0.082585034   0.012908935547 
      0.08260771   0.013793945312 
     0.082630385   0.012268066406 
     0.082653061   0.008544921875 
     0.082675737  0.0033569335938 
     0.082698413  -0.0025024414062 
     0.082721088  -0.0079040527344 
     0.082743764  -0.011901855469 
      0.08276644  -0.013793945312 
     0.082789116  -0.013214111328 
     0.082811791  -0.010314941406 
     0.082834467  -0.0056457519531 
     0.082857143  6.103515625e-05 
     0.082879819  0.0057983398438 
     0.082902494   0.010437011719 
      0.08292517   0.013214111328 
     0.082947846   0.013641357422 
     0.082970522   0.011657714844 
     0.082993197  0.0076293945312 
     0.083015873  0.0022277832031 
     0.083038549  -0.0035705566406 
     0.083061224  -0.0087280273438 
       0.0830839  -0.012268066406 
     0.083106576  -0.013641357422 
     0.083129252  -0.012573242188 
     0.083151927   -0.00927734375 
     0.083174603  -0.0043029785156 
     0.083197279  0.0014343261719 
     0.083219955  0.0068969726562 
      0.08324263   0.011169433594 
     0.083265306   0.013397216797 
     0.083287982   0.013214111328 
     0.083310658   0.010681152344 
     0.083333333  0.0062255859375 
     0.083356009  0.0006103515625 
     0.083378685  -0.0050964355469 
     0.083401361  -0.0099182128906 
     0.083424036  -0.013000488281 
     0.083446712  -0.013702392578 
     0.083469388  -0.011962890625 
     0.083492063  -0.0080871582031 
     0.083514739  -0.0027465820312 
     0.083537415  0.0031127929688 
     0.083560091  0.0084228515625 
     0.083582766   0.012268066406 
     0.083605442   0.013946533203 
     0.083628118   0.013122558594 
     0.083650794  0.0099792480469 
     0.083673469  0.0050048828125 
     0.083696145  -0.0008544921875 
     0.083718821  -0.006591796875 
     0.083741497  -0.011199951172 
     0.083764172  -0.013824462891 
     0.083786848  -0.014007568359 
     0.083809524      -0.01171875 
       0.0838322   -0.00732421875 
     0.083854875  -0.0016784667969 
     0.083877551  0.0043334960938 
     0.083900227  0.0095825195312 
     0.083922902   0.013122558594 
     0.083945578   0.014373779297 
     0.083968254   0.013122558594 
      0.08399093  0.0094909667969 
     0.084013605  0.0042114257812 
     0.084036281  -0.0018005371094 
     0.084058957  -0.0075073242188 
     0.084081633  -0.011871337891 
     0.084104308   -0.01416015625 
     0.084126984  -0.013946533203 
      0.08414966   -0.01123046875 
     0.084172336  -0.006591796875 
     0.084195011  -0.00076293945312 
     0.084217687  0.0051574707031 
     0.084240363   0.010192871094 
     0.084263039   0.013397216797 
     0.084285714   0.014190673828 
      0.08430839   0.012512207031 
     0.084331066  0.0086059570312 
     0.084353741  0.0032043457031 
     0.084376417  -0.0027770996094 
     0.084399093  -0.0082092285156 
     0.084421769   -0.01220703125 
     0.084444444  -0.013977050781 
      0.08446712  -0.013305664062 
     0.084489796  -0.010284423828 
     0.084512472  -0.0054016113281 
     0.084535147  0.00039672851562 
     0.084557823  0.0061340332031 
     0.084580499     0.0107421875 
     0.084603175   0.013427734375 
      0.08462585   0.013763427734 
     0.084648526   0.011596679688 
     0.084671202  0.0074157714844 
     0.084693878  0.0018615722656 
     0.084716553  -0.0039367675781 
     0.084739229  -0.0090942382812 
     0.084761905  -0.012603759766 
      0.08478458  -0.013793945312 
     0.084807256  -0.012634277344 
     0.084829932  -0.0091247558594 
     0.084852608  -0.0040588378906 
     0.084875283  0.0017395019531 
     0.084897959  0.0072326660156 
     0.084920635   0.011383056641 
     0.084943311   0.013580322266 
     0.084965986   0.013305664062 
     0.084988662   0.010650634766 
     0.085011338  0.0061340332031 
     0.085034014  0.00051879882812 
     0.085056689  -0.0051574707031 
     0.085079365  -0.0099487304688 
     0.085102041  -0.012939453125 
     0.085124717     -0.013671875 
     0.085147392  -0.011901855469 
     0.085170068  -0.008056640625 
     0.085192744  -0.0027465820312 
      0.08521542  0.0030212402344 
     0.085238095  0.0082397460938 
     0.085260771   0.011993408203 
     0.085283447   0.013610839844 
     0.085306122   0.012817382812 
     0.085328798  0.0097351074219 
     0.085351474     0.0048828125 
      0.08537415  -0.00079345703125 
     0.085396825   -0.00634765625 
     0.085419501    -0.0107421875 
     0.085442177  -0.013244628906 
     0.085464853  -0.013366699219 
     0.085487528  -0.011138916016 
     0.085510204  -0.0068969726562 
      0.08553288  -0.0014343261719 
     0.085555556  0.0042724609375 
     0.085578231  0.0092163085938 
     0.085600907   0.012512207031 
     0.085623583   0.013549804688 
     0.085646259   0.012237548828 
     0.085668934  0.0087280273438 
      0.08569161   0.003662109375 
     0.085714286  -0.0020446777344 
     0.085736961  -0.0073852539062 
     0.085759637  -0.011413574219 
     0.085782313  -0.013366699219 
     0.085804989  -0.013000488281 
     0.085827664  -0.010284423828 
      0.08585034  -0.0057373046875 
     0.085873016  -0.00018310546875 
     0.085895692  0.0054016113281 
     0.085918367  0.0099792480469 
     0.085941043   0.012817382812 
     0.085963719   0.013366699219 
     0.085986395   0.011505126953 
      0.08600907  0.0076293945312 
     0.086031746  0.0024108886719 
     0.086054422  -0.0032653808594 
     0.086077098   -0.00830078125 
     0.086099773  -0.011871337891 
     0.086122449  -0.013305664062 
     0.086145125  -0.012420654297 
       0.0861678  -0.0092468261719 
     0.086190476  -0.0044860839844 
     0.086213152  0.0010986328125 
     0.086235828  0.0064697265625 
     0.086258503   0.010650634766 
     0.086281179   0.012939453125 
     0.086303855   0.012939453125 
     0.086326531   0.010589599609 
     0.086349206  0.0063781738281 
     0.086371882  0.0010070800781 
     0.086394558  -0.0045166015625 
     0.086417234  -0.0092163085938 
     0.086439909  -0.012268066406 
     0.086462585  -0.013153076172 
     0.086485261  -0.011627197266 
     0.086507937  -0.0080871582031 
     0.086530612  -0.0030517578125 
     0.086553288    0.00244140625 
     0.086575964   0.007568359375 
     0.086598639   0.011322021484 
     0.086621315   0.013031005859 
     0.086643991   0.012451171875 
     0.086666667  0.0096130371094 
     0.086689342  0.0050964355469 
     0.086712018  -0.0003662109375 
     0.086734694  -0.0057373046875 
      0.08675737  -0.010070800781 
     0.086780045  -0.012634277344 
     0.086802721  -0.012939453125 
     0.086825397  -0.010894775391 
     0.086848073  -0.0069885253906 
     0.086870748  -0.0017700195312 
     0.086893424  0.0037231445312 
       0.0869161   0.008544921875 
     0.086938776   0.011871337891 
     0.086961451   0.013031005859 
     0.086984127   0.011932373047 
     0.087006803  0.0086364746094 
     0.087029478  0.0038757324219 
     0.087052154  -0.0016174316406 
      0.08707483  -0.0068054199219 
     0.087097506    -0.0107421875 
     0.087120181  -0.012756347656 
     0.087142857  -0.012542724609 
     0.087165533  -0.010040283203 
     0.087188209  -0.0057678222656 
     0.087210884  -0.00051879882812 
      0.08723356     0.0048828125 
     0.087256236  0.0093688964844 
     0.087278912   0.012176513672 
     0.087301587   0.012786865234 
     0.087324263   0.011169433594 
     0.087346939  0.0075073242188 
     0.087369615  0.0025329589844 
      0.08739229  -0.0028686523438 
     0.087414966  -0.0077819824219 
     0.087437642  -0.011291503906 
     0.087460317  -0.012756347656 
     0.087482993  -0.011962890625 
     0.087505669  -0.009033203125 
     0.087528345  -0.0044860839844 
      0.08755102  0.0008544921875 
     0.087573696  0.0060119628906 
     0.087596372   0.010162353516 
     0.087619048   0.012451171875 
     0.087641723   0.012512207031 
     0.087664399   0.010375976562 
     0.087687075    0.00634765625 
     0.087709751   0.001220703125 
     0.087732426  -0.0041198730469 
     0.087755102  -0.0087585449219 
     0.087777778  -0.011779785156 
     0.087800454  -0.012756347656 
     0.087823129  -0.011474609375 
     0.087845805  -0.0081481933594 
     0.087868481  -0.0033569335938 
     0.087891156  0.0020141601562 
     0.087913832  0.0070190429688 
     0.087936508   0.010772705078 
     0.087959184   0.012603759766 
     0.087981859   0.012176513672 
     0.088004535  0.0096435546875 
     0.088027211    0.00537109375 
     0.088049887  0.00018310546875 
     0.088072562  -0.0050354003906 
     0.088095238  -0.0093688964844 
     0.088117914  -0.012023925781 
      0.08814059  -0.012512207031 
     0.088163265  -0.010833740234 
     0.088185941  -0.0072021484375 
     0.088208617  -0.0023193359375 
     0.088231293  0.0029907226562 
     0.088253968  0.0076904296875 
     0.088276644   0.011016845703 
      0.08829932   0.012420654297 
     0.088321995   0.011566162109 
     0.088344671  0.0086975097656 
     0.088367347  0.0043029785156 
     0.088390023  -0.0008544921875 
     0.088412698  -0.0058288574219 
     0.088435374  -0.0097351074219 
      0.08845805  -0.011901855469 
     0.088480726  -0.011932373047 
     0.088503401  -0.0098571777344 
     0.088526077  -0.0060119628906 
     0.088548753  -0.0011596679688 
     0.088571429  0.0039367675781 
     0.088594104  0.0082397460938 
      0.08861678   0.011077880859 
     0.088639456   0.011962890625 
     0.088662132   0.010681152344 
     0.088684807  0.0075073242188 
     0.088707483  0.0029907226562 
     0.088730159  -0.0020141601562 
     0.088752834  -0.0066223144531 
      0.08877551  -0.010040283203 
     0.088798186  -0.011657714844 
     0.088820862  -0.011169433594 
     0.088843537  -0.0086975097656 
     0.088866213  -0.0046691894531 
     0.088888889  0.00018310546875 
     0.088911565  0.0049438476562 
      0.08893424  0.0088195800781 
     0.088956916   0.011077880859 
     0.088979592   0.011352539062 
     0.089002268  0.0096130371094 
     0.089024943  0.0061340332031 
     0.089047619  0.0015869140625 
     0.089070295  -0.0032348632812 
     0.089092971  -0.0074462890625 
     0.089115646  -0.010345458984 
     0.089138322  -0.011322021484 
     0.089160998  -0.010314941406 
     0.089183673  -0.0074157714844 
     0.089206349  -0.0032348632812 
     0.089229025  0.0015869140625 
     0.089251701  0.0060119628906 
     0.089274376  0.0093994140625 
     0.089297052   0.011108398438 
     0.089319728   0.010772705078 
     0.089342404   0.008544921875 
     0.089365079  0.0047607421875 
     0.089387755  0.00015258789062 
     0.089410431  -0.0045166015625 
     0.089433107  -0.0083618164062 
     0.089455782  -0.010681152344 
     0.089478458  -0.011108398438 
     0.089501134  -0.009521484375 
      0.08952381  -0.0062866210938 
     0.089546485  -0.0018615722656 
     0.089569161  0.0028381347656 
     0.089591837   0.007080078125 
     0.089614512   0.010009765625 
     0.089637188   0.011169433594 
     0.089659864   0.010345458984 
      0.08968254  0.0076904296875 
     0.089705215   0.003662109375 
     0.089727891  -0.0010070800781 
     0.089750567  -0.0054626464844 
     0.089773243  -0.0089721679688 
     0.089795918  -0.010833740234 
     0.089818594  -0.010803222656 
      0.08984127  -0.0088195800781 
     0.089863946  -0.0052795410156 
     0.089886621  -0.00088500976562 
     0.089909297  0.0037231445312 
     0.089931973  0.0075988769531 
     0.089954649   0.010101318359 
     0.089977324   0.010833740234 
            0.09  0.0096130371094 
     0.090022676  0.0066833496094 
     0.090045351  0.0025939941406 
     0.090068027  -0.0019226074219 
     0.090090703  -0.0060424804688 
     0.090113379  -0.0090942382812 
     0.090136054  -0.010467529297 
      0.09015873  -0.0099792480469 
     0.090181406  -0.0077209472656 
     0.090204082  -0.0040893554688 
     0.090226757  0.00027465820312 
     0.090249433  0.0045166015625 
     0.090272109  0.0079650878906 
     0.090294785  0.0099487304688 
      0.09031746   0.010101318359 
     0.090340136  0.0084838867188 
     0.090362812  0.0053405761719 
     0.090385488   0.001220703125 
     0.090408163  -0.0030822753906 
     0.090430839  -0.0067749023438 
     0.090453515  -0.0092468261719 
      0.09047619  -0.010101318359 
     0.090498866  -0.0090942382812 
     0.090521542  -0.0064392089844 
     0.090544218  -0.0026550292969 
     0.090566893  0.0015869140625 
     0.090589569  0.0055541992188 
     0.090612245  0.0084838867188 
     0.090634921  0.0099182128906 
     0.090657596  0.0095825195312 
     0.090680272  0.0075073242188 
     0.090702948  0.0041198730469 
     0.090725624  3.0517578125e-05 
     0.090748299  -0.0041198730469 
     0.090770975  -0.0075073242188 
     0.090793651  -0.0095520019531 
     0.090816327  -0.0098876953125 
     0.090839002  -0.0084533691406 
     0.090861678  -0.0055541992188 
     0.090884354  -0.0016784667969 
     0.090907029  0.0025024414062 
     0.090929705  0.0061645507812 
     0.090952381     0.0087890625 
     0.090975057  0.0098571777344 
     0.090997732  0.0091247558594 
     0.091020408  0.0068664550781 
     0.091043084  0.0033874511719 
      0.09106576  -0.00070190429688 
     0.091088435  -0.004638671875 
     0.091111111  -0.0076599121094 
     0.091133787  -0.0093383789062 
     0.091156463  -0.0093994140625 
     0.091179138  -0.0077514648438 
     0.091201814  -0.0047912597656 
      0.09122449  -0.0010375976562 
     0.091247166  0.0028991699219 
     0.091269841  0.0062866210938 
     0.091292517  0.0085144042969 
     0.091315193  0.0091857910156 
     0.091337868  0.0082702636719 
     0.091360544  0.0059204101562 
      0.09138322  0.0025024414062 
     0.091405896  -0.0012817382812 
     0.091428571  -0.0047607421875 
     0.091451247  -0.0073852539062 
     0.091473923  -0.0086669921875 
     0.091496599  -0.0083618164062 
     0.091519274  -0.0066223144531 
      0.09154195  -0.0036926269531 
     0.091564626  -0.00015258789062 
     0.091587302  0.0033874511719 
     0.091609977  0.0062561035156 
     0.091632653  0.0079650878906 
     0.091655329  0.0082397460938 
     0.091678005   0.007080078125 
      0.09170068  0.0046081542969 
     0.091723356  0.0013427734375 
     0.091746032  -0.0021057128906 
     0.091768707  -0.005126953125 
     0.091791383  -0.0072326660156 
     0.091814059  -0.0079956054688 
     0.091836735  -0.0072937011719 
      0.09185941  -0.0053405761719 
     0.091882086  -0.0024108886719 
     0.091904762  0.00091552734375 
     0.091927438  0.0040588378906 
     0.091950113  0.0064392089844 
     0.091972789  0.0076293945312 
     0.091995465  0.0074768066406 
     0.092018141  0.0059509277344 
     0.092040816  0.0033569335938 
     0.092063492  0.00018310546875 
     0.092086168  -0.0030212402344 
     0.092108844  -0.0056457519531 
     0.092131519  -0.0072326660156 
     0.092154195  -0.007568359375 
     0.092176871  -0.0065307617188 
     0.092199546  -0.0043029785156 
     0.092222222  -0.0013122558594 
     0.092244898  0.0018615722656 
     0.092267574  0.0047302246094 
     0.092290249  0.0066833496094 
     0.092312925  0.0075073242188 
     0.092335601  0.0069885253906 
     0.092358277  0.0052185058594 
     0.092380952  0.0025024414062 
     0.092403628  -0.0006103515625 
     0.092426304  -0.0036010742188 
      0.09244898  -0.0059814453125 
     0.092471655  -0.0072631835938 
     0.092494331  -0.0072631835938 
     0.092517007  -0.0059509277344 
     0.092539683  -0.0036315917969 
     0.092562358  -0.00070190429688 
     0.092585034  0.0023498535156 
      0.09260771  0.0049743652344 
     0.092630385  0.0066528320312 
     0.092653061  0.0071716308594 
     0.092675737  0.0064697265625 
     0.092698413  0.0046081542969 
     0.092721088      0.001953125 
     0.092743764  -0.0010070800781 
      0.09276644  -0.0037841796875 
     0.092789116  -0.0057983398438 
     0.092811791  -0.0068054199219 
     0.092834467  -0.0065612792969 
     0.092857143  -0.0052490234375 
     0.092879819  -0.0029907226562 
     0.092902494  -0.00018310546875 
      0.09292517  0.0025329589844 
     0.092947846  0.0047912597656 
     0.092970522  0.0061645507812 
     0.092993197  0.0064392089844 
     0.093015873  0.0055236816406 
     0.093038549   0.003662109375 
     0.093061224  0.0011901855469 
       0.0930839   -0.00146484375 
     0.093106576  -0.0038146972656 
     0.093129252  -0.0054626464844 
     0.093151927  -0.0060729980469 
     0.093174603  -0.0056457519531 
     0.093197279  -0.004150390625 
     0.093219955     -0.001953125 
      0.09324263  0.00057983398438 
     0.093265306  0.0029602050781 
     0.093287982  0.0047912597656 
     0.093310658  0.0057373046875 
     0.093333333  0.0056457519531 
     0.093356009  0.0045166015625 
     0.093378685  0.0025939941406 
     0.093401361   0.000244140625 
     0.093424036  -0.0021667480469 
     0.093446712  -0.004150390625 
     0.093469388   -0.00537109375 
     0.093492063  -0.0055847167969 
     0.093514739  -0.0048522949219 
     0.093537415  -0.0032653808594 
     0.093560091  -0.0010681152344 
     0.093582766  0.0013122558594 
     0.093605442    0.00341796875 
     0.093628118  0.0049133300781 
     0.093650794  0.0055236816406 
     0.093673469   0.005126953125 
     0.093696145  0.0038452148438 
     0.093718821  0.0019226074219 
     0.093741497  -0.0003662109375 
     0.093764172  -0.0025939941406 
     0.093786848  -0.0043029785156 
     0.093809524  -0.0052185058594 
       0.0938322  -0.0052490234375 
     0.093854875  -0.0043334960938 
     0.093877551  -0.0026550292969 
     0.093900227  -0.00054931640625 
     0.093922902  0.0016174316406 
     0.093945578  0.0034790039062 
     0.093968254  0.0047302246094 
      0.09399093   0.005126953125 
     0.094013605  0.0046081542969 
     0.094036281  0.0033264160156 
     0.094058957  0.0014343261719 
     0.094081633  -0.00067138671875 
     0.094104308  -0.0026245117188 
     0.094126984  -0.0040893554688 
      0.09414966  -0.0048217773438 
     0.094172336  -0.0046691894531 
     0.094195011  -0.0037536621094 
     0.094217687  -0.0021362304688 
     0.094240363  -0.00018310546875 
     0.094263039  0.0017395019531 
     0.094285714  0.0033569335938 
      0.09430839  0.0043640136719 
     0.094331066  0.0045471191406 
     0.094353741  0.0039672851562 
     0.094376417   0.002685546875 
     0.094399093  0.00094604492188 
     0.094421769  -0.00094604492188 
     0.094444444  -0.0026245117188 
      0.09446712  -0.0038146972656 
     0.094489796  -0.0043334960938 
     0.094512472  -0.0040588378906 
     0.094535147  -0.0030822753906 
     0.094557823  -0.0016174316406 
     0.094580499  0.00015258789062 
     0.094603175  0.0018310546875 
      0.09462585   0.003173828125 
     0.094648526  0.0039672851562 
     0.094671202  0.0039978027344 
     0.094693878  0.0033874511719 
     0.094716553  0.0021667480469 
     0.094739229  0.00057983398438 
     0.094761905  -0.0010681152344 
      0.09478458  -0.0025024414062 
     0.094807256  -0.0034484863281 
     0.094829932  -0.0038146972656 
     0.094852608  -0.0035095214844 
     0.094875283  -0.0025634765625 
     0.094897959  -0.0011901855469 
     0.094920635  0.0003662109375 
     0.094943311  0.0017700195312 
     0.094965986  0.0028991699219 
     0.094988662  0.0034790039062 
     0.095011338  0.0034790039062 
     0.095034014  0.0027770996094 
     0.095056689  0.0016784667969 
     0.095079365  0.00030517578125 
     0.095102041  -0.0011291503906 
     0.095124717  -0.0023193359375 
     0.095147392  -0.0030822753906 
     0.095170068  -0.0033264160156 
     0.095192744    -0.0029296875 
      0.09521542  -0.0020751953125 
     0.095238095  -0.00082397460938 
     0.095260771  0.00051879882812 
     0.095283447   0.001708984375 
     0.095306122  0.0026550292969 
     0.095328798  0.0030822753906 
     0.095351474     0.0029296875 
      0.09537415  0.0023498535156 
     0.095396825  0.0012817382812 
     0.095419501  9.1552734375e-05 
     0.095442177  -0.0011291503906 
     0.095464853  -0.0021362304688 
     0.095487528  -0.0027465820312 
     0.095510204  -0.0028991699219 
      0.09553288  -0.0024719238281 
     0.095555556  -0.0016784667969 
     0.095578231  -0.00064086914062 
     0.095600907  0.00054931640625 
     0.095623583  0.0016174316406 
     0.095646259  0.0023803710938 
     0.095668934  0.0027160644531 
      0.09569161  0.0025634765625 
     0.095714286  0.0019836425781 
     0.095736961  0.0010986328125 
     0.095759637  -3.0517578125e-05 
     0.095782313  -0.0010681152344 
     0.095804989  -0.0019226074219 
     0.095827664  -0.0024108886719 
      0.09585034  -0.0025329589844 
     0.095873016  -0.0021667480469 
     0.095895692   -0.00146484375 
     0.095918367  -0.00051879882812 
     0.095941043  0.00051879882812 
     0.095963719  0.0014343261719 
     0.095986395  0.0021057128906 
      0.09600907  0.0023803710938 
     0.096031746  0.0022583007812 
     0.096054422  0.0017395019531 
     0.096077098     0.0009765625 
     0.096099773                0 
     0.096122449  -0.00091552734375 
     0.096145125  -0.0016784667969 
       0.0961678  -0.0021057128906 
     0.096190476  -0.002197265625 
     0.096213152  -0.0019226074219 
     0.096235828  -0.0013122558594 
     0.096258503   -0.00048828125 
     0.096281179  0.00039672851562 
     0.096303855   0.001220703125 
     0.096326531  0.0018005371094 
     0.096349206  0.0020446777344 
     0.096371882  0.0019836425781 
     0.096394558  0.0015869140625 
     0.096417234  0.00088500976562 
     0.096439909  9.1552734375e-05 
     0.096462585  -0.000732421875 
     0.096485261  -0.0014038085938 
     0.096507937  -0.0018310546875 
     0.096530612  -0.0019836425781 
     0.096553288  -0.0017700195312 
     0.096575964  -0.0012512207031 
     0.096598639  -0.00054931640625 
     0.096621315   0.000244140625 
     0.096643991     0.0009765625 
     0.096666667  0.0015563964844 
     0.096689342  0.0018615722656 
     0.096712018  0.0018920898438 
     0.096734694  0.0015869140625 
      0.09675737  0.0010375976562 
     0.096780045  0.00027465820312 
     0.096802721  -0.00045776367188 
     0.096825397  -0.0011596679688 
     0.096848073  -0.0016784667969 
     0.096870748  -0.0018920898438 
     0.096893424  -0.0018005371094 
       0.0969161  -0.0014038085938 
     0.096938776  -0.0008544921875 
     0.096961451  -0.0001220703125 
     0.096984127  0.0006103515625 
     0.097006803  0.0012512207031 
     0.097029478  0.0016784667969 
     0.097052154  0.0018310546875 
      0.09707483  0.0016784667969 
     0.097097506  0.0012512207031 
     0.097120181  0.00067138671875 
     0.097142857                0 
     0.097165533  -0.00070190429688 
     0.097188209  -0.0012817382812 
     0.097210884  -0.0016174316406 
      0.09723356  -0.0016784667969 
     0.097256236  -0.0014953613281 
     0.097278912  -0.0010681152344 
     0.097301587  -0.00045776367188 
     0.097324263  0.00018310546875 
     0.097346939  0.00082397460938 
     0.097369615  0.0012817382812 
      0.09739229  0.0014953613281 
     0.097414966  0.0014953613281 
     0.097437642  0.0012512207031 
     0.097460317  0.00076293945312 
     0.097482993  0.00018310546875 
     0.097505669   -0.00048828125 
     0.097528345  -0.0010070800781 
      0.09755102  -0.0013427734375 
     0.097573696   -0.00146484375 
     0.097596372  -0.0013122558594 
     0.097619048  -0.00094604492188 
     0.097641723  -0.00033569335938 
     0.097664399  0.00027465820312 
     0.097687075  0.00088500976562 
     0.097709751  0.0013427734375 
     0.097732426  0.0015258789062 
     0.097755102    0.00146484375 
     0.097777778  0.0011291503906 
     0.097800454  0.00057983398438 
     0.097823129  -9.1552734375e-05 
     0.097845805  -0.00076293945312 
     0.097868481  -0.0013732910156 
     0.097891156  -0.0017395019531 
     0.097913832  -0.0018005371094 
     0.097936508  -0.0015563964844 
     0.097959184  -0.0010375976562 
     0.097981859  -0.00030517578125 
     0.098004535    0.00048828125 
     0.098027211  0.0012512207031 
     0.098049887  0.0018310546875 
     0.098072562  0.0020751953125 
     0.098095238  0.0020141601562 
     0.098117914  0.0015869140625 
      0.09814059  0.00091552734375 
     0.098163265  6.103515625e-05 
     0.098185941  -0.00079345703125 
     0.098208617  -0.0016174316406 
     0.098231293  -0.0021057128906 
     0.098253968  -0.0022888183594 
     0.098276644  -0.0020751953125 
      0.09829932  -0.0015258789062 
     0.098321995  -0.000732421875 
     0.098344671   0.000244140625 
     0.098367347  0.0011291503906 
     0.098390023  0.0018615722656 
     0.098412698  0.0022583007812 
     0.098435374  0.0022888183594 
      0.09845805  0.0019226074219 
     0.098480726  0.0011596679688 
     0.098503401  0.00027465820312 
     0.098526077  -0.00067138671875 
     0.098548753  -0.0014953613281 
     0.098571429  -0.0020751953125 
     0.098594104  -0.0022277832031 
      0.09861678  -0.0020446777344 
     0.098639456  -0.0014343261719 
     0.098662132  -0.00057983398438 
     0.098684807  0.00033569335938 
     0.098707483   0.001220703125 
     0.098730159  0.0019226074219 
     0.098752834  0.0022277832031 
      0.09877551  0.0021362304688 
     0.098798186  0.0016479492188 
     0.098820862  0.00079345703125 
     0.098843537  -0.00018310546875 
     0.098866213  -0.0011596679688 
     0.098888889     -0.001953125 
     0.098911565  -0.0023803710938 
      0.09893424  -0.0023803710938 
     0.098956916     -0.001953125 
     0.098979592  -0.0011291503906 
     0.099002268  -9.1552734375e-05 
     0.099024943  0.0010375976562 
     0.099047619  0.0019836425781 
     0.099070295  0.0025939941406 
     0.099092971  0.0027770996094 
     0.099115646  0.0024108886719 
     0.099138322  0.0016479492188 
     0.099160998  0.00051879882812 
     0.099183673  -0.00070190429688 
     0.099206349  -0.0018005371094 
     0.099229025  -0.0026550292969 
     0.099251701  -0.0030517578125 
     0.099274376  -0.0028686523438 
     0.099297052  -0.002197265625 
     0.099319728  -0.0010986328125 
     0.099342404  0.00018310546875 
     0.099365079  0.0015258789062 
     0.099387755  0.0025329589844 
     0.099410431   0.003173828125 
     0.099433107  0.0032348632812 
     0.099455782   0.002685546875 
     0.099478458  0.0016784667969 
     0.099501134  0.00033569335938 
      0.09952381  -0.0010986328125 
     0.099546485  -0.0023498535156 
     0.099569161  -0.0032043457031 
     0.099591837  -0.0034790039062 
     0.099614512  -0.0031127929688 
     0.099637188  -0.0022277832031 
     0.099659864  -0.00088500976562 
      0.09968254  0.00064086914062 
     0.099705215  0.0021057128906 
     0.099727891  0.0032043457031 
     0.099750567  0.0037231445312 
     0.099773243  0.0036010742188 
     0.099795918  0.0028076171875 
     0.099818594    0.00146484375 
      0.09984127  -0.00015258789062 
     0.099863946  -0.0017700195312 
     0.099886621  -0.0031127929688 
     0.099909297  -0.0039367675781 
     0.099931973  -0.0040588378906 
     0.099954649  -0.0034484863281 
     0.099977324  -0.0022277832031 
             0.1  -0.00054931640625 
      0.10002268  0.0011901855469 
      0.10004535  0.0028076171875 
      0.10006803  0.0039367675781 
       0.1000907    0.00439453125 
      0.10011338  0.0040588378906 
      0.10013605  0.0029907226562 
      0.10015873  0.0014038085938 
      0.10018141   -0.00048828125 
      0.10020408  -0.0022583007812 
      0.10022676  -0.0037231445312 
      0.10024943  -0.0045166015625 
      0.10027211  -0.0044860839844 
      0.10029478  -0.003662109375 
      0.10031746  -0.002197265625 
      0.10034014  -0.00033569335938 
      0.10036281  0.0016174316406 
      0.10038549  0.0032653808594 
      0.10040816    0.00439453125 
      0.10043084   0.004638671875 
      0.10045351  0.0041198730469 
      0.10047619  0.0028381347656 
      0.10049887  0.0010375976562 
      0.10052154    -0.0009765625 
      0.10054422  -0.0028076171875 
      0.10056689  -0.0041198730469 
      0.10058957  -0.0047607421875 
      0.10061224  -0.0044555664062 
      0.10063492  -0.0033569335938 
       0.1006576  -0.0016479492188 
      0.10068027  0.00039672851562 
      0.10070295  0.0023803710938 
      0.10072562  0.0039367675781 
       0.1007483  0.0047912597656 
      0.10077098  0.0047607421875 
      0.10079365  0.0038757324219 
      0.10081633  0.0022583007812 
        0.100839  0.00018310546875 
      0.10086168  -0.0019226074219 
      0.10088435  -0.0036926269531 
      0.10090703  -0.0048522949219 
      0.10092971  -0.0050964355469 
      0.10095238  -0.0044250488281 
      0.10097506  -0.0029602050781 
      0.10099773  -0.00091552734375 
      0.10102041  0.0013732910156 
      0.10104308  0.0033874511719 
      0.10106576  0.0048217773438 
      0.10108844  0.0054016113281 
      0.10111111  0.0049743652344 
      0.10113379   0.003662109375 
      0.10115646  0.0016784667969 
      0.10117914  -0.00070190429688 
      0.10120181    -0.0029296875 
      0.10122449  -0.004638671875 
      0.10124717  -0.0055847167969 
      0.10126984  -0.0054931640625 
      0.10129252   -0.00439453125 
      0.10131519   -0.00244140625 
      0.10133787  -9.1552734375e-05 
      0.10136054  0.0023498535156 
      0.10138322  0.0043640136719 
       0.1014059  0.0056457519531 
      0.10142857      0.005859375 
      0.10145125  0.0050354003906 
      0.10147392  0.0032958984375 
       0.1014966  0.00088500976562 
      0.10151927  -0.0016479492188 
      0.10154195  -0.0039367675781 
      0.10156463  -0.0055541992188 
       0.1015873  -0.0061645507812 
      0.10160998  -0.0056457519531 
      0.10163265  -0.0040893554688 
      0.10165533  -0.0018005371094 
        0.101678  0.0008544921875 
      0.10170068  0.0033874511719 
      0.10172336  0.0053405761719 
      0.10174603  0.0063171386719 
      0.10176871  0.0061950683594 
      0.10179138  0.0049133300781 
      0.10181406  0.0027465820312 
      0.10183673  3.0517578125e-05 
      0.10185941  -0.0027160644531 
      0.10188209  -0.0050048828125 
      0.10190476  -0.0063781738281 
      0.10192744  -0.0066528320312 
      0.10195011  -0.0056762695312 
      0.10197279  -0.0036926269531 
      0.10199546    -0.0009765625 
      0.10201814  0.0019226074219 
      0.10204082  0.0044555664062 
      0.10206349  0.0062866210938 
      0.10208617  0.0069274902344 
      0.10210884  0.0063781738281 
      0.10213152   0.004638671875 
       0.1021542  0.0020446777344 
      0.10217687  -0.00094604492188 
      0.10219955  -0.0038146972656 
      0.10222222  -0.0059509277344 
       0.1022449  -0.0071105957031 
      0.10226757  -0.0069274902344 
      0.10229025  -0.0055236816406 
      0.10231293  -0.0031127929688 
       0.1023356  -9.1552734375e-05 
      0.10235828  0.0029602050781 
      0.10238095  0.0054931640625 
      0.10240363  0.0070495605469 
       0.1024263  0.0073547363281 
      0.10244898    0.00634765625 
      0.10247166   0.004150390625 
      0.10249433   0.001220703125 
      0.10251701     -0.001953125 
      0.10253968  -0.0047912597656 
      0.10256236  -0.0067749023438 
      0.10258503  -0.007568359375 
      0.10260771  -0.0069885253906 
      0.10263039  -0.0051574707031 
      0.10265306  -0.0023498535156 
      0.10267574  0.0008544921875 
      0.10269841  0.0039672851562 
      0.10272109    0.00634765625 
      0.10274376   0.007568359375 
      0.10276644  0.0074462890625 
      0.10278912  0.0059814453125 
      0.10281179  0.0033874511719 
      0.10283447  0.00021362304688 
      0.10285714  -0.0030212402344 
      0.10287982  -0.0057373046875 
      0.10290249  -0.0073852539062 
      0.10292517  -0.0077209472656 
      0.10294785  -0.0066528320312 
      0.10297052  -0.0043334960938 
       0.1029932  -0.0012512207031 
      0.10301587  0.0020751953125 
      0.10303855  0.0050659179688 
      0.10306122  0.0071105957031 
       0.1030839  0.0078430175781 
      0.10310658  0.0071716308594 
      0.10312925  0.0051574707031 
      0.10315193   0.002197265625 
       0.1031746  -0.0011901855469 
      0.10319728  -0.0043640136719 
      0.10321995  -0.0067749023438 
      0.10324263  -0.0079345703125 
      0.10326531  -0.0076599121094 
      0.10328798  -0.0059204101562 
      0.10331066  -0.0031433105469 
      0.10333333  0.00027465820312 
      0.10335601   0.003662109375 
      0.10337868  0.0064086914062 
      0.10340136  0.0079956054688 
      0.10342404  0.0081481933594 
      0.10344671  0.0067749023438 
      0.10346939  0.0041198730469 
      0.10349206  0.00067138671875 
      0.10351474    -0.0029296875 
      0.10353741  -0.0060119628906 
      0.10356009  -0.0080261230469 
      0.10358277  -0.0086364746094 
      0.10360544  -0.0076293945312 
      0.10362812  -0.0052185058594 
      0.10365079  -0.0018310546875 
      0.10367347  0.0019836425781 
      0.10369615  0.0054321289062 
      0.10371882  0.0079650878906 
       0.1037415   0.009033203125 
      0.10376417  0.0084838867188 
      0.10378685  0.0063781738281 
      0.10380952  0.0031127929688 
       0.1038322  -0.0008544921875 
      0.10385488  -0.004638671875 
      0.10387755  -0.0076599121094 
      0.10390023  -0.0093078613281 
       0.1039229  -0.0093383789062 
      0.10394558  -0.0076293945312 
      0.10396825  -0.0044860839844 
      0.10399093  -0.00054931640625 
      0.10401361  0.0035400390625 
      0.10403628   0.007080078125 
      0.10405896  0.0093383789062 
      0.10408163  0.0099487304688 
      0.10410431  0.0087585449219 
      0.10412698  0.0059509277344 
      0.10414966  0.0021057128906 
      0.10417234  -0.0022277832031 
      0.10419501  -0.0061950683594 
      0.10421769  -0.0090637207031 
      0.10424036  -0.010284423828 
      0.10426304  -0.0097045898438 
      0.10428571  -0.0073547363281 
      0.10430839  -0.0036315917969 
      0.10433107   0.000732421875 
      0.10435374  0.0050659179688 
      0.10437642  0.0084838867188 
      0.10439909   0.010375976562 
      0.10442177   0.010406494141 
      0.10444444  0.0085754394531 
      0.10446712  0.0051574707031 
       0.1044898  0.00076293945312 
      0.10451247  -0.0037841796875 
      0.10453515  -0.0076904296875 
      0.10455782   -0.01025390625 
       0.1045805  -0.010955810547 
      0.10460317  -0.0096435546875 
      0.10462585  -0.0066528320312 
      0.10464853  -0.0023803710938 
       0.1046712  0.0023498535156 
      0.10469388  0.0066833496094 
      0.10471655  0.0098571777344 
      0.10473923   0.011260986328 
       0.1047619   0.010650634766 
      0.10478458  0.0080871582031 
      0.10480726  0.0040588378906 
      0.10482993  -0.000732421875 
      0.10485261  -0.0054016113281 
      0.10487528  -0.0091552734375 
      0.10489796  -0.011291503906 
      0.10492063  -0.011352539062 
      0.10494331  -0.0093994140625 
      0.10496599  -0.0057067871094 
      0.10498866  -0.0010070800781 
      0.10501134  0.0039672851562 
      0.10503401  0.0082092285156 
      0.10505669   0.010986328125 
      0.10507937   0.011810302734 
      0.10510204   0.010467529297 
      0.10512472  0.0072326660156 
      0.10514739   0.002685546875 
      0.10517007  -0.0023498535156 
      0.10519274  -0.0070190429688 
      0.10521542  -0.010375976562 
       0.1052381  -0.011901855469 
      0.10526077   -0.01123046875 
      0.10528345  -0.0085754394531 
      0.10530612  -0.0043029785156 
       0.1053288  0.00076293945312 
      0.10535147  0.0057373046875 
      0.10537415  0.0096130371094 
      0.10539683   0.011810302734 
       0.1054195   0.011871337891 
      0.10544218  0.0097045898438 
      0.10546485  0.0057678222656 
      0.10548753  0.00076293945312 
       0.1055102  -0.0044250488281 
      0.10553288  -0.0088195800781 
      0.10555556  -0.011657714844 
      0.10557823  -0.012359619141 
      0.10560091  -0.010833740234 
      0.10562358  -0.0072631835938 
      0.10564626  -0.0023498535156 
      0.10566893  0.0030212402344 
      0.10569161  0.0079040527344 
      0.10571429   0.011352539062 
      0.10573696   0.012817382812 
      0.10575964   0.011932373047 
      0.10578231  0.0088500976562 
      0.10580499   0.004150390625 
      0.10582766  -0.0013732910156 
      0.10585034  -0.0066833496094 
      0.10587302  -0.010833740234 
      0.10589569  -0.013092041016 
      0.10591837  -0.012969970703 
      0.10594104  -0.010498046875 
      0.10596372  -0.0060729980469 
      0.10598639  -0.00054931640625 
      0.10600907   0.005126953125 
      0.10603175  0.0099182128906 
      0.10605442   0.012939453125 
       0.1060771      0.013671875 
      0.10609977   0.011962890625 
      0.10612245  0.0080261230469 
      0.10614512  0.0026550292969 
       0.1061678  -0.0032043457031 
      0.10619048  -0.008544921875 
      0.10621315  -0.012329101562 
      0.10623583  -0.013946533203 
       0.1062585  -0.013031005859 
      0.10628118  -0.0097351074219 
      0.10630385  -0.0046997070312 
      0.10632653  0.0012512207031 
      0.10634921  0.0069274902344 
      0.10637188   0.011413574219 
      0.10639456   0.013824462891 
      0.10641723   0.013732910156 
      0.10643991   0.011138916016 
      0.10646259  0.0065002441406 
      0.10648526  0.00067138671875 
      0.10650794  -0.0053100585938 
      0.10653061  -0.010345458984 
      0.10655329  -0.013488769531 
      0.10657596  -0.014190673828 
      0.10659864  -0.012329101562 
      0.10662132  -0.0081787109375 
      0.10664399  -0.0024719238281 
      0.10666667  0.0036926269531 
      0.10668934  0.0092468261719 
      0.10671202   0.013122558594 
      0.10673469     0.0146484375 
      0.10675737   0.013458251953 
      0.10678005  0.0098266601562 
      0.10680272  0.0043334960938 
       0.1068254     -0.001953125 
      0.10684807  -0.0079956054688 
      0.10687075  -0.012603759766 
      0.10689342  -0.014984130859 
       0.1069161    -0.0146484375 
      0.10693878  -0.011657714844 
      0.10696145  -0.0064697265625 
      0.10698413  -9.1552734375e-05 
       0.1070068  0.0063781738281 
      0.10702948   0.011779785156 
      0.10705215   0.015106201172 
      0.10707483   0.015686035156 
      0.10709751   0.013488769531 
      0.10712018  0.0088195800781 
      0.10714286  0.0025024414062 
      0.10716553  -0.0042724609375 
      0.10718821  -0.010345458984 
      0.10721088    -0.0146484375 
      0.10723356  -0.016296386719 
      0.10725624  -0.015014648438 
      0.10727891  -0.011077880859 
      0.10730159  -0.0050964355469 
      0.10732426  0.0018310546875 
      0.10734694  0.0084533691406 
      0.10736961   0.013549804688 
      0.10739229   0.016235351562 
      0.10741497   0.016052246094 
      0.10743764   0.012939453125 
      0.10746032  0.0075073242188 
      0.10748299  0.00067138671875 
      0.10750567  -0.0062561035156 
      0.10752834  -0.012115478516 
      0.10755102  -0.015777587891 
       0.1075737  -0.016571044922 
      0.10759637  -0.014343261719 
      0.10761905  -0.009521484375 
      0.10764172  -0.0029907226562 
       0.1076644   0.004150390625 
      0.10768707   0.010559082031 
      0.10770975   0.015045166016 
      0.10773243   0.016815185547 
       0.1077551   0.015533447266 
      0.10777778   0.011383056641 
      0.10780045  0.0051574707031 
      0.10782313  -0.0020446777344 
       0.1078458  -0.0089416503906 
      0.10786848  -0.014190673828 
      0.10789116  -0.016937255859 
      0.10791383    -0.0166015625 
      0.10793651  -0.013214111328 
      0.10795918  -0.0073852539062 
      0.10798186  -0.00018310546875 
      0.10800454  0.0071105957031 
      0.10802721    0.01318359375 
      0.10804989   0.016906738281 
      0.10807256   0.017608642578 
      0.10809524   0.015075683594 
      0.10811791  0.0098266601562 
      0.10814059   0.002685546875 
      0.10816327  -0.0049133300781 
      0.10818594  -0.011749267578 
      0.10820862  -0.016479492188 
      0.10823129  -0.018280029297 
      0.10825397  -0.016754150391 
      0.10827664   -0.01220703125 
      0.10829932  -0.0054321289062 
        0.108322  0.0023498535156 
      0.10834467  0.0097961425781 
      0.10836735   0.015472412109 
      0.10839002   0.018432617188 
       0.1084127   0.018035888672 
      0.10843537   0.014373779297 
      0.10845805  0.0081176757812 
      0.10848073  0.0003662109375 
       0.1085034  -0.0075378417969 
      0.10852608  -0.014068603516 
      0.10854875   -0.01806640625 
      0.10857143  -0.018859863281 
       0.1085941  -0.016204833984 
      0.10861678  -0.010589599609 
      0.10863946  -0.0030517578125 
      0.10866213  0.0050964355469 
      0.10868481   0.012390136719 
      0.10870748   0.017395019531 
      0.10873016   0.019348144531 
      0.10875283   0.017730712891 
      0.10877551   0.012939453125 
      0.10879819  0.0057067871094 
      0.10882086  -0.0025634765625 
      0.10884354  -0.010437011719 
      0.10886621  -0.016448974609 
      0.10888889      -0.01953125 
      0.10891156  -0.019073486328 
      0.10893424  -0.015197753906 
      0.10895692  -0.0084533691406 
      0.10897959  -0.00021362304688 
      0.10900227  0.0081787109375 
      0.10902494   0.015106201172 
      0.10904762   0.019348144531 
      0.10907029   0.020141601562 
      0.10909297   0.017272949219 
      0.10911565    0.01123046875 
      0.10913832   0.003173828125 
        0.109161  -0.0055236816406 
      0.10918367  -0.013305664062 
      0.10920635  -0.018676757812 
      0.10922902  -0.020751953125 
       0.1092517   -0.01904296875 
      0.10927438  -0.013885498047 
      0.10929705  -0.0062255859375 
      0.10931973  0.0026245117188 
       0.1093424   0.011047363281 
      0.10936508   0.017456054688 
      0.10938776   0.020782470703 
      0.10941043   0.020355224609 
      0.10943311   0.016235351562 
      0.10945578  0.0091552734375 
      0.10947846  0.00039672851562 
      0.10950113  -0.0084533691406 
      0.10952381  -0.015838623047 
      0.10954649  -0.020385742188 
      0.10956916  -0.021240234375 
      0.10959184  -0.018249511719 
      0.10961451  -0.011932373047 
      0.10963719  -0.0034484863281 
      0.10965986  0.0057678222656 
      0.10968254   0.013916015625 
      0.10970522   0.019592285156 
      0.10972789   0.021728515625 
      0.10975057   0.019927978516 
      0.10977324   0.014526367188 
      0.10979592  0.0064392089844 
      0.10981859  -0.0028991699219 
      0.10984127  -0.011688232422 
      0.10986395  -0.018432617188 
      0.10988662  -0.021881103516 
       0.1099093  -0.021362304688 
      0.10993197  -0.016967773438 
      0.10995465  -0.0094909667969 
      0.10997732  -0.000244140625 
            0.11  0.0091552734375 
      0.11002268   0.016876220703 
      0.11004535   0.021636962891 
      0.11006803     0.0224609375 
       0.1100907   0.019256591797 
      0.11011338   0.012542724609 
      0.11013605  0.0035095214844 
      0.11015873  -0.0061950683594 
      0.11018141  -0.014831542969 
      0.11020408  -0.020843505859 
      0.11022676  -0.023132324219 
      0.11024943  -0.021240234375 
      0.11027211  -0.015502929688 
      0.11029478  -0.0069274902344 
      0.11031746  0.0028991699219 
      0.11034014   0.012268066406 
      0.11036281   0.019439697266 
      0.11038549   0.023132324219 
      0.11040816   0.022644042969 
      0.11043084   0.018127441406 
      0.11045351    0.01025390625 
      0.11047619  0.00051879882812 
      0.11049887  -0.0093078613281 
      0.11052154  -0.017486572266 
      0.11054422  -0.022583007812 
      0.11056689  -0.023529052734 
      0.11058957  -0.020294189453 
      0.11061224  -0.013305664062 
      0.11063492  -0.0039367675781 
       0.1106576  0.0061340332031 
      0.11068027   0.015167236328 
      0.11070295   0.021453857422 
      0.11072562   0.023895263672 
       0.1107483    0.02197265625 
      0.11077098   0.016082763672 
      0.11079365  0.0072631835938 
      0.11081633    -0.0029296875 
        0.110839  -0.012603759766 
      0.11086168  -0.019989013672 
      0.11088435  -0.023803710938 
      0.11090703  -0.023284912109 
      0.11092971    -0.0185546875 
      0.11095238  -0.010406494141 
      0.11097506  -0.0003662109375 
      0.11099773  0.0097961425781 
      0.11102041   0.018218994141 
      0.11104308   0.023345947266 
      0.11106576   0.024291992188 
      0.11108844   0.020782470703 
      0.11111111   0.013549804688 
      0.11113379  0.0037231445312 
      0.11115646  -0.0067443847656 
      0.11117914  -0.016082763672 
      0.11120181  -0.022521972656 
      0.11122449  -0.024932861328 
      0.11124717  -0.022827148438 
      0.11126984  -0.016571044922 
      0.11129252  -0.0072937011719 
      0.11131519  0.0033569335938 
      0.11133787   0.013458251953 
      0.11136054   0.021118164062 
      0.11138322   0.025054931641 
       0.1114059   0.024475097656 
      0.11142857   0.019439697266 
      0.11145125   0.010925292969 
      0.11147392  0.00033569335938 
       0.1114966  -0.010284423828 
      0.11151927  -0.019134521484 
      0.11154195  -0.024536132812 
      0.11156463  -0.025543212891 
       0.1115873  -0.021942138672 
      0.11160998  -0.014343261719 
      0.11163265  -0.004150390625 
      0.11165533  0.0068054199219 
        0.111678     0.0166015625 
      0.11170068   0.023406982422 
      0.11172336   0.025939941406 
      0.11174603   0.023864746094 
      0.11176871   0.017425537109 
      0.11179138  0.0078735351562 
      0.11181406  -0.0032043457031 
      0.11183673     -0.013671875 
      0.11185941  -0.021697998047 
      0.11188209  -0.025817871094 
      0.11190476  -0.025268554688 
      0.11192744  -0.020080566406 
      0.11195011  -0.011291503906 
      0.11197279  -0.00042724609375 
      0.11199546   0.010528564453 
      0.11201814   0.019653320312 
      0.11204082   0.025207519531 
      0.11206349   0.026184082031 
      0.11208617   0.022430419922 
      0.11210884   0.014587402344 
      0.11213152  0.0040588378906 
       0.1121542  -0.0072326660156 
      0.11217687  -0.017272949219 
      0.11219955  -0.024230957031 
      0.11222222  -0.026763916016 
       0.1122449  -0.024505615234 
      0.11226757  -0.017730712891 
      0.11229025  -0.0076904296875 
      0.11231293  0.0037536621094 
       0.1123356   0.014587402344 
      0.11235828   0.022857666016 
      0.11238095   0.027008056641 
      0.11240363   0.026275634766 
       0.1124263   0.020751953125 
      0.11244898   0.011474609375 
      0.11247166  3.0517578125e-05 
      0.11249433  -0.011505126953 
      0.11251701  -0.020965576172 
      0.11253968  -0.026733398438 
      0.11256236  -0.027709960938 
      0.11258503  -0.023620605469 
      0.11260771  -0.015289306641 
      0.11263039  -0.0041198730469 
      0.11265306  0.0078430175781 
      0.11267574   0.018463134766 
      0.11269841   0.025817871094 
      0.11272109   0.028564453125 
      0.11274376   0.026184082031 
      0.11276644    0.01904296875 
      0.11278912  0.0084533691406 
      0.11281179  -0.0036926269531 
      0.11283447  -0.015289306641 
      0.11285714  -0.024139404297 
      0.11287982  -0.028717041016 
      0.11290249  -0.028137207031 
      0.11292517    -0.0224609375 
      0.11294785  -0.012786865234 
      0.11297052  -0.000732421875 
       0.1129932   0.011474609375 
      0.11301587   0.021636962891 
      0.11303855   0.027984619141 
      0.11306122      0.029296875 
       0.1130839   0.025329589844 
      0.11310658   0.016815185547 
      0.11312925  0.0052795410156 
      0.11315193  -0.0072631835938 
       0.1131746  -0.018493652344 
      0.11319728  -0.026428222656 
      0.11321995  -0.029632568359 
      0.11324263  -0.027496337891 
      0.11326531  -0.020385742188 
      0.11328798  -0.0095825195312 
      0.11331066     0.0029296875 
      0.11333333   0.014984130859 
      0.11335601   0.024322509766 
      0.11337868      0.029296875 
      0.11340136   0.028991699219 
      0.11342404   0.023468017578 
      0.11344671   0.013641357422 
      0.11346939  0.0013732910156 
      0.11349206  -0.011199951172 
      0.11351474  -0.021759033203 
      0.11353741  -0.028411865234 
      0.11356009  -0.029937744141 
      0.11358277  -0.026062011719 
      0.11360544  -0.017456054688 
      0.11362812  -0.0056762695312 
      0.11365079  0.0071716308594 
      0.11367347   0.018737792969 
      0.11369615   0.027008056641 
      0.11371882   0.030395507812 
       0.1137415   0.028289794922 
      0.11376417   0.021057128906 
      0.11378685   0.010009765625 
      0.11380952  -0.0028991699219 
       0.1138322  -0.015319824219 
      0.11385488  -0.024993896484 
      0.11387755  -0.030212402344 
      0.11390023  -0.029998779297 
       0.1139229  -0.024353027344 
      0.11394558  -0.014312744141 
      0.11396825  -0.0016174316406 
      0.11399093   0.011413574219 
      0.11401361   0.022369384766 
      0.11403628   0.029357910156 
      0.11405896   0.031066894531 
      0.11408163   0.027160644531 
      0.11410431   0.018371582031 
      0.11412698  0.0061950683594 
      0.11414966  -0.0071105957031 
      0.11417234  -0.019195556641 
      0.11419501  -0.027801513672 
      0.11421769  -0.031494140625 
      0.11424036  -0.029449462891 
      0.11426304  -0.022094726562 
      0.11428571  -0.010711669922 
      0.11430839  0.0026245117188 
      0.11433107   0.015563964844 
      0.11435374   0.025665283203 
      0.11437642          0.03125 
      0.11439909   0.031158447266 
      0.11442177   0.025482177734 
      0.11444444   0.015167236328 
      0.11446712  0.0020751953125 
       0.1144898  -0.011474609375 
      0.11451247  -0.022979736328 
      0.11453515  -0.030364990234 
      0.11455782  -0.032318115234 
       0.1145805  -0.028472900391 
      0.11460317  -0.019470214844 
      0.11462585  -0.0068969726562 
      0.11464853  0.0069274902344 
       0.1146712   0.019592285156 
      0.11469388    0.02880859375 
      0.11471655   0.032806396484 
      0.11473923   0.031005859375 
       0.1147619   0.023590087891 
      0.11478458   0.011962890625 
      0.11480726  -0.0019226074219 
      0.11482993  -0.015472412109 
      0.11485261  -0.026306152344 
      0.11487528  -0.032440185547 
      0.11489796  -0.032775878906 
      0.11492063  -0.027252197266 
      0.11494331  -0.016876220703 
      0.11496599   -0.00341796875 
      0.11498866   0.010681152344 
      0.11501134   0.022857666016 
      0.11503401   0.030975341797 
      0.11505669   0.033538818359 
      0.11507937   0.030120849609 
      0.11510204   0.021301269531 
      0.11512472  0.0086669921875 
      0.11514739  -0.0054931640625 
      0.11517007  -0.018707275391 
      0.11519274  -0.028503417969 
      0.11521542  -0.033233642578 
       0.1152381  -0.031982421875 
      0.11526077  -0.024963378906 
      0.11528345  -0.013488769531 
      0.11530612  0.00042724609375 
       0.1153288   0.014190673828 
      0.11535147      0.025390625 
      0.11537415   0.032043457031 
      0.11539683   0.032897949219 
       0.1154195    0.02783203125 
      0.11544218   0.017761230469 
      0.11546485  0.0044555664062 
      0.11548753  -0.0096130371094 
       0.1155102   -0.02197265625 
      0.11553288  -0.030334472656 
      0.11555556  -0.033233642578 
      0.11557823  -0.030090332031 
      0.11560091  -0.021514892578 
      0.11562358  -0.009033203125 
      0.11564626  0.0050964355469 
      0.11566893   0.018341064453 
      0.11569161   0.028289794922 
      0.11571429   0.033081054688 
      0.11573696   0.031951904297 
      0.11575964   0.024993896484 
      0.11578231   0.013519287109 
      0.11580499  -0.00045776367188 
      0.11582766  -0.014373779297 
      0.11585034  -0.025756835938 
      0.11587302  -0.032531738281 
      0.11589569  -0.033416748047 
      0.11591837  -0.028289794922 
      0.11594104  -0.018035888672 
      0.11596372  -0.0044860839844 
      0.11598639  0.0099182128906 
      0.11600907   0.022583007812 
      0.11603175          0.03125 
      0.11605442   0.034332275391 
       0.1160771   0.031188964844 
      0.11609977     0.0224609375 
      0.11612245  0.0096740722656 
      0.11614512  -0.0049133300781 
       0.1161678  -0.018676757812 
      0.11619048  -0.029113769531 
      0.11621315  -0.034332275391 
      0.11623583  -0.033447265625 
       0.1162585  -0.026519775391 
      0.11628118  -0.014892578125 
      0.11630385   -0.00048828125 
      0.11632653   0.013977050781 
      0.11634921   0.026000976562 
      0.11637188   0.033355712891 
      0.11639456   0.034759521484 
      0.11641723   0.029937744141 
      0.11643991   0.019714355469 
      0.11646259  0.0059814453125 
      0.11648526  -0.0088500976562 
      0.11650794  -0.022125244141 
      0.11653061  -0.031433105469 
      0.11655329  -0.035095214844 
      0.11657596  -0.032470703125 
      0.11659864  -0.024078369141 
      0.11662132  -0.011291503906 
      0.11664399  0.0034790039062 
      0.11666667   0.017639160156 
      0.11668934   0.028656005859 
      0.11671202   0.034515380859 
      0.11673469   0.034210205078 
      0.11675737   0.027740478516 
      0.11678005   0.016296386719 
      0.11680272  0.0019226074219 
       0.1168254  -0.012786865234 
      0.11684807  -0.025207519531 
      0.11687075  -0.033142089844 
      0.11689342  -0.035095214844 
       0.1169161   -0.03076171875 
      0.11693878  -0.020904541016 
      0.11696145  -0.0072631835938 
      0.11698413  0.0076599121094 
       0.1170068   0.021209716797 
      0.11702948   0.031005859375 
      0.11705215   0.035186767578 
      0.11707483   0.033081054688 
      0.11709751   0.025024414062 
      0.11712018   0.012481689453 
      0.11714286  -0.0023193359375 
      0.11716553  -0.016693115234 
      0.11718821  -0.028106689453 
      0.11721088  -0.034454345703 
      0.11723356   -0.03466796875 
      0.11725624  -0.028594970703 
      0.11727891  -0.017425537109 
      0.11730159  -0.0031127929688 
      0.11732426   0.011749267578 
      0.11734694   0.024505615234 
      0.11736961   0.032836914062 
      0.11739229   0.035339355469 
      0.11741497   0.031433105469 
      0.11743764   0.021942138672 
      0.11746032  0.0085144042969 
      0.11748299  -0.0064392089844 
      0.11750567  -0.020263671875 
      0.11752834  -0.030426025391 
      0.11755102  -0.035095214844 
       0.1175737  -0.033508300781 
      0.11759637   -0.02587890625 
      0.11761905  -0.013610839844 
      0.11764172  0.0010681152344 
       0.1176644   0.015533447266 
      0.11768707   0.027221679688 
      0.11770975   0.033966064453 
      0.11773243   0.034637451172 
       0.1177551   0.029083251953 
      0.11777778   0.018310546875 
      0.11780045  0.0042114257812 
      0.11782313  -0.010559082031 
       0.1178458  -0.023468017578 
      0.11786848  -0.032135009766 
      0.11789116  -0.035034179688 
      0.11791383  -0.031585693359 
      0.11793651    -0.0224609375 
      0.11795918  -0.0093383789062 
      0.11798186  0.0055236816406 
      0.11800454   0.019348144531 
      0.11802721   0.029693603516 
      0.11804989   0.034698486328 
      0.11807256   0.033477783203 
      0.11809524   0.026214599609 
      0.11811791   0.014221191406 
      0.11814059  -0.00033569335938 
      0.11816327  -0.014831542969 
      0.11818594  -0.026672363281 
      0.11820862  -0.033721923828 
      0.11823129   -0.03466796875 
      0.11825397  -0.029449462891 
      0.11827664  -0.018890380859 
      0.11829932  -0.0049133300781 
        0.118322  0.0099182128906 
      0.11834467   0.023010253906 
      0.11836735   0.032012939453 
      0.11839002   0.035186767578 
       0.1184127   0.032135009766 
      0.11843537   0.023284912109 
      0.11845805   0.010284423828 
      0.11848073  -0.0045776367188 
       0.1185034  -0.018646240234 
      0.11852608  -0.029388427734 
      0.11854875  -0.034820556641 
      0.11857143  -0.034057617188 
       0.1185941  -0.027221679688 
      0.11861678  -0.015472412109 
      0.11863946  -0.0010070800781 
      0.11866213      0.013671875 
      0.11868481   0.025848388672 
      0.11870748   0.033416748047 
      0.11873016   0.035003662109 
      0.11875283   0.030303955078 
      0.11877551   0.020202636719 
      0.11879819  0.0065307617188 
      0.11882086   -0.00830078125 
      0.11884354  -0.021636962891 
      0.11886621  -0.031066894531 
      0.11888889  -0.034942626953 
      0.11891156  -0.032501220703 
      0.11893424  -0.024322509766 
      0.11895692      -0.01171875 
      0.11897959  0.0028991699219 
      0.11900227   0.016967773438 
      0.11902494   0.027984619141 
      0.11904762   0.033966064453 
      0.11907029   0.033843994141 
      0.11909297   0.027648925781 
      0.11911565   0.016510009766 
      0.11913832    0.00244140625 
        0.119161  -0.012054443359 
      0.11918367  -0.024353027344 
      0.11920635  -0.032287597656 
      0.11922902  -0.034393310547 
       0.1192517  -0.030303955078 
      0.11927438  -0.020843505859 
      0.11929705  -0.0075988769531 
      0.11931973  0.0069274902344 
       0.1193424   0.020233154297 
      0.11936508   0.029907226562 
      0.11938776     0.0341796875 
      0.11941043   0.032348632812 
      0.11943311   0.024688720703 
      0.11945578   0.012634277344 
      0.11947846  -0.0016479492188 
      0.11950113        -0.015625 
      0.11952381  -0.026824951172 
      0.11954649     -0.033203125 
      0.11956916  -0.033569335938 
      0.11959184  -0.027984619141 
      0.11961451  -0.017364501953 
      0.11963719  -0.003662109375 
      0.11965986   0.010681152344 
      0.11968254   0.023071289062 
      0.11970522   0.031341552734 
      0.11972789   0.033966064453 
      0.11975057   0.030548095703 
      0.11977324   0.021667480469 
      0.11979592  0.0089111328125 
      0.11981859  -0.0054016113281 
      0.11984127  -0.018707275391 
      0.11986395  -0.028656005859 
      0.11988662  -0.033447265625 
       0.1199093    -0.0322265625 
      0.11993197  -0.025299072266 
      0.11995465  -0.013824462891 
      0.11997732  9.1552734375e-05 
            0.12   0.013977050781 
      0.12002268   0.025299072266 
      0.12004535   0.032043457031 
      0.12006803   0.033111572266 
       0.1200907   0.028198242188 
      0.12011338   0.018280029297 
      0.12013605  0.0050964355469 
      0.12015873  -0.0089416503906 
      0.12018141  -0.021362304688 
      0.12020408  -0.029937744141 
      0.12022676  -0.033111572266 
      0.12024943  -0.030364990234 
      0.12027211  -0.022186279297 
      0.12029478  -0.010040283203 
      0.12031746  0.0038452148438 
      0.12034014   0.017028808594 
      0.12036281   0.027130126953 
      0.12038549   0.032379150391 
      0.12040816   0.031799316406 
      0.12043084   0.025512695312 
      0.12045351   0.014709472656 
      0.12047619  0.0012817382812 
      0.12049887  -0.012329101562 
      0.12052154  -0.023712158203 
      0.12054422  -0.030853271484 
      0.12056689  -0.032440185547 
      0.12058957  -0.028228759766 
      0.12061224  -0.018981933594 
      0.12063492  -0.0063781738281 
       0.1206576  0.0073852539062 
      0.12068027   0.019775390625 
      0.12070295   0.028625488281 
      0.12072562   0.032318115234 
       0.1207483   0.030242919922 
      0.12077098   0.022766113281 
      0.12079365    0.01123046875 
      0.12081633  -0.0022583007812 
        0.120839  -0.015350341797 
      0.12086168  -0.025634765625 
      0.12088435  -0.031341552734 
      0.12090703  -0.031463623047 
      0.12092971  -0.025939941406 
      0.12095238  -0.015838623047 
      0.12097506  -0.0028991699219 
      0.12099773   0.010498046875 
      0.12102041    0.02197265625 
      0.12104308   0.029510498047 
      0.12106576   0.031768798828 
      0.12108844   0.028381347656 
      0.12111111   0.019927978516 
      0.12113379  0.0079345703125 
      0.12115646  -0.0054321289062 
      0.12117914  -0.017730712891 
      0.12120181   -0.02685546875 
      0.12122449  -0.031158447266 
      0.12124717  -0.029907226562 
      0.12126984  -0.023315429688 
      0.12129252  -0.012603759766 
      0.12131519  0.00030517578125 
      0.12133787   0.013092041016 
      0.12136054   0.023498535156 
      0.12138322   0.029663085938 
       0.1214059   0.030548095703 
      0.12142857   0.025909423828 
      0.12145125   0.016723632812 
      0.12147392  0.0045471191406 
       0.1214966  -0.0083312988281 
      0.12151927  -0.019714355469 
      0.12154195  -0.027496337891 
      0.12156463  -0.030334472656 
       0.1215873  -0.027770996094 
      0.12160998  -0.020202636719 
      0.12163265  -0.0090942382812 
      0.12165533   0.003662109375 
        0.121678   0.015655517578 
      0.12170068   0.024810791016 
      0.12172336   0.029510498047 
      0.12174603   0.028869628906 
      0.12176871   0.023101806641 
      0.12179138   0.013214111328 
      0.12181406  0.0010070800781 
      0.12183673  -0.011413574219 
      0.12185941  -0.021697998047 
      0.12188209  -0.028106689453 
      0.12190476  -0.029418945312 
      0.12192744  -0.025512695312 
      0.12195011  -0.017059326172 
      0.12197279  -0.0055236816406 
      0.12199546  0.0068969726562 
      0.12201814   0.018096923828 
      0.12204082   0.026031494141 
      0.12206349      0.029296875 
      0.12208617       0.02734375 
      0.12210884   0.020477294922 
      0.12213152   0.010040283203 
       0.1221542  -0.0021362304688 
      0.12217687  -0.013946533203 
      0.12219955  -0.023223876953 
      0.12222222    -0.0283203125 
       0.1222449  -0.028381347656 
      0.12226757  -0.023376464844 
      0.12229025  -0.014282226562 
      0.12231293  -0.0026245117188 
       0.1223356  0.0093994140625 
      0.12235828   0.019744873047 
      0.12238095   0.026489257812 
      0.12240363   0.028503417969 
       0.1224263   0.025451660156 
      0.12244898   0.017883300781 
      0.12247166  0.0072021484375 
      0.12249433  -0.0047607421875 
      0.12251701  -0.015777587891 
      0.12253968  -0.023895263672 
      0.12256236  -0.027770996094 
      0.12258503  -0.026672363281 
      0.12260771  -0.020812988281 
      0.12263039  -0.011291503906 
      0.12265306  0.00021362304688 
      0.12267574   0.011566162109 
      0.12269841   0.020782470703 
      0.12272109   0.026306152344 
      0.12274376   0.027038574219 
      0.12276644   0.022979736328 
      0.12278912   0.014862060547 
      0.12281179  0.0040893554688 
      0.12283447  -0.0072937011719 
      0.12285714  -0.017364501953 
      0.12287982  -0.024261474609 
      0.12290249  -0.026824951172 
      0.12292517  -0.024566650391 
      0.12294785  -0.017944335938 
      0.12297052  -0.0081481933594 
       0.1229932  0.0030517578125 
      0.12301587   0.013641357422 
      0.12303855   0.021759033203 
      0.12306122   0.025970458984 
       0.1230839   0.025512695312 
      0.12310658     0.0205078125 
      0.12312925   0.011871337891 
      0.12315193  0.0011901855469 
       0.1231746  -0.0096740722656 
      0.12319728  -0.018768310547 
      0.12321995  -0.024505615234 
      0.12324263  -0.025787353516 
      0.12326531  -0.022521972656 
      0.12328798  -0.015258789062 
      0.12331066  -0.0053405761719 
      0.12333333  0.0055236816406 
      0.12335601   0.015319824219 
      0.12337868   0.022399902344 
      0.12340136   0.025421142578 
      0.12342404    0.02392578125 
      0.12344671   0.018157958984 
      0.12346939  0.0092468261719 
      0.12349206  -0.0012817382812 
      0.12351474  -0.011535644531 
      0.12353741  -0.019653320312 
      0.12356009  -0.024291992188 
      0.12358277  -0.024566650391 
      0.12360544  -0.020538330078 
      0.12362812  -0.012847900391 
      0.12365079    -0.0029296875 
      0.12367347  0.0074768066406 
      0.12369615   0.016479492188 
      0.12371882   0.022521972656 
       0.1237415   0.024536132812 
      0.12376417   0.022247314453 
      0.12378685   0.015960693359 
      0.12380952  0.0069274902344 
       0.1238322  -0.0032653808594 
      0.12385488  -0.012817382812 
      0.12387755  -0.020050048828 
      0.12390023  -0.023712158203 
       0.1239229  -0.023162841797 
      0.12394558  -0.018524169922 
      0.12396825  -0.010650634766 
      0.12399093    -0.0009765625 
      0.12401361  0.0088195800781 
      0.12403628   0.016998291016 
      0.12405896   0.022094726562 
      0.12408163   0.023284912109 
      0.12410431   0.020324707031 
      0.12412698   0.013824462891 
      0.12414966  0.0049438476562 
      0.12417234  -0.0047302246094 
      0.12419501  -0.013519287109 
      0.12421769  -0.019775390625 
      0.12424036  -0.022552490234 
      0.12426304  -0.021331787109 
      0.12428571  -0.016326904297 
      0.12430839  -0.0085144042969 
      0.12433107  0.00076293945312 
      0.12435374  0.0098266601562 
      0.12437642   0.017059326172 
      0.12439909   0.021179199219 
      0.12442177   0.021575927734 
      0.12444444   0.018127441406 
      0.12446712   0.011535644531 
       0.1244898     0.0029296875 
      0.12451247  -0.006103515625 
      0.12453515  -0.014007568359 
      0.12455782  -0.019317626953 
       0.1245805  -0.021240234375 
      0.12460317  -0.019348144531 
      0.12462585  -0.014038085938 
      0.12464853  -0.0063171386719 
       0.1246712  0.0024719238281 
      0.12469388     0.0107421875 
      0.12471655   0.017059326172 
      0.12473923   0.020294189453 
       0.1247619   0.019958496094 
      0.12478458   0.016052246094 
      0.12480726  0.0093078613281 
      0.12482993  0.0010375976562 
      0.12485261  -0.0074157714844 
      0.12487528  -0.014434814453 
      0.12489796  -0.018859863281 
      0.12492063  -0.019958496094 
      0.12494331  -0.017547607422 
      0.12496599  -0.011993408203 
      0.12498866  -0.0043640136719 
      0.12501134  0.0039367675781 
      0.12503401   0.011535644531 
      0.12505669   0.016998291016 
      0.12507937   0.019500732422 
      0.12510204   0.018463134766 
      0.12512472   0.014251708984 
      0.12514739  0.0075073242188 
      0.12517007   -0.00048828125 
      0.12519274  -0.0083312988281 
      0.12521542  -0.014678955078 
       0.1252381  -0.018371582031 
      0.12526077  -0.018859863281 
      0.12528345  -0.015991210938 
      0.12530612  -0.010345458984 
       0.1253288  -0.0028991699219 
      0.12535147  0.0049743652344 
      0.12537415   0.011932373047 
      0.12539683   0.016754150391 
       0.1254195   0.018615722656 
      0.12544218   0.017181396484 
      0.12546485   0.012725830078 
      0.12548753   0.006103515625 
       0.1255102  -0.0015563964844 
      0.12553288  -0.0088806152344 
      0.12555556  -0.014617919922 
      0.12557823  -0.017700195312 
      0.12560091  -0.017700195312 
      0.12562358  -0.014617919922 
      0.12564626  -0.0090026855469 
      0.12566893  -0.0018310546875 
      0.12569161  0.0055847167969 
      0.12571429   0.011962890625 
      0.12573696   0.016174316406 
      0.12575964   0.017547607422 
      0.12578231   0.015838623047 
      0.12580499   0.011383056641 
      0.12582766  0.0050048828125 
      0.12585034  -0.0022583007812 
      0.12587302  -0.0090026855469 
      0.12589569  -0.014129638672 
      0.12591837  -0.016754150391 
      0.12594104  -0.016387939453 
      0.12596372  -0.013214111328 
      0.12598639  -0.0077209472656 
      0.12600907  -0.00094604492188 
      0.12603175  0.0059204101562 
      0.12605442   0.011688232422 
       0.1260771   0.015380859375 
      0.12609977   0.016326904297 
      0.12612245   0.014434814453 
      0.12614512   0.010009765625 
       0.1261678  0.0038757324219 
      0.12619048  -0.0028686523438 
      0.12621315  -0.009033203125 
      0.12623583  -0.013610839844 
       0.1262585  -0.015747070312 
      0.12628118  -0.015106201172 
      0.12630385  -0.011810302734 
      0.12632653  -0.0065307617188 
      0.12634921  -0.00015258789062 
      0.12637188  0.0062255859375 
      0.12639456   0.011474609375 
      0.12641723   0.014678955078 
      0.12643991   0.015319824219 
      0.12646259   0.013244628906 
      0.12648526  0.0088806152344 
      0.12650794  0.0030517578125 
      0.12653061  -0.0033264160156 
      0.12655329  -0.009033203125 
      0.12657596  -0.013122558594 
      0.12659864  -0.014923095703 
      0.12662132  -0.014129638672 
      0.12664399  -0.010894775391 
      0.12666667  -0.0057983398438 
      0.12668934  0.00030517578125 
      0.12671202  0.0062561035156 
      0.12673469   0.011077880859 
      0.12675737   0.013916015625 
      0.12678005   0.014373779297 
      0.12680272   0.012298583984 
       0.1268254  0.0081481933594 
      0.12684807  0.0025939941406 
      0.12687075  -0.0032958984375 
      0.12689342  -0.0085754394531 
       0.1269161  -0.012359619141 
      0.12693878  -0.013916015625 
      0.12696145  -0.013061523438 
      0.12698413  -0.0099182128906 
       0.1270068  -0.0051574707031 
      0.12702948    0.00048828125 
      0.12705215  0.0059814453125 
      0.12707483   0.010406494141 
      0.12709751   0.012939453125 
      0.12712018    0.01318359375 
      0.12714286   0.011138916016 
      0.12716553  0.0071716308594 
      0.12718821  0.0020141601562 
      0.12721088  -0.0034790039062 
      0.12723356  -0.0083312988281 
      0.12725624  -0.011688232422 
      0.12727891  -0.012939453125 
      0.12730159  -0.011962890625 
      0.12732426  -0.0088500976562 
      0.12734694  -0.0042114257812 
      0.12736961  0.0010986328125 
      0.12739229  0.0062255859375 
      0.12741497    0.01025390625 
      0.12743764   0.012481689453 
      0.12746032   0.012512207031 
      0.12748299   0.010345458984 
      0.12750567  0.0064086914062 
      0.12752834  0.0013427734375 
      0.12755102  -0.0039672851562 
       0.1275737  -0.0085754394531 
      0.12759637  -0.011688232422 
      0.12761905  -0.012786865234 
      0.12764172  -0.011657714844 
       0.1276644  -0.0085144042969 
      0.12768707      -0.00390625 
      0.12770975  0.0014038085938 
      0.12773243  0.0064392089844 
       0.1277551   0.010375976562 
      0.12777778   0.012542724609 
      0.12780045   0.012573242188 
      0.12782313   0.010406494141 
       0.1278458  0.0065002441406 
      0.12786848    0.00146484375 
      0.12789116  -0.0038146972656 
      0.12791383  -0.0084228515625 
      0.12793651  -0.011596679688 
      0.12795918  -0.012756347656 
      0.12798186      -0.01171875 
      0.12800454  -0.0086975097656 
      0.12802721  -0.0041809082031 
      0.12804989  0.0010070800781 
      0.12807256  0.0060119628906 
      0.12809524  0.0099792480469 
      0.12811791   0.012176513672 
      0.12814059   0.012359619141 
      0.12816327   0.010314941406 
      0.12818594  0.0065612792969 
      0.12820862  0.0016784667969 
      0.12823129  -0.0035095214844 
      0.12825397  -0.0080261230469 
      0.12827664  -0.011169433594 
      0.12829932  -0.012329101562 
        0.128322  -0.011413574219 
      0.12834467  -0.0084533691406 
      0.12836735  -0.0040893554688 
      0.12839002  0.0010375976562 
       0.1284127  0.0059204101562 
      0.12843537  0.0097961425781 
      0.12845805   0.011962890625 
      0.12848073   0.012054443359 
       0.1285034   0.010040283203 
      0.12852608  0.0062866210938 
      0.12854875  0.0014038085938 
      0.12857143  -0.0037231445312 
       0.1285941  -0.0082092285156 
      0.12861678  -0.011291503906 
      0.12863946  -0.012390136719 
      0.12866213  -0.011383056641 
      0.12868481  -0.0083618164062 
      0.12870748      -0.00390625 
      0.12873016  0.0012817382812 
      0.12875283  0.0062561035156 
      0.12877551   0.010162353516 
      0.12879819   0.012359619141 
      0.12882086   0.012359619141 
      0.12884354    0.01025390625 
      0.12886621  0.0063781738281 
      0.12888889  0.0013732910156 
      0.12891156      -0.00390625 
      0.12893424  -0.008544921875 
      0.12895692  -0.011688232422 
      0.12897959  -0.012817382812 
      0.12900227  -0.011779785156 
      0.12902494  -0.0086669921875 
      0.12904762  -0.0040283203125 
      0.12907029  0.0012817382812 
      0.12909297  0.0064086914062 
      0.12911565   0.010467529297 
      0.12913832   0.012664794922 
        0.129161   0.012725830078 
      0.12918367   0.010528564453 
      0.12920635  0.0065002441406 
      0.12922902  0.0013427734375 
       0.1292517  -0.0040893554688 
      0.12927438    -0.0087890625 
      0.12929705  -0.012023925781 
      0.12931973  -0.013153076172 
       0.1293424  -0.012023925781 
      0.12936508  -0.0087280273438 
      0.12938776      -0.00390625 
      0.12941043  0.0015869140625 
      0.12943311     0.0068359375 
      0.12945578   0.010925292969 
      0.12947846   0.013153076172 
      0.12950113   0.013061523438 
      0.12952381   0.010681152344 
      0.12954649  0.0064392089844 
      0.12956916  0.0010070800781 
      0.12959184  -0.0046081542969 
      0.12961451  -0.0094299316406 
      0.12963719    -0.0126953125 
      0.12965986  -0.013702392578 
      0.12968254  -0.012359619141 
      0.12970522  -0.0088195800781 
      0.12972789  -0.0037231445312 
      0.12975057  0.0020446777344 
      0.12977324  0.0074768066406 
      0.12979592   0.011657714844 
      0.12981859   0.013793945312 
      0.12984127   0.013580322266 
      0.12986395   0.010925292969 
      0.12988662  0.0064086914062 
       0.1299093  0.00070190429688 
      0.12993197  -0.005126953125 
      0.12995465  -0.010131835938 
      0.12997732  -0.013366699219 
            0.13  -0.014221191406 
      0.13002268  -0.012634277344 
      0.13004535  -0.0088500976562 
      0.13006803  -0.0034484863281 
       0.1300907  0.0025634765625 
      0.13011338  0.0081787109375 
      0.13013605   0.012329101562 
      0.13015873   0.014404296875 
      0.13018141   0.013916015625 
      0.13020408   0.010986328125 
      0.13022676  0.0060729980469 
      0.13024943  9.1552734375e-05 
      0.13027211  -0.0059814453125 
      0.13029478  -0.011016845703 
      0.13031746  -0.014068603516 
      0.13034014  -0.014739990234 
      0.13036281  -0.012786865234 
      0.13038549  -0.008544921875 
      0.13040816  -0.0027770996094 
      0.13043084  0.0035400390625 
      0.13045351  0.0092468261719 
      0.13047619   0.013366699219 
      0.13049887   0.015197753906 
      0.13052154   0.014373779297 
      0.13054422   0.010925292969 
      0.13056689  0.0055847167969 
      0.13058957  -0.00079345703125 
      0.13061224  -0.007080078125 
      0.13063492  -0.012176513672 
       0.1306576  -0.015167236328 
      0.13068027  -0.015502929688 
      0.13070295  -0.013153076172 
      0.13072562  -0.0084228515625 
       0.1307483  -0.002197265625 
      0.13077098  0.0044555664062 
      0.13079365   0.010375976562 
      0.13081633   0.014556884766 
        0.130839   0.016143798828 
      0.13086168   0.014892578125 
      0.13088435   0.011077880859 
      0.13090703  0.0052490234375 
      0.13092971   -0.00146484375 
      0.13095238  -0.008056640625 
      0.13097506  -0.013214111328 
      0.13099773  -0.016082763672 
      0.13102041   -0.01611328125 
      0.13104308  -0.013366699219 
      0.13106576  -0.0082397460938 
      0.13108844  -0.0016174316406 
      0.13111111  0.0052795410156 
      0.13113379   0.011322021484 
      0.13115646   0.015319824219 
      0.13117914   0.016693115234 
      0.13120181    0.01513671875 
      0.13122449   0.010864257812 
      0.13124717  0.0046997070312 
      0.13126984  -0.0023498535156 
      0.13129252  -0.0089721679688 
      0.13131519  -0.014068603516 
      0.13133787  -0.016693115234 
      0.13136054  -0.016326904297 
      0.13138322  -0.013122558594 
       0.1314059  -0.007568359375 
      0.13142857  -0.00067138671875 
      0.13145125  0.0063781738281 
      0.13147392   0.012268066406 
       0.1314966    0.01611328125 
      0.13151927   0.016998291016 
      0.13154195   0.014953613281 
      0.13156463    0.01025390625 
       0.1315873  0.0036926269531 
      0.13160998  -0.0035400390625 
      0.13163265  -0.010162353516 
      0.13165533  -0.015014648438 
        0.131678  -0.017211914062 
      0.13170068  -0.016326904297 
      0.13172336  -0.012542724609 
      0.13174603  -0.006591796875 
      0.13176871  0.00064086914062 
      0.13179138  0.0077514648438 
      0.13181406   0.013519287109 
      0.13183673   0.016845703125 
      0.13185941   0.017242431641 
      0.13188209   0.014587402344 
      0.13190476  0.0092468261719 
      0.13192744  0.0022888183594 
      0.13195011  -0.005126953125 
      0.13197279  -0.011627197266 
      0.13199546   -0.01611328125 
      0.13201814  -0.017700195312 
      0.13204082  -0.016174316406 
      0.13206349      -0.01171875 
      0.13208617  -0.0051879882812 
      0.13210884  0.0023498535156 
      0.13213152  0.0094604492188 
       0.1321542   0.014923095703 
      0.13217687   0.017761230469 
      0.13219955   0.017395019531 
      0.13222222   0.013916015625 
       0.1322449  0.0079650878906 
      0.13226757  0.00051879882812 
      0.13229025  -0.0070495605469 
      0.13231293  -0.013397216797 
       0.1323356  -0.017364501953 
      0.13235828  -0.018280029297 
      0.13238095  -0.015869140625 
      0.13240363  -0.010650634766 
       0.1324263  -0.0035095214844 
      0.13244898  0.0043640136719 
      0.13247166   0.011444091797 
      0.13249433   0.016540527344 
      0.13251701   0.018676757812 
      0.13253968   0.017547607422 
      0.13256236   0.013244628906 
      0.13258503  0.0065002441406 
      0.13260771  -0.0014038085938 
      0.13263039  -0.0091247558594 
      0.13265306  -0.015258789062 
      0.13267574  -0.018707275391 
      0.13269841  -0.018859863281 
      0.13272109  -0.015594482422 
      0.13274376  -0.0095520019531 
      0.13276644  -0.0017395019531 
      0.13278912  0.0064086914062 
      0.13281179   0.013488769531 
      0.13283447   0.018188476562 
      0.13285714   0.019714355469 
      0.13287982   0.017700195312 
      0.13290249   0.012512207031 
      0.13292517  0.0050964355469 
      0.13294785  -0.0032653808594 
      0.13297052  -0.011138916016 
       0.1329932  -0.017059326172 
      0.13301587  -0.019958496094 
      0.13303855  -0.019317626953 
      0.13306122  -0.015258789062 
       0.1330839  -0.0084533691406 
      0.13310658  -9.1552734375e-05 
      0.13312925    0.00830078125 
      0.13315193   0.015258789062 
       0.1331746       0.01953125 
      0.13319728   0.020324707031 
      0.13321995   0.017547607422 
      0.13324263   0.011657714844 
      0.13326531  0.0036010742188 
      0.13328798  -0.0050354003906 
      0.13331066  -0.012878417969 
      0.13333333  -0.018432617188 
      0.13335601  -0.020690917969 
      0.13337868  -0.019287109375 
      0.13340136  -0.014465332031 
      0.13342404  -0.0070495605469 
      0.13344671  0.0016784667969 
      0.13346939   0.010070800781 
      0.13349206   0.016723632812 
      0.13351474   0.020385742188 
      0.13353741   0.020385742188 
      0.13356009   0.016815185547 
      0.13358277   0.010192871094 
      0.13360544  0.0017395019531 
      0.13362812  -0.0070190429688 
      0.13365079  -0.014587402344 
      0.13367347      -0.01953125 
      0.13369615   -0.02099609375 
      0.13371882  -0.018707275391 
       0.1337415  -0.013092041016 
      0.13376417  -0.005126953125 
      0.13378685  0.0037841796875 
      0.13380952   0.012084960938 
       0.1338322   0.018157958984 
      0.13385488   0.021087646484 
      0.13387755   0.020233154297 
      0.13390023   0.015747070312 
       0.1339229  0.0084533691406 
      0.13394558  -0.0003662109375 
      0.13396825  -0.0091857910156 
      0.13399093  -0.016326904297 
      0.13401361  -0.020568847656 
      0.13403628  -0.021179199219 
      0.13405896  -0.018005371094 
      0.13408163  -0.011596679688 
      0.13410431  -0.0031127929688 
      0.13412698  0.0059509277344 
      0.13414966   0.013946533203 
      0.13417234   0.019439697266 
      0.13419501   0.021514892578 
      0.13421769   0.019744873047 
      0.13424036   0.014434814453 
      0.13426304  0.0065307617188 
      0.13428571  -0.0025024414062 
      0.13430839  -0.011138916016 
      0.13433107  -0.017761230469 
      0.13435374  -0.021209716797 
      0.13437642  -0.020874023438 
      0.13439909  -0.016815185547 
      0.13442177  -0.0097351074219 
      0.13444444  -0.00088500976562 
      0.13446712  0.0081176757812 
       0.1344898   0.015686035156 
      0.13451247   0.020416259766 
      0.13453515   0.021514892578 
      0.13455782   0.018768310547 
       0.1345805   0.012603759766 
      0.13460317  0.0042114257812 
      0.13462585  -0.0049743652344 
      0.13464853  -0.013244628906 
       0.1346712  -0.019195556641 
      0.13469388  -0.021697998047 
      0.13471655  -0.020324707031 
      0.13473923  -0.015258789062 
       0.1347619  -0.0075073242188 
      0.13478458  0.0016479492188 
      0.13480726   0.010559082031 
      0.13482993   0.017547607422 
      0.13485261   0.021453857422 
      0.13487528      0.021484375 
      0.13489796   0.017669677734 
      0.13492063   0.010711669922 
      0.13494331  0.0018005371094 
      0.13496599  -0.0074462890625 
      0.13498866  -0.015411376953 
      0.13501134  -0.020599365234 
      0.13503401  -0.022155761719 
      0.13505669  -0.019744873047 
      0.13507937  -0.013793945312 
      0.13510204  -0.0054016113281 
      0.13512472  0.0039978027344 
      0.13514739   0.012664794922 
      0.13517007   0.019104003906 
      0.13519274   0.022155761719 
      0.13521542   0.021240234375 
       0.1352381   0.016540527344 
      0.13526077  0.0088806152344 
      0.13528345  -0.0003662109375 
      0.13530612  -0.009521484375 
       0.1353288  -0.017028808594 
      0.13535147     -0.021484375 
      0.13537415  -0.022125244141 
      0.13539683  -0.018768310547 
       0.1354195  -0.012115478516 
      0.13544218  -0.0032958984375 
      0.13546485   0.006103515625 
      0.13548753   0.014434814453 
       0.1355102   0.020202636719 
      0.13553288   0.022277832031 
      0.13555556   0.020446777344 
      0.13557823   0.014953613281 
      0.13560091  0.0068054199219 
      0.13562358  -0.0025939941406 
      0.13564626  -0.011505126953 
      0.13566893  -0.018310546875 
      0.13569161  -0.021881103516 
      0.13571429  -0.021545410156 
      0.13573696  -0.017333984375 
      0.13575964  -0.010009765625 
      0.13578231    -0.0009765625 
      0.13580499  0.0082702636719 
      0.13582766   0.016021728516 
      0.13585034   0.020843505859 
      0.13587302   0.022033691406 
      0.13589569   0.019195556641 
      0.13591837   0.012969970703 
      0.13594104  0.0044250488281 
      0.13596372  -0.0049133300781 
      0.13598639  -0.013366699219 
      0.13600907  -0.019378662109 
      0.13603175   -0.02197265625 
      0.13605442  -0.020568847656 
       0.1360771  -0.015502929688 
      0.13609977  -0.0076599121094 
      0.13612245  0.0015563964844 
      0.13614512   0.010467529297 
       0.1361678   0.017486572266 
      0.13619048   0.021392822266 
      0.13621315   0.021392822266 
      0.13623583   0.017608642578 
       0.1362585   0.010650634766 
      0.13628118  0.0017395019531 
      0.13630385  -0.0074157714844 
      0.13632653  -0.015258789062 
      0.13634921  -0.020355224609 
      0.13637188  -0.021850585938 
      0.13639456  -0.019378662109 
      0.13641723  -0.013458251953 
      0.13643991  -0.0050964355469 
      0.13646259  0.0041809082031 
      0.13648526   0.012664794922 
      0.13650794   0.018951416016 
      0.13653061   0.021789550781 
      0.13655329   0.020782470703 
      0.13657596   0.016021728516 
      0.13659864  0.0084228515625 
      0.13662132  -0.00070190429688 
      0.13664399  -0.0097351074219 
      0.13666667  -0.016967773438 
      0.13668934  -0.021240234375 
      0.13671202  -0.021667480469 
      0.13673469  -0.018280029297 
      0.13675737  -0.011596679688 
      0.13678005  -0.0028991699219 
      0.13680272  0.0063171386719 
       0.1368254   0.014434814453 
      0.13684807   0.019927978516 
      0.13687075   0.021850585938 
      0.13689342   0.019897460938 
       0.1369161   0.014404296875 
      0.13693878  0.0063781738281 
      0.13696145  -0.0027770996094 
      0.13698413  -0.011383056641 
       0.1370068  -0.017974853516 
      0.13702948  -0.021301269531 
      0.13705215  -0.020812988281 
      0.13707483  -0.016632080078 
      0.13709751  -0.0094909667969 
      0.13712018  -0.00067138671875 
      0.13714286  0.0082092285156 
      0.13716553   0.015594482422 
      0.13718821   0.020141601562 
      0.13721088   0.021087646484 
      0.13723356   0.018249511719 
      0.13725624   0.012115478516 
      0.13727891  0.0038757324219 
      0.13730159  -0.0050964355469 
      0.13732426  -0.013061523438 
      0.13734694  -0.018676757812 
      0.13736961  -0.020935058594 
      0.13739229  -0.019348144531 
      0.13741497  -0.014373779297 
      0.13743764  -0.0067749023438 
      0.13746032  0.0020141601562 
      0.13748299   0.010437011719 
      0.13750567   0.016998291016 
      0.13752834   0.020446777344 
      0.13755102   0.020294189453 
       0.1375737   0.016418457031 
      0.13759637  0.0096435546875 
      0.13761905  0.0010986328125 
      0.13764172  -0.0075988769531 
       0.1376644  -0.014953613281 
      0.13768707  -0.019622802734 
      0.13770975  -0.020782470703 
      0.13773243  -0.018249511719 
       0.1377551  -0.012420654297 
      0.13777778   -0.00439453125 
      0.13780045    0.00439453125 
      0.13782313   0.012420654297 
       0.1378458   0.018218994141 
      0.13786848   0.020782470703 
      0.13789116   0.019622802734 
      0.13791383   0.014953613281 
      0.13793651  0.0076599121094 
      0.13795918    -0.0009765625 
      0.13798186  -0.0093994140625 
      0.13800454  -0.016143798828 
      0.13802721   -0.02001953125 
      0.13804989  -0.020263671875 
      0.13807256  -0.016967773438 
      0.13809524  -0.010650634766 
      0.13811791   -0.00244140625 
      0.13814059  0.0061645507812 
      0.13816327   0.013610839844 
      0.13818594   0.018615722656 
      0.13820862   0.020263671875 
      0.13823129   0.018341064453 
      0.13825397   0.013092041016 
      0.13827664  0.0055847167969 
      0.13829932  -0.0028991699219 
        0.138322  -0.010833740234 
      0.13834467  -0.016815185547 
      0.13836735  -0.019744873047 
      0.13839002  -0.019134521484 
       0.1384127   -0.01513671875 
      0.13843537  -0.0084533691406 
      0.13845805  -0.00027465820312 
      0.13848073  0.0078735351562 
       0.1385034     0.0146484375 
      0.13852608   0.018768310547 
      0.13854875       0.01953125 
      0.13857143   0.016754150391 
       0.1385941   0.011047363281 
      0.13861678  0.0033874511719 
      0.13863946    -0.0048828125 
      0.13866213  -0.012176513672 
      0.13868481  -0.017303466797 
      0.13870748  -0.019348144531 
      0.13873016  -0.017974853516 
      0.13875283  -0.013366699219 
      0.13877551  -0.0064086914062 
      0.13879819  0.0016174316406 
      0.13882086  0.0093383789062 
      0.13884354   0.015350341797 
      0.13886621   0.018646240234 
      0.13888889     0.0185546875 
      0.13891156   0.015197753906 
      0.13893424  0.0091552734375 
      0.13895692  0.0015258789062 
      0.13897959  -0.0063171386719 
      0.13900227  -0.012969970703 
      0.13902494  -0.017303466797 
      0.13904762  -0.018493652344 
      0.13907029  -0.016418457031 
      0.13909297  -0.011444091797 
      0.13911565  -0.0044555664062 
      0.13913832  0.0032653808594 
        0.139161   0.010314941406 
      0.13918367   0.015502929688 
      0.13920635   0.017852783203 
      0.13922902   0.017059326172 
       0.1392517    0.01318359375 
      0.13927438  0.0069580078125 
      0.13929705  -0.0003662109375 
      0.13931973  -0.0076599121094 
       0.1393424  -0.013488769531 
      0.13936508  -0.016876220703 
      0.13938776  -0.017181396484 
      0.13941043  -0.014465332031 
      0.13943311  -0.0091857910156 
      0.13945578  -0.0022583007812 
      0.13947846  0.0050048828125 
      0.13950113   0.011322021484 
      0.13952381   0.015563964844 
      0.13954649   0.016998291016 
      0.13956916   0.015380859375 
      0.13959184   0.011016845703 
      0.13961451  0.0046997070312 
      0.13963719  -0.0023803710938 
      0.13965986  -0.009033203125 
      0.13968254  -0.014038085938 
      0.13970522  -0.016479492188 
      0.13972789  -0.015991210938 
      0.13975057  -0.012664794922 
      0.13977324  -0.0070495605469 
      0.13979592  -0.00021362304688 
      0.13981859  0.0066223144531 
      0.13984127   0.012237548828 
      0.13986395   0.015655517578 
      0.13988662   0.016265869141 
       0.1399093   0.013977050781 
      0.13993197  0.0091857910156 
      0.13995465  0.0028076171875 
      0.13997732  -0.0039978027344 
            0.14  -0.010131835938 
      0.14002268  -0.014373779297 
      0.14004535  -0.016052246094 
      0.14006803  -0.014892578125 
       0.1400907  -0.011077880859 
      0.14011338  -0.0053405761719 
      0.14013605  0.0013427734375 
      0.14015873  0.0076904296875 
      0.14018141   0.012634277344 
      0.14020408   0.015350341797 
      0.14022676   0.015289306641 
      0.14024943   0.012512207031 
      0.14027211   0.007568359375 
      0.14029478  0.0013122558594 
      0.14031746  -0.005126953125 
      0.14034014  -0.010589599609 
      0.14036281  -0.014129638672 
      0.14038549   -0.01513671875 
      0.14040816  -0.013458251953 
      0.14043084  -0.0094299316406 
      0.14045351  -0.0037231445312 
      0.14047619  0.0025329589844 
      0.14049887  0.0082702636719 
      0.14052154   0.012512207031 
      0.14054422   0.014526367188 
      0.14056689   0.013854980469 
      0.14058957   0.010803222656 
      0.14061224  0.0057983398438 
      0.14063492  -0.0001220703125 
       0.1406576  -0.0060424804688 
      0.14068027    -0.0107421875 
      0.14070295  -0.013519287109 
      0.14072562  -0.013916015625 
       0.1407483  -0.011749267578 
      0.14077098  -0.0075378417969 
      0.14079365  -0.0020446777344 
      0.14081633  0.0037841796875 
        0.140839  0.0088806152344 
      0.14086168   0.012359619141 
      0.14088435   0.013610839844 
      0.14090703   0.012420654297 
      0.14092971   0.009033203125 
      0.14095238  0.0040588378906 
      0.14097506  -0.0015563964844 
      0.14099773  -0.0068969726562 
      0.14102041  -0.010955810547 
      0.14104308  -0.013000488281 
      0.14106576  -0.012756347656 
      0.14108844   -0.01025390625 
      0.14111111  -0.0059509277344 
      0.14113379  -0.00064086914062 
      0.14115646  0.0047607421875 
      0.14117914  0.0092163085938 
      0.14120181   0.012054443359 
      0.14122449     0.0126953125 
      0.14124717   0.011108398438 
      0.14126984  0.0075988769531 
      0.14129252  0.0027465820312 
      0.14131519  -0.0025024414062 
      0.14133787  -0.0072631835938 
      0.14136054  -0.010681152344 
      0.14138322  -0.012176513672 
       0.1414059  -0.011474609375 
      0.14142857  -0.0087585449219 
      0.14145125  -0.0045471191406 
      0.14147392  0.00042724609375 
       0.1414966  0.0052490234375 
      0.14151927  0.0090942382812 
      0.14154195   0.011260986328 
      0.14156463   0.011444091797 
       0.1415873  0.0095520019531 
      0.14160998  0.0059814453125 
      0.14163265  0.0014343261719 
      0.14165533  -0.0033264160156 
        0.141678  -0.0074462890625 
      0.14170068  -0.010162353516 
      0.14172336  -0.011016845703 
      0.14174603  -0.0099182128906 
      0.14176871  -0.007080078125 
      0.14179138  -0.0030212402344 
      0.14181406  0.0015869140625 
      0.14183673  0.0058288574219 
      0.14185941  0.0089721679688 
      0.14188209   0.010528564453 
      0.14190476   0.010162353516 
      0.14192744  0.0079956054688 
      0.14195011  0.0044250488281 
      0.14197279  9.1552734375e-05 
      0.14199546  -0.004150390625 
      0.14201814  -0.0076599121094 
      0.14204082  -0.0097961425781 
      0.14206349  -0.010162353516 
      0.14208617  -0.0087280273438 
      0.14210884  -0.0057373046875 
      0.14213152  -0.0018005371094 
       0.1421542    0.00244140625 
      0.14217687  0.0061950683594 
      0.14219955  0.0088195800781 
      0.14222222  0.0098571777344 
       0.1422449  0.0091552734375 
      0.14226757     0.0068359375 
      0.14229025  0.0033874511719 
      0.14231293  -0.00064086914062 
       0.1423356  -0.0044860839844 
      0.14235828  -0.0075378417969 
      0.14238095  -0.0091857910156 
      0.14240363  -0.0091857910156 
       0.1424263  -0.0075988769531 
      0.14244898  -0.0046997070312 
      0.14247166  -0.0010375976562 
      0.14249433  0.0027770996094 
      0.14251701  0.0060729980469 
      0.14253968  0.0082092285156 
      0.14256236  0.0089111328125 
      0.14258503  0.0079956054688 
      0.14260771  0.0057067871094 
      0.14263039  0.0024719238281 
      0.14265306  -0.0011901855469 
      0.14267574  -0.0045471191406 
      0.14269841  -0.0070495605469 
      0.14272109   -0.00830078125 
      0.14274376  -0.008056640625 
      0.14276644  -0.0064392089844 
      0.14278912  -0.0036926269531 
      0.14281179  -0.00033569335938 
      0.14283447  0.0030212402344 
      0.14285714  0.0057983398438 
      0.14287982  0.0075073242188 
      0.14290249  0.0078735351562 
      0.14292517  0.0068969726562 
      0.14294785  0.0046691894531 
      0.14297052  0.0016784667969 
       0.1429932  -0.0015258789062 
      0.14301587  -0.0044555664062 
      0.14303855  -0.0065307617188 
      0.14306122  -0.0074768066406 
       0.1430839  -0.007080078125 
      0.14310658  -0.0054626464844 
      0.14312925  -0.0028991699219 
      0.14315193  9.1552734375e-05 
       0.1431746  0.0030517578125 
      0.14319728  0.0054016113281 
      0.14321995  0.0067749023438 
      0.14324263  0.0069274902344 
      0.14326531  0.0059204101562 
      0.14328798       0.00390625 
      0.14331066   0.001220703125 
      0.14333333  -0.0015869140625 
      0.14335601  -0.0040893554688 
      0.14337868  -0.0058288574219 
      0.14340136  -0.0065612792969 
      0.14342404  -0.006103515625 
      0.14344671  -0.0046081542969 
      0.14346939  -0.0023498535156 
      0.14349206   0.000244140625 
      0.14351474  0.0027770996094 
      0.14353741  0.0047607421875 
      0.14356009      0.005859375 
      0.14358277  0.0059814453125 
      0.14360544  0.0050354003906 
      0.14362812  0.0032653808594 
      0.14365079     0.0009765625 
      0.14367347   -0.00146484375 
      0.14369615  -0.0035705566406 
      0.14371882  -0.0050354003906 
       0.1437415  -0.0055847167969 
      0.14376417  -0.0051574707031 
      0.14378685  -0.0038757324219 
      0.14380952     -0.001953125 
       0.1438322   0.000244140625 
      0.14385488  0.0023498535156 
      0.14387755  0.0040283203125 
      0.14390023  0.0049743652344 
       0.1439229  0.0050354003906 
      0.14394558  0.0042114257812 
      0.14396825  0.0027160644531 
      0.14399093  0.00076293945312 
      0.14401361  -0.0012512207031 
      0.14403628  -0.0029907226562 
      0.14405896  -0.0042114257812 
      0.14408163  -0.0046691894531 
      0.14410431  -0.0043029785156 
      0.14412698  -0.0032348632812 
      0.14414966  -0.0015869140625 
      0.14417234  0.00027465820312 
      0.14419501  0.0020141601562 
      0.14421769  0.0033874511719 
      0.14424036  0.0041809082031 
      0.14426304  0.0042114257812 
      0.14428571  0.0035400390625 
      0.14430839  0.0022277832031 
      0.14433107  0.0006103515625 
      0.14435374  -0.0011291503906 
      0.14437642  -0.0025939941406 
      0.14439909  -0.003662109375 
      0.14442177  -0.0040588378906 
      0.14444444  -0.0037536621094 
      0.14446712  -0.0028381347656 
       0.1444898  -0.0014343261719 
      0.14451247  0.00018310546875 
      0.14453515  0.0017395019531 
      0.14455782  0.0029907226562 
       0.1445805  0.0037841796875 
      0.14460317  0.0038757324219 
      0.14462585  0.0033874511719 
      0.14464853  0.0022583007812 
       0.1446712  0.0008544921875 
      0.14469388  -0.000732421875 
      0.14471655  -0.0021362304688 
      0.14473923  -0.0032348632812 
       0.1447619  -0.0037231445312 
      0.14478458  -0.003662109375 
      0.14480726  -0.0029602050781 
      0.14482993  -0.0018310546875 
      0.14485261  -0.00039672851562 
      0.14487528  0.0010375976562 
      0.14489796  0.0023193359375 
      0.14492063   0.003173828125 
      0.14494331  0.0035400390625 
      0.14496599  0.0033264160156 
      0.14498866  0.0025634765625 
      0.14501134    0.00146484375 
      0.14503401  0.0001220703125 
      0.14505669  -0.001220703125 
      0.14507937  -0.0023193359375 
      0.14510204  -0.0030212402344 
      0.14512472  -0.0032348632812 
      0.14514739  -0.0028991699219 
      0.14517007  -0.0021057128906 
      0.14519274  -0.0010070800781 
      0.14521542  0.00027465820312 
       0.1452381  0.0014343261719 
      0.14526077  0.0023193359375 
      0.14528345  0.0028076171875 
      0.14530612  0.0028381347656 
       0.1453288  0.0023803710938 
      0.14535147  0.0015258789062 
      0.14537415  0.00042724609375 
      0.14539683  -0.000732421875 
       0.1454195  -0.0017395019531 
      0.14544218  -0.0024108886719 
      0.14546485  -0.002685546875 
      0.14548753  -0.0025024414062 
       0.1455102  -0.0018310546875 
      0.14553288  -0.0008544921875 
      0.14555556  0.00027465820312 
      0.14557823  0.0013732910156 
      0.14560091  0.0022277832031 
      0.14562358  0.0027160644531 
      0.14564626  0.0027160644531 
      0.14566893  0.0022277832031 
      0.14569161  0.0013732910156 
      0.14571429  0.00021362304688 
      0.14573696  -0.0010070800781 
      0.14575964  -0.0020751953125 
      0.14578231  -0.0028076171875 
      0.14580499  -0.0031127929688 
      0.14582766  -0.0028381347656 
      0.14585034  -0.0021057128906 
      0.14587302    -0.0009765625 
      0.14589569  0.00042724609375 
      0.14591837   0.001708984375 
      0.14594104  0.0027770996094 
      0.14596372  0.0034484863281 
      0.14598639  0.0035095214844 
      0.14600907  0.0030212402344 
      0.14603175  0.0019836425781 
      0.14605442  0.00057983398438 
       0.1460771  -0.00094604492188 
      0.14609977  -0.0023498535156 
      0.14612245  -0.0033874511719 
      0.14614512      -0.00390625 
       0.1461678  -0.0037841796875 
      0.14619048  -0.0030517578125 
      0.14621315  -0.0017700195312 
      0.14623583  -0.00018310546875 
       0.1462585  0.0014343261719 
      0.14628118  0.0028686523438 
      0.14630385  0.0038452148438 
      0.14632653  0.0041809082031 
      0.14634921  0.0038452148438 
      0.14637188  0.0028686523438 
      0.14639456  0.0013732910156 
      0.14641723  -0.00033569335938 
      0.14643991  -0.0020141601562 
      0.14646259  -0.0033569335938 
      0.14648526  -0.004150390625 
      0.14650794  -0.0042419433594 
      0.14653061  -0.0036315917969 
      0.14655329  -0.0024108886719 
      0.14657596  -0.00076293945312 
      0.14659864  0.0010375976562 
      0.14662132  0.0026245117188 
      0.14664399  0.0037841796875 
      0.14666667  0.0043029785156 
      0.14668934  0.0040893554688 
      0.14671202  0.0031433105469 
      0.14673469  0.0016479492188 
      0.14675737  -9.1552734375e-05 
      0.14678005  -0.0018310546875 
      0.14680272  -0.0032348632812 
       0.1468254  -0.0040893554688 
      0.14684807  -0.0042419433594 
      0.14687075  -0.003662109375 
      0.14689342  -0.0023803710938 
       0.1469161  -0.00070190429688 
      0.14693878  0.0011291503906 
      0.14696145  0.0027465820312 
      0.14698413  0.0038452148438 
       0.1470068  0.0042724609375 
      0.14702948  0.0039672851562 
      0.14705215     0.0029296875 
      0.14707483  0.0013427734375 
      0.14709751  -0.00045776367188 
      0.14712018  -0.0022277832031 
      0.14714286  -0.0036315917969 
      0.14716553  -0.0043640136719 
      0.14718821  -0.0043029785156 
      0.14721088  -0.0035095214844 
      0.14723356  -0.0020141601562 
      0.14725624  -0.0001220703125 
      0.14727891  0.0017700195312 
      0.14730159    0.00341796875 
      0.14732426  0.0044250488281 
      0.14734694  0.0046997070312 
      0.14736961  0.0041198730469 
      0.14739229  0.0027465820312 
      0.14741497  0.0008544921875 
      0.14743764  -0.001220703125 
      0.14746032  -0.0031127929688 
      0.14748299  -0.0045166015625 
      0.14750567  -0.005126953125 
      0.14752834  -0.0048522949219 
      0.14755102  -0.0036926269531 
       0.1475737  -0.0018310546875 
      0.14759637  0.00039672851562 
      0.14761905  0.0025939941406 
      0.14764172  0.0043640136719 
       0.1476644  0.0054321289062 
      0.14768707  0.0055541992188 
      0.14770975  0.0047302246094 
      0.14773243  0.0029907226562 
       0.1477551  0.00076293945312 
      0.14777778  -0.0016479492188 
      0.14780045  -0.0038452148438 
      0.14782313  -0.0054016113281 
       0.1478458  -0.0060119628906 
      0.14786848  -0.0056457519531 
      0.14789116  -0.0042724609375 
      0.14791383  -0.0021057128906 
      0.14793651  0.00039672851562 
      0.14795918  0.0028686523438 
      0.14798186  0.0048522949219 
      0.14800454  0.0060424804688 
      0.14802721  0.0061950683594 
      0.14804989  0.0052490234375 
      0.14807256    0.00341796875 
      0.14809524     0.0009765625 
      0.14811791  -0.0016479492188 
      0.14814059  -0.0039978027344 
      0.14816327  -0.005615234375 
      0.14818594  -0.0062561035156 
      0.14820862     -0.005859375 
      0.14823129   -0.00439453125 
      0.14825397  -0.002197265625 
      0.14827664  0.00039672851562 
      0.14829932  0.0028991699219 
        0.148322     0.0048828125 
      0.14834467  0.0059814453125 
      0.14836735  0.0060424804688 
      0.14839002  0.0050048828125 
       0.1484127  0.0031127929688 
      0.14843537  0.00064086914062 
      0.14845805  -0.0019226074219 
      0.14848073  -0.004150390625 
       0.1485034  -0.0055847167969 
      0.14852608  -0.0060119628906 
      0.14854875   -0.00537109375 
      0.14857143  -0.0037536621094 
       0.1485941  -0.0014343261719 
      0.14861678  0.0011291503906 
      0.14863946  0.0034484863281 
      0.14866213  0.0051879882812 
      0.14868481  0.0059509277344 
      0.14870748  0.0056457519531 
      0.14873016  0.0043029785156 
      0.14875283  0.0021362304688 
      0.14877551  -0.00039672851562 
      0.14879819  -0.0028686523438 
      0.14882086  -0.0048522949219 
      0.14884354  -0.0059509277344 
      0.14886621  -0.0059509277344 
      0.14888889    -0.0048828125 
      0.14891156  -0.0028991699219 
      0.14893424  -0.0003662109375 
      0.14895692  0.0022583007812 
      0.14897959  0.0044860839844 
      0.14900227  0.0059204101562 
      0.14902494  0.0062866210938 
      0.14904762  0.0054931640625 
      0.14907029  0.0037231445312 
      0.14909297  0.0012512207031 
      0.14911565   -0.00146484375 
      0.14913832  -0.0039672851562 
        0.149161  -0.0057678222656 
      0.14918367  -0.0065002441406 
      0.14920635  -0.0060729980469 
      0.14922902  -0.0045471191406 
       0.1492517  -0.0021667480469 
      0.14927438  0.0006103515625 
      0.14929705  0.0032958984375 
      0.14931973  0.0054321289062 
       0.1493424   0.006591796875 
      0.14936508   0.006591796875 
      0.14938776    0.00537109375 
      0.14941043   0.003173828125 
      0.14943311  0.00039672851562 
      0.14945578  -0.0024719238281 
      0.14947846  -0.0049438476562 
      0.14950113  -0.0065307617188 
      0.14952381  -0.0069580078125 
      0.14954649  -0.006103515625 
      0.14956916  -0.0041809082031 
      0.14959184   -0.00146484375 
      0.14961451  0.0014953613281 
      0.14963719  0.0042419433594 
      0.14965986  0.0061950683594 
      0.14968254   0.007080078125 
      0.14970522  0.0066833496094 
      0.14972789   0.005126953125 
      0.14975057  0.0025939941406 
      0.14977324  -0.00039672851562 
      0.14979592  -0.0032958984375 
      0.14981859  -0.0056457519531 
      0.14984127  -0.0069885253906 
      0.14986395  -0.007080078125 
      0.14988662     -0.005859375 
       0.1499093  -0.0036010742188 
      0.14993197  -0.00070190429688 
      0.14995465  0.0023498535156 
      0.14997732  0.0049438476562 
            0.15  0.0066528320312 
      0.15002268  0.0072021484375 
      0.15004535  0.0064086914062 
      0.15006803  0.0044860839844 
       0.1500907  0.0017395019531 
      0.15011338  -0.0014038085938 
      0.15013605  -0.0042114257812 
      0.15015873  -0.0062561035156 
      0.15018141  -0.0072021484375 
      0.15020408  -0.0068664550781 
      0.15022676  -0.0052185058594 
      0.15024943  -0.0026550292969 
      0.15027211  0.00042724609375 
      0.15029478  0.0034484863281 
      0.15031746  0.0058288574219 
      0.15034014  0.0072021484375 
      0.15036281  0.0072326660156 
      0.15038549  0.0059509277344 
      0.15040816  0.0036315917969 
      0.15043084  0.00057983398438 
      0.15045351  -0.0025634765625 
      0.15047619  -0.0052490234375 
      0.15049887  -0.0070190429688 
      0.15052154  -0.0075378417969 
      0.15054422  -0.0066833496094 
      0.15056689  -0.004638671875 
      0.15058957  -0.0017395019531 
      0.15061224    0.00146484375 
      0.15063492  0.0044860839844 
       0.1506576  0.0066223144531 
      0.15068027  0.0076293945312 
      0.15070295  0.0072326660156 
      0.15072562  0.0055236816406 
       0.1507483  0.0028686523438 
      0.15077098  -0.00030517578125 
      0.15079365  -0.0034790039062 
      0.15081633  -0.0060119628906 
        0.150839  -0.0074462890625 
      0.15086168  -0.0075378417969 
      0.15088435  -0.0062561035156 
      0.15090703      -0.00390625 
      0.15092971  -0.00076293945312 
      0.15095238  0.0024719238281 
      0.15097506  0.0052795410156 
      0.15099773  0.0071411132812 
      0.15102041  0.0076904296875 
      0.15104308     0.0068359375 
      0.15106576  0.0047607421875 
      0.15108844  0.0018005371094 
      0.15111111   -0.00146484375 
      0.15113379  -0.0045166015625 
      0.15115646  -0.0067443847656 
      0.15117914  -0.0077209472656 
      0.15120181   -0.00732421875 
      0.15122449  -0.005615234375 
      0.15124717  -0.0028381347656 
      0.15126984  0.00042724609375 
      0.15129252  0.0036315917969 
      0.15131519  0.0062255859375 
      0.15133787  0.0076904296875 
      0.15136054        0.0078125 
      0.15138322  0.0064392089844 
       0.1514059  0.0039978027344 
      0.15142857  0.00076293945312 
      0.15145125  -0.0025634765625 
      0.15147392  -0.0054931640625 
       0.1514966  -0.0074157714844 
      0.15151927  -0.0080261230469 
      0.15154195  -0.0072326660156 
      0.15156463  -0.005126953125 
       0.1515873  -0.0021057128906 
      0.15160998  0.0012817382812 
      0.15163265  0.0044555664062 
      0.15165533  0.0067749023438 
        0.151678  0.0079345703125 
      0.15170068  0.0076599121094 
      0.15172336  0.0059814453125 
      0.15174603  0.0033264160156 
      0.15176871  3.0517578125e-05 
      0.15179138  -0.0032348632812 
      0.15181406  -0.0058898925781 
      0.15183673  -0.0074768066406 
      0.15185941  -0.0076904296875 
      0.15188209  -0.0065307617188 
      0.15190476  -0.0042114257812 
      0.15192744  -0.0011291503906 
      0.15195011  0.0020751953125 
      0.15197279  0.0049133300781 
      0.15199546  0.0068054199219 
      0.15201814  0.0074768066406 
      0.15204082  0.0067443847656 
      0.15206349  0.0047912597656 
      0.15208617      0.001953125 
      0.15210884  -0.0011901855469 
      0.15213152  -0.0040893554688 
       0.1521542  -0.0062561035156 
      0.15217687  -0.0072326660156 
      0.15219955  -0.0068664550781 
      0.15222222  -0.0052185058594 
       0.1522449  -0.0026550292969 
      0.15226757  0.00042724609375 
      0.15229025  0.0034484863281 
      0.15231293  0.0057983398438 
       0.1523356   0.007080078125 
      0.15235828  0.0070495605469 
      0.15238095  0.0057373046875 
      0.15240363  0.0033569335938 
       0.1524263  0.00030517578125 
      0.15244898  -0.0028076171875 
      0.15247166   -0.00537109375 
      0.15249433  -0.0069885253906 
      0.15251701   -0.00732421875 
      0.15253968  -0.0062866210938 
      0.15256236  -0.0040893554688 
      0.15258503  -0.0011901855469 
      0.15260771  0.0020446777344 
      0.15263039     0.0048828125 
      0.15265306  0.0068054199219 
      0.15267574  0.0075378417969 
      0.15269841  0.0068969726562 
      0.15272109  0.0049743652344 
      0.15274376  0.0021667480469 
      0.15276644  -0.0010375976562 
      0.15278912  -0.0041198730469 
      0.15281179  -0.0064392089844 
      0.15283447  -0.0075988769531 
      0.15285714  -0.0073852539062 
      0.15287982  -0.0058288574219 
      0.15290249  -0.0032958984375 
      0.15292517  -9.1552734375e-05 
      0.15294785  0.0031433105469 
      0.15297052  0.0057678222656 
       0.1529932  0.0073547363281 
      0.15301587  0.0076599121094 
      0.15303855  0.0065612792969 
      0.15306122  0.0042419433594 
       0.1530839   0.001220703125 
      0.15310658  -0.0020141601562 
      0.15312925    -0.0048828125 
      0.15315193  -0.0068664550781 
       0.1531746  -0.0076293945312 
      0.15319728  -0.0069580078125 
      0.15321995  -0.0050964355469 
      0.15324263  -0.0022888183594 
      0.15326531  0.00091552734375 
      0.15328798  0.0039367675781 
      0.15331066  0.0062255859375 
      0.15333333  0.0073852539062 
      0.15335601  0.0071411132812 
      0.15337868  0.0056457519531 
      0.15340136  0.0031127929688 
      0.15342404  6.103515625e-05 
      0.15344671  -0.0030212402344 
      0.15346939  -0.0055236816406 
      0.15349206  -0.0069885253906 
      0.15351474  -0.0071716308594 
      0.15353741  -0.0060424804688 
      0.15356009  -0.0038146972656 
      0.15358277  -0.00091552734375 
      0.15360544  0.0021667480469 
      0.15362812  0.0048217773438 
      0.15365079   0.006591796875 
      0.15367347  0.0071411132812 
      0.15369615    0.00634765625 
      0.15371882  0.0044860839844 
       0.1537415   0.001708984375 
      0.15376417  -0.0013122558594 
      0.15378685  -0.0041198730469 
      0.15380952  -0.0061340332031 
       0.1538322  -0.0070190429688 
      0.15385488  -0.0066528320312 
      0.15387755  -0.0050354003906 
      0.15390023  -0.0025329589844 
       0.1539229    0.00048828125 
      0.15394558  0.0033264160156 
      0.15396825  0.0055541992188 
      0.15399093  0.0068054199219 
      0.15401361  0.0067749023438 
      0.15403628  0.0054931640625 
      0.15405896  0.0032348632812 
      0.15408163  0.0003662109375 
      0.15410431  -0.0025634765625 
      0.15412698  -0.0050048828125 
      0.15414966  -0.0064392089844 
      0.15417234  -0.0067749023438 
      0.15419501  -0.0058288574219 
      0.15421769  -0.0038146972656 
      0.15424036  -0.0010986328125 
      0.15426304  0.0018005371094 
      0.15428571  0.0043640136719 
      0.15430839  0.0061340332031 
      0.15433107  0.0067443847656 
      0.15435374   0.006103515625 
      0.15437642  0.0043640136719 
      0.15439909  0.0018005371094 
      0.15442177  -0.0010986328125 
      0.15444444  -0.0038146972656 
      0.15446712  -0.0058288574219 
       0.1544898  -0.0067443847656 
      0.15451247  -0.0064086914062 
      0.15453515  -0.0049438476562 
      0.15455782  -0.0025329589844 
       0.1545805  0.00033569335938 
      0.15460317  0.0031433105469 
      0.15462585    0.00537109375 
      0.15464853  0.0066528320312 
       0.1546712  0.0067138671875 
      0.15469388  0.0055541992188 
      0.15471655  0.0033569335938 
      0.15473923  0.00057983398438 
       0.1547619  -0.0022888183594 
      0.15478458  -0.0047607421875 
      0.15480726   -0.00634765625 
      0.15482993  -0.0067749023438 
      0.15485261  -0.0060119628906 
      0.15487528  -0.004150390625 
      0.15489796  -0.0015258789062 
      0.15492063  0.0013427734375 
      0.15494331  0.0039367675781 
      0.15496599  0.0058288574219 
      0.15498866   0.006591796875 
      0.15501134  0.0061645507812 
      0.15503401  0.0046691894531 
      0.15505669  0.0022888183594 
      0.15507937  -0.00045776367188 
      0.15510204  -0.0031127929688 
      0.15512472  -0.0051879882812 
      0.15514739  -0.0062561035156 
      0.15517007  -0.0061950683594 
      0.15519274  -0.0049438476562 
      0.15521542  -0.0028381347656 
       0.1552381  -0.00021362304688 
      0.15526077  0.0024719238281 
      0.15528345   0.004638671875 
      0.15530612  0.0059204101562 
       0.1553288  0.0061340332031 
      0.15535147  0.0051574707031 
      0.15537415  0.0032958984375 
      0.15539683  0.00076293945312 
       0.1554195  -0.0018920898438 
      0.15544218  -0.0041809082031 
      0.15546485  -0.0057067871094 
      0.15548753  -0.0061340332031 
       0.1555102  -0.0054321289062 
      0.15553288  -0.0037536621094 
      0.15555556  -0.0013427734375 
      0.15557823  0.0012817382812 
      0.15560091  0.0037231445312 
      0.15562358  0.0054321289062 
      0.15564626  0.0061645507812 
      0.15566893  0.0057373046875 
      0.15569161  0.0043029785156 
      0.15571429  0.0020141601562 
      0.15573696  -0.0006103515625 
      0.15575964  -0.0030822753906 
      0.15578231  -0.0050354003906 
      0.15580499  -0.0060424804688 
      0.15582766  -0.0058898925781 
      0.15585034  -0.0046997070312 
      0.15587302  -0.0026550292969 
      0.15589569  -0.0001220703125 
      0.15591837    0.00244140625 
      0.15594104  0.0044860839844 
      0.15596372  0.0057373046875 
      0.15598639  0.0058898925781 
      0.15600907  0.0049133300781 
      0.15603175  0.0030822753906 
      0.15605442  0.00064086914062 
       0.1560771  -0.0018615722656 
      0.15609977  -0.0040588378906 
      0.15612245  -0.0054321289062 
      0.15614512  -0.0058288574219 
       0.1561678  -0.0050964355469 
      0.15619048  -0.0033874511719 
      0.15621315  -0.0010681152344 
      0.15623583    0.00146484375 
       0.1562585  0.0037536621094 
      0.15628118  0.0053405761719 
      0.15630385  0.0058898925781 
      0.15632653  0.0053405761719 
      0.15634921  0.0037841796875 
      0.15637188  0.0014953613281 
      0.15639456  -0.0011291503906 
      0.15641723  -0.0035400390625 
      0.15643991  -0.0053100585938 
      0.15646259  -0.0061645507812 
      0.15648526  -0.0058288574219 
      0.15650794  -0.0044250488281 
      0.15653061  -0.0021667480469 
      0.15655329  0.00054931640625 
      0.15657596   0.003173828125 
      0.15659864  0.0052490234375 
      0.15662132  0.0063781738281 
      0.15664399    0.00634765625 
      0.15666667  0.0052185058594 
      0.15668934  0.0030212402344 
      0.15671202  0.00033569335938 
      0.15673469  -0.0024719238281 
      0.15675737  -0.0048522949219 
      0.15678005  -0.0063781738281 
      0.15680272  -0.0067443847656 
       0.1568254  -0.0058898925781 
      0.15684807  -0.0039978027344 
      0.15687075  -0.0013732910156 
      0.15689342  0.0015258789062 
       0.1569161  0.0041198730469 
      0.15693878  0.0060119628906 
      0.15696145     0.0068359375 
      0.15698413    0.00634765625 
       0.1570068  0.0047912597656 
      0.15702948  0.0023193359375 
      0.15705215  -0.00051879882812 
      0.15707483  -0.0032958984375 
      0.15709751  -0.0054016113281 
      0.15712018  -0.0065612792969 
      0.15714286  -0.0065307617188 
      0.15716553  -0.0052490234375 
      0.15718821  -0.0030822753906 
      0.15721088  -0.0003662109375 
      0.15723356    0.00244140625 
      0.15725624  0.0047607421875 
      0.15727891  0.0061645507812 
      0.15730159  0.0064392089844 
      0.15732426  0.0055236816406 
      0.15734694  0.0036010742188 
      0.15736961  0.0010070800781 
      0.15739229  -0.0017395019531 
      0.15741497  -0.0041809082031 
      0.15743764  -0.0057678222656 
      0.15746032  -0.0062866210938 
      0.15748299  -0.0056762695312 
      0.15750567  -0.0039367675781 
      0.15752834   -0.00146484375 
      0.15755102   0.001220703125 
       0.1575737  0.0037536621094 
      0.15759637  0.0055236816406 
      0.15761905  0.0062561035156 
      0.15764172  0.0058288574219 
       0.1576644  0.0043029785156 
      0.15768707  0.0018920898438 
      0.15770975  -0.00082397460938 
      0.15773243   -0.00341796875 
       0.1577551   -0.00537109375 
      0.15777778  -0.0063171386719 
      0.15780045  -0.006103515625 
      0.15782313  -0.0046691894531 
       0.1578458  -0.0023498535156 
      0.15786848  0.00039672851562 
      0.15789116   0.003173828125 
      0.15791383  0.0053100585938 
      0.15793651  0.0065307617188 
      0.15795918  0.0064697265625 
      0.15798186  0.0052185058594 
      0.15800454  0.0029907226562 
      0.15802721  0.00015258789062 
      0.15804989  -0.0028076171875 
      0.15807256  -0.0052185058594 
      0.15809524  -0.0067138671875 
      0.15811791  -0.0069885253906 
      0.15814059  -0.0059814453125 
      0.15816327  -0.0037841796875 
      0.15818594  -0.00088500976562 
      0.15820862  0.0022583007812 
      0.15823129  0.0049743652344 
      0.15825397  0.0068664550781 
      0.15827664  0.0075073242188 
      0.15829932  0.0067443847656 
        0.158322  0.0047302246094 
      0.15834467  0.0018310546875 
      0.15836735  -0.0014343261719 
      0.15839002  -0.0044860839844 
       0.1584127  -0.0067443847656 
      0.15843537       -0.0078125 
      0.15845805  -0.0074462890625 
      0.15848073  -0.0057067871094 
       0.1585034    -0.0029296875 
      0.15852608  0.00042724609375 
      0.15854875  0.0037231445312 
      0.15857143  0.0063781738281 
       0.1585941  0.0079040527344 
      0.15861678  0.0079956054688 
      0.15863946   0.006591796875 
      0.15866213  0.0039978027344 
      0.15868481  0.00067138671875 
      0.15870748  -0.0028381347656 
      0.15873016     -0.005859375 
      0.15875283  -0.0077514648438 
      0.15877551   -0.00830078125 
      0.15879819  -0.0072937011719 
      0.15882086  -0.0049743652344 
      0.15884354  -0.0016784667969 
      0.15886621  0.0018615722656 
      0.15888889  0.0051574707031 
      0.15891156  0.0075073242188 
      0.15893424  0.0084838867188 
      0.15895692  0.0079040527344 
      0.15897959  0.0058288574219 
      0.15900227  0.0027160644531 
      0.15902494    -0.0009765625 
      0.15904762  -0.0044860839844 
      0.15907029  -0.0072021484375 
      0.15909297  -0.0086059570312 
      0.15911565  -0.0084838867188 
      0.15913832  -0.0067443847656 
        0.159161  -0.0037231445312 
      0.15918367  -6.103515625e-05 
      0.15920635  0.0037231445312 
      0.15922902  0.0068054199219 
       0.1592517  0.0086975097656 
      0.15927438  0.0090026855469 
      0.15929705  0.0076599121094 
      0.15931973  0.0049133300781 
       0.1593424   0.001220703125 
      0.15936508  -0.0027465820312 
      0.15938776  -0.0061950683594 
      0.15941043  -0.0085754394531 
      0.15943311  -0.0094299316406 
      0.15945578  -0.0084838867188 
      0.15947846  -0.0060424804688 
      0.15950113  -0.0025024414062 
      0.15952381  0.0015563964844 
      0.15954649    0.00537109375 
      0.15956916  0.0081787109375 
      0.15959184  0.0095520019531 
      0.15961451  0.0091857910156 
      0.15963719  0.0071411132812 
      0.15965986  0.0037536621094 
      0.15968254  -0.00033569335938 
      0.15970522   -0.00439453125 
      0.15972789  -0.0076599121094 
      0.15975057  -0.0094909667969 
      0.15977324  -0.0096435546875 
      0.15979592  -0.0079956054688 
      0.15981859  -0.0048522949219 
      0.15984127  -0.00079345703125 
      0.15986395  0.0034484863281 
      0.15988662   0.007080078125 
       0.1599093  0.0094299316406 
      0.15993197   0.010040283203 
      0.15995465  0.0088500976562 
      0.15997732  0.0059204101562 
            0.16  0.0018920898438 
      0.16002268  -0.0025024414062 
      0.16004535  -0.0065002441406 
      0.16006803  -0.0093688964844 
       0.1600907  -0.010528564453 
      0.16011338     -0.009765625 
      0.16013605  -0.0072021484375 
      0.16015873  -0.0032653808594 
      0.16018141  0.0013427734375 
      0.16020408  0.0057983398438 
      0.16022676  0.0092468261719 
      0.16024943   0.011047363281 
      0.16027211   0.010833740234 
      0.16029478  0.0086669921875 
      0.16031746  0.0049133300781 
      0.16034014  0.00015258789062 
      0.16036281  -0.0046691894531 
      0.16038549  -0.0087280273438 
      0.16040816   -0.01123046875 
      0.16043084  -0.011810302734 
      0.16045351  -0.010192871094 
      0.16047619  -0.0067443847656 
      0.16049887  -0.0020751953125 
      0.16052154  0.0030517578125 
      0.16054422  0.0076904296875 
      0.16056689   0.010986328125 
      0.16058957   0.012329101562 
      0.16061224   0.011474609375 
      0.16063492   0.008544921875 
       0.1606576  0.0040893554688 
      0.16068027  -0.0011596679688 
      0.16070295  -0.0061950683594 
      0.16072562  -0.010192871094 
       0.1607483  -0.012359619141 
      0.16077098  -0.012298583984 
      0.16079365  -0.010040283203 
      0.16081633  -0.0059509277344 
        0.160839  -0.00079345703125 
      0.16086168  0.0045166015625 
      0.16088435  0.0090637207031 
      0.16090703   0.011962890625 
      0.16092971   0.012725830078 
      0.16095238   0.011169433594 
      0.16097506   0.007568359375 
      0.16099773  0.0025939941406 
      0.16102041  -0.0028381347656 
      0.16104308       -0.0078125 
      0.16106576  -0.011413574219 
      0.16108844  -0.012939453125 
      0.16111111  -0.012115478516 
      0.16113379  -0.0090942382812 
      0.16115646  -0.0043640136719 
      0.16117914  0.0011596679688 
      0.16120181  0.0065002441406 
      0.16122449   0.010711669922 
      0.16124717   0.013000488281 
      0.16126984   0.012908935547 
      0.16129252   0.010498046875 
      0.16131519  0.0061950683594 
      0.16133787  0.00070190429688 
      0.16136054  -0.0049438476562 
      0.16138322     -0.009765625 
       0.1614059  -0.012817382812 
      0.16142857  -0.013641357422 
      0.16145125  -0.011932373047 
      0.16147392  -0.008056640625 
       0.1614966  -0.0027465820312 
      0.16151927  0.0031433105469 
      0.16154195  0.0084533691406 
      0.16156463   0.012329101562 
       0.1615873   0.014007568359 
      0.16160998   0.013153076172 
      0.16163265  0.0099182128906 
      0.16165533     0.0048828125 
        0.161678  -0.0010375976562 
      0.16170068  -0.0068054199219 
      0.16172336  -0.011383056641 
      0.16174603  -0.013946533203 
      0.16176871  -0.014007568359 
      0.16179138  -0.011566162109 
      0.16181406  -0.0069885253906 
      0.16183673  -0.0011596679688 
      0.16185941     0.0048828125 
      0.16188209   0.010101318359 
      0.16190476   0.013488769531 
      0.16192744   0.014465332031 
      0.16195011   0.012847900391 
      0.16197279  0.0089111328125 
      0.16199546  0.0033264160156 
      0.16201814  -0.0028686523438 
      0.16204082  -0.008544921875 
      0.16206349    -0.0126953125 
      0.16208617  -0.014587402344 
      0.16210884  -0.013824462891 
      0.16213152  -0.010589599609 
       0.1621542  -0.0054321289062 
      0.16217687  0.00076293945312 
      0.16219955  0.0068664550781 
      0.16222222       0.01171875 
       0.1622449   0.014465332031 
      0.16226757     0.0146484375 
      0.16229025   0.012176513672 
      0.16231293  0.0074768066406 
       0.1623356  0.0014343261719 
      0.16235828  -0.0049133300781 
      0.16238095  -0.010406494141 
      0.16240363  -0.014068603516 
       0.1624263  -0.015197753906 
      0.16244898  -0.013610839844 
      0.16247166  -0.0095825195312 
      0.16249433  -0.0037841796875 
      0.16251701  0.0027465820312 
      0.16253968  0.0087585449219 
      0.16256236   0.013275146484 
      0.16258503   0.015441894531 
      0.16260771   0.014801025391 
      0.16263039   0.011566162109 
      0.16265306  0.0061950683594 
      0.16267574  -0.00027465820312 
      0.16269841  -0.0067443847656 
      0.16272109  -0.011993408203 
      0.16274376   -0.01513671875 
      0.16276644  -0.015563964844 
      0.16278912  -0.013244628906 
      0.16281179  -0.0084838867188 
      0.16283447  -0.0022277832031 
      0.16285714  0.0044250488281 
      0.16287982   0.010284423828 
      0.16290249   0.014282226562 
      0.16292517   0.015808105469 
      0.16294785   0.014434814453 
      0.16297052   0.010498046875 
       0.1629932  0.0046997070312 
      0.16301587  -0.0019836425781 
      0.16303855  -0.0083312988281 
      0.16306122  -0.013153076172 
       0.1630839        -0.015625 
      0.16310658  -0.015258789062 
      0.16312925  -0.012176513672 
      0.16315193  -0.0068664550781 
       0.1631746  -0.00033569335938 
      0.16319728  0.0062866210938 
      0.16321995   0.011779785156 
      0.16324263    0.01513671875 
      0.16326531   0.015777587891 
      0.16328798   0.013549804688 
      0.16331066  0.0089111328125 
      0.16333333  0.0025939941406 
      0.16335601  -0.0042419433594 
      0.16337868  -0.010314941406 
      0.16340136  -0.014526367188 
      0.16342404  -0.016174316406 
      0.16344671  -0.014862060547 
      0.16346939  -0.010894775391 
      0.16349206  -0.0049133300781 
      0.16351474      0.001953125 
      0.16353741  0.0085754394531 
      0.16356009   0.013641357422 
      0.16358277   0.016326904297 
      0.16360544   0.016052246094 
      0.16362812   0.012939453125 
      0.16365079  0.0074768066406 
      0.16367347  0.00064086914062 
      0.16369615  -0.0063781738281 
      0.16371882  -0.012268066406 
       0.1637415  -0.016021728516 
      0.16376417  -0.016937255859 
      0.16378685  -0.014831542969 
      0.16380952  -0.010070800781 
       0.1638322  -0.0035400390625 
      0.16385488  0.0036926269531 
      0.16387755    0.01025390625 
      0.16390023   0.015045166016 
       0.1639229   0.017120361328 
      0.16394558   0.016204833984 
      0.16396825   0.012420654297 
      0.16399093  0.0064086914062 
      0.16401361  -0.000732421875 
      0.16403628  -0.0077514648438 
      0.16405896  -0.013366699219 
      0.16408163  -0.016632080078 
      0.16410431  -0.016906738281 
      0.16412698  -0.014221191406 
      0.16414966  -0.0089721679688 
      0.16417234  -0.0021362304688 
      0.16419501  0.0050354003906 
      0.16421769   0.011322021484 
      0.16424036   0.015533447266 
      0.16426304   0.016967773438 
      0.16428571   0.015380859375 
      0.16430839   0.011016845703 
      0.16433107  0.0047302246094 
      0.16435374   -0.00244140625 
      0.16437642  -0.0091552734375 
      0.16439909   -0.01416015625 
      0.16442177  -0.016632080078 
      0.16444444  -0.016174316406 
      0.16446712  -0.012725830078 
       0.1644898  -0.0070190429688 
      0.16451247  -3.0517578125e-05 
      0.16453515  0.0069580078125 
      0.16455782   0.012664794922 
       0.1645805   0.016143798828 
      0.16460317   0.016693115234 
      0.16462585   0.014251708984 
      0.16464853  0.0092163085938 
       0.1646712  0.0025024414062 
      0.16469388  -0.0046691894531 
      0.16471655  -0.010986328125 
      0.16473923  -0.015411376953 
       0.1647619  -0.017059326172 
      0.16478458  -0.015655517578 
      0.16480726  -0.011413574219 
      0.16482993  -0.005126953125 
      0.16485261  0.0020751953125 
      0.16487528  0.0089416503906 
      0.16489796   0.014251708984 
      0.16492063   0.016998291016 
      0.16494331   0.016754150391 
      0.16496599   0.013488769531 
      0.16498866        0.0078125 
      0.16501134  0.00076293945312 
      0.16503401  -0.0064392089844 
      0.16505669  -0.012512207031 
      0.16507937  -0.016357421875 
      0.16510204  -0.017333984375 
      0.16512472  -0.015197753906 
      0.16514739  -0.010345458984 
      0.16517007  -0.0036926269531 
      0.16519274  0.0036315917969 
      0.16521542   0.010314941406 
       0.1652381   0.015167236328 
      0.16526077   0.017303466797 
      0.16528345   0.016357421875 
      0.16530612   0.012512207031 
       0.1653288  0.0064392089844 
      0.16535147  -0.000732421875 
      0.16537415       -0.0078125 
      0.16539683  -0.013458251953 
       0.1654195  -0.016693115234 
      0.16544218  -0.016937255859 
      0.16546485  -0.014221191406 
      0.16548753  -0.0089416503906 
       0.1655102  -0.0020446777344 
      0.16553288  0.0051879882812 
      0.16555556   0.011444091797 
      0.16557823   0.015716552734 
      0.16560091    0.01708984375 
      0.16562358   0.015502929688 
      0.16564626   0.011108398438 
      0.16566893  0.0047302246094 
      0.16569161   -0.00244140625 
      0.16571429  -0.0092163085938 
      0.16573696  -0.014312744141 
      0.16575964  -0.016845703125 
      0.16578231  -0.016418457031 
      0.16580499  -0.013000488281 
      0.16582766  -0.0072937011719 
      0.16585034  -0.00030517578125 
      0.16587302  0.0067443847656 
      0.16589569   0.012573242188 
      0.16591837   0.016143798828 
      0.16594104   0.016845703125 
      0.16596372   0.014556884766 
      0.16598639  0.0096740722656 
      0.16600907  0.0030517578125 
      0.16603175  -0.0040893554688 
      0.16605442  -0.010467529297 
       0.1660771  -0.015014648438 
      0.16609977  -0.016876220703 
      0.16612245  -0.015716552734 
      0.16614512  -0.011749267578 
       0.1661678  -0.0057067871094 
      0.16619048  0.0013732910156 
      0.16621315  0.0081787109375 
      0.16623583   0.013488769531 
       0.1662585   0.016418457031 
      0.16628118   0.016418457031 
      0.16630385   0.013488769531 
      0.16632653  0.0081481933594 
      0.16634921  0.0013732910156 
      0.16637188  -0.0056457519531 
      0.16639456  -0.011688232422 
      0.16641723  -0.015594482422 
      0.16643991  -0.016754150391 
      0.16646259  -0.014953613281 
      0.16648526  -0.010467529297 
      0.16650794  -0.0041198730469 
      0.16653061  0.0029602050781 
      0.16655329   0.009521484375 
      0.16657596   0.014373779297 
      0.16659864   0.016662597656 
      0.16662132   0.016021728516 
      0.16664399   0.012542724609 
      0.16666667     0.0068359375 
      0.16668934  -6.103515625e-05 
      0.16671202  -0.0069580078125 
      0.16673469  -0.012603759766 
      0.16675737  -0.016052246094 
      0.16678005    -0.0166015625 
      0.16680272  -0.014251708984 
       0.1668254  -0.0093994140625 
      0.16684807  -0.0028991699219 
      0.16687075  0.0040893554688 
      0.16689342   0.010345458984 
       0.1669161   0.014770507812 
      0.16693878   0.016540527344 
      0.16696145   0.015380859375 
      0.16698413   0.011535644531 
       0.1670068  0.0056762695312 
      0.16702948  -0.0011596679688 
      0.16705215  -0.0077514648438 
      0.16707483  -0.012939453125 
      0.16709751  -0.015838623047 
      0.16712018  -0.015869140625 
      0.16714286  -0.013122558594 
      0.16716553  -0.008056640625 
      0.16718821  -0.0015869140625 
      0.16721088  0.0050964355469 
      0.16723356   0.010864257812 
      0.16725624   0.014617919922 
      0.16727891   0.015838623047 
      0.16730159   0.014129638672 
      0.16732426   0.010009765625 
      0.16734694  0.0040588378906 
      0.16736961  -0.0025634765625 
      0.16739229  -0.0087280273438 
      0.16741497  -0.013244628906 
      0.16743764  -0.015441894531 
      0.16746032  -0.014862060547 
      0.16748299  -0.011596679688 
      0.16750567  -0.0062866210938 
      0.16752834  0.0001220703125 
      0.16755102  0.0065307617188 
       0.1675737       0.01171875 
      0.16759637   0.014831542969 
      0.16761905   0.015319824219 
      0.16764172   0.013031005859 
       0.1676644  0.0084533691406 
      0.16768707  0.0023498535156 
      0.16770975  -0.004150390625 
      0.16773243  -0.0099487304688 
       0.1677551  -0.013916015625 
      0.16777778  -0.015441894531 
      0.16780045  -0.014251708984 
      0.16782313  -0.010498046875 
       0.1678458  -0.0049133300781 
      0.16786848  0.0015258789062 
      0.16789116  0.0077819824219 
      0.16791383   0.012542724609 
      0.16793651    0.01513671875 
      0.16795918   0.015045166016 
      0.16798186   0.012298583984 
      0.16800454  0.0074157714844 
      0.16802721   0.001220703125 
      0.16804989  -0.0051879882812 
      0.16807256  -0.010681152344 
      0.16809524  -0.014282226562 
      0.16811791  -0.015350341797 
      0.16814059  -0.013702392578 
      0.16816327  -0.0096435546875 
      0.16818594  -0.0039367675781 
      0.16820862  0.0024719238281 
      0.16823129  0.0083923339844 
      0.16825397   0.012817382812 
      0.16827664   0.015014648438 
      0.16829932   0.014526367188 
        0.168322   0.011474609375 
      0.16834467  0.0064392089844 
      0.16836735  0.00027465820312 
      0.16839002  -0.0058898925781 
       0.1684127  -0.011016845703 
      0.16843537  -0.014129638672 
      0.16845805  -0.014739990234 
      0.16848073  -0.012817382812 
       0.1685034  -0.0085754394531 
      0.16852608  -0.0028686523438 
      0.16854875  0.0032958984375 
      0.16857143  0.0088806152344 
       0.1685941   0.012878417969 
      0.16861678   0.014556884766 
      0.16863946      0.013671875 
      0.16866213   0.010345458984 
      0.16868481  0.0052490234375 
      0.16870748  -0.00076293945312 
      0.16873016  -0.0066528320312 
      0.16875283  -0.011322021484 
      0.16877551  -0.013946533203 
      0.16879819  -0.014129638672 
      0.16882086  -0.011779785156 
      0.16884354  -0.0073852539062 
      0.16886621  -0.001708984375 
      0.16888889  0.0042724609375 
      0.16891156  0.0094604492188 
      0.16893424   0.013000488281 
      0.16895692   0.014221191406 
      0.16897959   0.012878417969 
      0.16900227  0.0093383789062 
      0.16902494  0.0041198730469 
      0.16904762  -0.0018005371094 
      0.16907029  -0.0073547363281 
      0.16909297  -0.011657714844 
      0.16911565  -0.013854980469 
      0.16913832  -0.013641357422 
        0.169161  -0.011016845703 
      0.16918367  -0.0064697265625 
      0.16920635  -0.00079345703125 
      0.16922902  0.0049743652344 
       0.1692517  0.0099182128906 
      0.16927438   0.013061523438 
      0.16929705   0.013916015625 
      0.16931973   0.012298583984 
       0.1693424  0.0085754394531 
      0.16936508  0.0033569335938 
      0.16938776  -0.0024108886719 
      0.16941043  -0.0077514648438 
      0.16943311  -0.011688232422 
      0.16945578  -0.013580322266 
      0.16947846  -0.013061523438 
      0.16950113  -0.010284423828 
      0.16952381  -0.0057067871094 
      0.16954649  -0.00015258789062 
      0.16956916  0.0053405761719 
      0.16959184  0.0099487304688 
      0.16961451   0.012756347656 
      0.16963719   0.013275146484 
      0.16965986   0.011505126953 
      0.16968254  0.0076904296875 
      0.16970522  0.0025634765625 
      0.16972789  -0.0029907226562 
      0.16975057  -0.0079650878906 
      0.16977324  -0.011535644531 
      0.16979592  -0.013031005859 
      0.16981859  -0.012237548828 
      0.16984127  -0.0093078613281 
      0.16986395  -0.0047302246094 
      0.16988662  0.00064086914062 
       0.1699093  0.0058898925781 
      0.16993197   0.010070800781 
      0.16995465   0.012481689453 
      0.16997732   0.012725830078 
            0.17   0.010681152344 
      0.17002268  0.0067443847656 
      0.17004535   0.001708984375 
      0.17006803  -0.0037231445312 
       0.1700907  -0.0084228515625 
      0.17011338  -0.011657714844 
      0.17013605  -0.012847900391 
      0.17015873  -0.011779785156 
      0.17018141  -0.0086669921875 
      0.17020408  -0.0039978027344 
      0.17022676  0.0013122558594 
      0.17024943  0.0064086914062 
      0.17027211   0.010375976562 
      0.17029478   0.012542724609 
      0.17031746   0.012481689453 
      0.17034014   0.010314941406 
      0.17036281  0.0063171386719 
      0.17038549  0.0012512207031 
      0.17040816  -0.0040588378906 
      0.17043084  -0.0085754394531 
      0.17045351  -0.011657714844 
      0.17047619    -0.0126953125 
      0.17049887  -0.011505126953 
      0.17052154  -0.0083618164062 
      0.17054422  -0.0037536621094 
      0.17056689    0.00146484375 
      0.17058957  0.0064086914062 
      0.17061224   0.010223388672 
      0.17063492    0.01220703125 
       0.1706576   0.012084960938 
      0.17068027  0.0098571777344 
      0.17070295  0.0059509277344 
      0.17072562     0.0009765625 
       0.1707483  -0.0040893554688 
      0.17077098  -0.0084228515625 
      0.17079365  -0.011291503906 
      0.17081633  -0.012115478516 
        0.170839  -0.010864257812 
      0.17086168  -0.0077209472656 
      0.17088435  -0.0032043457031 
      0.17090703  0.0018310546875 
      0.17092971  0.0065307617188 
      0.17095238   0.010070800781 
      0.17097506   0.011840820312 
      0.17099773   0.011535644531 
      0.17102041  0.0091552734375 
      0.17104308  0.0051879882812 
      0.17106576  0.00033569335938 
      0.17108844  -0.0045776367188 
      0.17111111  -0.0086975097656 
      0.17113379  -0.011260986328 
      0.17115646  -0.011871337891 
      0.17117914  -0.010406494141 
      0.17120181  -0.0071105957031 
      0.17122449  -0.0025329589844 
      0.17124717  0.0025024414062 
      0.17126984  0.0070495605469 
      0.17129252   0.010437011719 
      0.17131519   0.011993408203 
      0.17133787   0.011413574219 
      0.17136054  0.0089111328125 
      0.17138322  0.0047912597656 
       0.1714059  -0.0001220703125 
      0.17142857  -0.0050659179688 
      0.17145125  -0.0091552734375 
      0.17147392  -0.011596679688 
       0.1714966  -0.012054443359 
      0.17151927  -0.010467529297 
      0.17154195  -0.0069885253906 
      0.17156463  -0.0023498535156 
       0.1715873  0.0027160644531 
      0.17160998    0.00732421875 
      0.17163265   0.010681152344 
      0.17165533    0.01220703125 
        0.171678   0.011566162109 
      0.17170068  0.0089416503906 
      0.17172336  0.0047607421875 
      0.17174603  -0.00021362304688 
      0.17176871  -0.0051879882812 
      0.17179138  -0.0092468261719 
      0.17181406  -0.011657714844 
      0.17183673  -0.012115478516 
      0.17185941  -0.010437011719 
      0.17188209  -0.0069274902344 
      0.17190476  -0.0022277832031 
      0.17192744  0.0028686523438 
      0.17195011  0.0074462890625 
      0.17197279     0.0107421875 
      0.17199546   0.012145996094 
      0.17201814   0.011444091797 
      0.17204082  0.0087280273438 
      0.17206349  0.0044860839844 
      0.17208617  -0.00051879882812 
      0.17210884  -0.0054626464844 
      0.17213152  -0.0094604492188 
       0.1721542  -0.011779785156 
      0.17217687  -0.012084960938 
      0.17219955   -0.01025390625 
      0.17222222  -0.0066223144531 
       0.1722449  -0.0018005371094 
      0.17226757  0.0033264160156 
      0.17229025  0.0079040527344 
      0.17231293   0.011077880859 
       0.1723356   0.012359619141 
      0.17235828   0.011474609375 
      0.17238095  0.0085754394531 
      0.17240363  0.0041809082031 
       0.1724263  -0.0010070800781 
      0.17244898  -0.0059814453125 
      0.17247166  -0.0099792480469 
      0.17249433  -0.012237548828 
      0.17251701  -0.012359619141 
      0.17253968  -0.010345458984 
      0.17256236  -0.0065307617188 
      0.17258503  -0.0015258789062 
      0.17260771  0.0037231445312 
      0.17263039  0.0083618164062 
      0.17265306   0.011535644531 
      0.17267574   0.012756347656 
      0.17269841       0.01171875 
      0.17272109  0.0086364746094 
      0.17274376  0.0040283203125 
      0.17276644  -0.0012817382812 
      0.17278912   -0.00634765625 
      0.17281179  -0.010314941406 
      0.17283447  -0.012512207031 
      0.17285714  -0.012542724609 
      0.17287982  -0.010345458984 
      0.17290249   -0.00634765625 
      0.17292517  -0.0012512207031 
      0.17294785  0.0040893554688 
      0.17297052  0.0087280273438 
       0.1729932   0.011810302734 
      0.17301587   0.012847900391 
      0.17303855   0.011657714844 
      0.17306122  0.0083618164062 
       0.1730839  0.0036010742188 
      0.17310658  -0.0018005371094 
      0.17312925  -0.0068969726562 
      0.17315193  -0.010772705078 
       0.1731746  -0.012756347656 
      0.17319728  -0.012512207031 
      0.17321995  -0.010040283203 
      0.17324263     -0.005859375 
      0.17326531  -0.00054931640625 
      0.17328798  0.0048217773438 
      0.17331066  0.0094299316406 
      0.17333333   0.012359619141 
      0.17335601   0.013122558594 
      0.17337868   0.011596679688 
      0.17340136  0.0079956054688 
      0.17342404  0.0029602050781 
      0.17344671  -0.0025939941406 
      0.17346939  -0.0077209472656 
      0.17349206  -0.011566162109 
      0.17351474  -0.013366699219 
      0.17353741  -0.012817382812 
      0.17356009  -0.010040283203 
      0.17358277  -0.0054931640625 
      0.17360544  6.103515625e-05 
      0.17362812  0.0055847167969 
      0.17365079   0.010223388672 
      0.17367347   0.013092041016 
      0.17369615   0.013641357422 
      0.17371882   0.011810302734 
       0.1737415  0.0079345703125 
      0.17376417  0.0026550292969 
      0.17378685  -0.0031433105469 
      0.17380952  -0.0083618164062 
       0.1738322  -0.012176513672 
      0.17385488  -0.013824462891 
      0.17387755  -0.013092041016 
      0.17390023  -0.010070800781 
       0.1739229  -0.0052490234375 
      0.17394558  0.00045776367188 
      0.17396825  0.0060729980469 
      0.17399093   0.010681152344 
      0.17401361   0.013397216797 
      0.17403628   0.013763427734 
      0.17405896       0.01171875 
      0.17408163  0.0075988769531 
      0.17410431  0.0021667480469 
      0.17412698  -0.003662109375 
      0.17414966  -0.0088195800781 
      0.17417234  -0.012451171875 
      0.17419501  -0.013885498047 
      0.17421769  -0.012908935547 
      0.17424036  -0.0095825195312 
      0.17426304  -0.0046081542969 
      0.17428571  0.0011901855469 
      0.17430839  0.0067749023438 
      0.17433107   0.011169433594 
      0.17435374   0.013610839844 
      0.17437642   0.013641357422 
      0.17439909   0.011199951172 
      0.17442177     0.0068359375 
      0.17444444   0.001220703125 
      0.17446712  -0.004638671875 
       0.1744898  -0.0096740722656 
      0.17451247  -0.013000488281 
      0.17453515  -0.014038085938 
      0.17455782  -0.012573242188 
       0.1745805  -0.0088806152344 
      0.17460317  -0.0035705566406 
      0.17462585  0.0023498535156 
      0.17464853  0.0079345703125 
       0.1746712   0.012115478516 
      0.17469388    0.01416015625 
      0.17471655      0.013671875 
      0.17473923   0.010772705078 
       0.1747619  0.0059509277344 
      0.17478458                0 
      0.17480726  -0.0059204101562 
      0.17482993  -0.010864257812 
      0.17485261  -0.013885498047 
      0.17487528  -0.014495849609 
      0.17489796  -0.012481689453 
      0.17492063  -0.0082397460938 
      0.17494331  -0.0025634765625 
      0.17496599   0.003662109375 
      0.17498866  0.0092468261719 
      0.17501134   0.013244628906 
      0.17503401   0.014892578125 
      0.17505669   0.013916015625 
      0.17507937   0.010498046875 
      0.17510204  0.0051879882812 
      0.17512472  -0.0010986328125 
      0.17514739  -0.0072326660156 
      0.17517007  -0.012084960938 
      0.17519274  -0.014862060547 
      0.17521542  -0.015014648438 
       0.1752381  -0.012512207031 
      0.17526077  -0.0077514648438 
      0.17528345  -0.0015869140625 
      0.17530612  0.0048522949219 
       0.1753288   0.010467529297 
      0.17535147   0.014282226562 
      0.17537415   0.015594482422 
      0.17539683    0.01416015625 
       0.1754195   0.010131835938 
      0.17544218    0.00439453125 
      0.17546485  -0.002197265625 
      0.17548753  -0.0084533691406 
       0.1755102  -0.013214111328 
      0.17553288  -0.015655517578 
      0.17555556  -0.015319824219 
      0.17557823  -0.012268066406 
      0.17560091  -0.0070495605469 
      0.17562358  -0.00054931640625 
      0.17564626   0.006103515625 
      0.17566893   0.011688232422 
      0.17569161   0.015228271484 
      0.17571429    0.01611328125 
      0.17573696   0.014129638672 
      0.17575964  0.0095825195312 
      0.17578231  0.0033569335938 
      0.17580499  -0.0035095214844 
      0.17582766  -0.0097961425781 
      0.17585034  -0.014404296875 
      0.17587302  -0.016418457031 
      0.17589569  -0.015533447266 
      0.17591837  -0.011901855469 
      0.17594104  -0.0061340332031 
      0.17596372   0.000732421875 
      0.17598639   0.007568359375 
      0.17600907   0.013031005859 
      0.17603175   0.016235351562 
      0.17605442     0.0166015625 
       0.1760771   0.014007568359 
      0.17609977  0.0089111328125 
      0.17612245   0.002197265625 
      0.17614512  -0.0049133300781 
       0.1761678  -0.011199951172 
      0.17619048  -0.015533447266 
      0.17621315  -0.017150878906 
      0.17623583  -0.015716552734 
       0.1762585  -0.011505126953 
      0.17628118  -0.0052490234375 
      0.17630385  0.0020141601562 
      0.17632653  0.0088806152344 
      0.17634921   0.014221191406 
      0.17637188   0.017059326172 
      0.17639456   0.016906738281 
      0.17641723   0.013732910156 
      0.17643991  0.0081481933594 
      0.17646259  0.0010681152344 
      0.17648526  -0.0062255859375 
      0.17650794  -0.012390136719 
      0.17653061  -0.016387939453 
      0.17655329  -0.017486572266 
      0.17657596  -0.015502929688 
      0.17659864    -0.0107421875 
      0.17662132  -0.0040588378906 
      0.17664399  0.0033264160156 
      0.17666667   0.010162353516 
      0.17668934   0.015167236328 
      0.17671202   0.017517089844 
      0.17673469   0.016754150391 
      0.17675737   0.012969970703 
      0.17678005  0.0068664550781 
      0.17680272  -0.00045776367188 
       0.1768254  -0.0076904296875 
      0.17684807  -0.013610839844 
      0.17687075  -0.017120361328 
      0.17689342  -0.017547607422 
       0.1769161  -0.014831542969 
      0.17693878  -0.0094909667969 
      0.17696145   -0.00244140625 
      0.17698413  0.0050964355469 
       0.1770068   0.011749267578 
      0.17702948   0.016296386719 
      0.17705215   0.017974853516 
      0.17707483   0.016448974609 
      0.17709751   0.011962890625 
      0.17712018    0.00537109375 
      0.17714286  -0.0022583007812 
      0.17716553  -0.0094909667969 
      0.17718821  -0.015075683594 
      0.17721088  -0.018005371094 
      0.17723356  -0.017730712891 
      0.17725624  -0.014282226562 
      0.17727891   -0.00830078125 
      0.17730159  -0.00082397460938 
      0.17732426     0.0068359375 
      0.17734694   0.013305664062 
      0.17736961   0.017425537109 
      0.17739229   0.018493652344 
      0.17741497   0.016265869141 
      0.17743764   0.011108398438 
      0.17746032  0.0039978027344 
      0.17748299  -0.0038146972656 
      0.17750567  -0.011016845703 
      0.17752834  -0.016235351562 
      0.17755102  -0.018615722656 
       0.1775737  -0.017669677734 
      0.17759637  -0.013641357422 
      0.17761905  -0.0071105957031 
      0.17764172  0.00064086914062 
       0.1776644    0.00830078125 
      0.17768707   0.014465332031 
      0.17770975    0.01806640625 
      0.17773243   0.018463134766 
       0.1777551   0.015594482422 
      0.17777778  0.0099182128906 
      0.17780045  0.0024719238281 
      0.17782313  -0.0054321289062 
       0.1778458  -0.012359619141 
      0.17786848   -0.01708984375 
      0.17789116  -0.018768310547 
      0.17791383   -0.01708984375 
      0.17793651  -0.012359619141 
      0.17795918  -0.0054016113281 
      0.17798186  0.0025329589844 
      0.17800454   0.010040283203 
      0.17802721   0.015747070312 
      0.17804989   0.018676757812 
      0.17807256   0.018280029297 
      0.17809524   0.014556884766 
      0.17811791  0.0082397460938 
      0.17814059  0.00045776367188 
      0.17816327  -0.0074768066406 
      0.17818594  -0.014099121094 
      0.17820862  -0.018249511719 
      0.17823129  -0.019165039062 
      0.17825397  -0.016662597656 
      0.17827664  -0.011169433594 
      0.17829932  -0.003662109375 
        0.178322  0.0045166015625 
      0.17834467   0.011932373047 
      0.17836735   0.017303466797 
      0.17839002   0.019561767578 
       0.1784127   0.018402099609 
      0.17843537   0.013977050781 
      0.17845805  0.0070495605469 
      0.17848073  -0.0011596679688 
       0.1785034  -0.0091552734375 
      0.17852608  -0.015563964844 
      0.17854875  -0.019256591797 
      0.17857143  -0.019561767578 
       0.1785941  -0.016357421875 
      0.17861678  -0.010345458984 
      0.17863946  -0.0024719238281 
      0.17866213  0.0058288574219 
      0.17868481   0.013153076172 
      0.17870748   0.018096923828 
      0.17873016   0.019866943359 
      0.17875283   0.018096923828 
      0.17877551   0.013153076172 
      0.17879819  0.0058898925781 
      0.17882086  -0.0024108886719 
      0.17884354  -0.010284423828 
      0.17886621  -0.016265869141 
      0.17888889  -0.019378662109 
      0.17891156   -0.01904296875 
      0.17893424  -0.015319824219 
      0.17895692  -0.0088806152344 
      0.17897959  -0.0008544921875 
      0.17900227  0.0072326660156 
      0.17902494   0.014068603516 
      0.17904762   0.018402099609 
      0.17907029   0.019439697266 
      0.17909297   0.016967773438 
      0.17911565   0.011474609375 
      0.17913832  0.0039367675781 
        0.179161  -0.0043029785156 
      0.17918367      -0.01171875 
      0.17920635   -0.01708984375 
      0.17922902  -0.019378662109 
       0.1792517  -0.018218994141 
      0.17927438  -0.013732910156 
      0.17929705    -0.0068359375 
      0.17931973  0.0012817382812 
       0.1793424  0.0092163085938 
      0.17936508   0.015472412109 
      0.17938776   0.018951416016 
      0.17941043   0.019073486328 
      0.17943311   0.015777587891 
      0.17945578  0.0096435546875 
      0.17947846  0.0017395019531 
      0.17950113  -0.0064392089844 
      0.17952381  -0.013488769531 
      0.17954649  -0.018157958984 
      0.17956916      -0.01953125 
      0.17959184  -0.017456054688 
      0.17961451  -0.012237548828 
      0.17963719  -0.0048217773438 
      0.17965986  0.0034790039062 
      0.17968254   0.011169433594 
      0.17970522   0.016876220703 
      0.17972789   0.019592285156 
      0.17975057   0.018768310547 
      0.17977324   0.014617919922 
      0.17979592        0.0078125 
      0.17981859  -0.00042724609375 
      0.17984127  -0.008544921875 
      0.17986395  -0.015228271484 
      0.17988662  -0.019134521484 
       0.1799093  -0.019683837891 
      0.17993197  -0.016693115234 
      0.17995465  -0.010711669922 
      0.17997732  -0.0028076171875 
            0.18  0.0056762695312 
      0.18002268   0.013122558594 
      0.18004535   0.018280029297 
      0.18006803   0.020172119141 
       0.1800907   0.018463134766 
      0.18011338   0.013488769531 
      0.18013605  0.0060729980469 
      0.18015873  -0.0025024414062 
      0.18018141  -0.010589599609 
      0.18020408  -0.016845703125 
      0.18022676  -0.020172119141 
      0.18024943  -0.019836425781 
      0.18027211  -0.016052246094 
      0.18029478  -0.0093383789062 
      0.18031746  -0.0010070800781 
      0.18034014  0.0075378417969 
      0.18036281   0.014739990234 
      0.18038549   0.019348144531 
      0.18040816   0.020599365234 
      0.18043084   0.018096923828 
      0.18045351   0.012451171875 
      0.18047619  0.0046081542969 
      0.18049887  -0.0040893554688 
      0.18052154  -0.012023925781 
      0.18054422  -0.017852783203 
      0.18056689    -0.0205078125 
      0.18058957  -0.019500732422 
      0.18061224  -0.015075683594 
      0.18063492  -0.0079345703125 
       0.1806576  0.00057983398438 
      0.18068027  0.0089721679688 
      0.18070295   0.015747070312 
      0.18072562   0.019714355469 
       0.1807483   0.020172119141 
      0.18077098   0.017059326172 
      0.18079365   0.010864257812 
      0.18081633  0.0027770996094 
        0.180839  -0.0058288574219 
      0.18086168  -0.013336181641 
      0.18088435  -0.018493652344 
      0.18090703  -0.020324707031 
      0.18092971  -0.018524169922 
      0.18095238  -0.013427734375 
      0.18097506  -0.0058898925781 
      0.18099773   0.002685546875 
      0.18102041   0.010772705078 
      0.18104308   0.016937255859 
      0.18106576   0.020050048828 
      0.18108844   0.019622802734 
      0.18111111   0.015686035156 
      0.18113379  0.0089111328125 
      0.18115646  0.00057983398438 
      0.18117914  -0.0079040527344 
      0.18120181  -0.014984130859 
      0.18122449  -0.019378662109 
      0.18124717  -0.020355224609 
      0.18126984  -0.017700195312 
      0.18129252  -0.011871337891 
      0.18131519  -0.0039978027344 
      0.18133787  0.0046691894531 
      0.18136054   0.012512207031 
      0.18138322   0.018096923828 
       0.1814059   0.020477294922 
      0.18142857   0.019256591797 
      0.18145125   0.014587402344 
      0.18147392  0.0073852539062 
       0.1814966  -0.0011596679688 
      0.18151927  -0.0094604492188 
      0.18154195  -0.016082763672 
      0.18156463  -0.019866943359 
       0.1815873  -0.020050048828 
      0.18160998  -0.016784667969 
      0.18163265  -0.010467529297 
      0.18165533  -0.0023803710938 
        0.181678  0.0061645507812 
      0.18170068   0.013549804688 
      0.18172336   0.018493652344 
      0.18174603   0.020172119141 
      0.18176871   0.018218994141 
      0.18179138   0.013061523438 
      0.18181406  0.0055847167969 
      0.18183673  -0.0028381347656 
      0.18185941  -0.010711669922 
      0.18188209  -0.016693115234 
      0.18190476  -0.019653320312 
      0.18192744   -0.01904296875 
      0.18195011  -0.015106201172 
      0.18197279  -0.0084533691406 
      0.18199546  -0.00030517578125 
      0.18201814  0.0078735351562 
      0.18204082   0.014587402344 
      0.18206349   0.018707275391 
      0.18208617   0.019439697266 
      0.18210884   0.016723632812 
      0.18213152   0.011016845703 
       0.1821542  0.0033569335938 
      0.18217687    -0.0048828125 
      0.18219955  -0.012268066406 
      0.18222222  -0.017425537109 
       0.1822449  -0.019439697266 
      0.18226757  -0.018035888672 
      0.18229025  -0.013366699219 
      0.18231293   -0.00634765625 
       0.1823356  0.0018005371094 
      0.18235828  0.0096130371094 
      0.18238095   0.015716552734 
      0.18240363   0.019012451172 
       0.1824263   0.018890380859 
      0.18244898   0.015411376953 
      0.18247166  0.0091857910156 
      0.18249433  0.0013427734375 
      0.18251701  -0.0067138671875 
      0.18253968  -0.013580322266 
      0.18256236  -0.018035888672 
      0.18258503  -0.019195556641 
      0.18260771  -0.016998291016 
      0.18263039  -0.011779785156 
      0.18265306  -0.0044555664062 
      0.18267574   0.003662109375 
      0.18269841   0.011047363281 
      0.18272109   0.016510009766 
      0.18274376   0.018951416016 
      0.18276644    0.01806640625 
      0.18278912   0.013946533203 
      0.18281179    0.00732421875 
      0.18283447  -0.00054931640625 
      0.18285714  -0.0082702636719 
      0.18287982  -0.014556884766 
      0.18290249  -0.018218994141 
      0.18292517  -0.018585205078 
      0.18294785  -0.015716552734 
      0.18297052  -0.0099792480469 
       0.1829932  -0.0025024414062 
      0.18301587    0.00537109375 
      0.18303855   0.012298583984 
      0.18306122   0.017028808594 
       0.1830839   0.018707275391 
      0.18310658   0.017028808594 
      0.18312925   0.012329101562 
      0.18315193  0.0054321289062 
       0.1831746  -0.0024108886719 
      0.18319728  -0.0097961425781 
      0.18321995  -0.015441894531 
      0.18324263  -0.018341064453 
      0.18326531  -0.017944335938 
      0.18328798  -0.014373779297 
      0.18331066  -0.0082397460938 
      0.18333333  -0.00070190429688 
      0.18335601  0.0069885253906 
      0.18337868   0.013397216797 
      0.18340136   0.017425537109 
      0.18342404   0.018341064453 
      0.18344671   0.016021728516 
      0.18346939   0.010864257812 
      0.18349206  0.0037841796875 
      0.18351474  -0.0039367675781 
      0.18353741  -0.010925292969 
      0.18356009  -0.015960693359 
      0.18358277  -0.018127441406 
      0.18360544   -0.01708984375 
      0.18362812  -0.013031005859 
      0.18365079  -0.0066833496094 
      0.18367347  0.00082397460938 
      0.18369615  0.0081481933594 
      0.18371882   0.013977050781 
       0.1837415   0.017333984375 
      0.18376417      0.017578125 
      0.18378685   0.014678955078 
      0.18380952  0.0092163085938 
       0.1838322  0.0021362304688 
      0.18385488  -0.0052795410156 
      0.18387755  -0.011688232422 
      0.18390023  -0.015991210938 
       0.1839229  -0.017425537109 
      0.18394558  -0.015747070312 
      0.18396825  -0.011260986328 
      0.18399093  -0.0048217773438 
      0.18401361    0.00244140625 
      0.18403628    0.00927734375 
      0.18405896   0.014373779297 
      0.18408163   0.016937255859 
      0.18410431   0.016418457031 
      0.18412698   0.013000488281 
      0.18414966  0.0072631835938 
      0.18417234   0.000244140625 
      0.18419501  -0.0068054199219 
      0.18421769  -0.012542724609 
      0.18424036  -0.016052246094 
      0.18426304  -0.016693115234 
      0.18428571  -0.014373779297 
      0.18430839  -0.0094604492188 
      0.18433107  -0.0028991699219 
      0.18435374  0.0041809082031 
      0.18437642   0.010467529297 
      0.18439909   0.014862060547 
      0.18442177     0.0166015625 
      0.18444444   0.015380859375 
      0.18446712   0.011444091797 
       0.1844898  0.0054626464844 
      0.18451247   -0.00146484375 
      0.18453515  -0.008056640625 
      0.18455782  -0.013244628906 
       0.1845805  -0.015991210938 
      0.18460317  -0.015960693359 
      0.18462585  -0.013031005859 
      0.18464853  -0.0078430175781 
       0.1846712  -0.0012817382812 
      0.18469388  0.0054321289062 
      0.18471655   0.011169433594 
      0.18473923   0.014862060547 
       0.1847619   0.015899658203 
      0.18478458   0.014038085938 
      0.18480726  0.0097351074219 
      0.18482993  0.0037536621094 
      0.18485261  -0.0028991699219 
      0.18487528  -0.0089416503906 
      0.18489796  -0.013397216797 
      0.18492063  -0.015380859375 
      0.18494331  -0.014587402344 
      0.18496599  -0.011199951172 
      0.18498866  -0.0057983398438 
      0.18501134  0.00054931640625 
      0.18503401  0.0067749023438 
      0.18505669   0.011749267578 
      0.18507937   0.014617919922 
      0.18510204   0.014801025391 
      0.18512472   0.012329101562 
      0.18514739  0.0075988769531 
      0.18517007  0.0015869140625 
      0.18519274  -0.0047302246094 
      0.18521542  -0.010162353516 
       0.1852381  -0.013763427734 
      0.18526077  -0.014831542969 
      0.18528345  -0.013275146484 
      0.18530612  -0.0093383789062 
       0.1853288  -0.0037231445312 
      0.18535147  0.0025634765625 
      0.18537415  0.0083312988281 
      0.18539683   0.012664794922 
       0.1854195   0.014678955078 
      0.18544218   0.014038085938 
      0.18546485   0.010894775391 
      0.18548753  0.0058288574219 
       0.1855102  -0.000244140625 
      0.18553288  -0.0062866210938 
      0.18555556  -0.011199951172 
      0.18557823  -0.014068603516 
      0.18560091  -0.014434814453 
      0.18562358  -0.012237548828 
      0.18564626  -0.0079040527344 
      0.18566893  -0.0021362304688 
      0.18569161  0.0039672851562 
      0.18571429  0.0093383789062 
      0.18573696   0.013000488281 
      0.18575964   0.014373779297 
      0.18578231   0.013122558594 
      0.18580499  0.0096130371094 
      0.18582766  0.0043640136719 
      0.18585034  -0.0016174316406 
      0.18587302  -0.0072326660156 
      0.18589569  -0.011535644531 
      0.18591837  -0.013793945312 
      0.18594104  -0.013549804688 
      0.18596372  -0.010894775391 
      0.18598639   -0.00634765625 
      0.18600907  -0.00067138671875 
      0.18603175  0.0050659179688 
      0.18605442  0.0098571777344 
       0.1860771   0.012878417969 
      0.18609977   0.013549804688 
      0.18612245   0.011840820312 
      0.18614512  0.0080261230469 
       0.1861678  0.0028076171875 
      0.18619048  -0.0028686523438 
      0.18621315  -0.0080261230469 
      0.18623583  -0.011657714844 
       0.1862585  -0.013214111328 
      0.18628118  -0.012420654297 
      0.18630385  -0.0093383789062 
      0.18632653  -0.0047302246094 
      0.18634921  0.00076293945312 
      0.18637188  0.0060119628906 
      0.18639456   0.010192871094 
      0.18641723   0.012512207031 
      0.18643991   0.012512207031 
      0.18646259   0.010375976562 
      0.18648526  0.0063781738281 
      0.18650794  0.0012512207031 
      0.18653061  -0.0040283203125 
      0.18655329  -0.0085144042969 
      0.18657596  -0.011474609375 
      0.18659864  -0.012359619141 
      0.18662132  -0.010986328125 
      0.18664399  -0.0076904296875 
      0.18666667  -0.0030517578125 
      0.18668934  0.0021057128906 
      0.18671202     0.0068359375 
      0.18673469   0.010314941406 
      0.18675737   0.011871337891 
      0.18678005   0.011322021484 
      0.18680272  0.0087280273438 
       0.1868254  0.0045776367188 
      0.18684807  -0.00033569335938 
      0.18687075  -0.0051574707031 
      0.18689342  -0.0090026855469 
       0.1869161  -0.011260986328 
      0.18693878  -0.011444091797 
      0.18696145  -0.0095825195312 
      0.18698413  -0.0060424804688 
       0.1870068  -0.0014343261719 
      0.18702948  0.0033874511719 
      0.18705215  0.0075988769531 
      0.18707483   0.010375976562 
      0.18709751   0.011322021484 
      0.18712018   0.010192871094 
      0.18714286    0.00732421875 
      0.18716553  0.0031433105469 
      0.18718821  -0.0015258789062 
      0.18721088  -0.0059509277344 
      0.18723356  -0.0092163085938 
      0.18725624  -0.010833740234 
      0.18727891  -0.010467529297 
      0.18730159  -0.0082702636719 
      0.18732426  -0.004638671875 
      0.18734694  -0.00021362304688 
      0.18736961   0.004150390625 
      0.18739229  0.0077819824219 
      0.18741497  0.0099487304688 
      0.18743764   0.010314941406 
      0.18746032  0.0088195800781 
      0.18748299  0.0057983398438 
      0.18750567  0.0017700195312 
      0.18752834  -0.0025634765625 
      0.18755102   -0.00634765625 
       0.1875737  -0.0089111328125 
      0.18759637  -0.0098571777344 
      0.18761905  -0.0090026855469 
      0.18764172  -0.0065307617188 
       0.1876644    -0.0029296875 
      0.18768707  0.0011901855469 
      0.18770975  0.0050354003906 
      0.18773243  0.0079650878906 
       0.1877551  0.0093383789062 
      0.18777778  0.0090637207031 
      0.18780045  0.0071411132812 
      0.18782313       0.00390625 
       0.1878458                0 
      0.18786848  -0.0038757324219 
      0.18789116  -0.0070495605469 
      0.18791383  -0.0088806152344 
      0.18793651  -0.0091247558594 
      0.18795918  -0.0076904296875 
      0.18798186    -0.0048828125 
      0.18800454  -0.0011901855469 
      0.18802721   0.002685546875 
      0.18804989   0.006103515625 
      0.18807256  0.0083618164062 
      0.18809524  0.0091247558594 
      0.18811791  0.0082397460938 
      0.18814059  0.0058898925781 
      0.18816327  0.0024719238281 
      0.18818594  -0.0013732910156 
      0.18820862  -0.0049438476562 
      0.18823129  -0.0075988769531 
      0.18825397  -0.0088806152344 
      0.18827664  -0.008544921875 
      0.18829932  -0.0067443847656 
        0.188322  -0.0037231445312 
      0.18834467  -3.0517578125e-05 
      0.18836735  0.0035705566406 
      0.18839002  0.0065612792969 
       0.1884127  0.0083618164062 
      0.18843537  0.0086059570312 
      0.18845805  0.0073547363281 
      0.18848073  0.0047607421875 
       0.1885034  0.0013732910156 
      0.18852608  -0.0022277832031 
      0.18854875  -0.0054321289062 
      0.18857143  -0.0075988769531 
       0.1885941  -0.0083923339844 
      0.18861678  -0.0076599121094 
      0.18863946  -0.0055847167969 
      0.18866213  -0.0025329589844 
      0.18868481  0.00094604492188 
      0.18870748  0.0042419433594 
      0.18873016  0.0067138671875 
      0.18875283  0.0079345703125 
      0.18877551  0.0077514648438 
      0.18879819  0.0061950683594 
      0.18882086  0.0035400390625 
      0.18884354   0.000244140625 
      0.18886621  -0.0030517578125 
      0.18888889  -0.0057373046875 
      0.18891156  -0.0073852539062 
      0.18893424  -0.0076904296875 
      0.18895692  -0.006591796875 
      0.18897959  -0.0043640136719 
      0.18900227  -0.0013122558594 
      0.18902494  0.0018920898438 
      0.18904762  0.0046997070312 
      0.18907029  0.0066223144531 
      0.18909297  0.0073852539062 
      0.18911565  0.0067138671875 
      0.18913832  0.0049133300781 
        0.189161  0.0022583007812 
      0.18918367  -0.00082397460938 
      0.18920635  -0.0036926269531 
      0.18922902  -0.0058288574219 
       0.1892517  -0.0068969726562 
      0.18927438  -0.0066833496094 
      0.18929705  -0.0052795410156 
      0.18931973    -0.0029296875 
       0.1893424  -9.1552734375e-05 
      0.18936508  0.0027465820312 
      0.18938776  0.0050354003906 
      0.18941043    0.00634765625 
      0.18943311  0.0065002441406 
      0.18945578  0.0054321289062 
      0.18947846    0.00341796875 
      0.18950113  0.00079345703125 
      0.18952381  -0.0019836425781 
      0.18954649  -0.0043640136719 
      0.18956916  -0.0058898925781 
      0.18959184  -0.0063171386719 
      0.18961451  -0.0055847167969 
      0.18963719  -0.0038146972656 
      0.18965986  -0.0013427734375 
      0.18968254  0.0013427734375 
      0.18970522  0.0038146972656 
      0.18972789  0.0055236816406 
      0.18975057  0.0061950683594 
      0.18977324  0.0057678222656 
      0.18979592  0.0042114257812 
      0.18981859  0.0019226074219 
      0.18984127  -0.000732421875 
      0.18986395  -0.0032043457031 
      0.18988662  -0.0050964355469 
       0.1899093  -0.006103515625 
      0.18993197  -0.0059204101562 
      0.18995465  -0.0046997070312 
      0.18997732  -0.0025634765625 
            0.19                0 
      0.19002268  0.0025939941406 
      0.19004535  0.0046691894531 
      0.19006803  0.0058898925781 
       0.1900907  0.0060424804688 
      0.19011338  0.0050659179688 
      0.19013605   0.003173828125 
      0.19015873   0.000732421875 
      0.19018141  -0.0018615722656 
      0.19020408  -0.0040893554688 
      0.19022676  -0.0055847167969 
      0.19024943  -0.0060119628906 
      0.19027211  -0.0054016113281 
      0.19029478  -0.0036926269531 
      0.19031746  -0.0014038085938 
      0.19034014  0.0011596679688 
      0.19036281  0.0035400390625 
      0.19038549  0.0051879882812 
      0.19040816  0.0059509277344 
      0.19043084  0.0055541992188 
      0.19045351   0.004150390625 
      0.19047619  0.0020141601562 
      0.19049887  -0.00051879882812 
      0.19052154  -0.0029602050781 
      0.19054422  -0.0048217773438 
      0.19056689  -0.0057983398438 
      0.19058957  -0.0057373046875 
      0.19061224  -0.0045776367188 
      0.19063492  -0.0026245117188 
       0.1906576  -0.0001220703125 
      0.19068027  0.0023803710938 
      0.19070295  0.0044250488281 
      0.19072562  0.0057067871094 
       0.1907483  0.0059204101562 
      0.19077098  0.0050048828125 
      0.19079365  0.0032043457031 
      0.19081633  0.00082397460938 
        0.190839  -0.0017700195312 
      0.19086168  -0.0039978027344 
      0.19088435  -0.0054931640625 
      0.19090703  -0.0060424804688 
      0.19092971  -0.0054626464844 
      0.19095238  -0.0038452148438 
      0.19097506  -0.0015869140625 
      0.19099773  0.0010070800781 
      0.19102041  0.0033874511719 
      0.19104308  0.0051879882812 
      0.19106576  0.0060424804688 
      0.19108844  0.0057678222656 
      0.19111111  0.0044555664062 
      0.19113379  0.0023498535156 
      0.19115646  -0.00018310546875 
      0.19117914  -0.0027160644531 
      0.19120181  -0.0047302246094 
      0.19122449     -0.005859375 
      0.19124717  -0.0059509277344 
      0.19126984  -0.0049743652344 
      0.19129252  -0.0030517578125 
      0.19131519  -0.0006103515625 
      0.19133787      0.001953125 
      0.19136054  0.0041198730469 
      0.19138322  0.0055847167969 
       0.1914059  0.0060424804688 
      0.19142857  0.0053405761719 
      0.19145125  0.0037231445312 
      0.19147392  0.0014038085938 
       0.1914966  -0.0011901855469 
      0.19151927  -0.0035095214844 
      0.19154195  -0.0052185058594 
      0.19156463  -0.0059509277344 
       0.1915873  -0.005615234375 
      0.19160998  -0.0042724609375 
      0.19163265  -0.0021057128906 
      0.19165533  0.00042724609375 
        0.191678  0.0028381347656 
      0.19170068  0.0047607421875 
      0.19172336      0.005859375 
      0.19174603  0.0058288574219 
      0.19176871  0.0047607421875 
      0.19179138  0.0028686523438 
      0.19181406  0.00042724609375 
      0.19183673  -0.0021057128906 
      0.19185941  -0.0042419433594 
      0.19188209  -0.005615234375 
      0.19190476  -0.0059509277344 
      0.19192744  -0.0051879882812 
      0.19195011  -0.0035095214844 
      0.19197279  -0.0011901855469 
      0.19199546  0.0013427734375 
      0.19201814  0.0036315917969 
      0.19204082  0.0052185058594 
      0.19206349      0.005859375 
      0.19208617  0.0054626464844 
      0.19210884  0.0040283203125 
      0.19213152  0.0018615722656 
       0.1921542  -0.00064086914062 
      0.19217687  -0.0030212402344 
      0.19219955  -0.0048217773438 
      0.19222222  -0.0057373046875 
       0.1922449  -0.005615234375 
      0.19226757  -0.0044555664062 
      0.19229025   -0.00244140625 
      0.19231293                0 
       0.1923356  0.0024719238281 
      0.19235828  0.0044860839844 
      0.19238095  0.0056457519531 
      0.19240363  0.0058288574219 
       0.1924263     0.0048828125 
      0.19244898  0.0030517578125 
      0.19247166  0.00057983398438 
      0.19249433     -0.001953125 
      0.19251701  -0.0041809082031 
      0.19253968  -0.0056762695312 
      0.19256236  -0.0060729980469 
      0.19258503  -0.0054626464844 
      0.19260771  -0.0037536621094 
      0.19263039  -0.0013427734375 
      0.19265306  0.0013122558594 
      0.19267574  0.0037841796875 
      0.19269841  0.0056457519531 
      0.19272109  0.0064392089844 
      0.19274376   0.006103515625 
      0.19276644   0.004638671875 
      0.19278912  0.0023193359375 
      0.19281179  -0.00042724609375 
      0.19283447  -0.003173828125 
      0.19285714   -0.00537109375 
      0.19287982  -0.0066223144531 
      0.19290249  -0.0067443847656 
      0.19292517  -0.005615234375 
      0.19294785  -0.0034790039062 
      0.19297052  -0.000732421875 
       0.1929932  0.0022277832031 
      0.19301587  0.0047912597656 
      0.19303855  0.0065612792969 
      0.19306122  0.0071716308594 
       0.1930839  0.0065307617188 
      0.19310658  0.0047302246094 
      0.19312925  0.0020751953125 
      0.19315193    -0.0009765625 
       0.1931746  -0.0038452148438 
      0.19319728  -0.0060424804688 
      0.19321995  -0.0072326660156 
      0.19324263  -0.0071105957031 
      0.19326531  -0.0057373046875 
      0.19328798  -0.0033874511719 
      0.19331066  -0.00039672851562 
      0.19333333  0.0026245117188 
      0.19335601  0.0052185058594 
      0.19337868     0.0068359375 
      0.19340136  0.0072937011719 
      0.19342404  0.0064392089844 
      0.19344671  0.0044555664062 
      0.19346939  0.0016784667969 
      0.19349206  -0.0013732910156 
      0.19351474  -0.0042114257812 
      0.19353741  -0.0062255859375 
      0.19356009  -0.0071716308594 
      0.19358277  -0.0068054199219 
      0.19360544  -0.0052185058594 
      0.19362812  -0.002685546875 
      0.19365079  0.00027465820312 
      0.19367347  0.0032043457031 
      0.19369615  0.0055541992188 
      0.19371882  0.0068664550781 
       0.1937415  0.0069274902344 
      0.19376417  0.0057678222656 
      0.19378685  0.0035400390625 
      0.19380952  0.00064086914062 
       0.1938322  -0.0023498535156 
      0.19385488    -0.0048828125 
      0.19387755  -0.0066223144531 
      0.19390023  -0.0071105957031 
       0.1939229  -0.0062866210938 
      0.19394558  -0.0043640136719 
      0.19396825  -0.0015869140625 
      0.19399093  0.0014953613281 
      0.19401361  0.0042724609375 
      0.19403628  0.0063171386719 
      0.19405896  0.0072631835938 
      0.19408163  0.0068969726562 
      0.19410431  0.0052185058594 
      0.19412698  0.0026550292969 
      0.19414966  -0.00045776367188 
      0.19417234  -0.0034790039062 
      0.19419501  -0.0058898925781 
      0.19421769  -0.0072937011719 
      0.19424036  -0.0073547363281 
      0.19426304  -0.0061340332031 
      0.19428571  -0.0037536621094 
      0.19430839  -0.00070190429688 
      0.19433107  0.0024719238281 
      0.19435374  0.0052185058594 
      0.19437642   0.007080078125 
      0.19439909  0.0076599121094 
      0.19442177     0.0068359375 
      0.19444444  0.0047912597656 
      0.19446712  0.0018920898438 
       0.1944898  -0.0013732910156 
      0.19451247  -0.0044250488281 
      0.19453515  -0.0066528320312 
      0.19455782  -0.0076904296875 
       0.1945805  -0.0073547363281 
      0.19460317  -0.0056762695312 
      0.19462585  -0.0029602050781 
      0.19464853  0.00030517578125 
       0.1946712  0.0035400390625 
      0.19469388  0.0061645507812 
      0.19471655  0.0076904296875 
      0.19473923  0.0077819824219 
       0.1947619  0.0065002441406 
      0.19478458  0.0039978027344 
      0.19480726  0.00076293945312 
      0.19482993  -0.0026245117188 
      0.19485261  -0.0056457519531 
      0.19487528  -0.0076293945312 
      0.19489796  -0.0082397460938 
      0.19492063  -0.0074157714844 
      0.19494331  -0.0051879882812 
      0.19496599  -0.0020446777344 
      0.19498866  0.0014953613281 
      0.19501134  0.0048522949219 
      0.19503401  0.0073852539062 
      0.19505669  0.0085754394531 
      0.19507937    0.00830078125 
      0.19510204  0.0065307617188 
      0.19512472  0.0035400390625 
      0.19514739  -6.103515625e-05 
      0.19517007  -0.0037231445312 
      0.19519274  -0.0067138671875 
      0.19521542  -0.0085754394531 
       0.1952381  -0.0089416503906 
      0.19526077  -0.0076904296875 
      0.19528345  -0.0050964355469 
      0.19530612  -0.0015869140625 
       0.1953288   0.002197265625 
      0.19535147  0.0056457519531 
      0.19537415   0.008056640625 
      0.19539683  0.0091247558594 
       0.1954195   0.008544921875 
      0.19544218  0.0064392089844 
      0.19546485  0.0032348632812 
      0.19548753  -0.0006103515625 
       0.1955102  -0.0043029785156 
      0.19553288  -0.0072021484375 
      0.19555556  -0.0088806152344 
      0.19557823  -0.0089416503906 
      0.19560091  -0.0074462890625 
      0.19562358  -0.0045471191406 
      0.19564626  -0.00091552734375 
      0.19566893     0.0029296875 
      0.19569161  0.0062255859375 
      0.19571429  0.0083923339844 
      0.19573696  0.0090942382812 
      0.19575964  0.0081787109375 
      0.19578231  0.0057373046875 
      0.19580499  0.0022888183594 
      0.19582766  -0.0015869140625 
      0.19585034  -0.0051879882812 
      0.19587302  -0.0078735351562 
      0.19589569  -0.0091247558594 
      0.19591837    -0.0087890625 
      0.19594104  -0.0068054199219 
      0.19596372  -0.0036315917969 
      0.19598639  0.00021362304688 
      0.19600907  0.0039978027344 
      0.19603175  0.0071411132812 
      0.19605442  0.0089721679688 
       0.1960771  0.0092163085938 
      0.19609977        0.0078125 
      0.19612245  0.0050048828125 
      0.19614512  0.0013122558594 
       0.1961678  -0.0026550292969 
      0.19619048  -0.0061645507812 
      0.19621315  -0.008544921875 
      0.19623583  -0.0093994140625 
       0.1962585  -0.0085754394531 
      0.19628118  -0.0062255859375 
      0.19630385  -0.0027770996094 
      0.19632653  0.0012512207031 
      0.19634921  0.0050354003906 
      0.19637188  0.0079040527344 
      0.19639456  0.0093383789062 
      0.19641723  0.0091247558594 
      0.19643991  0.0072631835938 
      0.19646259  0.0040893554688 
      0.19648526  0.00015258789062 
      0.19650794  -0.0037841796875 
      0.19653061  -0.0071105957031 
      0.19655329  -0.0090942382812 
      0.19657596  -0.0094604492188 
      0.19659864  -0.0081176757812 
      0.19662132  -0.0052795410156 
      0.19664399   -0.00146484375 
      0.19666667  0.0026245117188 
      0.19668934  0.0062561035156 
      0.19671202     0.0087890625 
      0.19673469  0.0097351074219 
      0.19675737  0.0089416503906 
      0.19678005  0.0065002441406 
      0.19680272  0.0028381347656 
       0.1968254  -0.0013427734375 
      0.19684807  -0.0053405761719 
      0.19687075  -0.0083923339844 
      0.19689342  -0.0099792480469 
       0.1969161  -0.0097961425781 
      0.19693878       -0.0078125 
      0.19696145  -0.0044250488281 
      0.19698413  -0.00015258789062 
       0.1970068  0.0041198730469 
      0.19702948  0.0077819824219 
      0.19705215   0.010040283203 
      0.19707483   0.010528564453 
      0.19709751  0.0091247558594 
      0.19712018  0.0061340332031 
      0.19714286      0.001953125 
      0.19716553  -0.0025939941406 
      0.19718821  -0.0067138671875 
      0.19721088  -0.0096740722656 
      0.19723356  -0.010955810547 
      0.19725624  -0.010284423828 
      0.19727891  -0.0077819824219 
      0.19730159      -0.00390625 
      0.19732426  0.00070190429688 
      0.19734694  0.0052490234375 
      0.19736961  0.0088500976562 
      0.19739229   0.010894775391 
      0.19741497   0.011016845703 
      0.19743764  0.0091857910156 
      0.19746032  0.0057373046875 
      0.19748299   0.001220703125 
      0.19750567  -0.0035095214844 
      0.19752834  -0.0076599121094 
      0.19755102  -0.010437011719 
       0.1975737  -0.011352539062 
      0.19759637  -0.010223388672 
      0.19761905  -0.0072937011719 
      0.19764172  -0.0030517578125 
       0.1976644  0.0017700195312 
      0.19768707  0.0062866210938 
      0.19770975  0.0097045898438 
      0.19773243   0.011413574219 
       0.1977551   0.011016845703 
      0.19777778  0.0086669921875 
      0.19780045  0.0047302246094 
      0.19782313  -9.1552734375e-05 
       0.1978458  -0.0049133300781 
      0.19786848  -0.0088806152344 
      0.19789116  -0.011260986328 
      0.19791383  -0.011657714844 
      0.19793651  -0.0099182128906 
      0.19795918  -0.0063781738281 
      0.19798186  -0.0016479492188 
      0.19800454  0.0033874511719 
      0.19802721  0.0078735351562 
      0.19804989   0.011016845703 
      0.19807256    0.01220703125 
      0.19809524   0.011138916016 
      0.19811791  0.0081176757812 
      0.19814059  0.0036010742188 
      0.19816327  -0.0016479492188 
      0.19818594  -0.0066223144531 
      0.19820862  -0.010498046875 
      0.19823129  -0.012512207031 
      0.19825397  -0.012329101562 
      0.19827664  -0.0098876953125 
      0.19829932  -0.0057067871094 
        0.198322  -0.00042724609375 
      0.19834467  0.0049438476562 
      0.19836735  0.0094909667969 
      0.19839002   0.012420654297 
       0.1984127   0.013122558594 
      0.19843537   0.011505126953 
      0.19845805        0.0078125 
      0.19848073  0.0027160644531 
       0.1985034  -0.0028991699219 
      0.19852608  -0.008056640625 
      0.19854875  -0.011810302734 
      0.19857143  -0.013488769531 
       0.1985941  -0.012756347656 
      0.19861678  -0.0097351074219 
      0.19863946  -0.0049743652344 
      0.19866213  0.00067138671875 
      0.19868481  0.0062866210938 
      0.19870748   0.010803222656 
      0.19873016   0.013397216797 
      0.19875283   0.013641357422 
      0.19877551   0.011444091797 
      0.19879819  0.0071716308594 
      0.19882086  0.0016174316406 
      0.19884354  -0.0043029785156 
      0.19886621  -0.0094909667969 
      0.19888889  -0.012969970703 
      0.19891156  -0.014190673828 
      0.19893424  -0.012908935547 
      0.19895692   -0.00927734375 
      0.19897959  -0.0039367675781 
      0.19900227  0.0021057128906 
      0.19902494  0.0077819824219 
      0.19904762   0.012145996094 
      0.19907029   0.014404296875 
      0.19909297   0.014038085938 
      0.19911565    0.01123046875 
      0.19913832    0.00634765625 
        0.199161  0.00033569335938 
      0.19918367  -0.0057983398438 
      0.19920635  -0.010925292969 
      0.19922902  -0.014099121094 
       0.1992517  -0.014831542969 
      0.19927438  -0.012847900391 
      0.19929705  -0.0086364746094 
      0.19931973  -0.0028076171875 
       0.1993424  0.0035095214844 
      0.19936508  0.0092163085938 
      0.19938776   0.013305664062 
      0.19941043   0.015045166016 
      0.19943311   0.014099121094 
      0.19945578   0.010620117188 
      0.19947846  0.0052185058594 
      0.19950113  -0.0010681152344 
      0.19952381  -0.0072631835938 
      0.19954649  -0.012145996094 
      0.19956916  -0.014862060547 
      0.19959184  -0.014892578125 
      0.19961451  -0.012268066406 
      0.19963719  -0.0074157714844 
      0.19965986  -0.001220703125 
      0.19968254  0.0052490234375 
      0.19970522   0.010772705078 
      0.19972789   0.014434814453 
      0.19975057   0.015441894531 
      0.19977324      0.013671875 
      0.19979592  0.0094604492188 
      0.19981859  0.0034484863281 
      0.19984127  -0.0032043457031 
      0.19986395  -0.0093383789062 
      0.19988662  -0.013824462891 
       0.1999093  -0.015869140625 
      0.19993197  -0.015045166016 
      0.19995465  -0.011505126953 
      0.19997732  -0.0058288574219 
             0.2  0.00088500976562 
      0.20002268   0.007568359375 
      0.20004535   0.012969970703 
      0.20006803   0.016082763672 
       0.2000907   0.016326904297 
      0.20011338   0.013641357422 
      0.20013605  0.0085144042969 
      0.20015873  0.0017700195312 
      0.20018141  -0.0053405761719 
      0.20020408  -0.011566162109 
      0.20022676  -0.015777587891 
      0.20024943  -0.017242431641 
      0.20027211        -0.015625 
      0.20029478   -0.01123046875 
      0.20031746  -0.0047912597656 
      0.20034014  0.0025634765625 
      0.20036281  0.0094909667969 
      0.20038549   0.014801025391 
      0.20040816   0.017517089844 
      0.20043084    0.01708984375 
      0.20045351      0.013671875 
      0.20047619        0.0078125 
      0.20049887  0.00051879882812 
      0.20052154  -0.0068969726562 
      0.20054422  -0.013092041016 
      0.20056689  -0.017028808594 
      0.20058957  -0.017944335938 
      0.20061224        -0.015625 
      0.20063492  -0.010528564453 
       0.2006576  -0.0035400390625 
      0.20068027  0.0041198730469 
      0.20070295   0.011047363281 
      0.20072562   0.016052246094 
       0.2007483   0.018188476562 
      0.20077098   0.017059326172 
      0.20079365   0.012878417969 
      0.20081633  0.0063781738281 
        0.200839  -0.0013427734375 
      0.20086168  -0.0088195800781 
      0.20088435  -0.014770507812 
      0.20090703  -0.018127441406 
      0.20092971  -0.018218994141 
      0.20095238  -0.015045166016 
      0.20097506  -0.0091247558594 
      0.20099773  -0.0015258789062 
      0.20102041  0.0063781738281 
      0.20104308   0.013214111328 
      0.20106576   0.017730712891 
      0.20108844   0.019134521484 
      0.20111111   0.017059326172 
      0.20113379   0.011932373047 
      0.20115646  0.0046081542969 
      0.20117914  -0.0035705566406 
      0.20120181  -0.011199951172 
      0.20122449  -0.016937255859 
      0.20124717  -0.019653320312 
      0.20126984  -0.018920898438 
      0.20129252  -0.014770507812 
      0.20131519  -0.0079956054688 
      0.20133787  0.00030517578125 
      0.20136054  0.0085754394531 
      0.20138322   0.015411376953 
       0.2014059   0.019561767578 
      0.20142857   0.020233154297 
      0.20145125   0.017364501953 
      0.20147392   0.011383056641 
       0.2014966  0.0033264160156 
      0.20151927  -0.0053405761719 
      0.20154195  -0.013153076172 
      0.20156463  -0.018646240234 
       0.2015873  -0.020843505859 
      0.20160998  -0.019409179688 
      0.20163265  -0.014434814453 
      0.20165533  -0.0069274902344 
        0.201678  0.0018005371094 
      0.20170068   0.010284423828 
      0.20172336   0.016998291016 
      0.20174603   0.020660400391 
      0.20176871   0.020660400391 
      0.20179138   0.016998291016 
      0.20181406    0.01025390625 
      0.20183673  0.0017395019531 
      0.20185941  -0.0071716308594 
      0.20188209  -0.014801025391 
      0.20190476  -0.019836425781 
      0.20192744  -0.021331787109 
      0.20195011  -0.019012451172 
      0.20197279  -0.013244628906 
      0.20199546  -0.005126953125 
      0.20201814  0.0039672851562 
      0.20204082   0.012390136719 
      0.20206349   0.018646240234 
      0.20208617   0.021545410156 
      0.20210884   0.020629882812 
      0.20213152   0.016021728516 
       0.2021542  0.0084533691406 
      0.20217687  -0.00067138671875 
      0.20219955  -0.0097045898438 
      0.20222222   -0.01708984375 
       0.2022449  -0.021453857422 
      0.20226757  -0.022003173828 
      0.20229025  -0.018585205078 
      0.20231293  -0.011871337891 
       0.2023356    -0.0029296875 
      0.20235828  0.0065612792969 
      0.20238095   0.014984130859 
      0.20240363   0.020782470703 
       0.2024263   0.022888183594 
      0.20244898   0.020965576172 
      0.20247166   0.015289306641 
      0.20249433     0.0068359375 
      0.20251701  -0.0028991699219 
      0.20253968  -0.012145996094 
      0.20256236  -0.019348144531 
      0.20258503  -0.023101806641 
      0.20260771  -0.022766113281 
      0.20263039  -0.018402099609 
      0.20265306  -0.010711669922 
      0.20267574  -0.0010986328125 
      0.20269841  0.0087280273438 
      0.20272109   0.017059326172 
      0.20274376   0.022399902344 
      0.20276644   0.023803710938 
      0.20278912   0.020935058594 
      0.20281179   0.014312744141 
      0.20283447  0.0051574707031 
      0.20285714  -0.0049743652344 
      0.20287982  -0.014282226562 
      0.20290249  -0.021026611328 
      0.20292517  -0.024078369141 
      0.20294785  -0.022827148438 
      0.20297052  -0.017517089844 
       0.2029932  -0.0090026855469 
      0.20301587  0.0011291503906 
      0.20303855   0.011108398438 
      0.20306122   0.019104003906 
       0.2030839   0.023773193359 
      0.20310658   0.024200439453 
      0.20312925   0.020294189453 
      0.20315193   0.012725830078 
       0.2031746  0.0028381347656 
      0.20319728  -0.0076293945312 
      0.20321995  -0.016784667969 
      0.20324263  -0.022979736328 
      0.20326531  -0.025115966797 
      0.20328798  -0.022735595703 
      0.20331066  -0.016326904297 
      0.20333333  -0.0069580078125 
      0.20335601  0.0037231445312 
      0.20337868   0.013793945312 
      0.20340136      0.021484375 
      0.20342404      0.025390625 
      0.20344671   0.024810791016 
      0.20346939   0.019805908203 
      0.20349206   0.011260986328 
      0.20351474  0.00067138671875 
      0.20353741  -0.010131835938 
      0.20356009  -0.019134521484 
      0.20358277  -0.024810791016 
      0.20360544  -0.026092529297 
      0.20362812  -0.022796630859 
      0.20365079  -0.015380859375 
      0.20367347  -0.0052490234375 
      0.20369615  0.0058288574219 
      0.20371882   0.015930175781 
       0.2037415   0.023254394531 
      0.20376417   0.026458740234 
      0.20378685   0.024963378906 
      0.20380952   0.019012451172 
       0.2038322  0.0097045898438 
      0.20385488  -0.0013732910156 
      0.20387755  -0.012176513672 
      0.20390023  -0.020874023438 
       0.2039229   -0.02587890625 
      0.20394558  -0.026275634766 
      0.20396825   -0.02197265625 
      0.20399093  -0.013793945312 
      0.20401361  -0.0030822753906 
      0.20403628  0.0081481933594 
      0.20405896   0.017913818359 
      0.20408163   0.024536132812 
      0.20410431   0.026824951172 
      0.20412698   0.024322509766 
      0.20414966   0.017425537109 
      0.20417234  0.0074462890625 
      0.20419501      -0.00390625 
      0.20421769  -0.014556884766 
      0.20424036  -0.022644042969 
      0.20426304  -0.026733398438 
      0.20428571  -0.026031494141 
      0.20430839  -0.020629882812 
      0.20433107  -0.011596679688 
      0.20435374  -0.00045776367188 
      0.20437642   0.010833740234 
      0.20439909   0.020172119141 
      0.20442177   0.025970458984 
      0.20444444   0.027130126953 
      0.20446712   0.023406982422 
       0.2044898   0.015533447266 
      0.20451247  0.0048522949219 
      0.20453515  -0.0067443847656 
      0.20455782  -0.017150878906 
       0.2045805  -0.024566650391 
      0.20460317  -0.027587890625 
      0.20462585  -0.025665283203 
      0.20464853  -0.019165039062 
       0.2046712  -0.0092163085938 
      0.20469388  0.0024108886719 
      0.20471655   0.013641357422 
      0.20473923   0.022491455078 
       0.2047619   0.027374267578 
      0.20478458       0.02734375 
      0.20480726   0.022399902344 
      0.20482993   0.013488769531 
      0.20485261  0.0021057128906 
      0.20487528  -0.0097045898438 
      0.20489796  -0.019836425781 
      0.20492063  -0.026458740234 
      0.20494331  -0.028411865234 
      0.20496599  -0.025268554688 
      0.20498866  -0.017669677734 
      0.20501134    -0.0068359375 
      0.20503401  0.0052490234375 
      0.20505669   0.016448974609 
      0.20507937   0.024780273438 
      0.20510204   0.028717041016 
      0.20512472   0.027587890625 
      0.20514739   0.021545410156 
      0.20517007   0.011657714844 
      0.20519274  -0.00033569335938 
      0.20521542  -0.012329101562 
       0.2052381  -0.022125244141 
      0.20526077  -0.028076171875 
      0.20528345  -0.029052734375 
      0.20530612   -0.02490234375 
       0.2053288  -0.016296386719 
      0.20535147  -0.0047912597656 
      0.20537415  0.0075378417969 
      0.20539683   0.018585205078 
       0.2054195   0.026336669922 
      0.20544218   0.029418945312 
      0.20546485       0.02734375 
      0.20548753   0.020324707031 
       0.2055102      0.009765625 
      0.20553288  -0.0025329589844 
      0.20555556  -0.014404296875 
      0.20557823  -0.023712158203 
      0.20560091   -0.02880859375 
      0.20562358  -0.028778076172 
      0.20564626  -0.023620605469 
      0.20566893  -0.014312744141 
      0.20569161  -0.0023803710938 
      0.20571429  0.0099182128906 
      0.20573696   0.020477294922 
      0.20575964   0.027374267578 
      0.20578231   0.029388427734 
      0.20580499   0.026214599609 
      0.20582766   0.018310546875 
      0.20585034  0.0071411132812 
      0.20587302  -0.0052795410156 
      0.20589569  -0.016845703125 
      0.20591837  -0.025360107422 
      0.20594104  -0.029357910156 
      0.20596372  -0.028167724609 
      0.20598639  -0.021942138672 
      0.20600907  -0.011779785156 
      0.20603175    0.00048828125 
      0.20605442     0.0126953125 
       0.2060771   0.022674560547 
      0.20609977   0.028594970703 
      0.20612245   0.029449462891 
      0.20614512   0.025054931641 
       0.2061678   0.016204833984 
      0.20619048  0.0044555664062 
      0.20621315  -0.0080871582031 
      0.20623583  -0.019226074219 
       0.2062585  -0.026947021484 
      0.20628118  -0.029907226562 
      0.20630385  -0.027557373047 
      0.20632653  -0.020263671875 
      0.20634921  -0.0094299316406 
      0.20637188  0.0031127929688 
      0.20639456   0.015106201172 
      0.20641723     0.0244140625 
      0.20643991   0.029357910156 
      0.20646259   0.029144287109 
      0.20648526   0.023681640625 
      0.20650794   0.014038085938 
      0.20653061  0.0019226074219 
      0.20655329  -0.010589599609 
      0.20657596  -0.021148681641 
      0.20659864  -0.028015136719 
      0.20662132   -0.02978515625 
      0.20664399  -0.026306152344 
      0.20666667  -0.018127441406 
      0.20668934  -0.0067443847656 
      0.20671202  0.0058898925781 
      0.20673469   0.017425537109 
      0.20675737    0.02587890625 
      0.20678005   0.029724121094 
      0.20680272   0.028259277344 
       0.2068254   0.021697998047 
      0.20684807   0.011322021484 
      0.20687075  -0.0011291503906 
      0.20689342  -0.013336181641 
       0.2069161  -0.023193359375 
      0.20693878  -0.028961181641 
      0.20696145  -0.029479980469 
      0.20698413  -0.024780273438 
       0.2070068  -0.015686035156 
      0.20702948  -0.0037231445312 
      0.20705215  0.0088806152344 
      0.20707483   0.019927978516 
      0.20709751   0.027435302734 
      0.20712018   0.030059814453 
      0.20714286       0.02734375 
      0.20716553   0.019744873047 
      0.20718821  0.0086059570312 
      0.20721088  -0.0040893554688 
      0.20723356  -0.016052246094 
      0.20725624  -0.025177001953 
      0.20727891  -0.029815673828 
      0.20730159  -0.029174804688 
      0.20732426  -0.023315429688 
      0.20734694  -0.013336181641 
      0.20736961  -0.00094604492188 
      0.20739229   0.011596679688 
      0.20741497   0.022094726562 
      0.20743764   0.028686523438 
      0.20746032   0.030151367188 
      0.20748299   0.026275634766 
      0.20750567   0.017669677734 
      0.20752834  0.0059814453125 
      0.20755102  -0.0067749023438 
       0.2075737  -0.018371582031 
      0.20759637  -0.026702880859 
      0.20761905  -0.030242919922 
      0.20764172  -0.028442382812 
       0.2076644  -0.021545410156 
      0.20768707  -0.010864257812 
      0.20770975  0.0017700195312 
      0.20773243   0.014099121094 
       0.2077551    0.02392578125 
      0.20777778   0.029479980469 
      0.20780045    0.02978515625 
      0.20782313   0.024810791016 
       0.2078458   0.015380859375 
      0.20786848  0.0032958984375 
      0.20789116  -0.0094299316406 
      0.20791383  -0.020477294922 
      0.20793651  -0.027862548828 
      0.20795918    -0.0302734375 
      0.20798186  -0.027282714844 
      0.20800454  -0.019500732422 
      0.20802721  -0.0082092285156 
      0.20804989  0.0045471191406 
      0.20807256   0.016479492188 
      0.20809524   0.025451660156 
      0.20811791   0.029907226562 
      0.20814059   0.029052734375 
      0.20816327   0.023010253906 
      0.20818594   0.012847900391 
      0.20820862  0.00045776367188 
      0.20823129  -0.012054443359 
      0.20825397  -0.022369384766 
      0.20827664  -0.028717041016 
      0.20829932  -0.029968261719 
        0.208322  -0.025848388672 
      0.20834467  -0.017150878906 
      0.20836735  -0.0054016113281 
      0.20839002    0.00732421875 
       0.2084127   0.018707275391 
      0.20843537   0.026794433594 
      0.20845805   0.030090332031 
      0.20848073   0.028015136719 
       0.2085034   0.020965576172 
      0.20852608   0.010192871094 
      0.20854875  -0.0024108886719 
      0.20857143  -0.014587402344 
       0.2085941  -0.024169921875 
      0.20861678  -0.029388427734 
      0.20863946  -0.029449462891 
      0.20866213  -0.024261474609 
      0.20868481  -0.014709472656 
      0.20870748  -0.0025634765625 
      0.20873016   0.010009765625 
      0.20875283   0.020843505859 
      0.20877551   0.027954101562 
      0.20879819   0.030090332031 
      0.20882086    0.02685546875 
      0.20884354   0.018890380859 
      0.20886621  0.0075378417969 
      0.20888889  -0.0050964355469 
      0.20891156  -0.016876220703 
      0.20893424  -0.025634765625 
      0.20895692  -0.029815673828 
      0.20897959  -0.028686523438 
      0.20900227  -0.022521972656 
      0.20902494  -0.012329101562 
      0.20904762  3.0517578125e-05 
      0.20907029   0.012390136719 
      0.20909297   0.022491455078 
      0.20911565   0.028656005859 
      0.20913832   0.029632568359 
        0.209161      0.025390625 
      0.20918367   0.016632080078 
      0.20920635  0.0049743652344 
      0.20922902  -0.0075988769531 
       0.2092517  -0.018768310547 
      0.20927438  -0.026611328125 
      0.20929705  -0.029693603516 
      0.20931973  -0.027496337891 
       0.2093424  -0.020385742188 
      0.20936508  -0.0097045898438 
      0.20938776   0.002685546875 
      0.20941043   0.014617919922 
      0.20943311   0.023864746094 
      0.20945578   0.028930664062 
      0.20947846   0.028778076172 
      0.20950113   0.023529052734 
      0.20952381   0.014099121094 
      0.20954649  0.0022277832031 
      0.20956916  -0.010070800781 
      0.20959184  -0.020538330078 
      0.20961451  -0.027374267578 
      0.20963719  -0.029266357422 
      0.20965986  -0.026000976562 
      0.20968254  -0.018096923828 
      0.20970522  -0.0069885253906 
      0.20972789  0.0053405761719 
      0.20975057   0.016693115234 
      0.20977324   0.025054931641 
      0.20979592   0.028961181641 
      0.20981859   0.027679443359 
      0.20984127   0.021514892578 
      0.20986395   0.011505126953 
      0.20988662  -0.00051879882812 
       0.2099093  -0.012420654297 
      0.20993197  -0.022125244141 
      0.20995465  -0.027862548828 
      0.20997732  -0.028625488281 
            0.21  -0.024261474609 
      0.21002268  -0.015655517578 
      0.21004535  -0.0042724609375 
      0.21006803  0.0078430175781 
       0.2100907   0.018585205078 
      0.21011338   0.025939941406 
      0.21013605   0.028686523438 
      0.21015873   0.026336669922 
      0.21018141   0.019287109375 
      0.21020408  0.0088195800781 
      0.21022676  -0.0032043457031 
      0.21024943  -0.014617919922 
      0.21027211       -0.0234375 
      0.21029478  -0.028045654297 
      0.21031746  -0.027679443359 
      0.21034014  -0.022369384766 
      0.21036281  -0.013122558594 
      0.21038549  -0.0015258789062 
      0.21040816   0.010314941406 
      0.21043084   0.020294189453 
      0.21045351   0.026641845703 
      0.21047619   0.028228759766 
      0.21049887   0.024841308594 
      0.21052154   0.017028808594 
      0.21054422  0.0061645507812 
      0.21056689  -0.0057373046875 
      0.21058957    -0.0166015625 
      0.21061224  -0.024505615234 
      0.21063492  -0.028015136719 
       0.2106576  -0.026550292969 
      0.21068027  -0.020385742188 
      0.21070295  -0.010620117188 
      0.21072562  0.0010070800781 
       0.2107483   0.012420654297 
      0.21077098   0.021606445312 
      0.21079365   0.026916503906 
      0.21081633   0.027465820312 
        0.210839   0.023101806641 
      0.21086168   0.014678955078 
      0.21088435  0.0036315917969 
      0.21090703  -0.0079650878906 
      0.21092971  -0.018157958984 
      0.21095238  -0.025054931641 
      0.21097506  -0.027496337891 
      0.21099773  -0.025024414062 
      0.21102041  -0.018127441406 
      0.21104308  -0.0080261230469 
      0.21106576  0.0034790039062 
      0.21108844   0.014343261719 
      0.21111111   0.022613525391 
      0.21113379   0.026794433594 
      0.21115646   0.026245117188 
      0.21117914    0.02099609375 
      0.21120181   0.012084960938 
      0.21122449     0.0009765625 
      0.21124717   -0.01025390625 
      0.21126984  -0.019622802734 
      0.21129252  -0.025482177734 
      0.21131519  -0.026824951172 
      0.21133787  -0.023345947266 
      0.21136054  -0.015716552734 
      0.21138322  -0.0053405761719 
       0.2114059  0.0059509277344 
      0.21142857   0.016204833984 
      0.21145125   0.023529052734 
      0.21147392   0.026672363281 
       0.2114966   0.025085449219 
      0.21151927   0.019012451172 
      0.21154195  0.0096130371094 
      0.21156463  -0.0014953613281 
       0.2115873  -0.012268066406 
      0.21160998  -0.020874023438 
      0.21163265  -0.025726318359 
      0.21165533  -0.026031494141 
        0.211678  -0.021759033203 
      0.21170068  -0.013610839844 
      0.21172336  -0.0030517578125 
      0.21174603  0.0079650878906 
      0.21176871   0.017517089844 
      0.21179138   0.023956298828 
      0.21181406   0.026153564453 
      0.21183673   0.023681640625 
      0.21185941   0.017059326172 
      0.21188209  0.0073852539062 
      0.21190476  -0.0035095214844 
      0.21192744  -0.013732910156 
      0.21195011     -0.021484375 
      0.21197279     -0.025390625 
      0.21199546  -0.024780273438 
      0.21201814  -0.019775390625 
      0.21204082  -0.011322021484 
      0.21206349  -0.00082397460938 
      0.21208617  0.0097045898438 
      0.21210884   0.018493652344 
      0.21213152   0.023986816406 
       0.2121542   0.025177001953 
      0.21217687   0.021911621094 
      0.21219955   0.014770507812 
      0.21222222  0.0050048828125 
       0.2122449  -0.0055847167969 
      0.21226757   -0.01513671875 
      0.21229025   -0.02197265625 
      0.21231293   -0.02490234375 
       0.2123356  -0.023406982422 
      0.21235828  -0.017791748047 
      0.21238095  -0.0089721679688 
      0.21240363  0.0013427734375 
       0.2124263   0.011413574219 
      0.21244898   0.019439697266 
      0.21247166   0.023986816406 
      0.21249433   0.024322509766 
      0.21251701   0.020294189453 
      0.21253968   0.012725830078 
      0.21256236     0.0029296875 
      0.21258503  -0.0073547363281 
      0.21260771  -0.016326904297 
      0.21263039  -0.022369384766 
      0.21265306    -0.0244140625 
      0.21267574  -0.022216796875 
      0.21269841  -0.016052246094 
      0.21272109  -0.0071716308594 
      0.21274376  0.0029907226562 
      0.21276644   0.012573242188 
      0.21278912   0.019897460938 
      0.21281179   0.023651123047 
      0.21283447   0.023223876953 
      0.21285714   0.018768310547 
      0.21287982   0.010986328125 
      0.21290249  0.0013427734375 
      0.21292517  -0.0084838867188 
      0.21294785  -0.016723632812 
      0.21297052  -0.022033691406 
       0.2129932  -0.023345947266 
      0.21301587  -0.020599365234 
      0.21303855  -0.014221191406 
      0.21306122  -0.0053405761719 
       0.2130839  0.0043640136719 
      0.21310658   0.013275146484 
      0.21312925   0.019714355469 
      0.21315193   0.022674560547 
       0.2131746   0.021575927734 
      0.21319728   0.016693115234 
      0.21321995  0.0088195800781 
      0.21324263  -0.00051879882812 
      0.21326531  -0.0097045898438 
      0.21328798  -0.017120361328 
      0.21331066     -0.021484375 
      0.21333333   -0.02197265625 
      0.21335601  -0.018524169922 
      0.21337868  -0.011871337891 
      0.21340136  -0.0030822753906 
      0.21342404  0.0061645507812 
      0.21344671   0.014312744141 
      0.21346939   0.019897460938 
      0.21349206   0.021911621094 
      0.21351474   0.020050048828 
      0.21353741   0.014587402344 
      0.21356009  0.0066223144531 
      0.21358277  -0.0025329589844 
      0.21360544  -0.011169433594 
      0.21362812  -0.017822265625 
      0.21365079  -0.021331787109 
      0.21367347  -0.021026611328 
      0.21369615  -0.016998291016 
      0.21371882  -0.010009765625 
       0.2137415  -0.0012817382812 
      0.21376417  0.0076904296875 
      0.21378685   0.015228271484 
      0.21380952   0.020080566406 
       0.2138322   0.021331787109 
      0.21385488   0.018890380859 
      0.21387755   0.013122558594 
      0.21390023  0.0050659179688 
       0.2139229  -0.0038452148438 
      0.21394558  -0.011993408203 
      0.21396825   -0.01806640625 
      0.21399093  -0.020874023438 
      0.21401361  -0.019958496094 
      0.21403628  -0.015594482422 
      0.21405896  -0.0085144042969 
      0.21408163  6.103515625e-05 
      0.21410431   0.008544921875 
      0.21412698   0.015411376953 
      0.21414966   0.019592285156 
      0.21417234   0.020263671875 
      0.21419501   0.017364501953 
      0.21421769   0.011413574219 
      0.21424036  0.0034790039062 
      0.21426304  -0.0049743652344 
      0.21428571  -0.012512207031 
      0.21430839  -0.017791748047 
      0.21433107  -0.019866943359 
      0.21435374  -0.018432617188 
      0.21437642  -0.013763427734 
      0.21439909  -0.0066833496094 
      0.21442177  0.0015258789062 
      0.21444444  0.0094604492188 
      0.21446712   0.015594482422 
       0.2144898   0.018981933594 
      0.21451247   0.018981933594 
      0.21453515   0.015594482422 
      0.21455782   0.009521484375 
       0.2145805  0.0017700195312 
      0.21460317  -0.0062866210938 
      0.21462585  -0.013153076172 
      0.21464853  -0.017669677734 
       0.2146712   -0.01904296875 
      0.21469388  -0.017028808594 
      0.21471655  -0.012023925781 
      0.21473923  -0.0049743652344 
       0.2147619  0.0030212402344 
      0.21478458   0.010406494141 
      0.21480726   0.015899658203 
      0.21482993   0.018585205078 
      0.21485261   0.018005371094 
      0.21487528   0.014190673828 
      0.21489796  0.0079345703125 
      0.21492063  0.00030517578125 
      0.21494331  -0.0072937011719 
      0.21496599  -0.013610839844 
      0.21498866  -0.017486572266 
      0.21501134  -0.018341064453 
      0.21503401  -0.015869140625 
      0.21505669  -0.010681152344 
      0.21507937  -0.0036315917969 
      0.21510204  0.0040283203125 
      0.21512472   0.010925292969 
      0.21514739   0.015869140625 
      0.21517007   0.018005371094 
      0.21519274   0.016998291016 
      0.21521542   0.012969970703 
       0.2152381  0.0067443847656 
      0.21526077  -0.00064086914062 
      0.21528345  -0.0079345703125 
      0.21530612  -0.013702392578 
       0.2153288   -0.01708984375 
      0.21535147  -0.017456054688 
      0.21537415  -0.014739990234 
      0.21539683  -0.0094909667969 
       0.2154195  -0.0025939941406 
      0.21544218  0.0047302246094 
      0.21546485   0.011138916016 
      0.21548753   0.015563964844 
       0.2155102   0.017272949219 
      0.21553288   0.015930175781 
      0.21555556   0.011810302734 
      0.21557823  0.0056762695312 
      0.21560091   -0.00146484375 
      0.21562358  -0.0082092285156 
      0.21564626  -0.013519287109 
      0.21566893  -0.016418457031 
      0.21569161  -0.016448974609 
      0.21571429  -0.013580322266 
      0.21573696  -0.0083618164062 
      0.21575964  -0.001708984375 
      0.21578231  0.0052185058594 
      0.21580499   0.011138916016 
      0.21582766   0.015106201172 
      0.21585034   0.016387939453 
      0.21587302   0.014801025391 
      0.21589569   0.010650634766 
      0.21591837  0.0046691894531 
      0.21594104  -0.0021057128906 
      0.21596372  -0.0084533691406 
      0.21598639  -0.013275146484 
      0.21600907  -0.015747070312 
      0.21603175  -0.015472412109 
      0.21605442  -0.012512207031 
       0.2160771  -0.0073547363281 
      0.21609977    -0.0009765625 
      0.21612245  0.0055541992188 
      0.21614512   0.011047363281 
       0.2161678   0.014617919922 
      0.21619048   0.015594482422 
      0.21621315   0.013824462891 
      0.21623583  0.0097045898438 
       0.2162585       0.00390625 
      0.21628118  -0.0025329589844 
      0.21630385  -0.0084533691406 
      0.21632653  -0.012847900391 
      0.21634921  -0.015045166016 
      0.21637188  -0.014556884766 
      0.21639456  -0.011535644531 
      0.21641723  -0.0065612792969 
      0.21643991   -0.00048828125 
      0.21646259   0.005615234375 
      0.21648526   0.010681152344 
      0.21650794   0.013885498047 
      0.21653061   0.014617919922 
      0.21655329   0.012817382812 
      0.21657596  0.0087585449219 
      0.21659864  0.0032653808594 
      0.21662132  -0.0027770996094 
      0.21664399  -0.0082702636719 
      0.21666667  -0.012268066406 
      0.21668934  -0.014129638672 
      0.21671202  -0.013488769531 
      0.21673469  -0.010498046875 
      0.21675737  -0.0057067871094 
      0.21678005  3.0517578125e-05 
      0.21680272  0.0056762695312 
       0.2168254   0.010345458984 
      0.21684807    0.01318359375 
      0.21687075      0.013671875 
      0.21689342   0.011779785156 
       0.2169161  0.0078430175781 
      0.21693878  0.0025634765625 
      0.21696145  -0.0031433105469 
      0.21698413  -0.0082092285156 
       0.2170068  -0.011840820312 
      0.21702948  -0.013366699219 
      0.21705215  -0.012603759766 
      0.21707483  -0.0096130371094 
      0.21709751  -0.0050354003906 
      0.21712018    0.00048828125 
      0.21714286  0.0057983398438 
      0.21716553   0.010101318359 
      0.21718821   0.012634277344 
      0.21721088   0.012939453125 
      0.21723356   0.011016845703 
      0.21725624  0.0071716308594 
      0.21727891  0.0021362304688 
      0.21730159  -0.0032348632812 
      0.21732426  -0.0079956054688 
      0.21734694  -0.011352539062 
      0.21736961  -0.012664794922 
      0.21739229  -0.011810302734 
      0.21741497  -0.0089111328125 
      0.21743764  -0.0044860839844 
      0.21746032  0.00064086914062 
      0.21748299  0.0056457519531 
      0.21750567  0.0096130371094 
      0.21752834   0.011901855469 
      0.21755102   0.012054443359 
       0.2175737   0.010162353516 
      0.21759637  0.0064697265625 
      0.21761905  0.0017395019531 
      0.21764172  -0.0032958984375 
       0.2176644  -0.0077209472656 
      0.21768707  -0.010711669922 
      0.21770975  -0.011840820312 
      0.21773243  -0.010894775391 
       0.2177551  -0.008056640625 
      0.21777778  -0.0038146972656 
      0.21780045  0.0010375976562 
      0.21782313  0.0056762695312 
       0.2178458  0.0093078613281 
      0.21786848   0.011291503906 
      0.21789116   0.011291503906 
      0.21791383  0.0093078613281 
      0.21793651  0.0057373046875 
      0.21795918  0.0011291503906 
      0.21798186  -0.0036010742188 
      0.21800454  -0.0076904296875 
      0.21802721  -0.010437011719 
      0.21804989  -0.011352539062 
      0.21807256  -0.010314941406 
      0.21809524  -0.0074462890625 
      0.21811791  -0.0033264160156 
      0.21814059  0.0013427734375 
      0.21816327  0.0057678222656 
      0.21818594  0.0091857910156 
      0.21820862   0.010986328125 
      0.21823129   0.010894775391 
      0.21825397  0.0088806152344 
      0.21827664    0.00537109375 
      0.21829932  0.00094604492188 
        0.218322  -0.0036315917969 
      0.21834467  -0.0075378417969 
      0.21836735  -0.010131835938 
      0.21839002  -0.010986328125 
       0.2184127  -0.0099487304688 
      0.21843537  -0.0071411132812 
      0.21845805  -0.003173828125 
      0.21848073  0.0013427734375 
       0.2185034  0.0055847167969 
      0.21852608  0.0088500976562 
      0.21854875   0.010589599609 
      0.21857143   0.010467529297 
       0.2185941  0.0085754394531 
      0.21861678  0.0051879882812 
      0.21863946  0.00091552734375 
      0.21866213  -0.0034790039062 
      0.21868481  -0.0072021484375 
      0.21870748  -0.0097045898438 
      0.21873016  -0.010528564453 
      0.21875283  -0.009521484375 
      0.21877551  -0.0068664550781 
      0.21879819  -0.0030517578125 
      0.21882086   0.001220703125 
      0.21884354  0.0053100585938 
      0.21886621  0.0084533691406 
      0.21888889   0.010101318359 
      0.21891156  0.0099792480469 
      0.21893424  0.0081787109375 
      0.21895692  0.0049743652344 
      0.21897959  0.00094604492188 
      0.21900227  -0.0032653808594 
      0.21902494    -0.0068359375 
      0.21904762  -0.0092163085938 
      0.21907029  -0.0099792480469 
      0.21909297  -0.009033203125 
      0.21911565  -0.0065307617188 
      0.21913832  -0.0028991699219 
        0.219161   0.001220703125 
      0.21918367  0.0050354003906 
      0.21920635  0.0079956054688 
      0.21922902  0.0095825195312 
       0.2192517  0.0094604492188 
      0.21927438  0.0076599121094 
      0.21929705  0.0045776367188 
      0.21931973  0.00070190429688 
       0.2193424  -0.0032348632812 
      0.21936508  -0.006591796875 
      0.21938776  -0.0088195800781 
      0.21941043  -0.0094604492188 
      0.21943311  -0.0084533691406 
      0.21945578  -0.0059814453125 
      0.21947846  -0.0024108886719 
      0.21950113  0.0015258789062 
      0.21952381  0.0051879882812 
      0.21954649  0.0079650878906 
      0.21956916  0.0093383789062 
      0.21959184   0.009033203125 
      0.21961451  0.0071716308594 
      0.21963719  0.0040588378906 
      0.21965986   0.000244140625 
      0.21968254  -0.003662109375 
      0.21970522  -0.0068969726562 
      0.21972789  -0.0089721679688 
      0.21975057  -0.0094909667969 
      0.21977324  -0.0083312988281 
      0.21979592  -0.0057067871094 
      0.21981859  -0.0021057128906 
      0.21984127  0.0018920898438 
      0.21986395  0.0055847167969 
      0.21988662    0.00830078125 
       0.2199093  0.0096130371094 
      0.21993197    0.00927734375 
      0.21995465  0.0072937011719 
      0.21997732  0.0040283203125 
            0.22  0.00015258789062 
      0.22002268  -0.0038452148438 
      0.22004535  -0.0071716308594 
      0.22006803   -0.00927734375 
       0.2200907  -0.0097961425781 
      0.22011338  -0.0085754394531 
      0.22013605  -0.0059814453125 
      0.22015873  -0.0022583007812 
      0.22018141  0.0018310546875 
      0.22020408   0.005615234375 
      0.22022676  0.0084228515625 
      0.22024943  0.0097961425781 
      0.22027211  0.0094909667969 
      0.22029478   0.007568359375 
      0.22031746  0.0043029785156 
      0.22034014  0.00033569335938 
      0.22036281  -0.0037536621094 
      0.22038549  -0.0071411132812 
      0.22040816  -0.0093383789062 
      0.22043084  -0.0098876953125 
      0.22045351  -0.0087585449219 
      0.22047619  -0.0061340332031 
      0.22049887  -0.0024108886719 
      0.22052154   0.001708984375 
      0.22054422  0.0054931640625 
      0.22056689  0.0083923339844 
      0.22058957  0.0098266601562 
      0.22061224  0.0095825195312 
      0.22063492  0.0076599121094 
       0.2206576  0.0044250488281 
      0.22068027  0.00045776367188 
      0.22070295  -0.0036010742188 
      0.22072562  -0.007080078125 
       0.2207483   -0.00927734375 
      0.22077098  -0.0099487304688 
      0.22079365  -0.0088500976562 
      0.22081633  -0.0062255859375 
        0.220839  -0.0025634765625 
      0.22086168  0.0015869140625 
      0.22088435    0.00537109375 
      0.22090703    0.00830078125 
      0.22092971      0.009765625 
      0.22095238  0.0095520019531 
      0.22097506  0.0076599121094 
      0.22099773  0.0044860839844 
      0.22102041  0.00054931640625 
      0.22104308  -0.0035095214844 
      0.22106576  -0.0069580078125 
      0.22108844  -0.0091857910156 
      0.22111111  -0.0097961425781 
      0.22113379  -0.0087280273438 
      0.22115646  -0.0061340332031 
      0.22117914  -0.0024719238281 
      0.22120181  0.0016174316406 
      0.22122449  0.0054016113281 
      0.22124717  0.0082702636719 
      0.22126984  0.0096740722656 
      0.22129252  0.0093994140625 
      0.22131519  0.0075073242188 
      0.22133787  0.0042724609375 
      0.22136054  0.00027465820312 
      0.22138322  -0.0037231445312 
       0.2214059  -0.0071105957031 
      0.22142857  -0.0092468261719 
      0.22145125  -0.0098266601562 
      0.22147392  -0.0086669921875 
       0.2214966  -0.0059814453125 
      0.22151927  -0.0022277832031 
      0.22154195  0.0018920898438 
      0.22156463  0.0057067871094 
       0.2215873   0.008544921875 
      0.22160998  0.0098876953125 
      0.22163265  0.0095520019531 
      0.22165533   0.007568359375 
        0.221678  0.0042419433594 
      0.22170068  0.00021362304688 
      0.22172336      -0.00390625 
      0.22174603   -0.00732421875 
      0.22176871  -0.0094909667969 
      0.22179138  -0.010070800781 
      0.22181406  -0.0089111328125 
      0.22183673  -0.0061645507812 
      0.22185941  -0.0023803710938 
      0.22188209  0.0017700195312 
      0.22190476  0.0056457519531 
      0.22192744  0.0085144042969 
      0.22195011  0.0099487304688 
      0.22197279  0.0096740722656 
      0.22199546  0.0077209472656 
      0.22201814  0.0044250488281 
      0.22204082  0.00042724609375 
      0.22206349  -0.0036926269531 
      0.22208617  -0.007080078125 
      0.22210884  -0.0092468261719 
      0.22213152  -0.0098266601562 
       0.2221542  -0.0086975097656 
      0.22217687  -0.006103515625 
      0.22219955  -0.0024108886719 
      0.22222222  0.0016174316406 
       0.2222449  0.0054321289062 
      0.22226757  0.0082092285156 
      0.22229025   0.009521484375 
      0.22231293  0.0092163085938 
       0.2223356  0.0072631835938 
      0.22235828  0.0040893554688 
      0.22238095  0.00021362304688 
      0.22240363  -0.0037231445312 
       0.2224263  -0.0069580078125 
      0.22244898  -0.0090026855469 
      0.22247166  -0.0093994140625 
      0.22249433  -0.0082092285156 
      0.22251701  -0.0055541992188 
      0.22253968  -0.0019226074219 
      0.22256236  0.0020446777344 
      0.22258503   0.005615234375 
      0.22260771  0.0082397460938 
      0.22263039  0.0094299316406 
      0.22265306  0.0089416503906 
      0.22267574  0.0069274902344 
      0.22269841   0.003662109375 
      0.22272109  -0.000244140625 
      0.22274376  -0.0040893554688 
      0.22276644  -0.0072326660156 
      0.22278912  -0.0091247558594 
      0.22281179  -0.0094299316406 
      0.22283447  -0.0080871582031 
      0.22285714   -0.00537109375 
      0.22287982  -0.0016784667969 
      0.22290249  0.0022583007812 
      0.22292517      0.005859375 
      0.22294785  0.0083923339844 
      0.22297052   0.009521484375 
       0.2229932  0.0090026855469 
      0.22301587  0.0068969726562 
      0.22303855  0.0036315917969 
      0.22306122  -0.000244140625 
       0.2230839  -0.0040893554688 
      0.22310658  -0.0072326660156 
      0.22312925  -0.0090637207031 
      0.22315193  -0.0093688964844 
       0.2231746  -0.0080261230469 
      0.22319728  -0.0053405761719 
      0.22321995  -0.001708984375 
      0.22324263   0.002197265625 
      0.22326531  0.0057067871094 
      0.22328798  0.0082092285156 
      0.22331066    0.00927734375 
      0.22333333  0.0087585449219 
      0.22335601  0.0067138671875 
      0.22337868  0.0034790039062 
      0.22340136  -0.00030517578125 
      0.22342404  -0.0040588378906 
      0.22344671  -0.007080078125 
      0.22346939  -0.0088500976562 
      0.22349206  -0.0090942382812 
      0.22351474  -0.0077209472656 
      0.22353741  -0.0050354003906 
      0.22356009   -0.00146484375 
      0.22358277  0.0023498535156 
      0.22360544  0.0057678222656 
      0.22362812  0.0081787109375 
      0.22365079  0.0091552734375 
      0.22367347   0.008544921875 
      0.22369615  0.0064392089844 
      0.22371882  0.0032043457031 
       0.2237415  -0.0006103515625 
      0.22376417  -0.0043029785156 
      0.22378685  -0.0072631835938 
      0.22380952  -0.0089721679688 
       0.2238322  -0.0091247558594 
      0.22385488  -0.0076904296875 
      0.22387755  -0.0049438476562 
      0.22390023  -0.0013122558594 
       0.2239229  0.0025634765625 
      0.22394558  0.0059814453125 
      0.22396825  0.0083923339844 
      0.22399093  0.0093688964844 
      0.22401361  0.0086975097656 
      0.22403628  0.0065612792969 
      0.22405896  0.0032958984375 
      0.22408163  -0.0006103515625 
      0.22410431  -0.0043640136719 
      0.22412698  -0.0073547363281 
      0.22414966  -0.0091247558594 
      0.22417234  -0.0093078613281 
      0.22419501  -0.0079345703125 
      0.22421769  -0.005126953125 
      0.22424036  -0.0014953613281 
      0.22426304    0.00244140625 
      0.22428571  0.0059509277344 
      0.22430839  0.0084228515625 
      0.22433107  0.0094909667969 
      0.22435374  0.0088806152344 
      0.22437642  0.0067749023438 
      0.22439909  0.0034790039062 
      0.22442177  -0.00042724609375 
      0.22444444  -0.0042114257812 
      0.22446712  -0.0072937011719 
       0.2244898  -0.0091552734375 
      0.22451247  -0.0094299316406 
      0.22453515  -0.0080871582031 
      0.22455782  -0.0053405761719 
       0.2245805  -0.0016784667969 
      0.22460317  0.0022888183594 
      0.22462585      0.005859375 
      0.22464853  0.0084228515625 
       0.2246712  0.0095520019531 
      0.22469388   0.009033203125 
      0.22471655  0.0069274902344 
      0.22473923   0.003662109375 
       0.2247619  -0.00021362304688 
      0.22478458  -0.0041198730469 
      0.22480726   -0.00732421875 
      0.22482993  -0.0092468261719 
      0.22485261  -0.0096130371094 
      0.22487528   -0.00830078125 
      0.22489796  -0.0055847167969 
      0.22492063  -0.0019226074219 
      0.22494331  0.0021057128906 
      0.22496599  0.0057983398438 
      0.22498866  0.0084838867188 
      0.22501134  0.0097351074219 
      0.22503401  0.0093078613281 
      0.22505669    0.00732421875 
      0.22507937  0.0040283203125 
      0.22510204  9.1552734375e-05 
      0.22512472      -0.00390625 
      0.22514739  -0.0072021484375 
      0.22517007  -0.0093078613281 
      0.22519274  -0.0098266601562 
      0.22521542  -0.0086364746094 
       0.2252381  -0.0060729980469 
      0.22526077  -0.0023803710938 
      0.22528345   0.001708984375 
      0.22530612  0.0054931640625 
       0.2253288  0.0083618164062 
      0.22535147      0.009765625 
      0.22537415   0.009521484375 
      0.22539683  0.0076599121094 
       0.2254195  0.0044860839844 
      0.22544218  0.00054931640625 
      0.22546485  -0.0034484863281 
      0.22548753  -0.0068969726562 
       0.2255102  -0.0091552734375 
      0.22553288  -0.0098266601562 
      0.22555556  -0.0088500976562 
      0.22557823  -0.0063171386719 
      0.22560091  -0.0027160644531 
      0.22562358  0.0013122558594 
      0.22564626   0.005126953125 
      0.22566893  0.0080871582031 
      0.22569161  0.0096130371094 
      0.22571429  0.0094909667969 
      0.22573696  0.0077209472656 
      0.22575964   0.004638671875 
      0.22578231  0.00079345703125 
      0.22580499  -0.0032348632812 
      0.22582766  -0.0066833496094 
      0.22585034  -0.0090026855469 
      0.22587302  -0.0097351074219 
      0.22589569  -0.0088195800781 
      0.22591837  -0.0063171386719 
      0.22594104  -0.0027770996094 
      0.22596372  0.0012512207031 
      0.22598639  0.0050964355469 
      0.22600907  0.0080261230469 
      0.22603175  0.0096130371094 
      0.22605442   0.009521484375 
       0.2260771  0.0077514648438 
      0.22609977   0.004638671875 
      0.22612245   0.000732421875 
      0.22614512  -0.0033569335938 
       0.2261678  -0.0068664550781 
      0.22619048  -0.0091857910156 
      0.22621315  -0.0099182128906 
      0.22623583  -0.0089416503906 
       0.2262585  -0.0064086914062 
      0.22628118  -0.002685546875 
      0.22630385  0.0014343261719 
      0.22632653    0.00537109375 
      0.22634921  0.0084228515625 
      0.22637188   0.010009765625 
      0.22639456  0.0098571777344 
      0.22641723  0.0080261230469 
      0.22643991  0.0047302246094 
      0.22646259  0.00064086914062 
      0.22648526  -0.0036010742188 
      0.22650794  -0.0072937011719 
      0.22653061  -0.0097351074219 
      0.22655329  -0.010467529297 
      0.22657596  -0.0094604492188 
      0.22659864  -0.0067443847656 
      0.22662132  -0.0028686523438 
      0.22664399  0.0015258789062 
      0.22666667  0.0057067871094 
      0.22668934  0.0089721679688 
      0.22671202   0.010650634766 
      0.22673469   0.010559082031 
      0.22675737  0.0086364746094 
      0.22678005  0.0051879882812 
      0.22680272  0.00082397460938 
       0.2268254  -0.0037536621094 
      0.22684807  -0.0076904296875 
      0.22687075  -0.010375976562 
      0.22689342  -0.011260986328 
       0.2269161  -0.010192871094 
      0.22693878  -0.0074157714844 
      0.22696145  -0.0033264160156 
      0.22698413  0.0013427734375 
       0.2270068  0.0058898925781 
      0.22702948  0.0093994140625 
      0.22705215   0.011322021484 
      0.22707483   0.011322021484 
      0.22709751  0.0093994140625 
      0.22712018  0.0058288574219 
      0.22714286   0.001220703125 
      0.22716553  -0.0036010742188 
      0.22718821  -0.0078430175781 
      0.22721088  -0.010803222656 
      0.22723356  -0.011871337891 
      0.22725624  -0.010894775391 
      0.22727891  -0.008056640625 
      0.22730159  -0.0038452148438 
      0.22732426  0.0010681152344 
      0.22734694      0.005859375 
      0.22736961  0.0096435546875 
      0.22739229   0.011749267578 
      0.22741497   0.011871337891 
      0.22743764  0.0099182128906 
      0.22746032  0.0062561035156 
      0.22748299    0.00146484375 
      0.22750567  -0.0036315917969 
      0.22752834  -0.008056640625 
      0.22755102  -0.011138916016 
       0.2275737  -0.012329101562 
      0.22759637  -0.011352539062 
      0.22761905  -0.0084228515625 
      0.22764172  -0.0039367675781 
       0.2276644   0.001220703125 
      0.22768707  0.0062255859375 
      0.22770975   0.010162353516 
      0.22773243   0.012390136719 
       0.2277551   0.012420654297 
      0.22777778   0.010284423828 
      0.22780045    0.00634765625 
      0.22782313  0.0012817382812 
       0.2278458  -0.0040588378906 
      0.22786848  -0.0087585449219 
      0.22789116  -0.011993408203 
      0.22791383  -0.013153076172 
      0.22793651  -0.011993408203 
      0.22795918  -0.0087280273438 
      0.22798186  -0.0039367675781 
      0.22800454  0.0016174316406 
      0.22802721  0.0069580078125 
      0.22804989   0.011138916016 
      0.22807256   0.013397216797 
      0.22809524   0.013336181641 
      0.22811791   0.010955810547 
      0.22814059  0.0066528320312 
      0.22816327  0.0010986328125 
      0.22818594  -0.0046691894531 
      0.22820862  -0.0096740722656 
      0.22823129  -0.013092041016 
      0.22825397  -0.014221191406 
      0.22827664  -0.012847900391 
      0.22829932  -0.0093078613281 
        0.228322  -0.0040283203125 
      0.22834467  0.0019836425781 
      0.22836735  0.0076599121094 
      0.22839002   0.012084960938 
       0.2284127   0.014465332031 
      0.22843537   0.014312744141 
      0.22845805   0.011657714844 
      0.22848073  0.0069274902344 
       0.2285034  0.00094604492188 
      0.22852608  -0.0052490234375 
      0.22854875  -0.010589599609 
      0.22857143  -0.014129638672 
       0.2285941  -0.015197753906 
      0.22861678  -0.013641357422 
      0.22863946  -0.0096740722656 
      0.22866213  -0.0039672851562 
      0.22868481  0.0024719238281 
      0.22870748   0.008544921875 
      0.22873016   0.013214111328 
      0.22875283   0.015563964844 
      0.22877551   0.015197753906 
      0.22879819   0.012176513672 
      0.22882086  0.0069885253906 
      0.22884354  0.00051879882812 
      0.22886621  -0.006103515625 
      0.22888889  -0.011749267578 
      0.22891156  -0.015350341797 
      0.22893424  -0.016296386719 
      0.22895692  -0.014373779297 
      0.22897959  -0.0099487304688 
      0.22900227  -0.003662109375 
      0.22902494  0.0032348632812 
      0.22904762  0.0097045898438 
      0.22907029   0.014526367188 
      0.22909297   0.016815185547 
      0.22911565   0.016204833984 
      0.22913832   0.012725830078 
        0.229161  0.0069885253906 
      0.22918367  -3.0517578125e-05 
      0.22920635  -0.0071411132812 
      0.22922902  -0.013031005859 
       0.2292517  -0.016662597656 
      0.22927438  -0.017456054688 
      0.22929705  -0.015167236328 
      0.22931973  -0.010192871094 
       0.2293424  -0.0033874511719 
      0.22936508  0.0040283203125 
      0.22938776   0.010864257812 
      0.22941043   0.015808105469 
      0.22943311   0.018035888672 
      0.22945578    0.01708984375 
      0.22947846    0.01318359375 
      0.22950113  0.0068969726562 
      0.22952381  -0.0006103515625 
      0.22954649  -0.0081176757812 
      0.22956916  -0.014190673828 
      0.22959184  -0.017852783203 
      0.22961451  -0.018402099609 
      0.22963719  -0.015686035156 
      0.22965986   -0.01025390625 
      0.22968254    -0.0029296875 
      0.22970522  0.0049743652344 
      0.22972789   0.011993408203 
      0.22975057   0.016967773438 
      0.22977324   0.018981933594 
      0.22979592   0.017669677734 
      0.22981859   0.013214111328 
      0.22984127  0.0064392089844 
      0.22986395  -0.0015258789062 
      0.22988662   -0.00927734375 
       0.2299093  -0.015441894531 
      0.22993197  -0.018890380859 
      0.22995465   -0.01904296875 
      0.22997732  -0.015808105469 
            0.23  -0.0097961425781 
      0.23002268  -0.0019836425781 
      0.23004535  0.0062561035156 
      0.23006803   0.013397216797 
       0.2300907   0.018218994141 
      0.23011338   0.019836425781 
      0.23013605   0.017944335938 
      0.23015873   0.012878417969 
      0.23018141  0.0054931640625 
      0.23020408  -0.0029602050781 
      0.23022676  -0.010925292969 
      0.23024943  -0.017059326172 
      0.23027211  -0.020172119141 
      0.23029478  -0.019714355469 
      0.23031746  -0.015747070312 
      0.23034014  -0.0089721679688 
      0.23036281  -0.00054931640625 
      0.23038549  0.0080261230469 
      0.23040816   0.015319824219 
      0.23043084   0.019897460938 
      0.23045351   0.021026611328 
      0.23047619   0.018402099609 
      0.23049887   0.012512207031 
      0.23052154  0.0043640136719 
      0.23054422  -0.004638671875 
      0.23056689  -0.012939453125 
      0.23058957  -0.018981933594 
      0.23061224  -0.021759033203 
      0.23063492  -0.020721435547 
       0.2306576  -0.015960693359 
      0.23068027  -0.0083923339844 
      0.23070295  0.00076293945312 
      0.23072562  0.0098266601562 
       0.2307483   0.017272949219 
      0.23077098   0.021759033203 
      0.23079365   0.022399902344 
      0.23081633   0.019134521484 
        0.230839   0.012481689453 
      0.23086168  0.0035705566406 
      0.23088435  -0.0060424804688 
      0.23090703    -0.0146484375 
      0.23092971  -0.020751953125 
      0.23095238  -0.023223876953 
      0.23097506  -0.021636962891 
      0.23099773  -0.016265869141 
      0.23102041  -0.0079956054688 
      0.23104308   0.001708984375 
      0.23106576    0.01123046875 
      0.23108844   0.018768310547 
      0.23111111   0.023101806641 
      0.23113379   0.023315429688 
      0.23115646   0.019500732422 
      0.23117914    0.01220703125 
      0.23120181  0.0027465820312 
      0.23122449  -0.0072326660156 
      0.23124717  -0.015960693359 
      0.23126984   -0.02197265625 
      0.23129252  -0.024047851562 
      0.23131519  -0.021942138672 
      0.23133787  -0.015960693359 
      0.23136054  -0.0071411132812 
      0.23138322  0.0029907226562 
       0.2314059   0.012634277344 
      0.23142857   0.020050048828 
      0.23145125   0.023986816406 
      0.23147392   0.023651123047 
       0.2314966   0.019165039062 
      0.23151927   0.011199951172 
      0.23154195  0.0012817382812 
      0.23156463  -0.0088806152344 
       0.2315873     -0.017578125 
      0.23160998  -0.023162841797 
      0.23163265  -0.024627685547 
      0.23165533  -0.021759033203 
        0.231678  -0.015045166016 
      0.23170068  -0.0055847167969 
      0.23172336     0.0048828125 
      0.23174603   0.014556884766 
      0.23176871   0.021697998047 
      0.23179138   0.024993896484 
      0.23181406   0.023864746094 
      0.23183673   0.018524169922 
      0.23185941  0.0098571777344 
      0.23188209  -0.0006103515625 
      0.23190476  -0.011047363281 
      0.23192744  -0.019592285156 
      0.23195011  -0.024658203125 
      0.23197279  -0.025360107422 
      0.23199546  -0.021575927734 
      0.23201814  -0.013977050781 
      0.23204082  -0.0038452148438 
      0.23206349  0.0070495605469 
      0.23208617   0.016784667969 
      0.23210884   0.023529052734 
      0.23213152   0.026184082031 
       0.2321542   0.024200439453 
      0.23217687   0.017883300781 
      0.23219955  0.0083618164062 
      0.23222222  -0.002685546875 
       0.2322449  -0.013305664062 
      0.23226757  -0.021636962891 
      0.23229025  -0.026184082031 
      0.23231293  -0.026092529297 
       0.2323356  -0.021362304688 
      0.23235828  -0.012847900391 
      0.23238095     -0.001953125 
      0.23240363  0.0093383789062 
       0.2324263    0.01904296875 
      0.23244898   0.025421142578 
      0.23247166       0.02734375 
      0.23249433   0.024383544922 
      0.23251701   0.017120361328 
      0.23253968  0.0067749023438 
      0.23256236  -0.0048522949219 
      0.23258503  -0.015655517578 
      0.23260771  -0.023803710938 
      0.23263039  -0.027740478516 
      0.23265306  -0.026824951172 
      0.23267574  -0.021087646484 
      0.23269841  -0.011627197266 
      0.23272109  -6.103515625e-05 
      0.23274376   0.011627197266 
      0.23276644   0.021240234375 
      0.23278912   0.027221679688 
      0.23281179   0.028381347656 
      0.23283447   0.024536132812 
      0.23285714   0.016296386719 
      0.23287982  0.0051879882812 
      0.23290249  -0.0068969726562 
      0.23292517  -0.017852783203 
      0.23294785  -0.025695800781 
      0.23297052  -0.028961181641 
       0.2329932  -0.027221679688 
      0.23301587  -0.020599365234 
      0.23303855  -0.010284423828 
      0.23306122  0.0018310546875 
       0.2330839   0.013702392578 
      0.23310658   0.023162841797 
      0.23312925   0.028564453125 
      0.23315193   0.028900146484 
       0.2331746   0.024139404297 
      0.23319728   0.015075683594 
      0.23321995  0.0032958984375 
      0.23324263  -0.0090942382812 
      0.23326531  -0.019897460938 
      0.23328798  -0.027221679688 
      0.23331066  -0.029724121094 
      0.23333333  -0.026947021484 
      0.23335601  -0.019378662109 
      0.23337868   -0.00830078125 
      0.23340136  0.0042419433594 
      0.23342404    0.01611328125 
      0.23344671   0.025146484375 
      0.23346939    0.02978515625 
      0.23349206   0.029083251953 
      0.23351474   0.023223876953 
      0.23353741   0.013214111328 
      0.23356009  0.00079345703125 
      0.23358277  -0.011810302734 
      0.23360544  -0.022369384766 
      0.23362812  -0.029052734375 
      0.23365079  -0.030548095703 
      0.23367347  -0.026611328125 
      0.23369615  -0.017974853516 
      0.23371882  -0.006103515625 
       0.2337415  0.0069580078125 
      0.23376417   0.018829345703 
      0.23378685   0.027435302734 
      0.23380952   0.031188964844 
       0.2338322   0.029449462891 
      0.23385488     0.0224609375 
      0.23387755   0.011505126953 
      0.23390023  -0.0015869140625 
       0.2339229  -0.014404296875 
      0.23394558  -0.024719238281 
      0.23396825  -0.030731201172 
      0.23399093  -0.031341552734 
      0.23401361    -0.0263671875 
      0.23403628  -0.016723632812 
      0.23405896  -0.0040893554688 
      0.23408163  0.0092468261719 
      0.23410431   0.021026611328 
      0.23412698   0.029083251953 
      0.23414966   0.032043457031 
      0.23417234   0.029327392578 
      0.23419501   0.021392822266 
      0.23421769  0.0096740722656 
      0.23424036  -0.0037536621094 
      0.23426304  -0.016571044922 
      0.23428571  -0.026428222656 
      0.23430839  -0.031616210938 
      0.23433107         -0.03125 
      0.23435374  -0.025268554688 
      0.23437642  -0.014831542969 
      0.23439909  -0.001708984375 
      0.23442177   0.011688232422 
      0.23444444   0.023040771484 
      0.23446712   0.030303955078 
       0.2344898   0.032196044922 
      0.23451247     0.0283203125 
      0.23453515   0.019439697266 
      0.23455782  0.0070495605469 
       0.2345805  -0.0066223144531 
      0.23460317  -0.019104003906 
      0.23462585  -0.028289794922 
      0.23464853  -0.032379150391 
       0.2346712  -0.030731201172 
      0.23469388  -0.023620605469 
      0.23471655  -0.012237548828 
      0.23473923  0.0013427734375 
       0.2347619   0.014739990234 
      0.23478458   0.025573730469 
      0.23480726   0.031860351562 
      0.23482993   0.032531738281 
      0.23485261   0.027374267578 
      0.23487528   0.017333984375 
      0.23489796  0.0041809082031 
      0.23492063  -0.0097961425781 
      0.23494331  -0.022064208984 
      0.23496599  -0.030517578125 
      0.23498866  -0.033569335938 
      0.23501134  -0.030639648438 
      0.23503401  -0.022277832031 
      0.23505669  -0.0099487304688 
      0.23507937  0.0042114257812 
      0.23510204   0.017700195312 
      0.23512472   0.028045654297 
      0.23514739   0.033538818359 
      0.23517007   0.033050537109 
      0.23519274   0.026763916016 
      0.23521542   0.015686035156 
       0.2352381  0.0018310546875 
      0.23526077  -0.012390136719 
      0.23528345  -0.024475097656 
      0.23530612  -0.032257080078 
       0.2353288  -0.034362792969 
      0.23535147  -0.030426025391 
      0.23537415  -0.021057128906 
      0.23539683  -0.0079956054688 
       0.2354195  0.0065307617188 
      0.23544218   0.019866943359 
      0.23546485   0.029754638672 
      0.23548753   0.034393310547 
       0.2355102   0.032958984375 
      0.23553288   0.025695800781 
      0.23555556   0.013885498047 
      0.23557823  -0.0003662109375 
      0.23560091  -0.014587402344 
      0.23562358  -0.026184082031 
      0.23564626  -0.033172607422 
      0.23566893  -0.034271240234 
      0.23569161  -0.029327392578 
      0.23571429  -0.019165039062 
      0.23573696  -0.005615234375 
      0.23575964  0.0089111328125 
      0.23578231   0.021881103516 
      0.23580499   0.030975341797 
      0.23582766   0.034576416016 
      0.23585034   0.032012939453 
      0.23587302   0.023742675781 
      0.23589569   0.011291503906 
      0.23591837  -0.003173828125 
      0.23594104  -0.017120361328 
      0.23596372  -0.028015136719 
      0.23598639  -0.033905029297 
      0.23600907  -0.033843994141 
      0.23603175  -0.027709960938 
      0.23605442  -0.016632080078 
       0.2360771  -0.0025939941406 
      0.23609977   0.011932373047 
      0.23612245   0.024383544922 
      0.23614512   0.032531738281 
       0.2361678   0.034851074219 
      0.23619048   0.031066894531 
      0.23621315   0.021697998047 
      0.23623583  0.0084533691406 
       0.2362585  -0.0063171386719 
      0.23628118   -0.02001953125 
      0.23630385  -0.030212402344 
      0.23632653  -0.035064697266 
      0.23634921  -0.033721923828 
      0.23637188    -0.0263671875 
      0.23639456  -0.014312744141 
      0.23641723  0.00027465820312 
      0.23643991   0.014831542969 
      0.23646259    0.02685546875 
      0.23648526   0.034118652344 
      0.23650794   0.035400390625 
      0.23653061   0.030364990234 
      0.23655329   0.019989013672 
      0.23657596  0.0060424804688 
      0.23659864  -0.009033203125 
      0.23662132  -0.022491455078 
      0.23664399  -0.031982421875 
      0.23666667  -0.035858154297 
      0.23668934  -0.033416748047 
      0.23671202  -0.025054931641 
      0.23673469   -0.01220703125 
      0.23675737  0.0027770996094 
      0.23678005   0.017272949219 
      0.23680272   0.028747558594 
       0.2368254       0.03515625 
      0.23684807   0.035339355469 
      0.23687075   0.029266357422 
      0.23689342   0.018035888672 
       0.2369161  0.0035400390625 
      0.23693878  -0.011535644531 
      0.23696145  -0.024627685547 
      0.23698413  -0.033355712891 
       0.2370068  -0.036224365234 
      0.23702948  -0.032623291016 
      0.23705215  -0.023315429688 
      0.23707483  -0.0097961425781 
      0.23709751  0.0054626464844 
      0.23712018   0.019744873047 
      0.23714286   0.030578613281 
      0.23716553   0.036041259766 
      0.23718821   0.035095214844 
      0.23721088   0.027954101562 
      0.23723356   0.015869140625 
      0.23725624  0.00094604492188 
      0.23727891  -0.014129638672 
      0.23730159  -0.026733398438 
      0.23732426   -0.03466796875 
      0.23734694  -0.036468505859 
      0.23736961  -0.031829833984 
      0.23739229  -0.021575927734 
      0.23741497  -0.0074768066406 
      0.23743764  0.0079345703125 
      0.23746032    0.02197265625 
      0.23748299   0.032073974609 
      0.23750567   0.036590576172 
      0.23752834   0.034637451172 
      0.23755102   0.026550292969 
       0.2375737   0.013824462891 
      0.23759637  -0.0013427734375 
      0.23761905  -0.016265869141 
      0.23764172    -0.0283203125 
       0.2376644  -0.035369873047 
      0.23768707  -0.036193847656 
      0.23770975  -0.030578613281 
      0.23773243  -0.019592285156 
       0.2377551  -0.0051574707031 
      0.23777778   0.010162353516 
      0.23780045   0.023681640625 
      0.23782313   0.032989501953 
       0.2378458   0.036468505859 
      0.23786848   0.033477783203 
      0.23789116   0.024566650391 
      0.23791383   0.011322021484 
      0.23793651  -0.0039367675781 
      0.23795918  -0.018463134766 
      0.23798186  -0.029724121094 
      0.23800454  -0.035736083984 
      0.23802721  -0.035369873047 
      0.23804989  -0.028747558594 
      0.23807256  -0.016998291016 
      0.23809524  -0.0022888183594 
      0.23811791   0.012878417969 
      0.23814059   0.025726318359 
      0.23816327   0.034027099609 
      0.23818594   0.036285400391 
      0.23820862   0.032165527344 
      0.23823129   0.022308349609 
      0.23825397  0.0084838867188 
      0.23827664  -0.0068664550781 
      0.23829932  -0.020965576172 
        0.238322  -0.031433105469 
      0.23834467  -0.036315917969 
      0.23836735  -0.034790039062 
      0.23839002  -0.027099609375 
       0.2384127  -0.014617919922 
      0.23843537  0.00042724609375 
      0.23845805   0.015472412109 
      0.23848073   0.027740478516 
       0.2385034       0.03515625 
      0.23852608   0.036346435547 
      0.23854875   0.031127929688 
      0.23857143   0.020446777344 
       0.2385941  0.0061645507812 
      0.23861678  -0.0092163085938 
      0.23863946  -0.022979736328 
      0.23866213  -0.032653808594 
      0.23868481  -0.036590576172 
      0.23870748  -0.034088134766 
      0.23873016  -0.025573730469 
      0.23875283  -0.012512207031 
      0.23877551  0.0026550292969 
      0.23879819   0.017364501953 
      0.23882086   0.028991699219 
      0.23884354   0.035461425781 
      0.23886621   0.035675048828 
      0.23888889   0.029602050781 
      0.23891156   0.018310546875 
      0.23893424  0.0037841796875 
      0.23895692  -0.011352539062 
      0.23897959  -0.024475097656 
      0.23900227  -0.033264160156 
      0.23902494  -0.036102294922 
      0.23904762  -0.032623291016 
      0.23907029  -0.023345947266 
      0.23909297  -0.0099487304688 
      0.23911565  0.0052185058594 
      0.23913832   0.019409179688 
        0.239161   0.030181884766 
      0.23918367   0.035583496094 
      0.23920635   0.034729003906 
      0.23922902   0.027679443359 
       0.2392517   0.015747070312 
      0.23927438  0.0010070800781 
      0.23929705  -0.013854980469 
      0.23931973  -0.026306152344 
       0.2393424  -0.034118652344 
      0.23936508  -0.035888671875 
      0.23938776  -0.031311035156 
      0.23941043  -0.021209716797 
      0.23943311  -0.0073547363281 
      0.23945578  0.0077514648438 
      0.23947846   0.021545410156 
      0.23950113   0.031555175781 
      0.23952381   0.035980224609 
      0.23954649   0.034088134766 
      0.23956916   0.026184082031 
      0.23959184   0.013702392578 
      0.23961451  -0.001220703125 
      0.23963719  -0.015869140625 
      0.23965986  -0.027770996094 
      0.23968254  -0.034759521484 
      0.23970522  -0.035583496094 
      0.23972789  -0.030212402344 
      0.23975057  -0.019500732422 
      0.23977324   -0.00537109375 
      0.23979592  0.0096435546875 
      0.23981859    0.02294921875 
      0.23984127   0.032196044922 
      0.23986395   0.035766601562 
      0.23988662   0.033020019531 
       0.2399093   0.024505615234 
      0.23993197   0.011657714844 
      0.23995465  -0.003173828125 
      0.23997732  -0.017425537109 
            0.24  -0.028564453125 
      0.24002268  -0.034637451172 
      0.24004535  -0.034606933594 
      0.24006803  -0.028472900391 
       0.2400907  -0.017333984375 
      0.24011338  -0.003173828125 
      0.24013605   0.011535644531 
      0.24015873   0.024139404297 
      0.24018141   0.032470703125 
      0.24020408   0.035064697266 
      0.24022676   0.031433105469 
      0.24024943   0.022247314453 
      0.24027211  0.0091857910156 
      0.24029478  -0.0055236816406 
      0.24031746  -0.019165039062 
      0.24034014  -0.029479980469 
      0.24036281  -0.034515380859 
      0.24038549  -0.033447265625 
      0.24040816  -0.026489257812 
      0.24043084  -0.014862060547 
      0.24045351  -0.0006103515625 
      0.24047619   0.013702392578 
      0.24049887   0.025604248047 
      0.24052154   0.032989501953 
      0.24054422   0.034545898438 
      0.24056689   0.029937744141 
      0.24058957   0.020111083984 
      0.24061224  0.0067138671875 
      0.24063492  -0.0078430175781 
       0.2406576   -0.02099609375 
      0.24068027  -0.030426025391 
      0.24070295  -0.034484863281 
      0.24072562  -0.032470703125 
       0.2407483  -0.024719238281 
      0.24077098  -0.012603759766 
      0.24079365   0.001708984375 
      0.24081633   0.015747070312 
        0.240839   0.026947021484 
      0.24086168   0.033416748047 
      0.24088435   0.033966064453 
      0.24090703   0.028564453125 
      0.24092971   0.018096923828 
      0.24095238  0.0044250488281 
      0.24097506  -0.0099792480469 
      0.24099773  -0.022644042969 
      0.24102041  -0.031280517578 
      0.24104308  -0.034423828125 
      0.24106576  -0.031463623047 
      0.24108844   -0.02294921875 
      0.24111111  -0.010406494141 
      0.24113379       0.00390625 
      0.24115646   0.017608642578 
      0.24117914   0.028137207031 
      0.24120181   0.033782958984 
      0.24122449   0.033386230469 
      0.24124717   0.027160644531 
      0.24126984   0.016174316406 
      0.24129252  0.0022888183594 
      0.24131519  -0.011993408203 
      0.24133787  -0.024108886719 
      0.24136054  -0.032012939453 
      0.24138322  -0.034271240234 
       0.2414059  -0.030517578125 
      0.24142857  -0.021392822266 
      0.24145125  -0.0085144042969 
      0.24147392  0.0058898925781 
       0.2414966   0.019195556641 
      0.24151927   0.029144287109 
      0.24154195   0.033996582031 
      0.24156463   0.032836914062 
       0.2415873   0.025970458984 
      0.24160998   0.014495849609 
      0.24163265  0.00054931640625 
      0.24165533  -0.013488769531 
        0.241678  -0.025146484375 
      0.24170068  -0.032409667969 
      0.24172336  -0.033935546875 
      0.24174603  -0.029510498047 
      0.24176871  -0.019958496094 
      0.24179138  -0.0069274902344 
      0.24181406  0.0072631835938 
      0.24183673   0.020172119141 
      0.24185941   0.029510498047 
      0.24188209   0.033660888672 
      0.24190476   0.031860351562 
      0.24192744   0.024536132812 
      0.24195011   0.012908935547 
      0.24197279  -0.00091552734375 
      0.24199546  -0.014526367188 
      0.24201814  -0.025573730469 
      0.24204082  -0.032043457031 
      0.24206349  -0.032867431641 
      0.24208617  -0.027954101562 
      0.24210884  -0.018127441406 
      0.24213152  -0.0051574707031 
       0.2421542  0.0086669921875 
      0.24217687   0.020904541016 
      0.24219955   0.029357910156 
      0.24222222   0.032653808594 
       0.2422449   0.030212402344 
      0.24226757   0.022399902344 
      0.24229025   0.010711669922 
      0.24231293  -0.0028381347656 
       0.2423356  -0.015838623047 
      0.24235828  -0.026000976562 
      0.24238095  -0.031524658203 
      0.24240363  -0.031463623047 
       0.2424263  -0.025848388672 
      0.24244898  -0.015716552734 
      0.24247166  -0.0027770996094 
      0.24249433   0.010589599609 
      0.24251701   0.022064208984 
      0.24253968   0.029602050781 
      0.24256236   0.031951904297 
      0.24258503   0.028564453125 
      0.24260771   0.020202636719 
      0.24263039  0.0082702636719 
      0.24265306  -0.005126953125 
      0.24267574  -0.017608642578 
      0.24269841  -0.026947021484 
      0.24272109  -0.031524658203 
      0.24274376  -0.030548095703 
      0.24276644  -0.024200439453 
      0.24278912  -0.013549804688 
      0.24281179  -0.00054931640625 
      0.24283447   0.012542724609 
      0.24285714        0.0234375 
      0.24287982   0.030181884766 
      0.24290249   0.031585693359 
      0.24292517   0.027435302734 
      0.24294785   0.018463134766 
      0.24297052  0.0062866210938 
       0.2429932  -0.0070190429688 
      0.24301587  -0.019073486328 
      0.24303855  -0.027770996094 
      0.24306122  -0.031555175781 
       0.2430839   -0.02978515625 
      0.24310658  -0.022796630859 
      0.24312925  -0.011810302734 
      0.24315193  0.0012512207031 
       0.2431746   0.014068603516 
      0.24319728     0.0244140625 
      0.24321995   0.030426025391 
      0.24324263   0.031097412109 
      0.24326531   0.026275634766 
      0.24328798   0.016876220703 
      0.24331066  0.0045166015625 
      0.24333333  -0.0086364746094 
      0.24335601  -0.020233154297 
      0.24337868  -0.028289794922 
      0.24340136  -0.031311035156 
      0.24342404  -0.028839111328 
      0.24344671  -0.021301269531 
      0.24346939  -0.010040283203 
      0.24349206  0.0030212402344 
      0.24351474   0.015472412109 
      0.24353741   0.025207519531 
      0.24356009   0.030517578125 
      0.24358277   0.030456542969 
      0.24360544   0.024993896484 
      0.24362812   0.015167236328 
      0.24365079   0.002685546875 
      0.24367347   -0.01025390625 
      0.24369615  -0.021423339844 
      0.24371882  -0.028747558594 
       0.2437415  -0.031066894531 
      0.24376417  -0.027893066406 
      0.24378685  -0.019836425781 
      0.24380952   -0.00830078125 
       0.2438322  0.0046691894531 
      0.24385488   0.016845703125 
      0.24387755   0.026000976562 
      0.24390023   0.030609130859 
       0.2439229   0.029876708984 
      0.24394558   0.023864746094 
      0.24396825      0.013671875 
      0.24399093  0.0010986328125 
      0.24401361  -0.011657714844 
      0.24403628  -0.022308349609 
      0.24405896  -0.029083251953 
      0.24408163  -0.030700683594 
      0.24410431  -0.026947021484 
      0.24412698  -0.018493652344 
      0.24414966  -0.0067749023438 
      0.24417234   0.006103515625 
      0.24419501   0.017883300781 
      0.24421769   0.026489257812 
      0.24424036   0.030426025391 
      0.24426304   0.029052734375 
      0.24428571   0.022521972656 
      0.24430839   0.012084960938 
      0.24433107  -0.00045776367188 
      0.24435374  -0.012878417969 
      0.24437642  -0.023010253906 
      0.24439909  -0.029052734375 
      0.24442177  -0.030029296875 
      0.24444444  -0.025695800781 
      0.24446712  -0.016815185547 
       0.2444898  -0.0050354003906 
      0.24451247  0.0076293945312 
      0.24453515   0.018920898438 
      0.24455782    0.02685546875 
       0.2445805   0.030029296875 
      0.24460317   0.027954101562 
      0.24462585   0.020904541016 
      0.24464853   0.010223388672 
       0.2446712  -0.0022888183594 
      0.24469388  -0.014282226562 
      0.24471655  -0.023864746094 
      0.24473923  -0.029174804688 
       0.2447619  -0.029357910156 
      0.24478458  -0.024353027344 
      0.24480726  -0.015075683594 
      0.24482993  -0.0031433105469 
      0.24485261  0.0093383789062 
      0.24487528   0.020141601562 
      0.24489796   0.027404785156 
      0.24492063   0.029846191406 
      0.24494331   0.027038574219 
      0.24496599   0.019470214844 
      0.24498866  0.0084838867188 
      0.24501134  -0.0039978027344 
      0.24503401  -0.015777587891 
      0.24505669  -0.024749755859 
      0.24507937  -0.029357910156 
      0.24510204   -0.02880859375 
      0.24512472  -0.023223876953 
      0.24514739  -0.013488769531 
      0.24517007  -0.0014343261719 
      0.24519274   0.010803222656 
      0.24521542   0.021209716797 
       0.2452381    0.02783203125 
      0.24526077   0.029602050781 
      0.24528345   0.026123046875 
      0.24530612   0.018035888672 
       0.2453288  0.0068054199219 
      0.24535147  -0.0055847167969 
      0.24537415  -0.017028808594 
      0.24539683     -0.025390625 
       0.2454195  -0.029357910156 
      0.24544218  -0.028106689453 
      0.24546485  -0.021942138672 
      0.24548753  -0.011871337891 
       0.2455102   0.000244140625 
      0.24553288   0.012359619141 
      0.24555556   0.022186279297 
      0.24557823   0.028167724609 
      0.24560091   0.029174804688 
      0.24562358   0.025054931641 
      0.24564626   0.016479492188 
      0.24566893  0.0050354003906 
      0.24569161  -0.0072937011719 
      0.24571429  -0.018371582031 
      0.24573696  -0.026184082031 
      0.24575964  -0.029388427734 
      0.24578231  -0.027404785156 
      0.24580499  -0.020629882812 
      0.24582766  -0.010192871094 
      0.24585034  0.0020446777344 
      0.24587302   0.013916015625 
      0.24589569   0.023376464844 
      0.24591837   0.028686523438 
      0.24594104   0.028991699219 
      0.24596372   0.024169921875 
      0.24598639    0.01513671875 
      0.24600907    0.00341796875 
      0.24603175  -0.0088806152344 
      0.24605442  -0.019622802734 
       0.2460771  -0.026947021484 
      0.24609977  -0.029541015625 
      0.24612245  -0.026916503906 
      0.24614512  -0.019592285156 
       0.2461678  -0.0088195800781 
      0.24619048  0.0034484863281 
      0.24621315   0.015167236328 
      0.24623583   0.024169921875 
       0.2462585   0.028930664062 
      0.24628118   0.028594970703 
      0.24630385   0.023284912109 
      0.24632653   0.013854980469 
      0.24634921  0.0020446777344 
      0.24637188  -0.010131835938 
      0.24639456    -0.0205078125 
      0.24641723  -0.027252197266 
      0.24643991  -0.029205322266 
      0.24646259  -0.026031494141 
      0.24648526  -0.018280029297 
      0.24650794   -0.00732421875 
      0.24653061  0.0049133300781 
      0.24655329   0.016265869141 
      0.24657596   0.024749755859 
      0.24659864    0.02880859375 
      0.24662132    0.02783203125 
      0.24664399   0.022003173828 
      0.24666667    0.01220703125 
      0.24668934  0.00033569335938 
      0.24671202  -0.011566162109 
      0.24673469     -0.021484375 
      0.24675737  -0.027557373047 
      0.24678005  -0.028778076172 
      0.24680272  -0.024993896484 
       0.2468254  -0.016723632812 
      0.24684807  -0.0055541992188 
      0.24687075   0.006591796875 
      0.24689342   0.017547607422 
       0.2469161   0.025451660156 
      0.24693878   0.028839111328 
      0.24696145   0.027160644531 
      0.24698413   0.020660400391 
       0.2470068   0.010559082031 
      0.24702948  -0.0014038085938 
      0.24705215  -0.013092041016 
      0.24707483  -0.022521972656 
      0.24709751  -0.027923583984 
      0.24712018  -0.028411865234 
      0.24714286   -0.02392578125 
      0.24716553  -0.015197753906 
      0.24718821  -0.0038146972656 
      0.24721088  0.0082397460938 
      0.24723356   0.018829345703 
      0.24725624   0.026123046875 
      0.24727891   0.028778076172 
      0.24730159   0.026336669922 
      0.24732426   0.019317626953 
      0.24734694  0.0088195800781 
      0.24736961  -0.003173828125 
      0.24739229  -0.014617919922 
      0.24741497  -0.023468017578 
      0.24743764  -0.028198242188 
      0.24746032  -0.027923583984 
      0.24748299  -0.022735595703 
      0.24750567  -0.013549804688 
      0.24752834  -0.0019836425781 
      0.24755102  0.0099792480469 
       0.2475737   0.020141601562 
      0.24759637   0.026763916016 
      0.24761905   0.028656005859 
      0.24764172   0.025512695312 
       0.2476644   0.017852783203 
      0.24768707  0.0070495605469 
      0.24770975  -0.0049743652344 
      0.24773243   -0.01611328125 
       0.2477551  -0.024475097656 
      0.24777778  -0.028472900391 
      0.24780045  -0.027435302734 
      0.24782313  -0.021575927734 
       0.2478458  -0.011962890625 
      0.24786848  -0.00018310546875 
      0.24789116   0.011566162109 
      0.24791383   0.021331787109 
      0.24793651   0.027313232422 
      0.24795918   0.028442382812 
      0.24798186   0.024597167969 
      0.24800454   0.016418457031 
      0.24802721  0.0053405761719 
      0.24804989  -0.0066223144531 
      0.24807256  -0.017456054688 
      0.24809524  -0.025177001953 
      0.24811791  -0.028442382812 
      0.24814059  -0.026733398438 
      0.24816327  -0.020263671875 
      0.24818594   -0.01025390625 
      0.24820862  0.0016174316406 
      0.24823129   0.013061523438 
      0.24825397   0.022308349609 
      0.24827664   0.027557373047 
      0.24829932   0.027923583984 
        0.248322   0.023376464844 
      0.24834467   0.014678955078 
      0.24836735    0.00341796875 
      0.24839002  -0.0084228515625 
       0.2484127  -0.018798828125 
      0.24843537  -0.025848388672 
      0.24845805    -0.0283203125 
      0.24848073  -0.025787353516 
       0.2485034  -0.018707275391 
      0.24852608   -0.00830078125 
      0.24854875  0.0036010742188 
      0.24857143   0.014831542969 
       0.2485941        0.0234375 
      0.24861678   0.027923583984 
      0.24863946   0.027465820312 
      0.24866213   0.022186279297 
      0.24868481   0.012969970703 
      0.24870748    0.00146484375 
      0.24873016  -0.010284423828 
      0.24875283  -0.020233154297 
      0.24877551  -0.026611328125 
      0.24879819  -0.028289794922 
      0.24882086  -0.025024414062 
      0.24884354  -0.017333984375 
      0.24886621  -0.006591796875 
      0.24888889  0.0053100585938 
      0.24891156   0.016235351562 
      0.24893424   0.024353027344 
      0.24895692   0.028167724609 
      0.24897959   0.026977539062 
      0.24900227   0.021118164062 
      0.24902494   0.011474609375 
      0.24904762  -0.0001220703125 
      0.24907029  -0.011688232422 
      0.24909297  -0.021209716797 
      0.24911565  -0.026947021484 
      0.24913832  -0.027954101562 
        0.249161  -0.024047851562 
      0.24918367  -0.015930175781 
      0.24920635  -0.0050354003906 
      0.24922902  0.0067138671875 
       0.2492517   0.017272949219 
      0.24927438   0.024749755859 
      0.24929705   0.027862548828 
      0.24931973   0.026031494141 
       0.2493424   0.019653320312 
      0.24936508  0.0098266601562 
      0.24938776  -0.0017395019531 
      0.24941043  -0.012908935547 
      0.24943311  -0.021820068359 
      0.24945578   -0.02685546875 
      0.24947846  -0.027130126953 
      0.24950113  -0.022613525391 
      0.24952381  -0.014099121094 
      0.24954649  -0.0031433105469 
      0.24956916  0.0083312988281 
      0.24959184   0.018310546875 
      0.24961451   0.025054931641 
      0.24963719       0.02734375 
      0.24965986   0.024780273438 
      0.24968254   0.017822265625 
      0.24970522  0.0077209472656 
      0.24972789  -0.0036926269531 
      0.24975057  -0.014465332031 
      0.24977324  -0.022613525391 
      0.24979592  -0.026824951172 
      0.24981859  -0.026214599609 
      0.24984127   -0.02099609375 
      0.24986395  -0.012023925781 
      0.24988662    -0.0009765625 
       0.2499093    0.01025390625 
      0.24993197   0.019683837891 
      0.24995465   0.025604248047 
      0.24997732   0.027008056641 
            0.25   0.023651123047 
      0.25002268   0.016082763672 
      0.25004535  0.0056762695312 
      0.25006803  -0.0057067871094 
       0.2500907  -0.016143798828 
      0.25011338  -0.023712158203 
      0.25013605  -0.027069091797 
      0.25015873  -0.025726318359 
      0.25018141  -0.019775390625 
      0.25020408  -0.010406494141 
      0.25022676  0.00082397460938 
      0.25024943   0.011962890625 
      0.25027211   0.020935058594 
      0.25029478   0.026245117188 
      0.25031746   0.026947021484 
      0.25034014   0.022918701172 
      0.25036281   0.014892578125 
      0.25038549  0.0042419433594 
      0.25040816  -0.0071105957031 
      0.25043084  -0.017211914062 
      0.25045351  -0.024291992188 
      0.25047619  -0.027069091797 
      0.25049887  -0.025146484375 
      0.25052154  -0.018798828125 
      0.25054422  -0.0091857910156 
      0.25056689  0.0019836425781 
      0.25058957   0.012817382812 
      0.25061224   0.021331787109 
      0.25063492   0.026031494141 
       0.2506576   0.026245117188 
      0.25068027   0.021789550781 
      0.25070295   0.013549804688 
      0.25072562  0.0029907226562 
       0.2507483  -0.008056640625 
      0.25077098  -0.017608642578 
      0.25079365  -0.024017333984 
      0.25081633  -0.026214599609 
        0.250839  -0.023742675781 
      0.25086168  -0.017120361328 
      0.25088435  -0.0075378417969 
      0.25090703  0.0033569335938 
      0.25092971   0.013580322266 
      0.25095238   0.021331787109 
      0.25097506   0.025299072266 
      0.25099773   0.024780273438 
      0.25102041   0.019897460938 
      0.25104308   0.011505126953 
      0.25106576  0.0010681152344 
      0.25108844  -0.0093994140625 
      0.25111111  -0.018218994141 
      0.25113379  -0.023803710938 
      0.25115646  -0.025115966797 
      0.25117914  -0.021942138672 
      0.25120181  -0.014953613281 
      0.25122449  -0.0052795410156 
      0.25124717  0.0052490234375 
      0.25126984   0.014831542969 
      0.25129252   0.021759033203 
      0.25131519   0.024810791016 
      0.25133787   0.023468017578 
      0.25136054   0.017944335938 
      0.25138322  0.0093078613281 
       0.2514059  -0.0010070800781 
      0.25142857  -0.011077880859 
      0.25145125  -0.019195556641 
      0.25147392  -0.023895263672 
       0.2514966  -0.024353027344 
      0.25151927  -0.020538330078 
      0.25154195  -0.013061523438 
      0.25156463  -0.0032958984375 
       0.2515873  0.0069885253906 
      0.25160998   0.016052246094 
      0.25163265   0.022216796875 
      0.25165533   0.024475097656 
        0.251678   0.022399902344 
      0.25170068   0.016387939453 
      0.25172336  0.0075073242188 
      0.25174603  -0.002685546875 
      0.25176871  -0.012359619141 
      0.25179138  -0.019836425781 
      0.25181406  -0.023773193359 
      0.25183673  -0.023529052734 
      0.25185941  -0.019165039062 
      0.25188209  -0.011413574219 
      0.25190476  -0.0016784667969 
      0.25192744    0.00830078125 
      0.25195011   0.016784667969 
      0.25197279   0.022277832031 
      0.25199546   0.023834228516 
      0.25201814   0.021209716797 
      0.25204082   0.014862060547 
      0.25206349  0.0059204101562 
      0.25208617  -0.0040283203125 
      0.25210884  -0.013214111328 
      0.25213152   -0.02001953125 
       0.2521542  -0.023315429688 
      0.25217687  -0.022491455078 
      0.25219955  -0.017669677734 
      0.25222222  -0.0098266601562 
       0.2522449  -0.00027465820312 
      0.25226757  0.0092468261719 
      0.25229025   0.017120361328 
      0.25231293   0.021911621094 
       0.2523356   0.022857666016 
      0.25235828   0.019775390625 
      0.25238095   0.013214111328 
      0.25240363    0.00439453125 
       0.2524263  -0.0051574707031 
      0.25244898  -0.013732910156 
      0.25247166  -0.019836425781 
      0.25249433  -0.022399902344 
      0.25251701  -0.021026611328 
      0.25253968  -0.015960693359 
      0.25256236  -0.0081481933594 
      0.25258503  0.0010681152344 
      0.25260771   0.010040283203 
      0.25263039   0.017150878906 
      0.25265306   0.021240234375 
      0.25267574   0.021514892578 
      0.25269841   0.018035888672 
      0.25272109   0.011352539062 
      0.25274376  0.0027465820312 
      0.25276644  -0.0062866210938 
      0.25278912   -0.01416015625 
      0.25281179  -0.019470214844 
      0.25283447  -0.021331787109 
      0.25285714  -0.019409179688 
      0.25287982  -0.014068603516 
      0.25290249  -0.0063171386719 
      0.25292517  0.0025329589844 
      0.25294785   0.010864257812 
      0.25297052   0.017242431641 
       0.2529932   0.020538330078 
      0.25301587   0.020202636719 
      0.25303855   0.016296386719 
      0.25306122  0.0095520019531 
       0.2530839  0.0011596679688 
      0.25310658  -0.0074157714844 
      0.25312925  -0.014617919922 
      0.25315193  -0.019226074219 
       0.2531746  -0.020416259766 
      0.25319728  -0.018035888672 
      0.25321995  -0.012481689453 
      0.25324263  -0.0047607421875 
      0.25326531  0.0037231445312 
      0.25328798   0.011505126953 
      0.25331066   0.017272949219 
      0.25333333   0.019958496094 
      0.25335601   0.019134521484 
      0.25337868   0.014984130859 
      0.25340136  0.0082397460938 
      0.25342404  9.1552734375e-05 
      0.25344671  -0.0079956054688 
      0.25346939  -0.014678955078 
      0.25349206  -0.018707275391 
      0.25351474  -0.019500732422 
      0.25353741  -0.016876220703 
      0.25356009  -0.011291503906 
      0.25358277  -0.0038452148438 
      0.25360544  0.0042419433594 
      0.25362812   0.011505126953 
      0.25365079   0.016693115234 
      0.25367347   0.018920898438 
      0.25369615   0.017883300781 
      0.25371882      0.013671875 
       0.2537415  0.0071411132812 
      0.25376417  -0.00054931640625 
      0.25378685  -0.008056640625 
      0.25380952  -0.014099121094 
       0.2538322  -0.017639160156 
      0.25385488  -0.018035888672 
      0.25387755  -0.015258789062 
      0.25390023  -0.0098876953125 
       0.2539229  -0.0028686523438 
      0.25394558  0.0046081542969 
      0.25396825   0.011169433594 
      0.25399093   0.015747070312 
      0.25401361   0.017486572266 
      0.25403628   0.016143798828 
      0.25405896   0.011993408203 
      0.25408163  0.0057983398438 
      0.25410431  -0.0013427734375 
      0.25412698  -0.0081787109375 
      0.25414966  -0.013519287109 
      0.25417234  -0.016418457031 
      0.25419501  -0.016448974609 
      0.25421769  -0.013580322266 
      0.25424036  -0.0083312988281 
      0.25426304  -0.001708984375 
      0.25428571  0.0051574707031 
      0.25430839   0.011047363281 
      0.25433107   0.014953613281 
      0.25435374   0.016235351562 
      0.25437642   0.014678955078 
      0.25439909   0.010528564453 
      0.25442177  0.0046081542969 
      0.25444444  -0.0020446777344 
      0.25446712   -0.00830078125 
       0.2544898  -0.013061523438 
      0.25451247  -0.015502929688 
      0.25453515  -0.015197753906 
      0.25455782  -0.012298583984 
       0.2545805  -0.0072937011719 
      0.25460317  -0.0010681152344 
      0.25462585  0.0052490234375 
      0.25464853   0.010620117188 
       0.2546712   0.014068603516 
      0.25469388   0.015075683594 
      0.25471655   0.013427734375 
      0.25473923   0.009521484375 
       0.2547619  0.0039978027344 
      0.25478458  -0.0021057128906 
      0.25480726       -0.0078125 
      0.25482993  -0.012054443359 
      0.25485261  -0.014190673828 
      0.25487528  -0.013793945312 
      0.25489796  -0.011077880859 
      0.25492063  -0.0064392089844 
      0.25494331  -0.00079345703125 
      0.25496599     0.0048828125 
      0.25498866  0.0096130371094 
      0.25501134   0.012634277344 
      0.25503401   0.013427734375 
      0.25505669   0.011810302734 
      0.25507937  0.0082397460938 
      0.25510204  0.0032958984375 
      0.25512472  -0.0021667480469 
      0.25514739  -0.0071411132812 
      0.25517007  -0.010772705078 
      0.25519274  -0.012481689453 
      0.25521542  -0.011993408203 
       0.2552381  -0.0093994140625 
      0.25526077  -0.0052490234375 
      0.25528345  -0.00021362304688 
      0.25530612  0.0047302246094 
       0.2553288  0.0088195800781 
      0.25535147   0.011291503906 
      0.25537415   0.011749267578 
      0.25539683   0.010162353516 
       0.2554195  0.0067749023438 
      0.25544218  0.0022888183594 
      0.25546485  -0.0025329589844 
      0.25548753  -0.0068664550781 
       0.2555102  -0.0099487304688 
      0.25553288  -0.011291503906 
      0.25555556  -0.010589599609 
      0.25557823  -0.0080871582031 
      0.25560091  -0.0042114257812 
      0.25562358  0.0003662109375 
      0.25564626  0.0048522949219 
      0.25566893  0.0084533691406 
      0.25569161   0.010498046875 
      0.25571429   0.010772705078 
      0.25573696  0.0091857910156 
      0.25575964  0.0060119628906 
      0.25578231  0.0018310546875 
      0.25580499  -0.0026245117188 
      0.25582766  -0.006591796875 
      0.25585034  -0.0093994140625 
      0.25587302  -0.010559082031 
      0.25589569  -0.0099182128906 
      0.25591837  -0.0075988769531 
      0.25594104  -0.0040283203125 
      0.25596372  0.00021362304688 
      0.25598639  0.0043640136719 
      0.25600907  0.0077209472656 
      0.25603175  0.0097351074219 
      0.25605442   0.010070800781 
       0.2560771  0.0087585449219 
      0.25609977  0.0059509277344 
      0.25612245   0.002197265625 
      0.25614512  -0.0018615722656 
       0.2561678  -0.0055541992188 
      0.25619048  -0.0082702636719 
      0.25621315  -0.0095520019531 
      0.25623583  -0.0092468261719 
       0.2562585  -0.0074157714844 
      0.25628118  -0.0043334960938 
      0.25630385  -0.0006103515625 
      0.25632653   0.003173828125 
      0.25634921  0.0062866210938 
      0.25637188  0.0083618164062 
      0.25639456  0.0089721679688 
      0.25641723  0.0080871582031 
      0.25643991  0.0058898925781 
      0.25646259  0.0027465820312 
      0.25648526  -0.00079345703125 
      0.25650794  -0.0040588378906 
      0.25653061  -0.0066528320312 
      0.25655329  -0.0080261230469 
      0.25657596  -0.0080871582031 
      0.25659864  -0.0067443847656 
      0.25662132  -0.0043334960938 
      0.25664399  -0.001220703125 
      0.25666667  0.0020141601562 
      0.25668934  0.0048522949219 
      0.25671202  0.0068054199219 
      0.25673469  0.0075988769531 
      0.25675737   0.007080078125 
      0.25678005  0.0053405761719 
      0.25680272  0.0028076171875 
       0.2568254  -0.00021362304688 
      0.25684807  -0.0031127929688 
      0.25687075  -0.0054626464844 
      0.25689342  -0.0068664550781 
       0.2569161  -0.007080078125 
      0.25693878  -0.006103515625 
      0.25696145  -0.0040893554688 
      0.25698413  -0.0014343261719 
       0.2570068    0.00146484375 
      0.25702948  0.0040893554688 
      0.25705215  0.0060119628906 
      0.25707483  0.0069274902344 
      0.25709751  0.0066833496094 
      0.25712018  0.0052795410156 
      0.25714286  0.0030517578125 
      0.25716553  0.00030517578125 
      0.25718821  -0.0025329589844 
      0.25721088    -0.0048828125 
      0.25723356  -0.0064392089844 
      0.25725624  -0.0069580078125 
      0.25727891  -0.0062866210938 
      0.25730159  -0.0046081542969 
      0.25732426  -0.0021362304688 
      0.25734694  0.0006103515625 
      0.25736961  0.0033569335938 
      0.25739229  0.0055236816406 
      0.25741497  0.0067443847656 
      0.25743764  0.0068969726562 
      0.25746032  0.0059509277344 
      0.25748299  0.0039978027344 
      0.25750567  0.0014038085938 
      0.25752834  -0.0014343261719 
      0.25755102  -0.0040283203125 
       0.2575737  -0.0059204101562 
      0.25759637  -0.0069274902344 
      0.25761905  -0.0067749023438 
      0.25764172  -0.0054626464844 
       0.2576644  -0.0033264160156 
      0.25768707  -0.00064086914062 
      0.25770975  0.0021667480469 
      0.25773243  0.0046081542969 
       0.2577551  0.0062866210938 
      0.25777778  0.0069580078125 
      0.25780045  0.0064392089844 
      0.25782313     0.0048828125 
       0.2578458  0.0025329589844 
      0.25786848  -0.000244140625 
      0.25789116  -0.0029907226562 
      0.25791383  -0.0052795410156 
      0.25793651  -0.0066223144531 
      0.25795918  -0.0068969726562 
      0.25798186  -0.0060424804688 
      0.25800454  -0.004150390625 
      0.25802721  -0.0015563964844 
      0.25804989  0.0013122558594 
      0.25807256  0.0039367675781 
      0.25809524  0.0059509277344 
      0.25811791  0.0069580078125 
      0.25814059  0.0067749023438 
      0.25816327  0.0054626464844 
      0.25818594   0.003173828125 
      0.25820862  0.0003662109375 
      0.25823129  -0.0025634765625 
      0.25825397  -0.0050659179688 
      0.25827664  -0.0067443847656 
      0.25829932  -0.0072937011719 
        0.258322  -0.0065612792969 
      0.25834467  -0.0046997070312 
      0.25836735  -0.0020141601562 
      0.25839002  0.0010375976562 
       0.2584127  0.0039978027344 
      0.25843537  0.0062561035156 
      0.25845805  0.0075073242188 
      0.25848073  0.0075073242188 
       0.2585034  0.0061950683594 
      0.25852608  0.0037536621094 
      0.25854875  0.00064086914062 
      0.25857143  -0.0025634765625 
       0.2585941  -0.0054626464844 
      0.25861678  -0.0074462890625 
      0.25863946  -0.0081787109375 
      0.25866213  -0.0075073242188 
      0.25868481  -0.0055541992188 
      0.25870748  -0.0025634765625 
      0.25873016  0.00088500976562 
      0.25875283  0.0042724609375 
      0.25877551  0.0069580078125 
      0.25879819   0.008544921875 
      0.25882086  0.0086364746094 
      0.25884354  0.0072631835938 
      0.25886621  0.0046081542969 
      0.25888889  0.0011291503906 
      0.25891156  -0.0026245117188 
      0.25893424  -0.0060119628906 
      0.25895692  -0.0083923339844 
      0.25897959  -0.0093688964844 
      0.25900227  -0.0087585449219 
      0.25902494  -0.0066223144531 
      0.25904762  -0.0032653808594 
      0.25907029  0.00067138671875 
      0.25909297  0.0045776367188 
      0.25911565  0.0077514648438 
      0.25913832  0.0096435546875 
        0.259161  0.0099182128906 
      0.25918367  0.0084533691406 
      0.25920635  0.0055236816406 
      0.25922902  0.0015869140625 
       0.2592517  -0.002685546875 
      0.25927438  -0.006591796875 
      0.25929705  -0.0093688964844 
      0.25931973  -0.010589599609 
       0.2593424  -0.0099792480469 
      0.25936508  -0.0076293945312 
      0.25938776  -0.0039672851562 
      0.25941043  0.00045776367188 
      0.25943311     0.0048828125 
      0.25945578   0.008544921875 
      0.25947846     0.0107421875 
      0.25950113   0.011077880859 
      0.25952381   0.009521484375 
      0.25954649  0.0062561035156 
      0.25956916  0.0018615722656 
      0.25959184  -0.0028686523438 
      0.25961451  -0.0072021484375 
      0.25963719  -0.010284423828 
      0.25965986  -0.011688232422 
      0.25968254  -0.010986328125 
      0.25970522  -0.0083923339844 
      0.25972789  -0.0042419433594 
      0.25975057  0.00067138671875 
      0.25977324  0.0055236816406 
      0.25979592  0.0094604492188 
      0.25981859   0.011810302734 
      0.25984127   0.012084960938 
      0.25986395    0.01025390625 
      0.25988662  0.0065612792969 
       0.2599093  0.0016479492188 
      0.25993197  -0.0035705566406 
      0.25995465  -0.0082397460938 
      0.25997732  -0.011535644531 
            0.26  -0.012817382812 
      0.26002268  -0.011840820312 
      0.26004535    -0.0087890625 
      0.26006803  -0.0041198730469 
       0.2600907  0.0013732910156 
      0.26011338  0.0066833496094 
      0.26013605   0.010894775391 
      0.26015873   0.013244628906 
      0.26018141   0.013275146484 
      0.26020408   0.010986328125 
      0.26022676  0.0066833496094 
      0.26024943  0.0011596679688 
      0.26027211  -0.0046691894531 
      0.26029478  -0.0097351074219 
      0.26031746   -0.01318359375 
      0.26034014  -0.014312744141 
      0.26036281  -0.012969970703 
      0.26038549  -0.0093078613281 
      0.26040816  -0.0039978027344 
      0.26043084  0.0021057128906 
      0.26045351  0.0079345703125 
      0.26047619   0.012451171875 
      0.26049887   0.014831542969 
      0.26052154     0.0146484375 
      0.26054422   0.011871337891 
      0.26056689  0.0069580078125 
      0.26058957  0.00082397460938 
      0.26061224  -0.0055847167969 
      0.26063492  -0.011016845703 
       0.2606576  -0.014587402344 
      0.26068027  -0.015655517578 
      0.26070295  -0.013946533203 
      0.26072562  -0.0097961425781 
       0.2607483  -0.0038757324219 
      0.26077098  0.0027770996094 
      0.26079365  0.0090026855469 
      0.26081633      0.013671875 
        0.260839   0.015960693359 
      0.26086168   0.015472412109 
      0.26088435   0.012268066406 
      0.26090703  0.0068664550781 
      0.26092971  0.00018310546875 
      0.26095238  -0.0065307617188 
      0.26097506  -0.012145996094 
      0.26099773  -0.015655517578 
      0.26102041  -0.016387939453 
      0.26104308  -0.014251708984 
      0.26106576  -0.0095520019531 
      0.26108844  -0.0031127929688 
      0.26111111  0.0038757324219 
      0.26113379    0.01025390625 
      0.26115646   0.014831542969 
      0.26117914   0.016815185547 
      0.26120181   0.015808105469 
      0.26122449   0.011962890625 
      0.26124717  0.0059814453125 
      0.26126984  -0.0011596679688 
      0.26129252  -0.0080871582031 
      0.26131519  -0.013610839844 
      0.26133787  -0.016815185547 
      0.26136054  -0.016998291016 
      0.26138322   -0.01416015625 
       0.2614059  -0.0087585449219 
      0.26142857  -0.0017395019531 
      0.26145125  0.0055847167969 
      0.26147392   0.012054443359 
       0.2614966   0.016387939453 
      0.26151927   0.017852783203 
      0.26154195    0.01611328125 
      0.26156463   0.011474609375 
       0.2615873  0.0047912597656 
      0.26160998  -0.0028076171875 
      0.26163265  -0.010009765625 
      0.26165533  -0.015441894531 
        0.261678  -0.018218994141 
      0.26170068  -0.017761230469 
      0.26172336  -0.014129638672 
      0.26174603  -0.0079345703125 
      0.26176871  -0.00030517578125 
      0.26179138  0.0074462890625 
      0.26181406   0.013977050781 
      0.26183673   0.018035888672 
      0.26185941   0.018951416016 
      0.26188209   0.016479492188 
      0.26190476   0.011077880859 
      0.26192744  0.0036926269531 
      0.26195011  -0.0044555664062 
      0.26197279  -0.011871337891 
      0.26199546  -0.017211914062 
      0.26201814      -0.01953125 
      0.26204082  -0.018463134766 
      0.26206349  -0.014068603516 
      0.26208617  -0.0071716308594 
      0.26210884  0.0010375976562 
      0.26213152  0.0091552734375 
       0.2621542         0.015625 
      0.26217687   0.019439697266 
      0.26219955   0.019775390625 
      0.26222222   0.016662597656 
       0.2622449   0.010528564453 
      0.26226757  0.0025329589844 
      0.26229025  -0.0059509277344 
      0.26231293  -0.013458251953 
       0.2623356    -0.0185546875 
      0.26235828  -0.020385742188 
      0.26238095  -0.018646240234 
      0.26240363  -0.013549804688 
       0.2624263  -0.0060424804688 
      0.26244898  0.0025939941406 
      0.26247166   0.010772705078 
      0.26249433    0.01708984375 
      0.26251701   0.020385742188 
      0.26253968   0.020080566406 
      0.26256236   0.016204833984 
      0.26258503  0.0093994140625 
      0.26260771  0.00088500976562 
      0.26263039  -0.0077819824219 
      0.26265306  -0.015167236328 
      0.26267574  -0.019836425781 
      0.26269841   -0.02099609375 
      0.26272109  -0.018432617188 
      0.26274376  -0.012573242188 
      0.26276644  -0.0044250488281 
      0.26278912  0.0045471191406 
      0.26281179   0.012756347656 
      0.26283447   0.018707275391 
      0.26285714   0.021423339844 
      0.26287982   0.020263671875 
      0.26290249   0.015563964844 
      0.26292517  0.0079956054688 
      0.26294785    -0.0009765625 
      0.26297052  -0.0098571777344 
       0.2629932  -0.017059326172 
      0.26301587  -0.021209716797 
      0.26303855  -0.021667480469 
      0.26306122  -0.018249511719 
       0.2630839  -0.011566162109 
      0.26310658  -0.0027770996094 
      0.26312925  0.0065307617188 
      0.26315193   0.014739990234 
       0.2631746   0.020385742188 
      0.26319728   0.022399902344 
      0.26321995     0.0205078125 
      0.26324263   0.014923095703 
      0.26326531  0.0066833496094 
      0.26328798  -0.0027770996094 
      0.26331066  -0.011810302734 
      0.26333333  -0.018768310547 
      0.26335601    -0.0224609375 
      0.26337868  -0.022155761719 
      0.26340136  -0.017944335938 
      0.26342404  -0.010498046875 
      0.26344671  -0.0011901855469 
      0.26346939  0.0083618164062 
      0.26349206   0.016479492188 
      0.26351474   0.021697998047 
      0.26353741   0.023101806641 
      0.26356009   0.020416259766 
      0.26358277   0.014068603516 
      0.26360544  0.0052795410156 
      0.26362812  -0.0045166015625 
      0.26365079  -0.013549804688 
      0.26367347  -0.020141601562 
      0.26369615  -0.023254394531 
      0.26371882  -0.022216796875 
       0.2637415  -0.017211914062 
      0.26376417  -0.0091857910156 
      0.26378685  0.00051879882812 
      0.26380952   0.010101318359 
       0.2638322   0.017974853516 
      0.26385488   0.022613525391 
      0.26387755   0.023284912109 
      0.26390023   0.019805908203 
       0.2639229   0.012817382812 
      0.26394558  0.0035095214844 
      0.26396825  -0.0064086914062 
      0.26399093  -0.015228271484 
      0.26401361  -0.021362304688 
      0.26403628  -0.023712158203 
      0.26405896  -0.021820068359 
      0.26408163  -0.016082763672 
      0.26410431  -0.0074768066406 
      0.26412698  0.0024719238281 
      0.26414966   0.012084960938 
      0.26417234   0.019470214844 
      0.26419501   0.023406982422 
      0.26421769   0.023284912109 
      0.26424036   0.018951416016 
      0.26426304   0.011260986328 
      0.26428571  0.0015563964844 
      0.26430839  -0.0084533691406 
      0.26433107  -0.016998291016 
      0.26435374  -0.022521972656 
      0.26437642  -0.024078369141 
      0.26439909  -0.021331787109 
      0.26442177  -0.014862060547 
      0.26444444  -0.0056762695312 
      0.26446712  0.0045166015625 
       0.2644898   0.013916015625 
      0.26451247   0.020843505859 
      0.26453515   0.024108886719 
      0.26455782   0.023101806641 
       0.2645805   0.018005371094 
      0.26460317      0.009765625 
      0.26462585  -0.000244140625 
      0.26464853  -0.010223388672 
       0.2646712  -0.018371582031 
      0.26469388  -0.023284912109 
      0.26471655  -0.024078369141 
      0.26473923  -0.020538330078 
       0.2647619  -0.013458251953 
      0.26478458  -0.0039672851562 
      0.26480726  0.0062255859375 
      0.26482993   0.015289306641 
      0.26485261   0.021667480469 
      0.26487528   0.024169921875 
      0.26489796   0.022338867188 
      0.26492063   0.016632080078 
      0.26494331  0.0079345703125 
      0.26496599  -0.0021667480469 
      0.26498866  -0.011840820312 
      0.26501134  -0.019409179688 
      0.26503401  -0.023529052734 
      0.26505669  -0.023406982422 
      0.26507937  -0.019195556641 
      0.26510204  -0.011535644531 
      0.26512472  -0.0018615722656 
      0.26514739  0.0081787109375 
      0.26517007   0.016723632812 
      0.26519274   0.022277832031 
      0.26521542   0.023864746094 
       0.2652381   0.021209716797 
      0.26526077   0.014801025391 
      0.26528345  0.0057373046875 
      0.26530612  -0.0043334960938 
       0.2653288  -0.013641357422 
      0.26535147    -0.0205078125 
      0.26537415  -0.023712158203 
      0.26539683  -0.022735595703 
       0.2654195  -0.017730712891 
      0.26544218  -0.0095520019531 
      0.26546485  0.00033569335938 
      0.26548753   0.010101318359 
       0.2655102   0.018096923828 
      0.26553288   0.022857666016 
      0.26555556   0.023590087891 
      0.26557823   0.020111083984 
      0.26560091   0.013061523438 
      0.26562358  0.0037231445312 
      0.26564626  -0.0062561035156 
      0.26566893   -0.01513671875 
      0.26569161  -0.021301269531 
      0.26571429  -0.023651123047 
      0.26573696  -0.021850585938 
      0.26575964  -0.016143798828 
      0.26578231  -0.0076293945312 
      0.26580499  0.0022277832031 
      0.26582766       0.01171875 
      0.26585034    0.01904296875 
      0.26587302   0.023040771484 
      0.26589569   0.022857666016 
      0.26591837   0.018676757812 
      0.26594104   0.011199951172 
      0.26596372  0.0016784667969 
      0.26598639  -0.008056640625 
      0.26600907  -0.016357421875 
      0.26603175  -0.021759033203 
      0.26605442  -0.023254394531 
       0.2660771  -0.020660400391 
      0.26609977  -0.014373779297 
      0.26612245  -0.0055847167969 
      0.26614512  0.0041809082031 
       0.2661678   0.013214111328 
      0.26619048   0.019897460938 
      0.26621315   0.023010253906 
      0.26623583   0.022094726562 
       0.2662585   0.017242431641 
      0.26628118  0.0093688964844 
      0.26630385  -0.00018310546875 
      0.26632653  -0.0096435546875 
      0.26634921  -0.017395019531 
      0.26637188  -0.022033691406 
      0.26639456  -0.022827148438 
      0.26641723  -0.019561767578 
      0.26643991  -0.012847900391 
      0.26646259      -0.00390625 
      0.26648526  0.0056762695312 
      0.26650794   0.014251708984 
      0.26653061   0.020294189453 
      0.26655329   0.022705078125 
      0.26657596   0.021118164062 
      0.26659864   0.015808105469 
      0.26662132  0.0077514648438 
      0.26664399  -0.0016174316406 
      0.26666667  -0.010681152344 
      0.26668934  -0.017791748047 
      0.26671202  -0.021728515625 
      0.26673469  -0.021820068359 
      0.26675737   -0.01806640625 
      0.26678005  -0.011138916016 
      0.26680272  -0.0023193359375 
       0.2668254  0.0068969726562 
      0.26684807   0.014831542969 
      0.26687075   0.020080566406 
      0.26689342   0.021759033203 
       0.2669161   0.019622802734 
      0.26693878   0.013977050781 
      0.26696145  0.0059509277344 
      0.26698413  -0.0031127929688 
       0.2670068  -0.011535644531 
      0.26702948  -0.017913818359 
      0.26705215  -0.021057128906 
      0.26707483    -0.0205078125 
      0.26709751  -0.016296386719 
      0.26712018  -0.0092163085938 
      0.26714286  -0.0006103515625 
      0.26716553  0.0080871582031 
      0.26718821   0.015319824219 
      0.26721088   0.019744873047 
      0.26723356   0.020721435547 
      0.26725624   0.018005371094 
      0.26727891   0.012115478516 
      0.26730159   0.004150390625 
      0.26732426  -0.0044860839844 
      0.26734694  -0.012298583984 
      0.26736961  -0.017822265625 
      0.26739229  -0.020233154297 
      0.26741497  -0.019012451172 
      0.26743764  -0.014465332031 
      0.26746032  -0.0074157714844 
      0.26748299  0.00088500976562 
      0.26750567  0.0090026855469 
      0.26752834   0.015411376953 
      0.26755102   0.019073486328 
       0.2675737   0.019317626953 
      0.26759637   0.016143798828 
      0.26761905   0.010162353516 
      0.26764172    0.00244140625 
       0.2676644  -0.0056762695312 
      0.26768707    -0.0126953125 
      0.26770975  -0.017395019531 
      0.26773243  -0.018981933594 
       0.2677551  -0.017242431641 
      0.26777778  -0.012390136719 
      0.26780045  -0.0054016113281 
      0.26782313  0.0025024414062 
       0.2678458  0.0099182128906 
      0.26786848   0.015472412109 
      0.26789116   0.018310546875 
      0.26791383   0.017791748047 
      0.26793651   0.014190673828 
      0.26795918  0.0080871582031 
      0.26798186  0.00051879882812 
      0.26800454  -0.007080078125 
      0.26802721  -0.013366699219 
      0.26804989  -0.017272949219 
      0.26807256  -0.018096923828 
      0.26809524  -0.015747070312 
      0.26811791  -0.010589599609 
      0.26814059  -0.0036315917969 
      0.26816327  0.0040283203125 
      0.26818594   0.010833740234 
      0.26820862   0.015777587891 
      0.26823129   0.017944335938 
      0.26825397   0.016906738281 
      0.26827664   0.012969970703 
      0.26829932  0.0067138671875 
        0.268322  -0.0006103515625 
      0.26834467  -0.0078430175781 
      0.26836735  -0.013610839844 
      0.26839002  -0.016998291016 
       0.2684127  -0.017425537109 
      0.26843537  -0.014801025391 
      0.26845805  -0.0096435546875 
      0.26848073  -0.0028686523438 
       0.2685034  0.0043640136719 
      0.26852608   0.010772705078 
      0.26854875   0.015197753906 
      0.26857143   0.016998291016 
       0.2685941   0.015808105469 
      0.26861678   0.011932373047 
      0.26863946  0.0059814453125 
      0.26866213  -0.0008544921875 
      0.26868481  -0.0074768066406 
      0.26870748  -0.012725830078 
      0.26873016  -0.015716552734 
      0.26875283  -0.015869140625 
      0.26877551  -0.013336181641 
      0.26879819  -0.0085144042969 
      0.26882086  -0.0022888183594 
      0.26884354  0.0042419433594 
      0.26886621  0.0099487304688 
      0.26888889   0.013793945312 
      0.26891156   0.015228271484 
      0.26893424   0.013946533203 
      0.26895692   0.010284423828 
      0.26897959     0.0048828125 
      0.26900227  -0.0012817382812 
      0.26902494  -0.0071411132812 
      0.26904762  -0.011627197266 
      0.26907029  -0.014068603516 
      0.26909297  -0.013977050781 
      0.26911565  -0.011474609375 
      0.26913832  -0.0069885253906 
        0.269161  -0.0013732910156 
      0.26918367    0.00439453125 
      0.26920635  0.0093078613281 
      0.26922902   0.012542724609 
       0.2692517   0.013580322266 
      0.26927438   0.012176513672 
      0.26929705  0.0087280273438 
      0.26931973  0.0038146972656 
       0.2693424  -0.001708984375 
      0.26936508    -0.0068359375 
      0.26938776    -0.0107421875 
      0.26941043    -0.0126953125 
      0.26943311  -0.012390136719 
      0.26945578  -0.010009765625 
      0.26947846  -0.0059204101562 
      0.26950113  -0.00088500976562 
      0.26952381  0.0042419433594 
      0.26954649   0.008544921875 
      0.26956916   0.011260986328 
      0.26959184   0.012054443359 
      0.26961451     0.0107421875 
      0.26963719   0.007568359375 
      0.26965986   0.003173828125 
      0.26968254  -0.0016784667969 
      0.26970522  -0.0061645507812 
      0.26972789  -0.0094909667969 
      0.26975057  -0.011138916016 
      0.26977324  -0.010803222656 
      0.26979592  -0.0086669921875 
      0.26981859  -0.0050659179688 
      0.26984127  -0.00064086914062 
      0.26986395  0.0038146972656 
      0.26988662  0.0075073242188 
       0.2699093  0.0098876953125 
      0.26993197   0.010467529297 
      0.26995465  0.0092468261719 
      0.26997732  0.0064697265625 
            0.27  0.0026245117188 
      0.27002268  -0.0016174316406 
      0.27004535  -0.0055236816406 
      0.27006803  -0.0083618164062 
       0.2700907  -0.0097961425781 
      0.27011338  -0.0094604492188 
      0.27013605  -0.0075378417969 
      0.27015873  -0.0043640136719 
      0.27018141  -0.00045776367188 
      0.27020408  0.0034484863281 
      0.27022676  0.0067138671875 
      0.27024943     0.0087890625 
      0.27027211  0.0093383789062 
      0.27029478    0.00830078125 
      0.27031746      0.005859375 
      0.27034014    0.00244140625 
      0.27036281  -0.0013122558594 
      0.27038549  -0.0048217773438 
      0.27040816  -0.0074768066406 
      0.27043084  -0.0088195800781 
      0.27045351  -0.0086669921875 
      0.27047619  -0.0070495605469 
      0.27049887  -0.0043029785156 
      0.27052154  -0.00082397460938 
      0.27054422  0.0027160644531 
      0.27056689  0.0057678222656 
      0.27058957  0.0078430175781 
      0.27061224   0.008544921875 
      0.27063492  0.0078735351562 
       0.2706576      0.005859375 
      0.27068027  0.0028686523438 
      0.27070295  -0.00054931640625 
      0.27072562  -0.0038757324219 
       0.2707483  -0.0064697265625 
      0.27077098  -0.0079956054688 
      0.27079365  -0.0082092285156 
      0.27081633  -0.0070190429688 
        0.270839  -0.0046997070312 
      0.27086168  -0.0016174316406 
      0.27088435   0.001708984375 
      0.27090703  0.0047607421875 
      0.27092971  0.0069580078125 
      0.27095238   0.008056640625 
      0.27097506        0.0078125 
      0.27099773  0.0062866210938 
      0.27102041  0.0037231445312 
      0.27104308  0.00057983398438 
      0.27106576  -0.0026550292969 
      0.27108844  -0.0054321289062 
      0.27111111  -0.0073547363281 
      0.27113379  -0.0080261230469 
      0.27115646  -0.0074157714844 
      0.27117914  -0.005615234375 
      0.27120181  -0.0028991699219 
      0.27122449  0.00027465820312 
      0.27124717    0.00341796875 
      0.27126984  0.0059814453125 
      0.27129252  0.0075988769531 
      0.27131519  0.0079345703125 
      0.27133787  0.0070190429688 
      0.27136054  0.0049743652344 
      0.27138322  0.0020751953125 
       0.2714059  -0.0010986328125 
      0.27142857  -0.0041198730469 
      0.27145125  -0.0064697265625 
      0.27147392  -0.0077209472656 
       0.2714966  -0.0077514648438 
      0.27151927  -0.0065002441406 
      0.27154195  -0.0041809082031 
      0.27156463  -0.0011901855469 
       0.2715873  0.0019836425781 
      0.27160998     0.0048828125 
      0.27163265  0.0069580078125 
      0.27165533  0.0078735351562 
        0.271678  0.0075073242188 
      0.27170068      0.005859375 
      0.27172336  0.0032958984375 
      0.27174603  0.0001220703125 
      0.27176871  -0.0031433105469 
      0.27179138  -0.0058288574219 
      0.27181406  -0.007568359375 
      0.27183673  -0.0080261230469 
      0.27185941  -0.0071411132812 
      0.27188209  -0.0050659179688 
      0.27190476  -0.0020751953125 
      0.27192744  0.0012817382812 
      0.27195011  0.0044555664062 
      0.27197279  0.0069580078125 
      0.27199546  0.0082702636719 
      0.27201814  0.0081787109375 
      0.27204082  0.0067138671875 
      0.27206349  0.0040588378906 
      0.27208617  0.00067138671875 
      0.27210884  -0.0028991699219 
      0.27213152  -0.0060119628906 
       0.2721542  -0.0082092285156 
      0.27217687  -0.0090026855469 
      0.27219955  -0.0082702636719 
      0.27222222  -0.006103515625 
       0.2722449  -0.0028686523438 
      0.27226757  0.00094604492188 
      0.27229025  0.0046997070312 
      0.27231293  0.0076599121094 
       0.2723356  0.0093994140625 
      0.27235828  0.0095825195312 
      0.27238095  0.0081176757812 
      0.27240363  0.0051879882812 
       0.2724263  0.0013732910156 
      0.27244898  -0.0027770996094 
      0.27247166  -0.0065612792969 
      0.27249433   -0.00927734375 
      0.27251701  -0.010467529297 
      0.27253968  -0.0098876953125 
      0.27256236  -0.007568359375 
      0.27258503  -0.0039367675781 
      0.27260771  0.00045776367188 
      0.27263039     0.0048828125 
      0.27265306  0.0084838867188 
      0.27267574     0.0107421875 
      0.27269841   0.011199951172 
      0.27272109  0.0097045898438 
      0.27274376  0.0065612792969 
      0.27276644   0.002197265625 
      0.27278912  -0.0026245117188 
      0.27281179  -0.0070495605469 
      0.27283447  -0.010375976562 
      0.27285714  -0.011932373047 
      0.27287982  -0.011444091797 
      0.27290249  -0.0090026855469 
      0.27292517  -0.0049438476562 
      0.27294785  3.0517578125e-05 
      0.27297052  0.0050354003906 
       0.2729932    0.00927734375 
      0.27301587   0.011962890625 
      0.27303855   0.012603759766 
      0.27306122   0.011077880859 
       0.2730839   0.007568359375 
      0.27310658  0.0027160644531 
      0.27312925  -0.0026550292969 
      0.27315193  -0.0076599121094 
       0.2731746  -0.011383056641 
      0.27319728   -0.01318359375 
      0.27321995    -0.0126953125 
      0.27324263  -0.0099487304688 
      0.27326531  -0.0054321289062 
      0.27328798  9.1552734375e-05 
      0.27331066  0.0056762695312 
      0.27333333   0.010314941406 
      0.27335601   0.013244628906 
      0.27337868   0.013854980469 
      0.27340136   0.012023925781 
      0.27342404   0.008056640625 
      0.27344671  0.0025939941406 
      0.27346939  -0.0033569335938 
      0.27349206  -0.0088500976562 
      0.27351474  -0.012847900391 
      0.27353741  -0.014617919922 
      0.27356009  -0.013824462891 
      0.27358277  -0.010559082031 
      0.27360544  -0.0054016113281 
      0.27362812  0.00082397460938 
      0.27365079  0.0069580078125 
      0.27367347   0.011962890625 
      0.27369615   0.014923095703 
      0.27371882   0.015289306641 
       0.2737415   0.012969970703 
      0.27376417    0.00830078125 
      0.27378685  0.0020751953125 
      0.27380952  -0.0045776367188 
       0.2738322  -0.010559082031 
      0.27385488  -0.014709472656 
      0.27387755  -0.016387939453 
      0.27390023   -0.01513671875 
       0.2739229  -0.011260986328 
      0.27394558  -0.0053100585938 
      0.27396825  0.0016784667969 
      0.27399093  0.0084533691406 
      0.27401361   0.013793945312 
      0.27403628   0.016784667969 
      0.27405896   0.016876220703 
      0.27408163   0.013977050781 
      0.27410431  0.0086059570312 
      0.27412698  0.0016784667969 
      0.27414966  -0.005615234375 
      0.27417234  -0.011993408203 
      0.27419501  -0.016326904297 
      0.27421769  -0.017822265625 
      0.27424036  -0.016204833984 
      0.27426304  -0.011749267578 
      0.27428571  -0.0051879882812 
      0.27430839  0.0023498535156 
      0.27433107   0.009521484375 
      0.27435374   0.015045166016 
      0.27437642   0.017944335938 
      0.27439909   0.017700195312 
      0.27442177   0.014343261719 
      0.27444444  0.0084533691406 
      0.27446712  0.0010070800781 
       0.2744898  -0.0066223144531 
      0.27451247  -0.013122558594 
      0.27453515  -0.017303466797 
      0.27455782  -0.018493652344 
       0.2745805  -0.016387939453 
      0.27460317  -0.011383056641 
      0.27462585  -0.0043029785156 
      0.27464853  0.0035400390625 
       0.2746712   0.010864257812 
      0.27469388   0.016265869141 
      0.27471655   0.018859863281 
      0.27473923   0.018096923828 
       0.2747619    0.01416015625 
      0.27478458  0.0076904296875 
      0.27480726  -0.00021362304688 
      0.27482993  -0.0081176757812 
      0.27485261  -0.014739990234 
      0.27487528  -0.018768310547 
      0.27489796  -0.019653320312 
      0.27492063   -0.01708984375 
      0.27494331  -0.011535644531 
      0.27496599  -0.0039672851562 
      0.27498866  0.0043640136719 
      0.27501134   0.011993408203 
      0.27503401   0.017669677734 
      0.27505669   0.020385742188 
      0.27507937   0.019653320312 
      0.27510204   0.015655517578 
      0.27512472   0.009033203125 
      0.27514739  0.0008544921875 
      0.27517007  -0.0074157714844 
      0.27519274  -0.014526367188 
      0.27521542  -0.019195556641 
       0.2752381  -0.020721435547 
      0.27526077  -0.018890380859 
      0.27528345  -0.014007568359 
      0.27530612  -0.0069274902344 
       0.2753288  0.0011596679688 
      0.27535147  0.0089416503906 
      0.27537415   0.015167236328 
      0.27539683   0.018890380859 
       0.2754195       0.01953125 
      0.27544218   0.017120361328 
      0.27546485   0.012054443359 
      0.27548753  0.0052795410156 
       0.2755102  -0.0020751953125 
      0.27553288  -0.0088195800781 
      0.27555556  -0.013977050781 
      0.27557823  -0.016723632812 
      0.27560091  -0.016784667969 
      0.27562358  -0.014251708984 
      0.27564626  -0.0096740722656 
      0.27566893  -0.0038757324219 
      0.27569161  0.0021667480469 
      0.27571429  0.0075073242188 
