; Sample Rate 44100
; Channels 2
               0  -0.022674560547  -0.02294921875 
   2.2675737e-05   -0.12286376953  -0.12344360352 
   4.5351474e-05   -0.20721435547  -0.20797729492 
   6.8027211e-05   -0.26028442383  -0.26116943359 
   9.0702948e-05   -0.27133178711  -0.27215576172 
   0.00011337868   -0.23638916016  -0.23706054688 
   0.00013605442   -0.15939331055  -0.15975952148 
   0.00015873016  -0.051727294922 -0.051696777344 
    0.0001814059     0.0693359375  0.069702148438 
   0.00020408163    0.18344116211   0.18414306641 
   0.00022675737    0.27059936523   0.27157592773 
   0.00024943311     0.3147277832   0.31573486328 
   0.00027210884    0.30654907227   0.30746459961 
   0.00029478458    0.24563598633   0.24630737305 
   0.00031746032         0.140625    0.1408996582 
   0.00034013605  0.0081787109375 0.0080261230469 
   0.00036281179   -0.12973022461  -0.13027954102 
   0.00038548753   -0.24938964844  -0.25030517578 
   0.00040816327   -0.32968139648  -0.33071899414 
     0.000430839   -0.35559082031  -0.35668945312 
   0.00045351474   -0.32107543945   -0.3219909668 
   0.00047619048   -0.23068237305  -0.23129272461 
   0.00049886621  -0.098571777344 -0.098785400391 
   0.00052154195   0.053344726562  0.053588867188 
   0.00054421769    0.19918823242   0.19989013672 
   0.00056689342    0.31365966797   0.31466674805 
   0.00058956916    0.37628173828   0.37741088867 
    0.0006122449    0.37515258789    0.3762512207 
   0.00063492063     0.3092956543   0.31021118164 
   0.00065759637    0.18911743164   0.18963623047 
   0.00068027211   0.034515380859  0.034606933594 
   0.00070294785   -0.12817382812  -0.12854003906 
   0.00072562358   -0.27069091797  -0.27145385742 
   0.00074829932   -0.36804199219  -0.36904907227 
   0.00077097506   -0.40270996094  -0.40380859375 
   0.00079365079   -0.36782836914   -0.3688659668 
   0.00081632653    -0.2688293457  -0.26959228516 
   0.00083900227   -0.12219238281  -0.12255859375 
     0.000861678   0.046844482422  0.046905517578 
   0.00088435374    0.20895385742   0.20938110352 
   0.00090702948    0.33563232422   0.33645629883 
   0.00092970522    0.40454101562   0.40557861328 
   0.00095238095    0.40307617188   0.40411376953 
   0.00097505669    0.33114624023      0.33203125 
   0.00099773243     0.2008972168   0.20147705078 
    0.0010204082   0.034942626953      0.03515625 
    0.0010430839   -0.13772583008  -0.13793945312 
    0.0010657596   -0.28665161133  -0.28720092773 
    0.0010884354   -0.38555908203  -0.38635253906 
    0.0011111111    -0.4167175293  -0.41763305664 
    0.0011337868   -0.37451171875  -0.37533569336 
    0.0011564626   -0.26611328125  -0.26675415039 
    0.0011791383   -0.11056518555  -0.11093139648 
    0.0012018141   0.064666748047  0.064636230469 
    0.0012244898    0.22854614258   0.22888183594 
    0.0012471655    0.35198974609   0.35260009766 
    0.0012698413    0.41302490234   0.41372680664 
     0.001292517    0.40069580078   0.40142822266 
    0.0013151927    0.31713867188   0.31774902344 
    0.0013378685    0.17715454102   0.17755126953 
    0.0013605442  0.0056457519531 0.0057983398438 
      0.00138322   -0.16674804688  -0.16693115234 
    0.0014058957   -0.30935668945  -0.30978393555 
    0.0014285714   -0.39666748047  -0.39724731445 
    0.0014512472   -0.41305541992  -0.41366577148 
    0.0014739229   -0.35559082031  -0.35614013672 
    0.0014965986   -0.23452758789  -0.23489379883 
    0.0015192744  -0.071563720703 -0.071655273438 
    0.0015419501    0.10412597656   0.10427856445 
    0.0015646259    0.26104736328   0.26141357422 
    0.0015873016       0.37109375   0.37161254883 
    0.0016099773    0.41452026367   0.41506958008 
    0.0016326531     0.3835144043   0.38400268555 
    0.0016553288    0.28369140625   0.28396606445 
    0.0016780045    0.13293457031   0.13299560547 
    0.0017006803  -0.041656494141 -0.041839599609 
     0.001723356    -0.2087097168  -0.20904541016 
    0.0017460317   -0.33819580078  -0.33868408203 
    0.0017687075   -0.40682983398  -0.40734863281 
    0.0017913832   -0.40231323242  -0.40277099609 
     0.001814059   -0.32543945312  -0.32574462891 
    0.0018367347   -0.19003295898  -0.19006347656 
    0.0018594104  -0.020446777344 -0.020294189453 
    0.0018820862    0.15280151367   0.15322875977 
    0.0019047619    0.29858398438   0.29913330078 
    0.0019274376         0.390625   0.39117431641 
    0.0019501134     0.4123840332   0.41290283203 
    0.0019727891    0.35995483398   0.36026000977 
    0.0019954649    0.24270629883   0.24279785156 
    0.0020181406   0.081817626953  0.081634521484 
    0.0020408163  -0.093841552734 -0.094268798828 
    0.0020634921   -0.25262451172   -0.2532043457 
    0.0020861678   -0.36599731445  -0.36660766602 
    0.0021088435   -0.41348266602      -0.4140625 
    0.0021315193   -0.38656616211   -0.3869934082 
     0.002154195   -0.29016113281   -0.2903137207 
    0.0021768707   -0.14151000977  -0.14138793945 
    0.0021995465   0.032562255859  0.032958984375 
    0.0022222222    0.20083618164    0.2014465332 
     0.002244898    0.33294677734   0.33367919922 
    0.0022675737    0.40521240234   0.40588378906 
    0.0022902494    0.40460205078   0.40512084961 
    0.0023129252    0.33120727539   0.33148193359 
    0.0023356009     0.1982421875    0.1982421875 
    0.0023582766   0.029663085938  0.029357910156 
    0.0023809524   -0.14422607422   -0.1448059082 
    0.0024036281   -0.29214477539  -0.29293823242 
    0.0024263039   -0.38760375977  -0.38833618164 
    0.0024489796   -0.41329956055  -0.41390991211 
    0.0024716553   -0.36465454102  -0.36508178711 
    0.0024943311   -0.25051879883  -0.25064086914 
    0.0025170068  -0.091369628906 -0.091125488281 
    0.0025396825   0.084167480469  0.084686279297 
    0.0025623583    0.24456787109   0.24526977539 
     0.002585034    0.36090087891   0.36172485352 
    0.0026077098     0.4123840332   0.41311645508 
    0.0026303855    0.38967895508   0.39022827148 
    0.0026530612    0.29696655273   0.29721069336 
     0.002675737    0.15087890625   0.15078735352 
    0.0026984127  -0.022247314453 -0.022674560547 
    0.0027210884   -0.19134521484  -0.19198608398 
    0.0027437642   -0.32595825195  -0.32675170898 
    0.0027664399   -0.40194702148  -0.40274047852 
    0.0027891156   -0.40570068359  -0.40628051758 
    0.0028117914   -0.33648681641  -0.33682250977 
    0.0028344671   -0.20684814453  -0.20687866211 
    0.0028571429  -0.040069580078 -0.039733886719 
    0.0028798186    0.13381958008   0.13442993164 
    0.0029024943    0.28363037109   0.28439331055 
    0.0029251701    0.38235473633   0.38317871094 
    0.0029478458    0.41232299805   0.41305541992 
    0.0029705215    0.36819458008   0.36868286133 
    0.0029931973    0.25790405273   0.25805664062 
     0.003015873     0.1012878418   0.10110473633 
    0.0030385488  -0.073425292969 -0.073944091797 
    0.0030612245   -0.23486328125  -0.23565673828 
    0.0030839002   -0.35409545898  -0.35491943359 
     0.003106576   -0.40957641602  -0.41040039062 
    0.0031292517   -0.39147949219  -0.39205932617 
    0.0031519274   -0.30297851562  -0.30328369141 
    0.0031746032   -0.16009521484  -0.16000366211 
    0.0031972789   0.011505126953  0.011932373047 
    0.0032199546     0.1809387207   0.18167114258 
    0.0032426304    0.31784057617   0.31869506836 
    0.0032653061    0.39752197266   0.39840698242 
    0.0032879819    0.40573120117   0.40649414062 
    0.0033106576    0.34106445312   0.34149169922 
    0.0033333333    0.21508789062   0.21524047852 
    0.0033560091   0.050537109375  0.050262451172 
    0.0033786848   -0.12301635742  -0.12359619141 
    0.0034013605    -0.2744140625  -0.27523803711 
    0.0034240363   -0.37643432617  -0.37738037109 
     0.003446712   -0.41073608398  -0.41165161133 
    0.0034693878   -0.37127685547  -0.37191772461 
    0.0034920635   -0.26513671875  -0.26541137695 
    0.0035147392   -0.11135864258  -0.11123657227 
     0.003537415   0.062377929688  0.062805175781 
    0.0035600907    0.22479248047    0.2255859375 
    0.0035827664    0.34677124023   0.34774780273 
    0.0036054422    0.40643310547   0.40731811523 
    0.0036281179    0.39297485352   0.39379882812 
    0.0036507937    0.30895996094   0.30947875977 
    0.0036734694    0.16946411133   0.16958618164 
    0.0036961451  -0.00039672851562 -0.00070190429688 
    0.0037188209   -0.17016601562  -0.17077636719 
    0.0037414966   -0.30926513672  -0.31015014648 
    0.0037641723   -0.39276123047  -0.39370727539 
    0.0037868481   -0.40563964844   -0.4065246582 
    0.0038095238   -0.34564208984  -0.34631347656 
    0.0038321995   -0.22360229492  -0.22396850586 
    0.0038548753  -0.061401367188 -0.061401367188 
     0.003877551    0.11172485352   0.11215209961 
    0.0039002268    0.26470947266   0.26547241211 
    0.0039229025     0.3701171875   0.37100219727 
    0.0039455782    0.40896606445   0.40994262695 
     0.003968254    0.37432861328   0.37515258789 
    0.0039909297     0.2724609375   0.27301025391 
    0.0040136054    0.12170410156   0.12188720703 
    0.0040362812  -0.050842285156 -0.051086425781 
    0.0040589569   -0.21420288086  -0.21475219727 
    0.0040816327   -0.33901977539     -0.33984375 
    0.0041043084   -0.40289306641  -0.40383911133 
    0.0041269841   -0.39437866211  -0.39520263672 
    0.0041496599   -0.31500244141  -0.31567382812 
    0.0041723356   -0.17910766602  -0.17944335938 
    0.0041950113  -0.011077880859 -0.011047363281 
    0.0042176871    0.15887451172   0.15924072266 
    0.0042403628    0.30023193359   0.30087280273 
    0.0042630385    0.38757324219   0.38842773438 
    0.0042857143    0.40530395508   0.40615844727 
      0.00430839    0.35018920898   0.35095214844 
    0.0043310658    0.23223876953   0.23272705078 
    0.0043537415   0.072570800781  0.072723388672 
    0.0043764172   -0.10003662109  -0.10021972656 
     0.004399093   -0.25457763672  -0.25512695312 
    0.0044217687   -0.36340332031  -0.36413574219 
    0.0044444444   -0.40686035156  -0.40771484375 
    0.0044671202   -0.37728881836  -0.37805175781 
    0.0044897959   -0.27990722656  -0.28048706055 
    0.0045124717   -0.13235473633  -0.13259887695 
    0.0045351474   0.038970947266  0.039031982422 
    0.0045578231    0.20318603516   0.20358276367 
    0.0045804989    0.33087158203   0.33151245117 
    0.0046031746    0.39904785156   0.39987182617 
    0.0046258503    0.39553833008   0.39636230469 
    0.0046485261     0.3210144043   0.32168579102 
    0.0046712018    0.18887329102   0.18927001953 
    0.0046938776   0.022827148438  0.022888183594 
    0.0047165533   -0.14721679688  -0.14749145508 
     0.004739229   -0.29077148438  -0.29135131836 
    0.0047619048   -0.38201904297      -0.3828125 
    0.0047845805   -0.40466308594  -0.40551757812 
    0.0048072562   -0.35458374023  -0.35537719727 
     0.004829932   -0.24087524414  -0.24145507812 
    0.0048526077  -0.083953857422 -0.084197998047 
    0.0048752834   0.087982177734  0.088165283203 
    0.0048979592    0.24404907227   0.24456787109 
    0.0049206349    0.35623168945   0.35699462891 
    0.0049433107    0.40441894531    0.4052734375 
    0.0049659864    0.37994384766   0.38079833984 
    0.0049886621    0.28726196289   0.28790283203 
    0.0050113379    0.14300537109   0.14337158203 
    0.0050340136  -0.026885986328  -0.02685546875 
    0.0050566893   -0.19183349609  -0.19216918945 
    0.0050793651     -0.322265625  -0.32293701172 
    0.0051020408    -0.3948059082  -0.39566040039 
    0.0051247166   -0.39642333984  -0.39733886719 
    0.0051473923   -0.32678222656  -0.32760620117 
     0.005170068   -0.19854736328  -0.19909667969 
    0.0051927438  -0.034698486328 -0.034912109375 
    0.0052154195    0.13534545898   0.13549804688 
    0.0052380952     0.2809753418   0.28149414062 
     0.005260771    0.37612915039   0.37692260742 
    0.0052834467    0.40365600586    0.4045715332 
    0.0053061224    0.35870361328   0.35958862305 
    0.0053287982    0.24938964844   0.25006103516 
    0.0053514739   0.095275878906  0.095672607422 
    0.0053741497  -0.075836181641 -0.075805664062 
    0.0053968254   -0.23330688477   -0.2336730957 
    0.0054195011   -0.34878540039  -0.34948730469 
    0.0054421769   -0.40161132812  -0.40243530273 
    0.0054648526   -0.38229370117  -0.38317871094 
    0.0054875283   -0.29425048828  -0.29504394531 
    0.0055102041   -0.15344238281   -0.1540222168 
    0.0055328798   0.014831542969  0.014617919922 
    0.0055555556    0.18041992188   0.18054199219 
    0.0055782313    0.31353759766   0.31399536133 
     0.005600907    0.39028930664   0.39102172852 
    0.0056235828    0.39691162109   0.39776611328 
    0.0056462585    0.33227539062   0.33306884766 
    0.0056689342    0.20797729492   0.20855712891 
      0.00569161    0.04638671875  0.046722412109 
    0.0057142857   -0.12347412109  -0.12347412109 
    0.0057369615   -0.27111816406  -0.27142333984 
    0.0057596372   -0.36999511719  -0.37054443359 
    0.0057823129   -0.40243530273  -0.40310668945 
    0.0058049887   -0.36254882812  -0.36322021484 
    0.0058276644    -0.2575378418  -0.25814819336 
    0.0058503401   -0.10635375977   -0.1067199707 
    0.0058730159   0.063873291016  0.063751220703 
    0.0058956916    0.22256469727   0.22274780273 
    0.0059183673    0.34124755859   0.34167480469 
    0.0059410431    0.39859008789    0.3991394043 
    0.0059637188    0.38430786133   0.38491821289 
    0.0059863946    0.30102539062   0.30157470703 
    0.0060090703    0.16372680664   0.16409301758 
     0.006031746    -0.0029296875 -0.0028381347656 
    0.0060544218   -0.16900634766  -0.16915893555 
    0.0060770975   -0.30465698242  -0.30502319336 
    0.0060997732   -0.38555908203  -0.38604736328 
     0.006122449   -0.39715576172  -0.39770507812 
    0.0061451247   -0.33743286133  -0.33792114258 
    0.0061678005   -0.21716308594  -0.21743774414 
    0.0061904762  -0.057922363281 -0.057983398438 
    0.0062131519    0.11169433594   0.11187744141 
    0.0062358277    0.26110839844   0.26150512695 
    0.0062585034    0.36364746094   0.36413574219 
    0.0062811791    0.40078735352   0.40133666992 
    0.0063038549    0.36596679688   0.36639404297 
    0.0063265306    0.26541137695   0.26568603516 
    0.0063492063    0.11724853516   0.11727905273 
    0.0063718821  -0.051940917969 -0.052093505859 
    0.0063945578   -0.21173095703  -0.21209716797 
    0.0064172336   -0.33337402344  -0.33392333984 
    0.0064399093   -0.39511108398  -0.39569091797 
     0.006462585   -0.38592529297  -0.38641357422 
    0.0064852608   -0.30737304688  -0.30767822266 
    0.0065079365   -0.17367553711  -0.17373657227 
    0.0065306122  -0.0088500976562 -0.0086059570312 
     0.006553288    0.15753173828   0.15795898438 
    0.0065759637    0.29553222656   0.29611206055 
    0.0065986395    0.38034057617   0.38101196289 
    0.0066213152    0.39682006836   0.39743041992 
    0.0066439909     0.3420715332    0.3424987793 
    0.0066666667    0.22589111328   0.22601318359 
    0.0066893424   0.069183349609  0.069030761719 
    0.0067120181  -0.099884033203   -0.1003112793 
    0.0067346939   -0.25094604492  -0.25155639648 
    0.0067573696   -0.35684204102  -0.35760498047 
    0.0067800454   -0.39859008789  -0.39929199219 
    0.0068027211   -0.36877441406  -0.36929321289 
    0.0068253968    -0.2727355957  -0.27297973633 
    0.0068480726   -0.12768554688   -0.1276550293 
    0.0068707483   0.040130615234   0.04052734375 
     0.006893424    0.20071411133   0.20135498047 
    0.0069160998    0.32516479492   0.32595825195 
    0.0069387755    0.39111328125   0.39193725586 
    0.0069614512    0.38684082031   0.38754272461 
     0.006984127    0.31311035156   0.31350708008 
    0.0070068027    0.18310546875   0.18322753906 
    0.0070294785   0.020294189453  0.020080566406 
    0.0070521542   -0.14608764648  -0.14660644531 
    0.0070748299   -0.28610229492  -0.28686523438 
    0.0070975057    -0.3747253418  -0.37554931641 
    0.0071201814   -0.39596557617  -0.39672851562 
    0.0071428571   -0.34609985352  -0.34664916992 
    0.0071655329   -0.23406982422       -0.234375 
    0.0071882086     -0.080078125 -0.080017089844 
    0.0072108844   0.088256835938  0.088653564453 
    0.0072335601    0.24063110352   0.24130249023 
    0.0072562358    0.34970092773   0.35055541992 
    0.0072789116    0.39593505859    0.3967590332 
    0.0073015873    0.37103271484   0.37173461914 
     0.007324263    0.27944946289   0.27996826172 
    0.0073469388    0.13778686523   0.13793945312 
    0.0073696145  -0.028594970703 -0.028778076172 
    0.0073922902   -0.18975830078  -0.19027709961 
     0.007414966   -0.31674194336  -0.31750488281 
    0.0074376417   -0.38681030273  -0.38763427734 
    0.0074603175   -0.38735961914  -0.38815307617 
    0.0074829932   -0.31832885742  -0.31890869141 
    0.0075056689   -0.19216918945  -0.19250488281 
    0.0075283447  -0.031524658203 -0.031494140625 
    0.0075510204    0.13470458984   0.13500976562 
    0.0075736961    0.27661132812   0.27725219727 
    0.0075963719    0.36880493164   0.36962890625 
    0.0076190476    0.39471435547   0.39553833008 
    0.0076417234    0.34970092773   0.35040283203 
    0.0076643991    0.24194335938   0.24240112305 
    0.0076870748   0.090759277344  0.090911865234 
    0.0077097506  -0.076690673828 -0.076843261719 
    0.0077324263   -0.23025512695   -0.2307434082 
     0.007755102   -0.34237670898  -0.34307861328 
    0.0077777778   -0.39300537109  -0.39376831055 
    0.0078004535   -0.37298583984  -0.37371826172 
    0.0078231293   -0.28604125977  -0.28656005859 
     0.007845805    -0.1477355957  -0.14801025391 
    0.0078684807   0.017059326172  0.017059326172 
    0.0078911565    0.17868041992   0.17901611328 
    0.0079138322    0.30816650391   0.30871582031 
    0.0079365079    0.38223266602   0.38293457031 
    0.0079591837    0.38763427734   0.38836669922 
    0.0079818594    0.32342529297   0.32400512695 
    0.0080045351    0.20114135742   0.20156860352 
    0.0080272109   0.042785644531      0.04296875 
    0.0080498866   -0.12313842773  -0.12326049805 
    0.0080725624    -0.2668762207   -0.2673034668 
    0.0080952381   -0.36267089844  -0.36325073242 
    0.0081179138   -0.39324951172  -0.39392089844 
    0.0081405896    -0.3532409668  -0.35385131836 
    0.0081632653   -0.24978637695   -0.2502746582 
     0.008185941   -0.10153198242   -0.1018371582 
    0.0082086168   0.064849853516  0.064849853516 
    0.0082312925    0.21954345703   0.21981811523 
    0.0082539683    0.33474731445    0.3352355957 
     0.008276644    0.38980102539   0.39041137695 
    0.0082993197    0.37478637695   0.37542724609 
    0.0083219955    0.29254150391   0.29309082031 
    0.0083446712    0.15777587891   0.15811157227 
    0.0083673469  -0.0052490234375 -0.0050964355469 
    0.0083900227    -0.1672668457  -0.16738891602 
    0.0084126984   -0.29913330078  -0.29949951172 
    0.0084353741    -0.3772277832  -0.37780761719 
    0.0084580499   -0.38760375977  -0.38821411133 
    0.0084807256   -0.32833862305  -0.32894897461 
    0.0085034014   -0.21020507812  -0.21063232422 
    0.0085260771  -0.054321289062 -0.054595947266 
    0.0085487528    0.11120605469   0.11117553711 
    0.0085714286    0.25671386719   0.25692749023 
    0.0085941043    0.35598754883    0.3564453125 
      0.00861678    0.39135742188   0.39190673828 
    0.0086394558     0.3564453125   0.35705566406 
    0.0086621315     0.2575378418   0.25805664062 
    0.0086848073    0.11245727539   0.11279296875 
     0.008707483     -0.052734375 -0.052612304688 
    0.0087301587   -0.20840454102  -0.20852661133 
    0.0087528345   -0.32650756836   -0.3268737793 
    0.0087755102   -0.38598632812  -0.38650512695 
    0.0087981859   -0.37615966797  -0.37670898438 
    0.0088208617   -0.29876708984  -0.29928588867 
    0.0088435374   -0.16778564453  -0.16818237305 
    0.0088662132  -0.0067443847656 -0.0069885253906 
    0.0088888889    0.15539550781   0.15539550781 
    0.0089115646    0.28955078125   0.28979492188 
    0.0089342404    0.37167358398   0.37210083008 
    0.0089569161    0.38705444336   0.38754272461 
    0.0089795918    0.33291625977   0.33340454102 
    0.0090022676     0.2190246582    0.2194519043 
    0.0090249433    0.06591796875  0.066131591797 
     0.009047619  -0.098968505859 -0.098907470703 
    0.0090702948   -0.24597167969  -0.24612426758 
    0.0090929705   -0.34875488281  -0.34906005859 
    0.0091156463   -0.38882446289  -0.38931274414 
     0.009138322   -0.35913085938  -0.35958862305 
    0.0091609977   -0.26495361328   -0.2653503418 
    0.0091836735   -0.12322998047  -0.12350463867 
    0.0092063492   0.040496826172  0.040405273438 
    0.0092290249    0.19683837891    0.1969909668 
    0.0092517007    0.31781005859    0.3180847168 
    0.0092743764    0.38162231445   0.38201904297 
    0.0092970522    0.37689208984   0.37734985352 
    0.0093197279    0.30450439453   0.30487060547 
    0.0093424036    0.17749023438     0.177734375 
    0.0093650794   0.018707275391  0.018768310547 
    0.0093877551   -0.14337158203  -0.14346313477 
    0.0094104308    -0.2795715332  -0.27987670898 
    0.0094331066   -0.36553955078   -0.3659362793 
    0.0094557823   -0.38580322266  -0.38626098633 
     0.009478458   -0.33682250977  -0.33715820312 
    0.0095011338   -0.22732543945  -0.22760009766 
    0.0095238095    -0.0771484375 -0.077239990234 
    0.0095464853   0.086791992188  0.086944580078 
     0.009569161     0.2350769043   0.23538208008 
    0.0095918367    0.34106445312   0.34149169922 
    0.0096145125    0.38571166992   0.38619995117 
    0.0096371882    0.36111450195   0.36157226562 
    0.0096598639    0.27169799805   0.27200317383 
    0.0096825397    0.13354492188   0.13363647461 
    0.0097052154  -0.028503417969 -0.028656005859 
    0.0097278912   -0.18536376953  -0.18569946289 
    0.0097505669   -0.30880737305  -0.30932617188 
    0.0097732426   -0.37673950195  -0.37731933594 
    0.0097959184   -0.37701416016  -0.37756347656 
    0.0098185941   -0.30953979492  -0.30993652344 
    0.0098412698   -0.18655395508  -0.18673706055 
    0.0098639456  -0.030120849609 -0.030059814453 
    0.0098866213    0.13159179688   0.13195800781 
    0.0099092971    0.26962280273   0.27017211914 
    0.0099319728    0.35913085938   0.35980224609 
    0.0099546485    0.38412475586     0.384765625 
    0.0099773243    0.34008789062   0.34063720703 
            0.01    0.23504638672    0.2353515625 
     0.010022676   0.087799072266  0.087829589844 
     0.010045351  -0.075103759766 -0.075378417969 
     0.010068027   -0.22442626953  -0.22497558594 
     0.010090703   -0.33337402344  -0.33410644531 
     0.010113379   -0.38238525391  -0.38317871094 
     0.010136054   -0.36270141602  -0.36340332031 
      0.01015873   -0.27792358398  -0.27838134766 
     0.010181406   -0.14318847656  -0.14343261719 
     0.010204082   0.017120361328  0.017242431641 
     0.010226757    0.17428588867   0.17474365234 
     0.010249433     0.3000793457   0.30081176758 
     0.010272109    0.37194824219   0.37274169922 
     0.010294785      0.376953125   0.37774658203 
      0.01031746    0.31420898438   0.31488037109 
     0.010340136    0.19509887695   0.19555664062 
     0.010362812      0.041015625  0.041076660156 
     0.010385488   -0.12036132812  -0.12063598633 
     0.010408163   -0.26007080078  -0.26065063477 
     0.010430839   -0.35299682617  -0.35382080078 
     0.010453515   -0.38247680664  -0.38336181641 
      0.01047619   -0.34326171875  -0.34405517578 
     0.010498866   -0.24240112305  -0.24301147461 
     0.010521542  -0.098022460938 -0.098358154297 
     0.010544218   0.063873291016  0.063934326172 
     0.010566893    0.21423339844   0.21466064453 
     0.010589569    0.32608032227   0.32672119141 
     0.010612245    0.37930297852   0.38009643555 
     0.010634921    0.36437988281   0.36520385742 
     0.010657596    0.28399658203   0.28475952148 
     0.010680272    0.15267944336   0.15316772461 
     0.010702948  -0.0060424804688    -0.005859375 
     0.010725624   -0.16363525391   -0.1637878418 
     0.010748299   -0.29174804688  -0.29220581055 
     0.010770975   -0.36743164062  -0.36813354492 
     0.010793651   -0.37707519531  -0.37786865234 
     0.010816327   -0.31900024414  -0.31979370117 
     0.010839002   -0.20370483398  -0.20425415039 
     0.010861678  -0.051788330078 -0.052124023438 
     0.010884354    0.10931396484   0.10931396484 
     0.010907029    0.25076293945   0.25106811523 
     0.010929705    0.34713745117      0.34765625 
     0.010952381    0.38110351562   0.38177490234 
     0.010975057    0.34664916992   0.34735107422 
     0.010997732    0.24996948242   0.25054931641 
     0.011020408    0.10836791992   0.10879516602 
     0.011043084  -0.052612304688 -0.052429199219 
      0.01106576   -0.20407104492  -0.20422363281 
     0.011088435   -0.31884765625  -0.31921386719 
     0.011111111   -0.37637329102  -0.37683105469 
     0.011133787   -0.36624145508  -0.36679077148 
     0.011156463   -0.29034423828  -0.29089355469 
     0.011179138    -0.1623840332  -0.16278076172 
     0.011201814  -0.0052490234375 -0.0054931640625 
      0.01122449    0.15274047852   0.15274047852 
     0.011247166    0.28326416016    0.2834777832 
     0.011269841    0.36288452148   0.36325073242 
     0.011292517    0.37731933594   0.37774658203 
     0.011315193    0.32397460938   0.32440185547 
     0.011337868    0.21252441406   0.21282958984 
     0.011360544   0.062927246094  0.063110351562 
      0.01138322  -0.097900390625 -0.097930908203 
     0.011405896   -0.24111938477  -0.24130249023 
     0.011428571   -0.34094238281  -0.34124755859 
     0.011451247   -0.37954711914  -0.37991333008 
     0.011473923   -0.35003662109  -0.35034179688 
     0.011496599   -0.25762939453      -0.2578125 
     0.011519274   -0.11904907227  -0.11907958984 
      0.01154195   0.040893554688  0.040954589844 
     0.011564626    0.19338989258    0.1936340332 
     0.011587302    0.31112670898   0.31143188477 
     0.011609977    0.37295532227   0.37326049805 
     0.011632653    0.36776733398   0.36804199219 
     0.011655329     0.2966003418   0.29672241211 
     0.011678005    0.17218017578    0.1721496582 
      0.01170068   0.016906738281  0.016723632812 
     0.011723356   -0.14129638672  -0.14163208008 
     0.011746032    -0.2741394043  -0.27450561523 
     0.011768707   -0.35763549805  -0.35803222656 
     0.011791383   -0.37692260742  -0.37719726562 
     0.011814059   -0.32852172852  -0.32861328125 
     0.011836735   -0.22116088867  -0.22103881836 
      0.01185941  -0.074157714844 -0.073822021484 
     0.011882086   0.086120605469  0.086547851562 
     0.011904762    0.23080444336   0.23138427734 
     0.011927438      0.333984375   0.33456420898 
     0.011950113    0.37716674805   0.37762451172 
     0.011972789    0.35263061523   0.35284423828 
     0.011995465    0.26473999023   0.26470947266 
     0.012018141    0.12942504883   0.12905883789 
     0.012040816  -0.029113769531 -0.029724121094 
     0.012063492   -0.18231201172  -0.18310546875 
     0.012086168   -0.30270385742  -0.30349731445 
     0.012108844   -0.36865234375  -0.36935424805 
     0.012131519    -0.3684387207   -0.3688659668 
     0.012154195   -0.30200195312  -0.30209350586 
     0.012176871    -0.1813659668  -0.18112182617 
     0.012199546  -0.028259277344 -0.027648925781 
     0.012222222    0.12985229492   0.13070678711 
     0.012244898    0.26452636719   0.26556396484 
     0.012267574    0.35171508789   0.35266113281 
     0.012290249    0.37561035156   0.37637329102 
     0.012312925    0.33209228516   0.33251953125 
     0.012335601    0.22888183594   0.22888183594 
     0.012358277   0.084686279297  0.084228515625 
     0.012380952  -0.074676513672 -0.075531005859 
     0.012403628   -0.22055053711  -0.22158813477 
     0.012426304   -0.32669067383  -0.32788085938 
      0.01244898   -0.37417602539  -0.37524414062 
     0.012471655   -0.35440063477  -0.35516357422 
     0.012494331   -0.27096557617  -0.27133178711 
     0.012517007   -0.13891601562  -0.13876342773 
     0.012539683   0.018035888672  0.018646240234 
     0.012562358    0.17169189453   0.17269897461 
     0.012585034    0.29440307617   0.29565429688 
      0.01260771    0.36416625977   0.36544799805 
     0.012630385    0.36849975586   0.36959838867 
     0.012653061    0.30667114258   0.30740356445 
     0.012675737     0.1897277832   0.19000244141 
     0.012698413   0.038787841797  0.038543701172 
     0.012721088   -0.11907958984   -0.1198425293 
     0.012743764   -0.25549316406  -0.25665283203 
      0.01276644   -0.34594726562  -0.34732055664 
     0.012789116   -0.37423706055  -0.37557983398 
     0.012811791   -0.33529663086  -0.33636474609 
     0.012834467   -0.23614501953  -0.23681640625 
     0.012857143  -0.094573974609   -0.0947265625 
     0.012879819   0.063903808594  0.064270019531 
     0.012902494    0.21087646484   0.21173095703 
      0.01292517    0.31988525391   0.32107543945 
     0.012947846    0.37142944336   0.37274169922 
     0.012970522    0.35623168945   0.35748291016 
     0.012993197    0.27703857422   0.27801513672 
     0.013015873    0.14810180664    0.1487121582 
     0.013038549  -0.0073547363281 -0.0072937011719 
     0.013061224   -0.16143798828  -0.16192626953 
       0.0130839   -0.28649902344  -0.28741455078 
     0.013106576    -0.3600769043  -0.36126708984 
     0.013129252   -0.36895751953  -0.37020874023 
     0.013151927    -0.3115234375  -0.31271362305 
     0.013174603   -0.19818115234  -0.19909667969 
     0.013197279  -0.049285888672 -0.049743652344 
     0.013219955    0.10842895508   0.10845947266 
      0.01324263    0.24661254883    0.2470703125 
     0.013265306    0.34048461914   0.34133911133 
     0.013287982    0.37313842773   0.37423706055 
     0.013310658    0.33880615234   0.33993530273 
     0.013333333    0.24368286133   0.24459838867 
     0.013356009    0.10473632812   0.10543823242 
     0.013378685  -0.052886962891 -0.052612304688 
     0.013401361   -0.20101928711  -0.20111083984 
     0.013424036   -0.31298828125  -0.31344604492 
     0.013446712   -0.36868286133  -0.36947631836 
     0.013469388   -0.35821533203   -0.3591003418 
     0.013492063   -0.28341674805  -0.28427124023 
     0.013514739   -0.15771484375  -0.15844726562 
     0.013537415  -0.0038146972656 -0.0042419433594 
     0.013560091    0.15078735352   0.15063476562 
     0.013582766    0.27819824219   0.27838134766 
     0.013605442    0.35565185547   0.35610961914 
     0.013628118    0.36920166016    0.3698425293 
     0.013650794    0.31646728516   0.31713867188 
     0.013673469    0.20693969727   0.20751953125 
     0.013696145   0.060302734375  0.060729980469 
     0.013718821  -0.097106933594 -0.096893310547 
     0.013741497   -0.23699951172   -0.2370300293 
     0.013764172   -0.33428955078  -0.33453369141 
     0.013786848   -0.37152099609  -0.37191772461 
     0.013809524   -0.34201049805  -0.34246826172 
       0.0138322   -0.25112915039  -0.25155639648 
     0.013854875     -0.115234375  -0.11553955078 
     0.013877551   0.041290283203  0.041198730469 
     0.013900227    0.19033813477   0.19039916992 
     0.013922902    0.30517578125   0.30535888672 
     0.013945578    0.36514282227   0.36538696289 
     0.013968254    0.35949707031   0.35983276367 
      0.01399093    0.28930664062   0.28958129883 
     0.014013605     0.1672668457   0.16738891602 
     0.014036281   0.015228271484  0.015228271484 
     0.014058957   -0.13946533203  -0.13955688477 
     0.014081633   -0.26901245117   -0.2692565918 
     0.014104308   -0.35018920898  -0.35052490234 
     0.014126984   -0.36849975586  -0.36877441406 
      0.01414966   -0.32061767578  -0.32077026367 
     0.014172336   -0.21517944336  -0.21520996094 
     0.014195011  -0.071197509766 -0.071044921875 
     0.014217687   0.085479736328  0.085815429688 
     0.014240363    0.22671508789   0.22714233398 
     0.014263039    0.32720947266   0.32763671875 
     0.014285714     0.3688659668   0.36923217773 
      0.01430839    0.34423828125   0.34454345703 
     0.014331066    0.25787353516   0.25790405273 
     0.014353741    0.12521362305   0.12506103516 
     0.014376417   -0.02978515625 -0.030181884766 
     0.014399093   -0.17935180664   -0.1799621582 
     0.014421769   -0.29669189453  -0.29733276367 
     0.014444444    -0.3606262207  -0.36123657227 
      0.01446712   -0.35980224609  -0.36029052734 
     0.014489796   -0.29437255859  -0.29461669922 
     0.014512472   -0.17614746094   -0.1760559082 
     0.014535147    -0.0263671875 -0.025970458984 
     0.014557823    0.12811279297   0.12872314453 
     0.014580499    0.25942993164   0.26022338867 
     0.014603175    0.34411621094   0.34494018555 
      0.01462585    0.36697387695   0.36764526367 
     0.014648526    0.32391357422   0.32437133789 
     0.014671202    0.22271728516   0.22286987305 
     0.014693878   0.081573486328  0.081390380859 
     0.014716553  -0.074096679688 -0.074615478516 
     0.014739229   -0.21636962891  -0.21719360352 
     0.014761905   -0.31976318359  -0.32064819336 
      0.01478458   -0.36563110352  -0.36651611328 
     0.014807256   -0.34585571289  -0.34661865234 
     0.014829932   -0.26397705078  -0.26443481445 
     0.014852608     -0.134765625  -0.13482666016 
     0.014875283   0.018585205078  0.018890380859 
     0.014897959    0.16848754883   0.16912841797 
     0.014920635    0.28811645508   0.28897094727 
     0.014943311    0.35589599609   0.35684204102 
     0.014965986    0.35974121094   0.36068725586 
     0.014988662    0.29901123047   0.29971313477 
     0.015011338    0.18463134766   0.18502807617 
     0.015034014   0.037139892578  0.037170410156 
     0.015056689   -0.11688232422  -0.11727905273 
     0.015079365   -0.24987792969  -0.25057983398 
     0.015102041   -0.33792114258  -0.33883666992 
     0.015124717   -0.36526489258  -0.36627197266 
     0.015147392   -0.32699584961  -0.32791137695 
     0.015170068   -0.23007202148   -0.2307434082 
     0.015192744  -0.091888427734 -0.092224121094 
      0.01521542   0.062744140625  0.062835693359 
     0.015238095    0.20599365234   0.20648193359 
     0.015260771    0.31219482422   0.31298828125 
     0.015283447     0.3623046875   0.36325073242 
     0.015306122    0.34735107422    0.3483581543 
     0.015328798    0.27005004883   0.27090454102 
     0.015351474    0.14428710938   0.14489746094 
      0.01537415  -0.0072937011719 -0.0070190429688 
     0.015396825   -0.15747070312  -0.15759277344 
     0.015419501     -0.279296875  -0.27978515625 
     0.015442177   -0.35092163086  -0.35171508789 
     0.015464853   -0.35952758789  -0.36047363281 
     0.015487528   -0.30361938477  -0.30453491211 
     0.015510204   -0.19320678711  -0.19396972656 
      0.01553288  -0.048156738281 -0.048675537109 
     0.015555556    0.10543823242   0.10525512695 
     0.015578231    0.24002075195   0.24020385742 
     0.015600907    0.33142089844   0.33197021484 
     0.015623583    0.36331176758   0.36413574219 
     0.015646259    0.32998657227   0.33087158203 
     0.015668934    0.23745727539      0.23828125 
      0.01569161    0.10232543945   0.10302734375 
     0.015714286  -0.051055908203 -0.050659179688 
     0.015736961   -0.19522094727  -0.19512939453 
     0.015759637   -0.30422973633  -0.30450439453 
     0.015782313   -0.35858154297  -0.35913085938 
     0.015804989   -0.34857177734   -0.3493347168 
     0.015827664   -0.27600097656  -0.27679443359 
      0.01585034   -0.15393066406  -0.15469360352 
     0.015873016  -0.0042724609375 -0.0048522949219 
     0.015895692    0.14602661133   0.14572143555 
     0.015918367    0.27001953125   0.27008056641 
     0.015941043    0.34548950195   0.34582519531 
     0.015963719    0.35894775391   0.35949707031 
     0.015986395    0.30792236328   0.30865478516 
      0.01600907    0.20172119141   0.20245361328 
     0.016031746   0.059326171875  0.059967041016 
     0.016054422  -0.093597412109 -0.093170166016 
     0.016077098   -0.22964477539  -0.22946166992 
     0.016099773   -0.32440185547   -0.3244934082 
     0.016122449   -0.36087036133  -0.36120605469 
     0.016145125   -0.33255004883  -0.33309936523 
       0.0161678   -0.24459838867  -0.24517822266 
     0.016190476   -0.11279296875  -0.11340332031 
     0.016213152   0.039184570312  0.038696289062 
     0.016235828    0.18405151367   0.18374633789 
     0.016258503    0.29574584961   0.29568481445 
     0.016281179    0.35430908203    0.3544921875 
     0.016303855    0.34927368164     0.349609375 
     0.016326531    0.28155517578   0.28204345703 
     0.016349206     0.1633605957   0.16387939453 
     0.016371882   0.015899658203  0.016357421875 
     0.016394558   -0.13427734375  -0.13397216797 
     0.016417234   -0.26025390625  -0.26016235352 
     0.016439909   -0.33950805664   -0.3395690918 
     0.016462585   -0.35772705078  -0.35794067383 
     0.016485261   -0.31176757812  -0.31207275391 
     0.016507937   -0.20986938477   -0.2102355957 
     0.016530612  -0.070404052734 -0.070709228516 
     0.016553288   0.081634521484  0.081390380859 
     0.016575964    0.21887207031   0.21878051758 
     0.016598639    0.31677246094   0.31683349609 
     0.016621315    0.35775756836   0.35794067383 
     0.016643991    0.33453369141   0.33474731445 
     0.016666667    0.25122070312   0.25152587891 
     0.016689342    0.12295532227   0.12319946289 
     0.016712018  -0.027313232422 -0.027160644531 
     0.016734694   -0.17260742188  -0.17254638672 
      0.01675737   -0.28677368164   -0.2868347168 
     0.016780045   -0.34942626953  -0.34957885742 
     0.016802721    -0.3493347168  -0.34951782227 
     0.016825397   -0.28652954102  -0.28671264648 
     0.016848073   -0.17236328125  -0.17251586914 
     0.016870748      -0.02734375 -0.027374267578 
     0.016893424    0.12246704102   0.12249755859 
       0.0169161    0.25021362305   0.25039672852 
     0.016938776    0.33294677734   0.33316040039 
     0.016961451    0.35589599609   0.35614013672 
     0.016984127    0.31494140625    0.3151550293 
     0.017006803     0.2174987793   0.21762084961 
     0.017029478   0.081085205078  0.081085205078 
     0.017052154  -0.069763183594 -0.069885253906 
      0.01707483    -0.2080078125   -0.2082824707 
     0.017097506   -0.30883789062  -0.30917358398 
     0.017120181   -0.35412597656   -0.3544921875 
     0.017142857   -0.33584594727  -0.33615112305 
     0.017165533   -0.25732421875  -0.25750732422 
     0.017188209   -0.13265991211  -0.13269042969 
     0.017210884   0.015716552734  0.015899658203 
      0.01723356    0.16119384766   0.16149902344 
     0.017256236    0.27758789062   0.27807617188 
     0.017278912    0.34411621094   0.34466552734 
     0.017301587    0.34881591797    0.3493347168 
     0.017324263    0.29092407227    0.2912902832 
     0.017346939    0.18087768555   0.18099975586 
     0.017369615   0.038391113281  0.038330078125 
      0.01739229   -0.11083984375  -0.11120605469 
     0.017414966   -0.24008178711  -0.24060058594 
     0.017437642   -0.32614135742  -0.32684326172 
     0.017460317   -0.35360717773  -0.35430908203 
     0.017482993   -0.31762695312  -0.31814575195 
     0.017505669     -0.224609375  -0.22494506836 
     0.017528345  -0.091369628906 -0.091430664062 
      0.01755102   0.058197021484  0.058441162109 
     0.017573696    0.19720458984   0.19775390625 
     0.017596372    0.30075073242   0.30145263672 
     0.017619048    0.35021972656   0.35098266602 
     0.017641723    0.33676147461   0.33752441406 
     0.017664399    0.26293945312   0.26348876953 
     0.017687075    0.14193725586   0.14221191406 
     0.017709751  -0.0044860839844 -0.0045166015625 
     0.017732426   -0.14996337891  -0.15036010742 
     0.017755102   -0.26846313477  -0.26913452148 
     0.017777778   -0.33871459961  -0.33950805664 
     0.017800454   -0.34808349609  -0.34896850586 
     0.017823129   -0.29501342773  -0.29574584961 
     0.017845805   -0.18899536133  -0.18948364258 
     0.017868481  -0.049133300781 -0.049285888672 
     0.017891156   0.099487304688  0.099700927734 
     0.017913832    0.23013305664   0.23065185547 
     0.017936508    0.31939697266   0.32019042969 
     0.017959184     0.3512878418   0.35217285156 
     0.017981859    0.32006835938   0.32098388672 
     0.018004535    0.23141479492    0.2321472168 
     0.018027211    0.10131835938   0.10171508789 
     0.018049887  -0.046936035156 -0.046844482422 
     0.018072562   -0.18664550781  -0.18698120117 
     0.018095238   -0.29281616211  -0.29342651367 
     0.018117914   -0.34634399414  -0.34716796875 
      0.01814059   -0.33764648438   -0.3385925293 
     0.018163265   -0.26837158203  -0.26922607422 
     0.018185941   -0.15097045898  -0.15161132812 
     0.018208617  -0.0065002441406   -0.0068359375 
     0.018231293    0.13903808594   0.13906860352 
     0.018253968    0.25952148438   0.25994873047 
     0.018276644    0.33340454102   0.33407592773 
      0.01829932    0.34735107422   0.34823608398 
     0.018321995    0.29898071289   0.29986572266 
     0.018344671    0.19696044922   0.19769287109 
     0.018367347   0.059600830078  0.060150146484 
     0.018390023  -0.088348388672 -0.088165283203 
     0.018412698   -0.22039794922  -0.22052001953 
     0.018435374    -0.3127746582  -0.31323242188 
      0.01845805   -0.34899902344  -0.34970092773 
     0.018480726   -0.32257080078  -0.32339477539 
     0.018503401   -0.23822021484  -0.23901367188 
     0.018526077   -0.11120605469  -0.11181640625 
     0.018548753   0.035736083984  0.035369873047 
     0.018571429    0.17620849609   0.17614746094 
     0.018594104    0.28494262695   0.28521728516 
      0.01861678     0.3424987793   0.34301757812 
     0.018639456    0.33856201172   0.33926391602 
     0.018662132    0.27383422852   0.27459716797 
     0.018684807    0.16003417969   0.16067504883 
     0.018707483   0.017547607422  0.018035888672 
     0.018730159   -0.12799072266  -0.12777709961 
     0.018752834   -0.25054931641  -0.25057983398 
      0.01877551   -0.32803344727  -0.32833862305 
     0.018798186   -0.34658813477  -0.34713745117 
     0.018820862    -0.3030090332  -0.30355834961 
     0.018843537   -0.20498657227  -0.20562744141 
     0.018866213  -0.070281982422 -0.070770263672 
     0.018888889   0.076965332031  0.076690673828 
     0.018911565    0.21032714844    0.2102355957 
      0.01893424    0.30584716797   0.30603027344 
     0.018956916    0.34649658203   0.34683227539 
     0.018979592    0.32489013672   0.32534790039 
     0.019002268    0.24502563477   0.24551391602 
     0.019024943    0.12121582031   0.12164306641 
     0.019047619  -0.024230957031 -0.023956298828 
     0.019070295    -0.1653137207  -0.16516113281 
     0.019092971   -0.27661132812   -0.2766418457 
     0.019115646   -0.33819580078  -0.33840942383 
     0.019138322   -0.33908081055  -0.33938598633 
     0.019160998   -0.27911376953  -0.27947998047 
     0.019183673   -0.16912841797  -0.16946411133 
     0.019206349  -0.028839111328 -0.029113769531 
     0.019229025    0.11651611328   0.11639404297 
     0.019251701    0.24087524414   0.24090576172 
     0.019274376    0.32192993164   0.32211303711 
     0.019297052    0.34515380859   0.34545898438 
     0.019319728    0.30645751953   0.30676269531 
     0.019342404    0.21279907227   0.21307373047 
     0.019365079   0.081024169922  0.081207275391 
     0.019387755  -0.065216064453 -0.065185546875 
     0.019410431   -0.19961547852  -0.19967651367 
     0.019433107    -0.2981262207  -0.29833984375 
     0.019455782   -0.34307861328  -0.34332275391 
     0.019478458   -0.32641601562  -0.32672119141 
     0.019501134   -0.25122070312  -0.25146484375 
      0.01952381   -0.13101196289   -0.1311340332 
     0.019546485   0.012634277344  0.012634277344 
     0.019569161    0.15390014648    0.1540222168 
     0.019591837    0.26742553711   0.26770019531 
     0.019614512    0.33288574219   0.33319091797 
     0.019637188    0.33856201172    0.3388671875 
     0.019659864    0.28350830078   0.28375244141 
      0.01968254    0.17761230469     0.177734375 
     0.019705215   0.039947509766  0.039886474609 
     0.019727891   -0.10482788086  -0.10498046875 
     0.019750567   -0.23065185547  -0.23092651367 
     0.019773243   -0.31494140625  -0.31533813477 
     0.019795918   -0.34268188477  -0.34307861328 
     0.019818594   -0.30889892578  -0.30926513672 
      0.01984127    -0.2197265625  -0.21990966797 
     0.019863946  -0.091186523438 -0.091186523438 
     0.019886621   0.053649902344  0.053802490234 
     0.019909297    0.18865966797   0.18899536133 
     0.019931973     0.2897644043   0.29016113281 
     0.019954649    0.33877563477   0.33926391602 
     0.019977324    0.32693481445   0.32733154297 
            0.02    0.25643920898   0.25674438477 
     0.020022676    0.14001464844   0.14010620117 
     0.020045351  -0.0014343261719 -0.0016174316406 
     0.020068027   -0.14254760742  -0.14288330078 
     0.020090703   -0.25793457031  -0.25842285156 
     0.020113379   -0.32696533203  -0.32754516602 
     0.020136054   -0.33721923828  -0.33773803711 
      0.02015873   -0.28695678711  -0.28735351562 
     0.020181406   -0.18524169922  -0.18545532227 
     0.020204082  -0.050354003906 -0.050323486328 
     0.020226757   0.093444824219  0.093688964844 
     0.020249433    0.22039794922   0.22079467773 
     0.020272109    0.30764770508   0.30816650391 
     0.020294785    0.33959960938   0.34017944336 
      0.02031746    0.31063842773   0.31112670898 
     0.020340136    0.22589111328   0.22622680664 
     0.020362812    0.10070800781   0.10079956055 
     0.020385488   -0.04248046875 -0.042602539062 
     0.020408163   -0.17788696289  -0.17828369141 
     0.020430839   -0.28131103516  -0.28179931641 
     0.020453515   -0.33413696289  -0.33471679688 
      0.02047619   -0.32693481445  -0.32748413086 
     0.020498866   -0.26107788086  -0.26150512695 
     0.020521542       -0.1484375  -0.14865112305 
     0.020544218  -0.0091857910156 -0.0091857910156 
     0.020566893    0.13153076172   0.13177490234 
     0.020589569    0.24856567383   0.24899291992 
     0.020612245    0.32089233398   0.32141113281 
     0.020634921    0.33557128906   0.33612060547 
     0.020657596    0.29000854492   0.29049682617 
     0.020680272    0.19244384766   0.19271850586 
     0.020702948   0.060394287109  0.060485839844 
     0.020725624  -0.082397460938  -0.08251953125 
     0.020748299   -0.21026611328  -0.21057128906 
     0.020770975   -0.30029296875  -0.30075073242 
     0.020793651   -0.33636474609  -0.33688354492 
     0.020816327   -0.31204223633         -0.3125 
     0.020839002    -0.2317199707  -0.23205566406 
     0.020861678   -0.10989379883  -0.11004638672 
     0.020884354   0.031585693359  0.031616210938 
     0.020907029    0.16723632812   0.16751098633 
     0.020929705    0.27282714844   0.27319335938 
     0.020952381    0.32934570312   0.32977294922 
     0.020975057    0.32669067383    0.3271484375 
     0.020997732    0.26544189453   0.26574707031 
     0.021020408    0.15655517578   0.15673828125 
     0.021043084   0.019714355469  0.019683837891 
      0.02106576   -0.12060546875   -0.1208190918 
     0.021088435   -0.23913574219  -0.23947143555 
     0.021111111   -0.31466674805  -0.31506347656 
     0.021133787   -0.33367919922  -0.33410644531 
     0.021156463   -0.29278564453  -0.29309082031 
     0.021179138   -0.19937133789   -0.1994934082 
     0.021201814  -0.070220947266 -0.070220947266 
      0.02122449   0.071411132812  0.071624755859 
     0.021247166    0.20010375977   0.20043945312 
     0.021269841    0.29281616211   0.29321289062 
     0.021292517    0.33288574219    0.3332824707 
     0.021315193     0.3132019043    0.3134765625 
     0.021337868     0.2373046875   0.23739624023 
     0.021360544     0.1188659668   0.11880493164 
      0.02138322  -0.020782470703 -0.021026611328 
     0.021405896   -0.15664672852  -0.15701293945 
     0.021428571   -0.26425170898  -0.26470947266 
     0.021451247   -0.32440185547  -0.32482910156 
     0.021473923   -0.32626342773  -0.32656860352 
     0.021496599   -0.26956176758  -0.26968383789 
     0.021519274   -0.16452026367  -0.16439819336 
      0.02154195  -0.030059814453 -0.029724121094 
     0.021564626    0.10974121094   0.11022949219 
     0.021587302    0.22970581055   0.23025512695 
     0.021609977    0.30834960938   0.30889892578 
     0.021632653    0.33160400391      0.33203125 
     0.021655329    0.29534912109   0.29556274414 
     0.021678005    0.20608520508   0.20602416992 
      0.02170068   0.079895019531   0.07958984375 
     0.021723356  -0.060516357422  -0.06103515625 
     0.021746032   -0.19000244141  -0.19067382812 
     0.021768707   -0.28527832031  -0.28598022461 
     0.021791383   -0.32925415039  -0.32986450195 
     0.021814059    -0.3141784668  -0.31454467773 
     0.021836735   -0.24264526367  -0.24279785156 
      0.02185941    -0.1276550293  -0.12744140625 
     0.021882086   0.010192871094  0.010681152344 
     0.021904762    0.14608764648   0.14678955078 
     0.021927438    0.25567626953   0.25646972656 
     0.021950113    0.31930541992   0.32009887695 
     0.021972789    0.32559204102   0.32620239258 
     0.021995465        0.2734375   0.27374267578 
     0.022018141    0.17221069336   0.17221069336 
     0.022040816   0.040161132812  0.039794921875 
     0.022063492  -0.098968505859 -0.099639892578 
     0.022086168   -0.22027587891  -0.22113037109 
     0.022108844   -0.30197143555  -0.30285644531 
     0.022131519   -0.32940673828  -0.33023071289 
     0.022154195   -0.29766845703  -0.29827880859 
     0.022176871   -0.21255493164  -0.21282958984 
     0.022199546   -0.08935546875 -0.089263916016 
     0.022222222     0.0498046875  0.050262451172 
     0.022244898    0.17993164062    0.1806640625 
     0.022267574    0.27767944336    0.2785949707 
     0.022290249    0.32553100586   0.32647705078 
     0.022312925    0.31491088867    0.3157043457 
     0.022335601     0.2477722168   0.24835205078 
     0.022358277    0.13619995117    0.1364440918 
     0.022380952  0.00030517578125 0.0001220703125 
     0.022403628   -0.13558959961  -0.13610839844 
     0.022426304   -0.24703979492  -0.24783325195 
      0.02244898   -0.31408691406  -0.31503295898 
     0.022471655   -0.32473754883  -0.32562255859 
     0.022494331    -0.2770690918  -0.27783203125 
     0.022517007   -0.17971801758  -0.18020629883 
     0.022539683  -0.050170898438 -0.050354003906 
     0.022562358   0.088256835938  0.088500976562 
     0.022585034    0.21078491211   0.21133422852 
      0.02260771    0.29541015625    0.2961730957 
     0.022630385    0.32690429688   0.32778930664 
     0.022653061    0.29977416992   0.30059814453 
     0.022675737    0.21881103516   0.21951293945 
     0.022698413   0.098663330078  0.099090576172 
     0.022721088  -0.039093017578 -0.039031982422 
     0.022743764   -0.16976928711  -0.17001342773 
      0.02276644   -0.26986694336  -0.27041625977 
     0.022789116   -0.32144165039  -0.32220458984 
     0.022811791   -0.31533813477   -0.3161315918 
     0.022834467   -0.25262451172  -0.25338745117 
     0.022857143   -0.14465332031  -0.14517211914 
     0.022879819  -0.010772705078 -0.011077880859 
     0.022902494    0.12493896484   0.12493896484 
      0.02292517    0.23809814453   0.23837280273 
     0.022947846    0.30850219727   0.30899047852 
     0.022970522    0.32345581055   0.32406616211 
     0.022993197    0.28036499023   0.28103637695 
     0.023015873    0.18698120117   0.18756103516 
     0.023038549   0.060119628906     0.060546875 
     0.023061224  -0.077423095703 -0.077178955078 
       0.0230839   -0.20098876953  -0.20098876953 
     0.023106576   -0.28833007812  -0.28863525391 
     0.023129252    -0.3239440918  -0.32437133789 
     0.023151927   -0.30133056641  -0.30187988281 
     0.023174603   -0.22470092773  -0.22521972656 
     0.023197279   -0.10781860352  -0.10824584961 
     0.023219955     0.0283203125  0.028045654297 
      0.02324263    0.15930175781    0.1591796875 
     0.023265306    0.26156616211   0.26162719727 
     0.023287982    0.31680297852   0.31707763672 
     0.023310658     0.3151550293   0.31552124023 
     0.023333333    0.25698852539   0.25738525391 
     0.023356009    0.15270996094   0.15307617188 
     0.023378685   0.021148681641  0.021423339844 
     0.023401361   -0.11410522461  -0.11395263672 
     0.023424036    -0.2287902832   -0.2287902832 
     0.023446712   -0.30230712891   -0.3024597168 
     0.023469388   -0.32147216797  -0.32174682617 
     0.023492063   -0.28302001953  -0.28332519531 
     0.023514739   -0.19375610352   -0.1940612793 
     0.023537415   -0.06982421875 -0.070037841797 
     0.023560091   0.066497802734  0.066436767578 
     0.023582766    0.19082641602   0.19082641602 
     0.023605442    0.28076171875   0.28088378906 
     0.023628118    0.32025146484   0.32049560547 
     0.023650794    0.30227661133   0.30249023438 
     0.023673469    0.23004150391   0.23028564453 
     0.023696145    0.11660766602   0.11672973633 
     0.023718821  -0.017700195312 -0.017608642578 
     0.023741497   -0.14865112305  -0.14874267578 
     0.023764172   -0.25283813477  -0.25302124023 
     0.023786848   -0.31158447266  -0.31182861328 
     0.023809524   -0.31433105469  -0.31460571289 
       0.0238322   -0.26071166992  -0.26095581055 
     0.023854875   -0.16030883789  -0.16049194336 
     0.023877551  -0.031280517578 -0.031311035156 
     0.023900227    0.10330200195   0.10342407227 
     0.023922902    0.21920776367    0.2194519043 
     0.023945578    0.29565429688   0.29598999023 
     0.023968254    0.31900024414   0.31939697266 
      0.02399093    0.28506469727    0.2854309082 
     0.024013605    0.20004272461   0.20028686523 
     0.024036281   0.079162597656  0.079254150391 
     0.024058957  -0.055816650391 -0.055908203125 
     0.024081633    -0.1806640625  -0.18096923828 
     0.024104308   -0.27301025391  -0.27337646484 
     0.024126984   -0.31625366211  -0.31674194336 
      0.02414966     -0.302734375  -0.30322265625 
     0.024172336   -0.23489379883  -0.23529052734 
     0.024195011   -0.12493896484  -0.12515258789 
     0.024217687  0.0073547363281 0.0072937011719 
     0.024240363    0.13821411133    0.1383972168 
     0.024263039    0.24417114258   0.24453735352 
     0.024285714    0.30621337891   0.30676269531 
      0.02430839    0.31326293945   0.31387329102 
     0.024331066    0.26409912109    0.2646484375 
     0.024353741    0.16760253906      0.16796875 
     0.024376417   0.041076660156  0.041259765625 
     0.024399093  -0.092742919922 -0.092803955078 
     0.024421769   -0.20980834961  -0.21011352539 
     0.024444444   -0.28915405273  -0.28967285156 
      0.02446712   -0.31649780273  -0.31716918945 
     0.024489796     -0.287109375  -0.28778076172 
     0.024512472   -0.20617675781   -0.2067565918 
     0.024535147  -0.088317871094 -0.088684082031 
     0.024557823   0.045349121094  0.045227050781 
     0.024580499    0.17074584961   0.17095947266 
     0.024603175    0.26544189453   0.26586914062 
      0.02462585    0.31240844727   0.31307983398 
     0.024648526    0.30334472656   0.30404663086 
     0.024671202    0.23980712891    0.2405090332 
     0.024693878    0.13333129883   0.13385009766 
     0.024716553  0.0029602050781 0.0032653808594 
     0.024739229   -0.12783813477  -0.12783813477 
     0.024761905    -0.2356262207  -0.23590087891 
      0.02478458    -0.3010559082  -0.30160522461 
     0.024807256   -0.31246948242  -0.31314086914 
     0.024829932   -0.26776123047  -0.26849365234 
     0.024852608    -0.1750793457  -0.17572021484 
     0.024875283  -0.051025390625 -0.051483154297 
     0.024897959   0.082122802734  0.081909179688 
     0.024920635    0.20043945312   0.20050048828 
     0.024943311    0.28271484375   0.28305053711 
     0.024965986    0.31423950195   0.31478881836 
     0.024988662    0.28936767578    0.2900390625 
     0.025011338     0.2126159668   0.21328735352 
     0.025034014   0.097717285156  0.098327636719 
     0.025056689  -0.034606933594 -0.034210205078 
     0.025079365   -0.16064453125  -0.16052246094 
     0.025102041       -0.2578125  -0.25790405273 
     0.025124717   -0.30865478516  -0.30899047852 
     0.025147392   -0.30410766602  -0.30459594727 
     0.025170068   -0.24502563477  -0.24563598633 
     0.025192744   -0.14199829102    -0.142578125 
      0.02521542  -0.013610839844 -0.014099121094 
     0.025238095    0.11715698242   0.11688232422 
     0.025260771    0.22686767578   0.22674560547 
     0.025283447    0.29577636719    0.2958984375 
     0.025306122    0.31158447266   0.31192016602 
     0.025328798    0.27151489258   0.27197265625 
     0.025351474    0.18280029297   0.18325805664 
      0.02537415   0.061309814453  0.061737060547 
     0.025396825  -0.071075439453 -0.070739746094 
     0.025419501   -0.19061279297   -0.1904296875 
     0.025442177   -0.27590942383  -0.27587890625 
     0.025464853   -0.31164550781  -0.31176757812 
     0.025487528   -0.29147338867  -0.29174804688 
     0.025510204   -0.21905517578  -0.21936035156 
      0.02553288   -0.10739135742   -0.1076965332 
     0.025555556   0.023498535156  0.023162841797 
     0.025578231    0.15002441406   0.14981079102 
     0.025600907    0.24957275391   0.24948120117 
     0.025623583    0.30429077148   0.30426025391 
     0.025646259     0.3044128418   0.30447387695 
     0.025668934    0.24993896484   0.25003051758 
      0.02569161     0.1506652832   0.15081787109 
     0.025714286   0.024444580078  0.024597167969 
     0.025736961   -0.10604858398  -0.10595703125 
     0.025759637   -0.21743774414  -0.21734619141 
     0.025782313   -0.28973388672  -0.28964233398 
     0.025804989   -0.31002807617  -0.30993652344 
     0.025827664    -0.2746887207  -0.27465820312 
      0.02585034   -0.19009399414  -0.19006347656 
     0.025873016  -0.071502685547 -0.071472167969 
     0.025895692   0.059844970703  0.059844970703 
     0.025918367    0.18035888672   0.18032836914 
     0.025941043    0.26840209961   0.26837158203 
     0.025963719    0.30822753906   0.30816650391 
     0.025986395    0.29275512695   0.29266357422 
      0.02600907    0.22476196289   0.22467041016 
     0.026031746    0.11654663086   0.11636352539 
     0.026054422  -0.012542724609 -0.012664794922 
     0.026077098   -0.13925170898  -0.13940429688 
     0.026099773   -0.24087524414  -0.24096679688 
     0.026122449   -0.29922485352  -0.29922485352 
     0.026145125   -0.30383300781  -0.30377197266 
       0.0261678   -0.25393676758  -0.25375366211 
     0.026190476   -0.15853881836  -0.15829467773 
     0.026213152  -0.034759521484 -0.034484863281 
     0.026235828   0.095123291016  0.095428466797 
     0.026258503    0.20785522461   0.20809936523 
     0.026281179      0.283203125   0.28335571289 
     0.026303855    0.30770874023   0.30770874023 
     0.026326531    0.27691650391   0.27682495117 
     0.026349206    0.19650268555    0.1962890625 
     0.026371882   0.080902099609  0.080596923828 
     0.026394558  -0.049133300781 -0.049438476562 
     0.026417234   -0.17022705078  -0.17056274414 
     0.026439909   -0.26071166992  -0.26098632812 
     0.026462585   -0.30435180664  -0.30447387695 
     0.026485261   -0.29333496094  -0.29330444336 
     0.026507937   -0.22967529297  -0.22955322266 
     0.026530612   -0.12487792969  -0.12463378906 
     0.026553288  0.0022583007812 0.0025939941406 
     0.026575964    0.12887573242   0.12921142578 
     0.026598639    0.23229980469   0.23260498047 
     0.026621315    0.29391479492   0.29415893555 
     0.026643991    0.30279541016   0.30291748047 
     0.026666667    0.25732421875   0.25726318359 
     0.026689342    0.16571044922   0.16552734375 
     0.026712018   0.044403076172  0.044158935547 
     0.026734694  -0.084747314453 -0.085113525391 
      0.02675737   -0.19860839844  -0.19897460938 
     0.026780045   -0.27676391602  -0.27703857422 
     0.026802721   -0.30517578125   -0.3053894043 
     0.026825397   -0.27883911133  -0.27883911133 
     0.026848073   -0.20248413086  -0.20233154297 
     0.026870748  -0.089813232422 -0.089569091797 
     0.026893424   0.038879394531  0.039184570312 
       0.0269161    0.16049194336   0.16082763672 
     0.026938776     0.2532043457   0.25350952148 
     0.026961451    0.30041503906   0.30065917969 
     0.026984127    0.29373168945   0.29382324219 
     0.027006803    0.23431396484   0.23428344727 
     0.027029478    0.13293457031   0.13275146484 
     0.027052154  0.0077209472656 0.0074768066406 
      0.02707483   -0.11877441406  -0.11907958984 
     0.027097506   -0.22384643555  -0.22421264648 
     0.027120181   -0.28872680664  -0.28897094727 
     0.027142857   -0.30172729492  -0.30187988281 
     0.027165533   -0.26058959961  -0.26062011719 
     0.027188209   -0.17272949219  -0.17260742188 
     0.027210884  -0.053924560547   -0.0537109375 
      0.02723356   0.074493408203  0.074768066406 
     0.027256236    0.18939208984    0.1897277832 
     0.027278912    0.27029418945   0.27056884766 
     0.027301587    0.30258178711   0.30279541016 
     0.027324263    0.28063964844   0.28067016602 
     0.027346939     0.2082824707   0.20825195312 
     0.027369615   0.098663330078  0.098480224609 
      0.02739229  -0.028625488281 -0.028869628906 
     0.027414966    -0.1506652832  -0.15097045898 
     0.027437642   -0.24557495117  -0.24588012695 
     0.027460317   -0.29638671875  -0.29666137695 
     0.027482993   -0.29397583008  -0.29412841797 
     0.027505669   -0.23883056641  -0.23886108398 
     0.027528345    -0.1408996582  -0.14071655273 
      0.02755102  -0.017700195312 -0.017456054688 
     0.027573696    0.10855102539   0.10888671875 
     0.027596372    0.21524047852   0.21560668945 
     0.027619048    0.28329467773   0.28353881836 
     0.027641723    0.30041503906   0.30062866211 
     0.027664399    0.26364135742   0.26373291016 
     0.027687075    0.17962646484   0.17956542969 
     0.027709751   0.063415527344  0.063232421875 
     0.027732426  -0.064086914062 -0.064392089844 
     0.027755102   -0.17999267578  -0.18035888672 
     0.027777778   -0.26351928711  -0.26388549805 
     0.027800454   -0.29974365234  -0.30001831055 
     0.027823129   -0.28216552734  -0.28231811523 
     0.027845805   -0.21398925781  -0.21398925781 
     0.027868481     -0.107421875  -0.10733032227 
     0.027891156   0.018280029297    0.0185546875 
     0.027913832    0.14065551758   0.14102172852 
     0.027936508    0.23770141602   0.23809814453 
     0.027959184    0.29202270508   0.29238891602 
     0.027981859     0.2939453125    0.2942199707 
     0.028004535     0.2431640625   0.24325561523 
     0.028027211    0.14874267578    0.1487121582 
     0.028049887   0.027740478516  0.027557373047 
     0.028072562   -0.09814453125 -0.098510742188 
     0.028095238   -0.20635986328   -0.2067565918 
     0.028117914   -0.27746582031  -0.27789306641 
      0.02814059   -0.29873657227  -0.29913330078 
     0.028163265   -0.26641845703  -0.26669311523 
     0.028185941   -0.18637084961  -0.18643188477 
     0.028208617  -0.072906494141 -0.072814941406 
     0.028231293   0.053527832031  0.053802490234 
     0.028253968    0.17028808594   0.17065429688 
     0.028276644    0.25637817383   0.25680541992 
      0.02829932    0.29647827148   0.29690551758 
     0.028321995    0.28332519531   0.28366088867 
     0.028344671    0.21942138672   0.21954345703 
     0.028367347    0.11614990234   0.11618041992 
     0.028390023  -0.0078430175781 -0.0080261230469 
     0.028412698   -0.13031005859  -0.13067626953 
     0.028435374   -0.22930908203   -0.2297668457 
      0.02845805   -0.28713989258  -0.28762817383 
     0.028480726   -0.29339599609  -0.29382324219 
     0.028503401   -0.24703979492   -0.2473449707 
     0.028526077   -0.15643310547   -0.1565246582 
     0.028548753  -0.037811279297 -0.037719726562 
     0.028571429   0.087463378906  0.087707519531 
     0.028594104    0.19696044922   0.19738769531 
      0.02861678    0.27105712891   0.27154541016 
     0.028639456    0.29647827148   0.29693603516 
     0.028662132    0.26867675781   0.26904296875 
     0.028684807    0.19274902344   0.19293212891 
     0.028707483   0.082275390625  0.082336425781 
     0.028730159  -0.042816162109 -0.042999267578 
     0.028752834   -0.16012573242  -0.16046142578 
      0.02877551   -0.24865722656  -0.24908447266 
     0.028798186   -0.29244995117     -0.29296875 
     0.028820862   -0.28381347656  -0.28421020508 
     0.028843537   -0.22427368164  -0.22457885742 
     0.028866213   -0.12454223633  -0.12466430664 
     0.028888889  -0.0025939941406 -0.0025329589844 
     0.028911565    0.11975097656   0.11999511719 
      0.02893424    0.22048950195   0.22088623047 
     0.028956916    0.28158569336   0.28204345703 
     0.028979592    0.29211425781   0.29257202148 
     0.029002268     0.2502746582   0.25064086914 
     0.029024943    0.16357421875    0.1637878418 
     0.029047619   0.047637939453  0.047637939453 
     0.029070295  -0.076782226562 -0.076934814453 
     0.029092971   -0.18728637695  -0.18765258789 
     0.029115646   -0.26409912109  -0.26452636719 
     0.029138322   -0.29348754883   -0.2939453125 
     0.029160998   -0.27020263672  -0.27062988281 
     0.029183673   -0.19848632812  -0.19876098633 
     0.029206349  -0.091217041016 -0.091339111328 
     0.029229025   0.032287597656  0.032379150391 
     0.029251701    0.14993286133   0.15020751953 
     0.029274376    0.24053955078   0.24096679688 
     0.029297052    0.28796386719   0.28842163086 
     0.029319728    0.28363037109   0.28411865234 
     0.029342404      0.228515625   0.22882080078 
     0.029365079    0.13238525391   0.13259887695 
     0.029387755   0.012634277344  0.012603759766 
     0.029410431   -0.10928344727  -0.10949707031 
     0.029433107   -0.21148681641  -0.21185302734 
     0.029455782    -0.2756652832  -0.27612304688 
     0.029478458   -0.29037475586  -0.29083251953 
     0.029501134    -0.2529296875  -0.25332641602 
      0.02952381   -0.17022705078  -0.17041015625 
     0.029546485  -0.057037353516 -0.057037353516 
     0.029569161   0.066314697266  0.066467285156 
     0.029591837    0.17764282227   0.17794799805 
     0.029614512    0.25701904297   0.25744628906 
     0.029637188    0.29022216797   0.29067993164 
     0.029659864    0.27136230469   0.27172851562 
      0.02968254     0.2038269043    0.2041015625 
     0.029705215   0.099792480469  0.099884033203 
     0.029727891  -0.022033691406 -0.022125244141 
     0.029750567   -0.13983154297  -0.14010620117 
     0.029773243   -0.23245239258  -0.23281860352 
     0.029795918   -0.28323364258  -0.28372192383 
     0.029818594   -0.28323364258  -0.28369140625 
      0.02984127   -0.23248291016  -0.23278808594 
     0.029863946   -0.13998413086  -0.14016723633 
     0.029886621  -0.022552490234 -0.022491455078 
     0.029909297   0.098907470703   0.09912109375 
     0.029931973    0.20245361328    0.2028503418 
     0.029954649    0.26965332031   0.27011108398 
     0.029977324    0.28842163086   0.28890991211 
            0.03    0.25546264648   0.25582885742 
     0.030022676    0.17672729492   0.17694091797 
     0.030045351   0.066345214844  0.066345214844 
     0.030068027  -0.055847167969 -0.056030273438 
     0.030090703   -0.16790771484  -0.16827392578 
     0.030113379   -0.24975585938  -0.25024414062 
     0.030136054   -0.28674316406  -0.28723144531 
      0.03015873   -0.27230834961   -0.2727355957 
     0.030181406   -0.20901489258  -0.20932006836 
     0.030204082   -0.10830688477   -0.1083984375 
     0.030226757       0.01171875  0.011810302734 
     0.030249433    0.12954711914   0.12985229492 
     0.030272109    0.22406005859   0.22451782227 
     0.030294785     0.2783203125   0.27880859375 
      0.03031746    0.28262329102   0.28308105469 
     0.030340136    0.23620605469    0.2366027832 
     0.030362812    0.14752197266   0.14770507812 
     0.030385488   0.032440185547  0.032379150391 
     0.030408163  -0.088348388672 -0.088623046875 
     0.030430839   -0.19323730469  -0.19360351562 
     0.030453515   -0.26333618164  -0.26385498047 
      0.03047619   -0.28616333008  -0.28668212891 
     0.030498866   -0.25762939453  -0.25811767578 
     0.030521542   -0.18295288086  -0.18328857422 
     0.030544218  -0.075531005859 -0.075622558594 
     0.030566893   0.045349121094  0.045501708984 
     0.030589569    0.15798950195   0.15832519531 
     0.030612245    0.24221801758   0.24270629883 
     0.030634921    0.28289794922   0.28344726562 
     0.030657596    0.27288818359   0.27334594727 
     0.030680272     0.2138671875   0.21426391602 
     0.030702948    0.11657714844   0.11679077148 
     0.030725624  -0.0015258789062 -0.0015869140625 
     0.030748299   -0.11929321289  -0.11953735352 
     0.030770975    -0.2155456543  -0.21597290039 
     0.030793651   -0.27304077148  -0.27359008789 
     0.030816327    -0.2815246582  -0.28210449219 
     0.030839002   -0.23956298828  -0.24002075195 
     0.030861678   -0.15463256836  -0.15490722656 
     0.030884354  -0.042053222656 -0.042114257812 
     0.030907029   0.078002929688  0.078155517578 
     0.030929705    0.18395996094   0.18426513672 
     0.030952381    0.25680541992   0.25729370117 
     0.030975057    0.28356933594   0.28411865234 
     0.030997732    0.25946044922   0.25997924805 
     0.031020408    0.18881225586   0.18920898438 
     0.031043084   0.084350585938  0.084594726562 
      0.03106576  -0.035125732422 -0.035125732422 
     0.031088435   -0.14822387695  -0.14846801758 
     0.031111111    -0.2346496582  -0.23501586914 
     0.031133787   -0.27893066406  -0.27941894531 
     0.031156463   -0.27313232422  -0.27365112305 
     0.031179138   -0.21838378906  -0.21881103516 
     0.031201814   -0.12448120117  -0.12478637695 
      0.03122449  -0.0083312988281 -0.0084228515625 
     0.031247166    0.10922241211   0.10931396484 
     0.031269841    0.20709228516   0.20739746094 
     0.031292517    0.26776123047   0.26818847656 
     0.031315193    0.28036499023   0.28082275391 
     0.031337868    0.24267578125   0.24307250977 
     0.031360544    0.16146850586   0.16180419922 
      0.03138322   0.051422119141  0.051544189453 
     0.031405896  -0.067810058594 -0.067840576172 
     0.031428571   -0.17477416992  -0.17498779297 
     0.031451247   -0.25033569336  -0.25067138672 
     0.031473923   -0.28094482422  -0.28134155273 
     0.031496599   -0.26113891602  -0.26150512695 
     0.031519274   -0.19451904297  -0.19479370117 
      0.03154195  -0.093048095703 -0.093231201172 
     0.031564626   0.025024414062  0.024993896484 
     0.031587302    0.13851928711   0.13864135742 
     0.031609977    0.22711181641   0.22735595703 
     0.031632653    0.27487182617   0.27523803711 
     0.031655329    0.27334594727   0.27365112305 
     0.031678005    0.22277832031   0.22308349609 
      0.03170068    0.13229370117   0.13247680664 
     0.031723356   0.018188476562  0.018218994141 
     0.031746032   -0.09912109375 -0.099243164062 
     0.031768707   -0.19854736328  -0.19879150391 
     0.031791383   -0.26235961914  -0.26266479492 
     0.031814059    -0.2790222168  -0.27932739258 
     0.031836735   -0.24566650391  -0.24588012695 
      0.03185941   -0.16827392578  -0.16839599609 
     0.031882086  -0.060760498047 -0.060729980469 
     0.031904762   0.057586669922  0.057708740234 
     0.031927438    0.16546630859    0.1657409668 
     0.031950113    0.24365234375   0.24395751953 
     0.031972789     0.2780456543   0.27835083008 
     0.031995465    0.26257324219   0.26284790039 
     0.032018141    0.20004272461   0.20013427734 
     0.032040816    0.10165405273   0.10165405273 
     0.032063492  -0.014892578125 -0.015045166016 
     0.032086168   -0.12866210938     -0.12890625 
     0.032108844   -0.21926879883  -0.21960449219 
     0.032131519    -0.2705078125  -0.27081298828 
     0.032154195   -0.27319335938      -0.2734375 
     0.032176871   -0.22689819336  -0.22702026367 
     0.032199546    -0.1399230957   -0.1399230957 
     0.032222222  -0.027923583984 -0.027770996094 
     0.032244898   0.088989257812  0.089294433594 
     0.032267574    0.18981933594   0.19021606445 
     0.032290249     0.2565612793   0.25698852539 
     0.032312925    0.27728271484   0.27764892578 
     0.032335601    0.24819946289   0.24844360352 
     0.032358277    0.17465209961   0.17471313477 
     0.032380952   0.069854736328  0.069702148438 
     0.032403628  -0.047393798828 -0.047729492188 
     0.032426304   -0.15606689453   -0.1565246582 
      0.03244898   -0.23666381836  -0.23718261719 
     0.032471655   -0.27474975586  -0.27520751953 
     0.032494331   -0.26354980469  -0.26391601562 
     0.032517007     -0.205078125  -0.20529174805 
     0.032539683   -0.10989379883  -0.10983276367 
     0.032562358  0.0049743652344 0.0052490234375 
     0.032585034    0.11880493164   0.11929321289 
      0.03260771    0.21127319336   0.21182250977 
     0.032630385    0.26577758789   0.26638793945 
     0.032653061    0.27255249023   0.27310180664 
     0.032675737    0.23049926758   0.23083496094 
     0.032698413    0.14709472656    0.1471862793 
     0.032721088   0.037384033203  0.037231445312 
     0.032743764  -0.078948974609 -0.079345703125 
      0.03276644   -0.18103027344  -0.18161010742 
     0.032789116   -0.25061035156  -0.25128173828 
     0.032811791    -0.2751159668  -0.27578735352 
     0.032834467   -0.25033569336  -0.25085449219 
     0.032857143    -0.1806640625  -0.18096923828 
     0.032879819   -0.07861328125 -0.078643798828 
     0.032902494   0.037414550781  0.037719726562 
      0.03292517    0.14666748047   0.14721679688 
     0.032947846    0.22955322266   0.23025512695 
     0.032970522    0.27117919922   0.27194213867 
     0.032993197    0.26416015625   0.26483154297 
     0.033015873    0.20977783203   0.21026611328 
     0.033038549    0.11782836914   0.11804199219 
     0.033061224  0.0047912597656 0.0046997070312 
       0.0330839   -0.10903930664  -0.10940551758 
     0.033106576   -0.20318603516   -0.2038269043 
     0.033129252   -0.26089477539  -0.26162719727 
     0.033151927   -0.27172851562  -0.27252197266 
     0.033174603   -0.23382568359  -0.23449707031 
     0.033197279    -0.1540222168  -0.15444946289 
     0.033219955  -0.046691894531 -0.046844482422 
      0.03324263   0.068969726562  0.069152832031 
     0.033265306    0.17218017578   0.17266845703 
     0.033287982     0.2444152832   0.24508666992 
     0.033310658    0.27279663086   0.27359008789 
     0.033333333     0.2522277832   0.25296020508 
     0.033356009    0.18646240234   0.18701171875 
     0.033378685   0.087249755859  0.087615966797 
     0.033401361  -0.027465820312 -0.027465820312 
     0.033424036   -0.13717651367  -0.13748168945 
     0.033446712   -0.22222900391  -0.22280883789 
     0.033469388   -0.26736450195  -0.26812744141 
     0.033492063   -0.26452636719  -0.26531982422 
     0.033514739   -0.21426391602  -0.21496582031 
     0.033537415   -0.12557983398  -0.12609863281 
     0.033560091  -0.014495849609 -0.014709472656 
     0.033582766   0.099151611328  0.099243164062 
     0.033605442    0.19488525391   0.19528198242 
     0.033628118    0.25564575195   0.25625610352 
     0.033650794     0.2705078125   0.27124023438 
     0.033673469    0.23687744141   0.23760986328 
     0.033696145    0.16076660156   0.16134643555 
     0.033718821   0.055908203125  0.056243896484 
     0.033741497  -0.058898925781 -0.058837890625 
     0.033764172    -0.1630859375  -0.16326904297 
     0.033786848   -0.23791503906  -0.23840332031 
     0.033809524   -0.27001953125  -0.27069091797 
       0.0338322   -0.25369262695  -0.25442504883 
     0.033854875   -0.19189453125  -0.19253540039 
     0.033877551  -0.095733642578 -0.096221923828 
     0.033900227   0.017486572266  0.017333984375 
     0.033922902    0.12750244141   0.12759399414 
     0.033945578    0.21459960938   0.21496582031 
     0.033968254    0.26312255859   0.26364135742 
      0.03399093    0.26443481445   0.26507568359 
     0.034013605    0.21832275391   0.21893310547 
     0.034036281    0.13311767578   0.13360595703 
     0.034058957   0.024078369141  0.024383544922 
     0.034081633  -0.089141845703 -0.089111328125 
     0.034104308   -0.18634033203  -0.18658447266 
     0.034126984   -0.25003051758  -0.25042724609 
      0.03414966   -0.26885986328  -0.26937866211 
     0.034172336   -0.23941040039  -0.23999023438 
     0.034195011   -0.16711425781  -0.16757202148 
     0.034217687  -0.064880371094 -0.065185546875 
     0.034240363   0.048889160156  0.048767089844 
     0.034263039    0.15377807617   0.15393066406 
     0.034285714    0.23104858398   0.23138427734 
      0.03430839    0.26684570312   0.26727294922 
     0.034331066    0.25473022461   0.25524902344 
     0.034353741    0.19696044922   0.19741821289 
     0.034376417    0.10391235352   0.10427856445 
     0.034399093  -0.0076904296875 -0.0075378417969 
     0.034421769   -0.11779785156  -0.11785888672 
     0.034444444   -0.20672607422  -0.20700073242 
      0.03446712    -0.2585144043  -0.25891113281 
     0.034489796   -0.26391601562  -0.26434326172 
     0.034512472   -0.22198486328   -0.2223815918 
     0.034535147   -0.14028930664  -0.14059448242 
     0.034557823  -0.033508300781 -0.033630371094 
     0.034580499   0.079162597656  0.079223632812 
     0.034603175    0.17761230469   0.17785644531 
      0.03462585    0.24411010742   0.24444580078 
     0.034648526    0.26672363281   0.26718139648 
     0.034671202    0.24160766602   0.24197387695 
     0.034693878    0.17309570312   0.17340087891 
     0.034716553   0.073669433594  0.073791503906 
     0.034739229  -0.038879394531 -0.038970947266 
     0.034761905   -0.14440917969  -0.14462280273 
      0.03478458    -0.2239074707  -0.22430419922 
     0.034807256   -0.26321411133    -0.263671875 
     0.034829932   -0.25531005859  -0.25570678711 
     0.034852608   -0.20162963867  -0.20190429688 
     0.034875283   -0.11184692383  -0.11196899414 
     0.034897959  -0.0020751953125 -0.0020141601562 
     0.034920635    0.10794067383   0.10818481445 
     0.034943311     0.1985168457   0.19891357422 
     0.034965986    0.25341796875      0.25390625 
     0.034988662    0.26281738281   0.26330566406 
     0.035011338    0.22512817383   0.22549438477 
     0.035034014    0.14709472656   0.14727783203 
     0.035056689   0.042724609375  0.042694091797 
     0.035079365  -0.069152832031 -0.069396972656 
     0.035102041   -0.16854858398   -0.1689453125 
     0.035124717   -0.23764038086  -0.23815917969 
     0.035147392   -0.26406860352  -0.26458740234 
     0.035170068   -0.24307250977  -0.24356079102 
     0.035192744   -0.17861938477  -0.17886352539 
      0.03521542  -0.082122802734 -0.082153320312 
     0.035238095   0.028961181641  0.029174804688 
     0.035260771      0.134765625   0.13519287109 
     0.035283447    0.21630859375   0.21685791016 
     0.035306122    0.25897216797   0.25961303711 
     0.035328798    0.25512695312   0.25570678711 
     0.035351474    0.20559692383   0.20599365234 
      0.03537415    0.11923217773    0.1194152832 
     0.035396825   0.011566162109  0.011474609375 
     0.035419501  -0.098083496094 -0.098449707031 
     0.035442177   -0.19000244141  -0.19055175781 
     0.035464853   -0.24774169922  -0.24841308594 
     0.035487528    -0.2610168457     -0.26171875 
     0.035510204    -0.2275390625  -0.22808837891 
      0.03553288   -0.15322875977  -0.15356445312 
     0.035555556  -0.051513671875 -0.051605224609 
     0.035578231   0.059326171875  0.059509277344 
     0.035600907    0.15939331055    0.1598815918 
     0.035623583    0.23083496094   0.23147583008 
     0.035646259    0.26071166992   0.26147460938 
     0.035668934    0.24389648438   0.24459838867 
      0.03569161     0.1833190918    0.1838684082 
     0.035714286   0.089935302734  0.090240478516 
     0.035736961  -0.019500732422 -0.019500732422 
     0.035759637   -0.12530517578  -0.12557983398 
     0.035782313   -0.20855712891  -0.20910644531 
     0.035804989   -0.25430297852  -0.25503540039 
     0.035827664   -0.25445556641   -0.2551574707 
      0.03585034   -0.20889282227  -0.20959472656 
     0.035873016   -0.12600708008  -0.12646484375 
     0.035895692    -0.0205078125 -0.020721435547 
     0.035918367   0.088500976562  0.088562011719 
     0.035941043    0.18157958984    0.1819152832 
     0.035963719    0.24197387695   0.24255371094 
     0.035986395    0.25894165039   0.25961303711 
      0.03600907    0.22946166992   0.23013305664 
     0.036031746    0.15884399414   0.15942382812 
     0.036054422   0.059814453125  0.060180664062 
     0.036077098  -0.049835205078 -0.049743652344 
     0.036099773   -0.15051269531  -0.15063476562 
     0.036122449   -0.22406005859  -0.22442626953 
     0.036145125   -0.25738525391  -0.25790405273 
       0.0361678   -0.24447631836  -0.24508666992 
     0.036190476    -0.1877746582  -0.18838500977 
     0.036213152  -0.097442626953 -0.097900390625 
     0.036235828   0.010284423828 0.0099792480469 
     0.036258503    0.11605834961   0.11602783203 
     0.036281179    0.20095825195   0.20114135742 
     0.036303855    0.24975585938   0.25009155273 
     0.036326531    0.25372314453    0.2541809082 
     0.036349206     0.2121887207   0.21264648438 
     0.036371882    0.13265991211   0.13305664062 
     0.036394558   0.029388427734  0.029693603516 
     0.036417234  -0.079040527344 -0.078918457031 
     0.036439909   -0.17324829102  -0.17327880859 
     0.036462585   -0.23626708984  -0.23645019531 
     0.036485261   -0.25689697266  -0.25717163086 
     0.036507937   -0.23147583008  -0.23178100586 
     0.036530612   -0.16455078125  -0.16485595703 
     0.036553288  -0.068206787109 -0.068420410156 
     0.036575964   0.040283203125  0.040191650391 
     0.036598639    0.14147949219   0.14147949219 
     0.036621315    0.21722412109   0.21731567383 
     0.036643991    0.25396728516   0.25411987305 
     0.036666667    0.24514770508   0.24533081055 
     0.036689342    0.19241333008   0.19253540039 
     0.036712018     0.1051940918   0.10528564453 
     0.036734694  -0.00076293945312 -0.00076293945312 
      0.03675737   -0.10650634766  -0.10659790039 
     0.036780045    -0.1930847168  -0.19320678711 
     0.036802721   -0.24496459961   -0.2451171875 
     0.036825397    -0.2529296875  -0.25302124023 
     0.036848073   -0.21548461914  -0.21551513672 
     0.036870748   -0.13952636719  -0.13943481445 
     0.036893424   -0.03857421875 -0.038421630859 
       0.0369161   0.069152832031  0.069427490234 
     0.036938776    0.16445922852   0.16470336914 
     0.036961451    0.23016357422   0.23037719727 
     0.036984127    0.25451660156   0.25469970703 
     0.037006803    0.23327636719   0.23330688477 
     0.037029478    0.17022705078   0.17013549805 
     0.037052154   0.076751708984  0.076477050781 
      0.03707483  -0.030395507812 -0.030822753906 
     0.037097506   -0.13201904297  -0.13247680664 
     0.037120181   -0.20986938477  -0.21032714844 
     0.037142857   -0.25006103516  -0.25036621094 
     0.037165533   -0.24533081055  -0.24551391602 
     0.037188209   -0.19665527344  -0.19665527344 
     0.037210884   -0.11279296875  -0.11251831055 
      0.03723356    -0.0087890625 -0.0083312988281 
     0.037256236     0.0966796875  0.097290039062 
     0.037278912    0.18475341797   0.18539428711 
     0.037301587    0.23959350586   0.24014282227 
     0.037324263    0.25146484375   0.25183105469 
     0.037346939    0.21820068359   0.21835327148 
     0.037369615    0.14590454102   0.14575195312 
      0.03739229   0.047485351562  0.047058105469 
     0.037414966  -0.059356689453 -0.059967041016 
     0.037437642   -0.15542602539  -0.15615844727 
     0.037460317   -0.22357177734  -0.22427368164 
     0.037482993   -0.25155639648  -0.25213623047 
     0.037505669   -0.23440551758  -0.23480224609 
     0.037528345   -0.17523193359  -0.17532348633 
      0.03755102  -0.084716796875 -0.084503173828 
     0.037573696   0.020874023438  0.021392822266 
     0.037596372    0.12268066406   0.12338256836 
     0.037619048    0.20236206055   0.20318603516 
     0.037641723    0.24569702148   0.24645996094 
     0.037664399    0.24493408203   0.24554443359 
     0.037687075    0.20025634766   0.20059204102 
     0.037709751    0.11968994141   0.11972045898 
     0.037732426   0.017761230469  0.017425537109 
     0.037755102  -0.087249755859 -0.087860107422 
     0.037777778   -0.17657470703  -0.17733764648 
     0.037800454    -0.2341003418  -0.23495483398 
     0.037823129   -0.24966430664  -0.25036621094 
     0.037845805   -0.22039794922  -0.22091674805 
     0.037868481    -0.1516418457  -0.15188598633 
     0.037891156  -0.055755615234   -0.0556640625 
     0.037913832   0.050048828125  0.050445556641 
     0.037936508    0.14682006836    0.1474609375 
     0.037959184    0.21716308594   0.21789550781 
     0.037981859    0.24847412109   0.24923706055 
     0.038004535    0.23522949219   0.23587036133 
     0.038027211    0.17984008789   0.18026733398 
     0.038049887   0.092193603516  0.092346191406 
     0.038072562  -0.011901855469 -0.012023925781 
     0.038095238   -0.11376953125  -0.11416625977 
     0.038117914   -0.19515991211  -0.19577026367 
      0.03814059   -0.24145507812      -0.2421875 
     0.038163265   -0.24447631836   -0.2451171875 
     0.038185941   -0.20361328125  -0.20413208008 
     0.038208617   -0.12631225586  -0.12658691406 
     0.038231293    -0.0263671875   -0.0263671875 
     0.038253968   0.078216552734  0.078430175781 
     0.038276644     0.1686706543   0.16912841797 
      0.03829932     0.2287902832   0.22937011719 
     0.038321995    0.24789428711   0.24844360352 
     0.038344671    0.22250366211   0.22302246094 
     0.038367347     0.1572265625   0.15759277344 
     0.038390023   0.063812255859  0.063934326172 
     0.038412698  -0.040985107422 -0.041046142578 
     0.038435374   -0.13830566406  -0.13861083984 
      0.03845805   -0.21078491211   -0.2112121582 
     0.038480726    -0.2453918457  -0.24591064453 
     0.038503401   -0.23599243164  -0.23645019531 
     0.038526077    -0.1842956543  -0.18463134766 
     0.038548753  -0.099578857422 -0.099761962891 
     0.038571429  0.0029602050781    0.0029296875 
     0.038594104    0.10482788086   0.10501098633 
      0.03861678    0.18783569336   0.18817138672 
     0.038639456    0.23715209961   0.23751831055 
     0.038662132    0.24383544922   0.24420166016 
     0.038684807    0.20681762695   0.20712280273 
     0.038707483    0.13275146484   0.13293457031 
     0.038730159   0.034912109375  0.035003662109 
     0.038752834  -0.069061279297 -0.069152832031 
      0.03877551   -0.16058349609  -0.16082763672 
     0.038798186   -0.22323608398  -0.22357177734 
     0.038820862   -0.24584960938  -0.24615478516 
     0.038843537   -0.22430419922  -0.22457885742 
     0.038866213   -0.16256713867  -0.16278076172 
     0.038888889   -0.07177734375 -0.071807861328 
     0.038911565   0.031829833984  0.031890869141 
      0.03893424    0.12966918945   0.12982177734 
     0.038956916    0.20416259766   0.20440673828 
     0.038979592    0.24200439453   0.24224853516 
     0.039002268    0.23638916016    0.2366027832 
     0.039024943    0.18841552734   0.18853759766 
     0.039047619    0.10665893555   0.10675048828 
     0.039070295  0.0058898925781     0.005859375 
     0.039092971  -0.095855712891 -0.096008300781 
     0.039115646   -0.18035888672  -0.18051147461 
     0.039138322   -0.23245239258  -0.23263549805 
     0.039160998   -0.24279785156  -0.24298095703 
     0.039183673   -0.20962524414  -0.20974731445 
     0.039206349   -0.13888549805  -0.13891601562 
     0.039229025  -0.043273925781 -0.043243408203 
     0.039251701   0.059997558594  0.060119628906 
     0.039274376    0.15240478516   0.15258789062 
     0.039297052    0.21740722656   0.21762084961 
     0.039319728     0.2434387207   0.24359130859 
     0.039342404    0.22573852539   0.22583007812 
     0.039365079    0.16760253906   0.16760253906 
     0.039387755   0.079437255859  0.079376220703 
     0.039410431  -0.022888183594 -0.023040771484 
     0.039433107   -0.12103271484  -0.12121582031 
     0.039455782   -0.19738769531   -0.1975402832 
     0.039478458   -0.23831176758  -0.23840332031 
     0.039501134   -0.23645019531  -0.23651123047 
      0.03952381   -0.19216918945  -0.19216918945 
     0.039546485   -0.11352539062  -0.11340332031 
     0.039569161  -0.014587402344 -0.014404296875 
     0.039591837   0.086944580078  0.087127685547 
     0.039614512    0.17276000977   0.17294311523 
     0.039637188     0.2275390625   0.22772216797 
     0.039659864     0.2414855957   0.24157714844 
      0.03968254    0.21212768555   0.21209716797 
     0.039705215    0.14477539062   0.14462280273 
     0.039727891   0.051483154297  0.051300048828 
     0.039750567  -0.050903320312 -0.051208496094 
     0.039773243   -0.14413452148  -0.14440917969 
     0.039795918   -0.21142578125   -0.2116394043 
     0.039818594   -0.24078369141  -0.24090576172 
      0.03984127   -0.22692871094  -0.22692871094 
     0.039863946   -0.17239379883  -0.17227172852 
     0.039886621  -0.087005615234 -0.086791992188 
     0.039909297   0.013854980469  0.014190673828 
     0.039931973    0.11221313477    0.1125793457 
     0.039954649    0.19033813477   0.19067382812 
     0.039977324    0.23431396484   0.23455810547 
            0.04    0.23620605469     0.236328125 
     0.040022676    0.19577026367   0.19577026367 
     0.040045351    0.12026977539   0.12008666992 
     0.040068027   0.023284912109  0.022979736328 
     0.040090703  -0.077758789062 -0.078186035156 
     0.040113379   -0.16482543945  -0.16522216797 
     0.040136054   -0.22225952148  -0.22262573242 
      0.04015873   -0.23977661133  -0.24008178711 
     0.040181406   -0.21435546875  -0.21447753906 
     0.040204082   -0.15048217773  -0.15045166016 
     0.040226757  -0.059722900391 -0.059509277344 
     0.040249433   0.041687011719  0.042053222656 
     0.040272109    0.13549804688   0.13595581055 
     0.040294785    0.20495605469   0.20541381836 
      0.04031746    0.23760986328    0.2380065918 
     0.040340136    0.22766113281   0.22796630859 
     0.040362812    0.17694091797   0.17706298828 
     0.040385488   0.094482421875  0.094451904297 
     0.040408163  -0.0047607421875 -0.0050048828125 
     0.040430839   -0.10308837891  -0.10348510742 
     0.040453515   -0.18280029297   -0.1833190918 
      0.04047619   -0.22970581055  -0.23025512695 
     0.040498866   -0.23544311523  -0.23593139648 
     0.040521542   -0.19891357422  -0.19927978516 
     0.040544218   -0.12680053711  -0.12698364258 
     0.040566893  -0.032073974609 -0.032012939453 
     0.040589569      0.068359375  0.068634033203 
     0.040612245    0.15640258789   0.15682983398 
     0.040634921    0.21636962891   0.21688842773 
     0.040657596    0.23748779297   0.23806762695 
     0.040680272    0.21603393555    0.2165222168 
     0.040702948    0.15588378906         0.15625 
     0.040725624   0.067901611328  0.068054199219 
     0.040748299  -0.032165527344 -0.032257080078 
     0.040770975   -0.12640380859   -0.1266784668 
     0.040793651   -0.19784545898  -0.19830322266 
     0.040816327   -0.23376464844  -0.23434448242 
     0.040839002   -0.22775268555  -0.22839355469 
     0.040861678   -0.18096923828  -0.18151855469 
     0.040884354    -0.1018371582  -0.10217285156 
     0.040907029  -0.0044860839844 -0.004638671875 
     0.040929705   0.093536376953  0.093658447266 
     0.040952381    0.17471313477   0.17498779297 
     0.040975057    0.22442626953   0.22494506836 
     0.040997732    0.23394775391   0.23452758789 
     0.041020408    0.20150756836    0.2021484375 
     0.041043084    0.13302612305   0.13354492188 
      0.04106576   0.040771484375  0.041137695312 
     0.041088435  -0.058654785156 -0.058563232422 
     0.041111111   -0.14749145508  -0.14758300781 
     0.041133787   -0.20977783203  -0.21011352539 
     0.041156463   -0.23443603516  -0.23492431641 
     0.041179138   -0.21704101562  -0.21762084961 
     0.041201814   -0.16076660156  -0.16134643555 
      0.04122449  -0.075775146484 -0.076263427734 
     0.041247166   0.022674560547  0.022399902344 
     0.041269841    0.11700439453    0.1169128418 
     0.041292517    0.19021606445   0.19036865234 
     0.041315193    0.22924804688   0.22958374023 
     0.041337868    0.22720336914   0.22769165039 
     0.041360544    0.18441772461   0.18496704102 
      0.04138322    0.10864257812   0.10919189453 
     0.041405896   0.013488769531  0.013946533203 
     0.041428571     -0.083984375 -0.083709716797 
     0.041451247   -0.16625976562  -0.16619873047 
     0.041473923   -0.21868896484  -0.21881103516 
     0.041496599   -0.23184204102   -0.2321472168 
     0.041519274   -0.20346069336  -0.20391845703 
      0.04154195   -0.13864135742  -0.13912963867 
     0.041564626  -0.049041748047 -0.049530029297 
     0.041587302   0.049224853516  0.048858642578 
     0.041609977    0.13854980469   0.13836669922 
     0.041632653    0.20297241211   0.20294189453 
     0.041655329    0.23095703125   0.23107910156 
     0.041678005    0.21752929688    0.2177734375 
      0.04170068    0.16510009766   0.16546630859 
     0.041723356   0.083160400391  0.083587646484 
     0.041746032  -0.013549804688 -0.013214111328 
     0.041768707   -0.10778808594  -0.10751342773 
     0.041791383   -0.18258666992  -0.18243408203 
     0.041814059     -0.224609375  -0.22457885742 
     0.041836735   -0.22631835938  -0.22637939453 
      0.04185941   -0.18746948242  -0.18768310547 
     0.041882086   -0.11505126953  -0.11535644531 
     0.041904762  -0.022155761719   -0.0224609375 
     0.041927438   0.074645996094  0.074401855469 
     0.041950113    0.15798950195   0.15780639648 
     0.041972789    0.21292114258   0.21282958984 
     0.041995465    0.22967529297   0.22964477539 
     0.042018141    0.20523071289   0.20529174805 
     0.042040816    0.14407348633   0.14416503906 
     0.042063492    0.05712890625  0.057281494141 
     0.042086168  -0.039978027344 -0.039794921875 
     0.042108844   -0.12982177734  -0.12963867188 
     0.042131519    -0.1962890625  -0.19616699219 
     0.042154195    -0.2275390625  -0.22744750977 
     0.042176871   -0.21801757812  -0.21795654297 
     0.042199546   -0.16943359375  -0.16943359375 
     0.042222222  -0.090545654297 -0.090576171875 
     0.042244898  0.0044860839844 0.0044555664062 
     0.042267574     0.0986328125  0.098571777344 
     0.042290249    0.17498779297   0.17492675781 
     0.042312925    0.21997070312   0.21987915039 
     0.042335601    0.22543334961   0.22537231445 
     0.042358277    0.19058227539   0.19049072266 
     0.042380952    0.12161254883   0.12152099609 
     0.042403628   0.030914306641  0.030822753906 
     0.042426304  -0.065216064453 -0.065307617188 
      0.04244898   -0.14959716797  -0.14962768555 
     0.042471655   -0.20709228516  -0.20706176758 
     0.042494331   -0.22744750977  -0.22735595703 
     0.042517007   -0.20700073242  -0.20693969727 
     0.042539683   -0.14956665039   -0.1494140625 
     0.042562358  -0.065368652344 -0.065185546875 
     0.042585034   0.030456542969  0.030639648438 
      0.04260771    0.12069702148   0.12088012695 
     0.042630385    0.18923950195   0.18939208984 
     0.042653061    0.22381591797    0.2239074707 
     0.042675737    0.21829223633   0.21829223633 
     0.042698413    0.17367553711    0.1735534668 
     0.042721088   0.097991943359  0.097808837891 
     0.042743764  0.0048522949219 0.0046081542969 
      0.04276644  -0.089050292969  -0.08935546875 
     0.042789116   -0.16690063477  -0.16717529297 
     0.042811791   -0.21478271484  -0.21499633789 
     0.042834467   -0.22415161133  -0.22430419922 
     0.042857143   -0.19332885742    -0.193359375 
     0.042879819   -0.12796020508  -0.12786865234 
     0.042902494  -0.039764404297  -0.03955078125 
      0.04292517   0.055511474609  0.055847167969 
     0.042947846    0.14068603516   0.14105224609 
     0.042970522    0.20056152344   0.20095825195 
     0.042993197    0.22448730469   0.22479248047 
     0.043015873    0.20816040039   0.20834350586 
     0.043038549    0.15460205078   0.15463256836 
     0.043061224   0.073394775391    0.0732421875 
       0.0430839  -0.020874023438 -0.021148681641 
     0.043106576   -0.11129760742  -0.11166381836 
     0.043129252     -0.181640625  -0.18209838867 
     0.043151927   -0.21942138672  -0.21984863281 
     0.043174603   -0.21783447266  -0.21817016602 
     0.043197279   -0.17721557617  -0.17742919922 
     0.043219955   -0.10494995117  -0.10498046875 
      0.04324263  -0.013946533203 -0.013763427734 
     0.043265306   0.079437255859  0.079772949219 
     0.043287982    0.15850830078   0.15893554688 
     0.043310658    0.20907592773   0.20959472656 
     0.043333333    0.22213745117   0.22256469727 
     0.043356009    0.19540405273   0.19577026367 
     0.043378685    0.13369750977   0.13388061523 
     0.043401361   0.048126220703  0.048126220703 
     0.043424036  -0.045959472656 -0.046203613281 
     0.043446712   -0.13174438477  -0.13214111328 
     0.043469388   -0.19381713867  -0.19430541992 
     0.043492063   -0.22103881836  -0.22161865234 
     0.043514739   -0.20874023438  -0.20919799805 
     0.043537415   -0.15899658203  -0.15933227539 
     0.043560091  -0.080841064453 -0.080963134766 
     0.043582766   0.011688232422  0.011749267578 
     0.043605442    0.10202026367   0.10232543945 
     0.043628118    0.17401123047   0.17446899414 
     0.043650794    0.21472167969   0.21527099609 
     0.043673469    0.21691894531    0.2174987793 
     0.043696145    0.18026733398   0.18075561523 
     0.043718821    0.11138916016   0.11166381836 
     0.043741497   0.022613525391  0.022674560547 
     0.043764172  -0.070159912109 -0.070281982422 
     0.043786848   -0.15023803711  -0.15057373047 
     0.043809524   -0.20327758789  -0.20379638672 
       0.0438322   -0.21987915039  -0.22045898438 
     0.043854875   -0.19708251953  -0.19760131836 
     0.043877551   -0.13897705078  -0.13940429688 
     0.043900227  -0.056060791016 -0.056274414062 
     0.043922902   0.036834716797  0.036834716797 
     0.043945578      0.123046875   0.12326049805 
     0.043968254    0.18710327148          0.1875 
      0.04399093    0.21759033203   0.21810913086 
     0.044013605    0.20904541016   0.20962524414 
     0.044036281     0.1630859375   0.16357421875 
     0.044058957   0.087951660156  0.088256835938 
     0.044081633  -0.0028991699219 -0.0027770996094 
     0.044104308  -0.093109130859 -0.093200683594 
     0.044126984   -0.16656494141  -0.16687011719 
      0.04414966   -0.21011352539  -0.21057128906 
     0.044172336   -0.21597290039  -0.21649169922 
     0.044195011   -0.18313598633  -0.18365478516 
     0.044217687   -0.11749267578  -0.11791992188 
     0.044240363  -0.030914306641 -0.031127929688 
     0.044263039   0.061187744141  0.061157226562 
     0.044285714    0.14221191406   0.14236450195 
      0.04430839    0.19766235352   0.19802856445 
     0.044331066    0.21768188477   0.21813964844 
     0.044353741    0.19863891602   0.19915771484 
     0.044376417    0.14404296875      0.14453125 
     0.044399093   0.063690185547  0.064056396484 
     0.044421769  -0.027984619141 -0.027862548828 
     0.044444444   -0.11462402344  -0.11468505859 
      0.04446712   -0.18060302734  -0.18087768555 
     0.044489796   -0.21423339844   -0.2145690918 
     0.044512472   -0.20941162109  -0.20983886719 
     0.044535147   -0.16705322266  -0.16751098633 
     0.044557823  -0.094818115234 -0.095184326172 
     0.044580499  -0.0056762695312 -0.0058898925781 
     0.044603175   0.084442138672  0.084411621094 
      0.04462585    0.15936279297   0.15948486328 
     0.044648526    0.20568847656   0.20593261719 
     0.044671202    0.21508789062   0.21542358398 
     0.044693878    0.18597412109   0.18630981445 
     0.044716553    0.12356567383   0.12384033203 
     0.044739229        0.0390625  0.039245605469 
     0.044761905  -0.052398681641 -0.052307128906 
      0.04478458   -0.13439941406  -0.13442993164 
     0.044807256   -0.19226074219  -0.19241333008 
     0.044829932   -0.21560668945  -0.21585083008 
     0.044852608   -0.20034790039  -0.20059204102 
     0.044875283   -0.14916992188  -0.14938354492 
     0.044897959  -0.071319580078 -0.071472167969 
     0.044920635   0.019226074219  0.019165039062 
     0.044943311    0.10629272461   0.10632324219 
     0.044965986    0.17422485352   0.17434692383 
     0.044988662        0.2109375   0.21109008789 
     0.045011338    0.20983886719   0.20999145508 
     0.045034014    0.17114257812   0.17123413086 
     0.045056689     0.1018371582   0.10186767578 
     0.045079365   0.014312744141  0.014282226562 
     0.045102041  -0.075714111328 -0.075775146484 
     0.045124717   -0.15209960938  -0.15225219727 
     0.045147392     -0.201171875  -0.20132446289 
     0.045170068   -0.21420288086  -0.21429443359 
     0.045192744   -0.18881225586  -0.18887329102 
      0.04521542   -0.12966918945  -0.12963867188 
     0.045238095   -0.04736328125 -0.047210693359 
     0.045260771   0.043395996094  0.043609619141 
     0.045283447    0.12628173828   0.12658691406 
     0.045306122     0.1865234375   0.18676757812 
     0.045328798    0.21328735352   0.21347045898 
     0.045351474    0.20181274414   0.20190429688 
      0.04537415    0.15423583984   0.15420532227 
     0.045396825   0.079071044922  0.078887939453 
     0.045419501  -0.010192871094 -0.010498046875 
     0.045442177  -0.097564697266 -0.097930908203 
     0.045464853   -0.16738891602  -0.16778564453 
     0.045487528   -0.20721435547  -0.20748901367 
     0.045510204   -0.20983886719  -0.20999145508 
      0.04553288   -0.17492675781  -0.17489624023 
     0.045555556    -0.1086730957  -0.10848999023 
     0.045578231  -0.023040771484 -0.022705078125 
     0.045600907   0.066619873047  0.067077636719 
     0.045623583    0.14428710938   0.14474487305 
     0.045646259    0.19604492188   0.19647216797 
     0.045668934    0.21264648438   0.21295166016 
      0.04569161     0.1911315918   0.19125366211 
     0.045714286    0.13540649414   0.13534545898 
     0.045736961   0.055511474609  0.055236816406 
     0.045759637  -0.034240722656 -0.034729003906 
     0.045782313   -0.11779785156  -0.11834716797 
     0.045804989   -0.18020629883  -0.18075561523 
     0.045827664    -0.2102355957  -0.21069335938 
      0.04585034   -0.20260620117  -0.20288085938 
     0.045873016   -0.15869140625  -0.15875244141 
     0.045895692  -0.086395263672 -0.086212158203 
     0.045918367  0.0012817382812 0.0016479492188 
     0.045941043   0.088653564453  0.089172363281 
     0.045963719    0.16006469727   0.16064453125 
     0.045986395    0.20275878906   0.20330810547 
      0.04600907    0.20907592773   0.20947265625 
     0.046031746    0.17791748047   0.17813110352 
     0.046054422     0.1149597168   0.11492919922 
     0.046077098   0.031463623047  0.031219482422 
     0.046099773  -0.057586669922 -0.058013916016 
     0.046122449   -0.13623046875  -0.13677978516 
     0.046145125   -0.19039916992  -0.19094848633 
       0.0461678   -0.21041870117  -0.21090698242 
     0.046190476   -0.19271850586  -0.19302368164 
     0.046213152   -0.14050292969       -0.140625 
     0.046235828  -0.063201904297 -0.063079833984 
     0.046258503   0.025360107422  0.025665283203 
     0.046281179    0.10928344727   0.10971069336 
     0.046303855     0.1735534668   0.17407226562 
     0.046326531    0.20666503906   0.20715332031 
     0.046349206    0.20272827148   0.20309448242 
     0.046371882    0.16247558594   0.16265869141 
     0.046394558   0.093170166016  0.093170166016 
     0.046417234  0.0072326660156 0.0070495605469 
     0.046439909  -0.079864501953 -0.080230712891 
     0.046462585    -0.1526184082  -0.15307617188 
     0.046485261    -0.1979675293  -0.19842529297 
     0.046507937   -0.20779418945  -0.20816040039 
     0.046530612   -0.18035888672  -0.18060302734 
     0.046553288   -0.12066650391  -0.12072753906 
     0.046575964  -0.039428710938 -0.039306640625 
     0.046598639   0.048797607422  0.049041748047 
     0.046621315     0.1282043457   0.12854003906 
     0.046643991    0.18450927734   0.18493652344 
     0.046666667    0.20779418945   0.20816040039 
     0.046689342    0.19381713867   0.19403076172 
     0.046712018    0.14514160156   0.14517211914 
     0.046734694   0.070465087891  0.070373535156 
      0.04675737  -0.016723632812 -0.016967773438 
     0.046780045   -0.10083007812  -0.10119628906 
     0.046802721   -0.16677856445  -0.16717529297 
     0.046825397   -0.20281982422  -0.20315551758 
     0.046848073   -0.20248413086  -0.20269775391 
     0.046870748   -0.16586303711  -0.16592407227 
     0.046893424  -0.099578857422 -0.099487304688 
       0.0469161  -0.015533447266 -0.015258789062 
     0.046938776   0.071228027344  0.071594238281 
     0.046961451    0.14511108398   0.14553833008 
     0.046984127    0.19296264648     0.193359375 
     0.047006803    0.20617675781   0.20648193359 
     0.047029478    0.18246459961    0.1826171875 
     0.047052154    0.12609863281   0.12606811523 
      0.04707483   0.047210693359  0.046966552734 
     0.047097506  -0.040069580078 -0.040435791016 
     0.047120181   -0.12008666992  -0.12054443359 
     0.047142857   -0.17849731445   -0.1789855957 
     0.047165533   -0.20492553711  -0.20532226562 
     0.047188209   -0.19458007812  -0.19485473633 
     0.047210884    -0.1494140625  -0.14947509766 
      0.04723356  -0.077514648438 -0.077392578125 
     0.047256236  0.0081481933594 0.0085144042969 
     0.047278912   0.092346191406  0.092834472656 
     0.047301587     0.1598815918    0.1604309082 
     0.047324263    0.19873046875   0.19924926758 
     0.047346939    0.20193481445   0.20233154297 
     0.047369615     0.1689453125   0.16918945312 
      0.04739229     0.1057434082   0.10577392578 
     0.047414966   0.023712158203  0.023498535156 
     0.047437642  -0.062530517578 -0.062927246094 
     0.047460317   -0.13748168945  -0.13803100586 
     0.047482993   -0.18774414062  -0.18835449219 
     0.047505669   -0.20431518555  -0.20489501953 
     0.047528345    -0.1842956543  -0.18472290039 
      0.04755102   -0.13128662109  -0.13150024414 
     0.047573696  -0.054809570312 -0.054779052734 
     0.047596372   0.031402587891  0.031677246094 
     0.047619048    0.11190795898   0.11239624023 
     0.047641723    0.17233276367   0.17291259766 
     0.047664399    0.20178222656    0.2024230957 
     0.047687075    0.19506835938   0.19567871094 
     0.047709751    0.15341186523   0.15390014648 
     0.047732426   0.084381103516  0.084594726562 
     0.047755102   0.000244140625  0.000244140625 
     0.047777778  -0.083831787109 -0.084106445312 
     0.047800454   -0.15283203125  -0.15328979492 
     0.047823129   -0.19436645508  -0.19497680664 
     0.047845805   -0.20108032227  -0.20172119141 
     0.047868481   -0.17175292969  -0.17236328125 
     0.047891156   -0.11169433594  -0.11218261719 
     0.047913832  -0.031677246094 -0.031921386719 
     0.047936508   0.053924560547  0.053955078125 
     0.047959184    0.12979125977   0.13006591797 
     0.047981859    0.18237304688   0.18283081055 
     0.048004535    0.20217895508   0.20281982422 
     0.048027211     0.1858215332   0.18646240234 
     0.048049887    0.13616943359   0.13677978516 
     0.048072562   0.062164306641  0.062622070312 
     0.048095238  -0.022918701172 -0.022644042969 
     0.048117914    -0.1037902832   -0.1037902832 
      0.04814059     -0.166015625  -0.16622924805 
     0.048163265   -0.19845581055  -0.19888305664 
     0.048185941       -0.1953125  -0.19586181641 
     0.048208617   -0.15716552734  -0.15780639648 
     0.048231293  -0.090942382812 -0.091522216797 
     0.048253968  -0.0084838867188 -0.0089111328125 
     0.048276644   0.075439453125  0.075225830078 
      0.04829932    0.14581298828    0.1457824707 
     0.048321995    0.18997192383    0.1901550293 
     0.048344671    0.20007324219    0.2004699707 
     0.048367347    0.17434692383   0.17486572266 
     0.048390023    0.11740112305   0.11795043945 
     0.048412698   0.039489746094  0.040008544922 
     0.048435374  -0.045440673828 -0.045013427734 
      0.04845805   -0.12216186523  -0.12191772461 
     0.048480726   -0.17694091797  -0.17691040039 
     0.048503401   -0.19998168945  -0.20016479492 
     0.048526077    -0.1872253418  -0.18753051758 
     0.048548753    -0.1408996582   -0.1413269043 
     0.048571429  -0.069396972656 -0.069885253906 
     0.048594104   0.014465332031  0.014007568359 
      0.04861678      0.095703125  0.095336914062 
     0.048639456    0.15969848633   0.15951538086 
     0.048662132    0.19506835938   0.19500732422 
     0.048684807    0.19549560547   0.19561767578 
     0.048707483    0.16088867188    0.1611328125 
     0.048730159   0.097473144531  0.097869873047 
     0.048752834   0.016693115234  0.017120361328 
      0.04877551  -0.067016601562 -0.066619873047 
     0.048798186     -0.138671875  -0.13836669922 
     0.048820862   -0.18545532227  -0.18524169922 
     0.048843537   -0.19897460938  -0.19891357422 
     0.048866213   -0.17687988281  -0.17694091797 
     0.048888889   -0.12310791016  -0.12329101562 
     0.048911565  -0.047332763672 -0.047607421875 
      0.04893424   0.036834716797  0.036499023438 
     0.048956916    0.11431884766   0.11401367188 
     0.048979592    0.17135620117   0.17105102539 
     0.049002268    0.19757080078   0.19738769531 
     0.049024943     0.1884765625   0.18832397461 
     0.049047619    0.14559936523   0.14559936523 
     0.049070295   0.076721191406  0.076782226562 
     0.049092971  -0.0058898925781 -0.0057067871094 
     0.049115646  -0.087341308594 -0.087097167969 
     0.049138322   -0.15307617188  -0.15280151367 
     0.049160998   -0.19137573242  -0.19110107422 
     0.049183673   -0.19534301758  -0.19515991211 
     0.049206349   -0.16439819336  -0.16427612305 
     0.049229025   -0.10403442383  -0.10394287109 
     0.049251701  -0.025115966797 -0.025054931641 
     0.049274376   0.058258056641  0.058227539062 
     0.049297052    0.13116455078   0.13098144531 
     0.049319728    0.18045043945   0.18026733398 
     0.049342404    0.19741821289   0.19717407227 
     0.049365079    0.17907714844   0.17883300781 
     0.049387755     0.1286315918   0.12838745117 
     0.049410431   0.055236816406  0.055053710938 
     0.049433107  -0.027984619141 -0.028137207031 
     0.049455782   -0.10610961914   -0.1061706543 
     0.049478458   -0.16519165039  -0.16513061523 
     0.049501134    -0.1946105957  -0.19448852539 
      0.04952381   -0.18920898438  -0.18899536133 
     0.049546485   -0.14990234375  -0.14959716797 
     0.049569161  -0.083831787109  -0.08349609375 
     0.049591837  -0.0028076171875 -0.0025024414062 
     0.049614512   0.078643798828  0.078887939453 
     0.049637188    0.14590454102   0.14611816406 
     0.049659864    0.18701171875   0.18707275391 
      0.04968254     0.1946105957   0.19451904297 
     0.049705215    0.16732788086   0.16711425781 
     0.049727891    0.11013793945   0.10977172852 
     0.049750567   0.033264160156  0.032836914062 
     0.049773243  -0.049468994141 -0.049926757812 
     0.049795918   -0.12326049805  -0.12368774414 
     0.049818594   -0.17492675781  -0.17520141602 
      0.04984127   -0.19522094727  -0.19534301758 
     0.049863946   -0.18054199219  -0.18045043945 
     0.049886621   -0.13357543945  -0.13327026367 
     0.049909297  -0.062713623047 -0.062225341797 
     0.049931973   0.019317626953  0.019866943359 
     0.049954649   0.097778320312  0.098388671875 
     0.049977324    0.15866088867   0.15921020508 
            0.05    0.19110107422   0.19146728516 
     0.050022676    0.18923950195   0.18942260742 
     0.050045351    0.15350341797   0.15347290039 
     0.050068027    0.09033203125  0.090026855469 
     0.050090703   0.011047363281  0.010498046875 
     0.050113379  -0.070159912109 -0.070831298828 
     0.050136054   -0.13873291016  -0.13940429688 
      0.05015873   -0.18237304688  -0.18301391602 
     0.050181406   -0.19332885742  -0.19378662109 
     0.050204082    -0.1696472168  -0.16986083984 
     0.050226757   -0.11560058594  -0.11553955078 
     0.050249433  -0.040924072266  -0.04052734375 
     0.050272109   0.041046142578  0.041656494141 
     0.050294785    0.11557006836   0.11633300781 
      0.05031746    0.16937255859   0.17016601562 
     0.050340136    0.19277954102   0.19348144531 
     0.050362812    0.18157958984   0.18209838867 
     0.050385488    0.13793945312   0.13815307617 
     0.050408163   0.069580078125  0.069519042969 
     0.050430839  -0.011138916016 -0.011535644531 
     0.050453515      -0.08984375 -0.090454101562 
      0.05047619      -0.15234375  -0.15313720703 
     0.050498866   -0.18756103516  -0.18838500977 
     0.050521542   -0.18911743164  -0.18981933594 
     0.050544218   -0.15682983398  -0.15731811523 
     0.050566893  -0.096496582031   -0.0966796875 
     0.050589569  -0.018890380859 -0.018768310547 
     0.050612245    0.06201171875  0.062469482422 
     0.050634921    0.13177490234   0.13244628906 
     0.050657596    0.17785644531   0.17864990234 
     0.050680272     0.1921081543   0.19290161133 
     0.050702948         0.171875    0.1725769043 
     0.050725624    0.12088012695    0.1213684082 
     0.050748299   0.048309326172  0.048492431641 
     0.050770975  -0.032867431641 -0.033020019531 
     0.050793651    -0.1081237793  -0.10855102539 
     0.050816327   -0.16394042969  -0.16461181641 
     0.050839002   -0.19039916992  -0.19119262695 
     0.050861678   -0.18270874023  -0.18347167969 
     0.050884354    -0.1423034668  -0.14294433594 
     0.050907029  -0.076477050781 -0.076843261719 
     0.050929705  0.0030517578125 0.0028991699219 
     0.050952381   0.081939697266  0.082092285156 
     0.050975057    0.14608764648   0.14651489258 
     0.050997732    0.18408203125   0.18469238281 
     0.051020408    0.18908691406   0.18975830078 
     0.051043084    0.16018676758   0.16082763672 
      0.05106576    0.10266113281   0.10321044922 
     0.051088435   0.026794433594  0.027130126953 
     0.051111111  -0.053833007812 -0.053741455078 
     0.051133787    -0.1247253418  -0.12493896484 
     0.051156463   -0.17327880859  -0.17367553711 
     0.051179138   -0.19073486328  -0.19128417969 
     0.051201814   -0.17407226562  -0.17468261719 
      0.05122449    -0.1262512207  -0.12677001953 
     0.051247166  -0.055847167969 -0.056213378906 
     0.051269841   0.024505615234  0.024322509766 
     0.051292517    0.10040283203   0.10040283203 
     0.051315193    0.15826416016    0.1584777832 
     0.051337868     0.1877746582   0.18811035156 
     0.051360544    0.18365478516   0.18402099609 
      0.05138322    0.14660644531   0.14706420898 
     0.051405896   0.083404541016  0.083740234375 
     0.051428571  0.0052795410156 0.0055236816406 
     0.051451247  -0.073699951172 -0.073608398438 
     0.051473923   -0.13943481445  -0.13952636719 
     0.051496599   -0.18014526367  -0.18035888672 
     0.051519274   -0.18856811523  -0.18887329102 
      0.05154195   -0.16326904297  -0.16354370117 
     0.051564626   -0.10873413086  -0.10900878906 
     0.051587302  -0.034790039062 -0.034973144531 
     0.051609977   0.045349121094  0.045257568359 
     0.051632653    0.11724853516   0.11727905273 
     0.051655329    0.16815185547   0.16827392578 
     0.051678005    0.18887329102   0.18905639648 
      0.05170068       0.17578125   0.17599487305 
     0.051723356    0.13119506836   0.13140869141 
     0.051746032   0.063201904297  0.063354492188 
     0.051768707  -0.016052246094 -0.015991210938 
     0.051791383  -0.092376708984 -0.092407226562 
     0.051814059    -0.1520690918  -0.15219116211 
     0.051836735   -0.18447875977  -0.18469238281 
      0.05185941   -0.18383789062  -0.18408203125 
     0.051882086   -0.15032958984  -0.15051269531 
     0.051904762  -0.089874267578 -0.090026855469 
     0.051927438  -0.013397216797 -0.013458251953 
     0.051950113     0.0654296875    0.0654296875 
     0.051972789    0.13241577148   0.13250732422 
     0.051995465    0.17565917969   0.17584228516 
     0.052018141    0.18740844727   0.18762207031 
     0.052040816    0.16561889648   0.16580200195 
     0.052063492    0.11413574219   0.11431884766 
     0.052086168   0.042297363281  0.042419433594 
     0.052108844  -0.037078857422 -0.037048339844 
     0.052131519   -0.10974121094  -0.10977172852 
     0.052154195   -0.16265869141  -0.16278076172 
     0.052176871   -0.18643188477  -0.18661499023 
     0.052199546   -0.17678833008  -0.17700195312 
     0.052222222    -0.1354675293  -0.13568115234 
     0.052244898  -0.069976806641 -0.070159912109 
     0.052267574  0.0080261230469 0.0079040527344 
     0.052290249   0.084533691406   0.08447265625 
     0.052312925     0.1457824707   0.14584350586 
     0.052335601    0.18090820312   0.18103027344 
     0.052358277       0.18359375   0.18380737305 
     0.052380952    0.15341186523   0.15365600586 
     0.052403628   0.095794677734  0.096008300781 
     0.052426304   0.021057128906  0.021240234375 
      0.05244898  -0.057434082031 -0.057250976562 
     0.052471655   -0.12554931641  -0.12542724609 
     0.052494331   -0.17108154297  -0.17108154297 
     0.052517007   -0.18600463867  -0.18603515625 
     0.052539683   -0.16751098633  -0.16772460938 
     0.052562358     -0.119140625  -0.11932373047 
     0.052585034  -0.049407958984 -0.049682617188 
      0.05260771   0.029083251953  0.028839111328 
     0.052630385    0.10232543945   0.10205078125 
     0.052653061    0.15716552734   0.15698242188 
     0.052675737    0.18383789062   0.18374633789 
     0.052698413    0.17752075195   0.17755126953 
     0.052721088    0.13949584961   0.13958740234 
     0.052743764   0.076446533203  0.076690673828 
      0.05276644  -0.00015258789062 9.1552734375e-05 
     0.052789116  -0.076751708984 -0.076416015625 
     0.052811791   -0.13952636719  -0.13916015625 
     0.052834467   -0.17721557617  -0.17694091797 
     0.052857143   -0.18319702148  -0.18298339844 
     0.052879819   -0.15634155273        -0.15625 
     0.052902494   -0.10150146484      -0.1015625 
      0.05292517  -0.028594970703 -0.028778076172 
     0.052947846   0.049407958984  0.049102783203 
     0.052970522    0.11846923828   0.11813354492 
     0.052993197     0.1662902832   0.16592407227 
     0.053015873     0.1842956543   0.18392944336 
     0.053038549    0.16928100586   0.16897583008 
     0.053061224    0.12399291992   0.12380981445 
       0.0530839   0.056549072266  0.056488037109 
     0.053106576  -0.021026611328 -0.020874023438 
     0.053129252    -0.0947265625 -0.094390869141 
     0.053151927   -0.15139770508  -0.15100097656 
     0.053174603   -0.18090820312  -0.18045043945 
     0.053197279   -0.17797851562  -0.17758178711 
     0.053219955   -0.14324951172  -0.14291381836 
      0.05324263  -0.082885742188 -0.082672119141 
     0.053265306  -0.0077514648438 -0.0076599121094 
     0.053287982   0.068725585938  0.068634033203 
     0.053310658        0.1328125    0.1325378418 
     0.053333333    0.17309570312   0.17266845703 
     0.053356009     0.1823425293   0.18185424805 
     0.053378685    0.15893554688   0.15844726562 
     0.053401361    0.10708618164   0.10668945312 
     0.053424036   0.036102294922  0.035858154297 
     0.053446712  -0.041229248047 -0.041351318359 
     0.053469388   -0.11111450195   -0.1110534668 
     0.053492063   -0.16107177734  -0.16082763672 
     0.053514739   -0.18212890625  -0.18176269531 
     0.053537415   -0.17056274414  -0.17010498047 
     0.053560091   -0.12844848633  -0.12799072266 
     0.053582766  -0.063446044922  -0.06298828125 
     0.053605442   0.012908935547  0.013214111328 
     0.053628118   0.086883544922  0.087036132812 
     0.053650794    0.14520263672   0.14517211914 
     0.053673469    0.17749023438   0.17727661133 
     0.053696145    0.17797851562   0.17764282227 
     0.053718821    0.14660644531   0.14617919922 
     0.053741497   0.089019775391  0.088531494141 
     0.053764172   0.015502929688  0.015106201172 
     0.053786848  -0.060638427734 -0.060974121094 
     0.053809524   -0.12591552734  -0.12603759766 
       0.0538322   -0.16854858398  -0.16854858398 
     0.053854875   -0.18099975586  -0.18081665039 
     0.053877551   -0.16104125977  -0.16073608398 
     0.053900227   -0.11224365234  -0.11184692383 
     0.053922902  -0.043395996094 -0.042999267578 
     0.053945578   0.033111572266  0.033508300781 
     0.053968254    0.10366821289   0.10397338867 
      0.05399093    0.15557861328   0.15570068359 
     0.054013605    0.17959594727   0.17956542969 
     0.054036281    0.17147827148   0.17126464844 
     0.054058957    0.13259887695   0.13232421875 
     0.054081633   0.070098876953  0.069702148438 
     0.054104308  -0.0049438476562 -0.0053405761719 
     0.054126984  -0.079040527344 -0.079345703125 
      0.05414966   -0.13885498047  -0.13909912109 
     0.054172336   -0.17379760742  -0.17395019531 
     0.054195011   -0.17761230469  -0.17755126953 
     0.054217687   -0.14959716797   -0.1494140625 
     0.054240363  -0.094879150391 -0.094573974609 
     0.054263039  -0.023193359375 -0.022827148438 
     0.054285714   0.052551269531  0.052917480469 
      0.05430839    0.11883544922     0.119140625 
     0.054331066    0.16375732422   0.16394042969 
     0.054353741    0.17938232422   0.17944335938 
     0.054376417    0.16284179688   0.16275024414 
     0.054399093        0.1171875   0.11694335938 
     0.054421769   0.050598144531  0.050262451172 
     0.054444444  -0.024963378906 -0.025329589844 
      0.05446712  -0.096038818359 -0.096343994141 
     0.054489796   -0.14981079102  -0.15008544922 
     0.054512472   -0.17672729492  -0.17684936523 
     0.054535147   -0.17196655273  -0.17196655273 
     0.054557823    -0.1364440918  -0.13632202148 
     0.054580499  -0.076538085938 -0.076293945312 
     0.054603175  -0.0029907226562 -0.002685546875 
      0.05462585   0.071044921875  0.071350097656 
     0.054648526    0.13223266602    0.1325378418 
     0.054671202    0.16973876953     0.169921875 
     0.054693878    0.17681884766   0.17687988281 
     0.054716553    0.15222167969   0.15216064453 
     0.054739229    0.10043334961   0.10025024414 
     0.054761905   0.030731201172  0.030426025391 
      0.05478458  -0.044464111328 -0.044769287109 
     0.054807256   -0.11157226562  -0.11190795898 
     0.054829932   -0.15866088867   -0.1589050293 
     0.054852608   -0.17727661133  -0.17742919922 
     0.054875283   -0.16415405273  -0.16418457031 
     0.054897959   -0.12167358398  -0.12155151367 
     0.054920635  -0.057434082031 -0.057189941406 
     0.054943311   0.016998291016  0.017333984375 
     0.054965986   0.088348388672  0.088653564453 
     0.054988662    0.14376831055   0.14407348633 
     0.055011338    0.17343139648   0.17364501953 
     0.055034014    0.17202758789    0.1721496582 
     0.055056689    0.13980102539   0.13977050781 
     0.055079365   0.082580566406  0.082427978516 
     0.055102041   0.010681152344  0.010406494141 
     0.055124717  -0.063110351562 -0.063415527344 
     0.055147392   -0.12551879883  -0.12585449219 
     0.055170068   -0.16540527344  -0.16567993164 
     0.055192744   -0.17562866211  -0.17581176758 
      0.05521542   -0.15438842773  -0.15447998047 
     0.055238095   -0.10556030273  -0.10549926758 
     0.055260771  -0.037872314453 -0.037689208984 
     0.055283447   0.036529541016  0.036804199219 
     0.055306122    0.10433959961   0.10464477539 
     0.055328798    0.15341186523   0.15368652344 
     0.055351474    0.17495727539   0.17520141602 
      0.05537415    0.16519165039   0.16534423828 
     0.055396825    0.12582397461   0.12588500977 
     0.055419501    0.06396484375   0.06396484375 
     0.055442177  -0.0092468261719 -0.0093994140625 
     0.055464853  -0.080749511719 -0.080963134766 
     0.055487528   -0.13772583008  -0.13800048828 
     0.055510204   -0.17004394531  -0.17028808594 
      0.05553288   -0.17184448242  -0.17205810547 
     0.055555556   -0.14291381836  -0.14309692383 
     0.055578231  -0.088409423828 -0.088531494141 
     0.055600907  -0.018127441406 -0.018127441406 
     0.055623583   0.055297851562  0.055419921875 
     0.055646259    0.11880493164   0.11898803711 
     0.055668934    0.16098022461   0.16122436523 
      0.05569161    0.17428588867    0.1745300293 
     0.055714286    0.15637207031   0.15661621094 
     0.055736961    0.11053466797   0.11071777344 
     0.055759637   0.044952392578  0.045043945312 
     0.055782313  -0.028625488281 -0.028625488281 
     0.055804989  -0.097015380859 -0.097106933594 
     0.055827664   -0.14797973633  -0.14813232422 
      0.05585034   -0.17242431641  -0.17260742188 
     0.055873016   -0.16595458984  -0.16619873047 
     0.055895692   -0.12982177734  -0.13003540039 
     0.055918367  -0.070526123047 -0.070678710938 
     0.055941043  0.0013732910156 0.0012817382812 
     0.055963719   0.072967529297  0.072937011719 
     0.055986395    0.13140869141   0.13150024414 
      0.05600907     0.1662902832   0.16644287109 
     0.056031746    0.17138671875    0.1716003418 
     0.056054422    0.14581298828   0.14602661133 
     0.056077098   0.094177246094  0.094390869141 
     0.056099773   0.025726318359   0.02587890625 
     0.056122449  -0.047271728516 -0.047149658203 
     0.056145125   -0.11172485352  -0.11169433594 
       0.0561678   -0.15609741211  -0.15615844727 
     0.056190476   -0.17251586914  -0.17266845703 
     0.056213152   -0.15805053711  -0.15823364258 
     0.056235828   -0.11532592773  -0.11553955078 
     0.056258503  -0.052032470703 -0.052215576172 
     0.056281179   0.020568847656  0.020385742188 
     0.056303855    0.08935546875  0.089263916016 
     0.056326531    0.14208984375   0.14208984375 
     0.056349206    0.16937255859   0.16946411133 
     0.056371882     0.1662902832   0.16644287109 
     0.056394558    0.13348388672   0.13366699219 
     0.056417234   0.076812744141  0.077026367188 
     0.056439909  0.0064392089844 0.0066528320312 
     0.056462585  -0.064971923828 -0.064819335938 
     0.056485261    -0.1247253418  -0.12466430664 
     0.056507937   -0.16204833984    -0.162109375 
     0.056530612   -0.17037963867  -0.17050170898 
     0.056553288   -0.14822387695  -0.14837646484 
     0.056575964  -0.099517822266 -0.099731445312 
     0.056598639  -0.033081054688 -0.033325195312 
     0.056621315   0.039184570312  0.039001464844 
     0.056643991    0.10440063477   0.10427856445 
     0.056666667    0.15084838867   0.15084838867 
     0.056689342    0.17025756836   0.17034912109 
     0.056712018     0.1591796875   0.15936279297 
     0.056734694    0.11965942383   0.11987304688 
      0.05675737   0.058746337891  0.058959960938 
     0.056780045  -0.012603759766 -0.012390136719 
     0.056802721  -0.081665039062 -0.081481933594 
     0.056825397    -0.1360168457  -0.13589477539 
     0.056848073   -0.16598510742  -0.16595458984 
     0.056870748   -0.16622924805   -0.1662902832 
     0.056893424      -0.13671875  -0.13690185547 
       0.0569161  -0.082794189453 -0.082977294922 
     0.056938776  -0.014099121094 -0.014343261719 
     0.056961451   0.057037353516  0.056884765625 
     0.056984127    0.11791992188   0.11779785156 
     0.057006803    0.15762329102   0.15756225586 
     0.057029478    0.16909790039   0.16912841797 
     0.057052154    0.15032958984   0.15042114258 
      0.05707483    0.10464477539   0.10482788086 
     0.057097506   0.040283203125  0.040496826172 
     0.057120181  -0.031188964844 -0.031005859375 
     0.057142857  -0.097015380859 -0.096862792969 
     0.057165533   -0.14547729492  -0.14538574219 
     0.057188209   -0.16781616211  -0.16778564453 
     0.057210884   -0.16012573242  -0.16018676758 
      0.05723356   -0.12384033203  -0.12396240234 
     0.057256236  -0.065368652344 -0.065521240234 
     0.057278912  0.0046997070312 0.0045471191406 
     0.057301587   0.073883056641  0.073699951172 
     0.057324263    0.12976074219   0.12963867188 
     0.057346939    0.16241455078   0.16235351562 
     0.057369615    0.16592407227   0.16595458984 
      0.05739229    0.13983154297   0.13986206055 
     0.057414966   0.088684082031  0.088775634766 
     0.057437642   0.021759033203  0.021850585938 
     0.057460317  -0.049011230469 -0.048858642578 
     0.057482993   -0.11093139648  -0.11083984375 
     0.057505669   -0.15298461914  -0.15286254883 
     0.057528345   -0.16760253906  -0.16754150391 
      0.05755102   -0.15222167969  -0.15228271484 
     0.057573696    -0.1096496582  -0.10971069336 
     0.057596372  -0.047515869141 -0.047576904297 
     0.057619048   0.023071289062  0.022979736328 
     0.057641723   0.089447021484  0.089385986328 
     0.057664399    0.13977050781   0.13973999023 
     0.057687075    0.16506958008    0.1650390625 
     0.057709751    0.16079711914   0.16079711914 
     0.057732426    0.12774658203   0.12777709961 
     0.057755102   0.071899414062  0.071960449219 
     0.057777778  0.0032653808594 0.0033264160156 
     0.057800454   -0.06591796875 -0.065856933594 
     0.057823129   -0.12322998047  -0.12316894531 
     0.057845805    -0.1584777832  -0.15841674805 
     0.057868481    -0.1653137207  -0.16528320312 
     0.057891156     -0.142578125    -0.142578125 
     0.057913832  -0.094390869141 -0.094390869141 
     0.057936508  -0.029357910156 -0.029357910156 
     0.057959184   0.040893554688  0.040832519531 
     0.057981859    0.10372924805   0.10366821289 
     0.058004535    0.14797973633   0.14788818359 
     0.058027211    0.16571044922   0.16564941406 
     0.058049887    0.15377807617   0.15371704102 
     0.058072562    0.11434936523   0.11431884766 
     0.058095238   0.054504394531  0.054504394531 
     0.058117914  -0.014984130859 -0.015014648438 
      0.05814059  -0.081817626953 -0.081756591797 
     0.058163265   -0.13388061523   -0.1337890625 
     0.058185941   -0.16198730469  -0.16189575195 
     0.058208617   -0.16110229492  -0.16098022461 
     0.058231293   -0.13137817383  -0.13128662109 
     0.058253968  -0.078216552734 -0.078094482422 
     0.058276644  -0.011108398438 -0.010986328125 
      0.05829932   0.057952880859  0.057983398438 
     0.058321995    0.11654663086   0.11654663086 
     0.058344671    0.15426635742   0.15417480469 
     0.058367347    0.16439819336   0.16424560547 
     0.058390023    0.14505004883   0.14486694336 
     0.058412698   0.099792480469     0.099609375 
     0.058435374   0.036743164062  0.036590576172 
      0.05845805  -0.032806396484 -0.032928466797 
     0.058480726  -0.096466064453 -0.096496582031 
     0.058503401   -0.14279174805  -0.14273071289 
     0.058526077   -0.16354370117  -0.16339111328 
     0.058548753   -0.15502929688  -0.15475463867 
     0.058571429   -0.11883544922  -0.11849975586 
     0.058594104  -0.061370849609 -0.061065673828 
      0.05861678  0.0070190429688 0.0072937011719 
     0.058639456   0.074066162109      0.07421875 
     0.058662132    0.12780761719   0.12786865234 
     0.058684807    0.15866088867   0.15856933594 
     0.058707483    0.16116333008    0.1608581543 
     0.058730159    0.13473510742   0.13436889648 
     0.058752834   0.084320068359  0.083892822266 
      0.05877551   0.018829345703  0.018402099609 
     0.058798186  -0.049957275391  -0.05029296875 
     0.058820862   -0.10974121094  -0.10995483398 
     0.058843537   -0.14987182617  -0.14987182617 
     0.058866213   -0.16314697266  -0.16296386719 
     0.058888889   -0.14721679688  -0.14691162109 
     0.058911565   -0.10501098633  -0.10455322266 
      0.05893424  -0.044067382812 -0.043518066406 
     0.058956916   0.024749755859  0.025238037109 
     0.058979592   0.089019775391  0.089447021484 
     0.059002268    0.13735961914   0.13757324219 
     0.059024943    0.16107177734   0.16107177734 
     0.059047619    0.15594482422   0.15573120117 
     0.059070295    0.12295532227   0.12252807617 
     0.059092971   0.067962646484  0.067443847656 
     0.059115646  0.00091552734375 0.00027465820312 
     0.059138322  -0.066253662109 -0.066802978516 
     0.059160998   -0.12152099609  -0.12197875977 
     0.059183673    -0.1549987793  -0.15524291992 
     0.059206349   -0.16070556641  -0.16073608398 
     0.059229025   -0.13766479492   -0.1374206543 
     0.059251701  -0.090057373047 -0.089630126953 
     0.059274376  -0.026336669922 -0.025756835938 
     0.059297052     0.0419921875  0.042633056641 
     0.059319728    0.10278320312   0.10336303711 
     0.059342404    0.14514160156   0.14553833008 
     0.059365079    0.16146850586   0.16168212891 
     0.059387755    0.14892578125   0.14892578125 
     0.059410431    0.10974121094   0.10946655273 
     0.059433107   0.050964355469  0.050506591797 
     0.059455782  -0.016876220703 -0.017456054688 
     0.059478458  -0.081665039062 -0.082244873047 
     0.059501134   -0.13177490234  -0.13229370117 
      0.05952381   -0.15826416016  -0.15863037109 
     0.059546485   -0.15640258789  -0.15655517578 
     0.059569161   -0.12658691406  -0.12652587891 
     0.059591837  -0.074127197266 -0.073883056641 
     0.059614512  -0.0084533691406 -0.008056640625 
     0.059637188   0.058685302734  0.059204101562 
     0.059659864    0.11526489258   0.11575317383 
      0.05968254    0.15118408203   0.15158081055 
     0.059705215    0.15997314453   0.16030883789 
     0.059727891    0.14019775391   0.14031982422 
     0.059750567   0.095336914062  0.095275878906 
     0.059773243   0.033447265625  0.033233642578 
     0.059795918  -0.034393310547 -0.034729003906 
     0.059818594  -0.096038818359 -0.096405029297 
      0.05984127   -0.14044189453  -0.14080810547 
     0.059863946   -0.15963745117  -0.15997314453 
     0.059886621   -0.15032958984  -0.15054321289 
     0.059909297   -0.11410522461  -0.11416625977 
     0.059931973  -0.057495117188 -0.057403564453 
     0.059954649  0.0093994140625 0.0095520019531 
     0.059977324   0.074523925781  0.074798583984 
            0.06    0.12631225586   0.12655639648 
     0.060022676    0.15542602539   0.15567016602 
     0.060045351    0.15670776367   0.15692138672 
     0.060068027    0.12997436523   0.13012695312 
     0.060090703   0.079986572266  0.080017089844 
     0.060113379   0.015747070312  0.015686035156 
     0.060136054   -0.05126953125 -0.051422119141 
      0.06015873   -0.10913085938  -0.10925292969 
     0.060181406   -0.14733886719  -0.14752197266 
     0.060204082   -0.15924072266  -0.15933227539 
     0.060226757   -0.14260864258  -0.14266967773 
     0.060249433   -0.10046386719  -0.10049438477 
     0.060272109  -0.040374755859 -0.040374755859 
     0.060294785    0.02685546875  0.026916503906 
      0.06031746   0.089263916016  0.089385986328 
     0.060340136    0.13565063477   0.13577270508 
     0.060362812    0.15774536133   0.15780639648 
     0.060385488    0.15161132812   0.15167236328 
     0.060408163    0.11837768555   0.11834716797 
     0.060430839    0.06396484375  0.063873291016 
     0.060453515  -0.0018920898438 -0.0019226074219 
      0.06047619  -0.067321777344   -0.0673828125 
     0.060498866   -0.12069702148  -0.12069702148 
     0.060521542   -0.15243530273  -0.15243530273 
     0.060544218   -0.15686035156  -0.15682983398 
     0.060566893   -0.13327026367  -0.13317871094 
     0.060589569  -0.085815429688 -0.085723876953 
     0.060612245  -0.023101806641 -0.022979736328 
     0.060634921   0.043762207031  0.043853759766 
     0.060657596    0.10269165039    0.1028137207 
     0.060680272     0.1432800293   0.14331054688 
     0.060702948    0.15817260742   0.15811157227 
     0.060725624    0.14477539062   0.14465332031 
     0.060748299       0.10546875   0.10534667969 
     0.060770975    0.04736328125  0.047149658203 
     0.060793651  -0.019226074219 -0.019348144531 
     0.060816327  -0.082305908203 -0.082427978516 
     0.060839002   -0.13061523438  -0.13067626953 
     0.060861678   -0.15551757812  -0.15551757812 
     0.060884354    -0.1526184082  -0.15249633789 
     0.060907029   -0.12240600586  -0.12222290039 
     0.060929705       -0.0703125 -0.070098876953 
     0.060952381  -0.0057067871094 -0.0054931640625 
     0.060975057   0.059875488281   0.06005859375 
     0.060997732    0.11471557617   0.11486816406 
     0.061020408    0.14898681641   0.14907836914 
     0.061043084    0.15658569336   0.15655517578 
      0.06106576    0.13616943359   0.13604736328 
     0.061088435   0.091400146484  0.091247558594 
     0.061111111   0.030334472656  0.030151367188 
     0.061133787    -0.0361328125 -0.036346435547 
     0.061156463  -0.096069335938 -0.096282958984 
     0.061179138   -0.13879394531  -0.13891601562 
     0.061201814   -0.15667724609  -0.15667724609 
      0.06122449     -0.146484375  -0.14642333984 
     0.061247166   -0.11013793945  -0.10998535156 
     0.061269841  -0.054077148438 -0.053894042969 
     0.061292517   0.011566162109  0.011810302734 
     0.061315193   0.075134277344  0.075347900391 
     0.061337868    0.12518310547   0.12536621094 
     0.061360544    0.15283203125   0.15295410156 
      0.06138322    0.15307617188   0.15310668945 
     0.061405896     0.1259765625   0.12591552734 
     0.061428571   0.076354980469  0.076202392578 
     0.061451247   0.013122558594  0.012878417969 
     0.061473923  -0.052398681641 -0.052673339844 
     0.061496599   -0.10855102539  -0.10879516602 
     0.061519274   -0.14520263672  -0.14535522461 
      0.06154195   -0.15585327148  -0.15591430664 
     0.061564626   -0.13864135742  -0.13861083984 
     0.061587302  -0.096588134766 -0.096496582031 
     0.061609977  -0.037353515625 -0.037139892578 
     0.061632653   0.028564453125  0.028778076172 
     0.061655329   0.089294433594  0.089569091797 
     0.061678005    0.13403320312   0.13421630859 
      0.06170068    0.15475463867   0.15484619141 
     0.061723356    0.14776611328   0.14779663086 
     0.061746032    0.11434936523    0.1142578125 
     0.061768707      0.060546875  0.060302734375 
     0.061791383  -0.0041198730469 -0.0043640136719 
     0.061814059  -0.067962646484 -0.068237304688 
     0.061836735   -0.11959838867   -0.1198425293 
      0.06185941   -0.14981079102  -0.14996337891 
     0.061882086   -0.15319824219  -0.15325927734 
     0.061904762    -0.1291809082  -0.12915039062 
     0.061927438  -0.082061767578 -0.081939697266 
     0.061950113  -0.020294189453 -0.020080566406 
     0.061972789   0.045043945312  0.045318603516 
     0.061995465    0.10229492188   0.10256958008 
     0.062018141    0.14120483398   0.14141845703 
     0.062040816    0.15481567383   0.15493774414 
     0.062063492    0.14071655273   0.14071655273 
     0.062086168    0.10147094727   0.10134887695 
     0.062108844   0.044097900391  0.043853759766 
     0.062131519  -0.021148681641 -0.021423339844 
     0.062154195   -0.08251953125 -0.082824707031 
     0.062176871   -0.12915039062  -0.12936401367 
     0.062199546   -0.15258789062  -0.15280151367 
     0.062222222   -0.14874267578  -0.14880371094 
     0.062244898   -0.11825561523  -0.11819458008 
     0.062267574  -0.066650390625 -0.066467285156 
     0.062290249  -0.0031433105469 -0.0028686523438 
     0.062312925   0.060913085938  0.061187744141 
     0.062335601     0.1139831543    0.1142578125 
     0.062358277    0.14663696289   0.14688110352 
     0.062380952    0.15307617188   0.15319824219 
     0.062403628     0.1321105957   0.13208007812 
     0.062426304   0.087493896484  0.087341308594 
      0.06244898   0.027282714844  0.027038574219 
     0.062471655  -0.037811279297   -0.0380859375 
     0.062494331  -0.096099853516 -0.096405029297 
     0.062517007   -0.13711547852  -0.13739013672 
     0.062539683    -0.1535949707  -0.15377807617 
     0.062562358   -0.14260864258  -0.14263916016 
     0.062585034   -0.10610961914  -0.10601806641 
      0.06260771  -0.050628662109 -0.050415039062 
     0.062630385   0.013854980469  0.014129638672 
     0.062653061   0.075836181641  0.076141357422 
     0.062675737    0.12420654297   0.12454223633 
     0.062698413    0.15036010742   0.15060424805 
     0.062721088    0.14956665039   0.14965820312 
     0.062743764    0.12200927734   0.12197875977 
      0.06276644   0.072662353516  0.072540283203 
     0.062789116   0.010345458984  0.010070800781 
     0.062811791  -0.053802490234 -0.054138183594 
     0.062834467   -0.10830688477  -0.10861206055 
     0.062857143   -0.14340209961  -0.14364624023 
     0.062879819   -0.15280151367  -0.15301513672 
     0.062902494   -0.13488769531  -0.13494873047 
      0.06292517  -0.092834472656 -0.092742919922 
     0.062947846  -0.034240722656 -0.034027099609 
     0.062970522   0.030487060547  0.030792236328 
     0.062993197   0.089691162109  0.090057373047 
     0.063015873    0.13284301758   0.13314819336 
     0.063038549    0.15222167969   0.15243530273 
     0.063061224    0.14431762695   0.14443969727 
       0.0630839    0.11065673828    0.1106262207 
     0.063106576   0.057189941406  0.057067871094 
     0.063129252  -0.0065002441406 -0.0066833496094 
     0.063151927  -0.068908691406 -0.069244384766 
     0.063174603   -0.11901855469  -0.11935424805 
     0.063197279   -0.14782714844  -0.14807128906 
     0.063219955    -0.1501159668  -0.15029907227 
      0.06324263   -0.12561035156  -0.12567138672 
     0.063265306   -0.07861328125 -0.078582763672 
     0.063287982  -0.017608642578 -0.017456054688 
     0.063310658   0.046508789062  0.046783447266 
     0.063333333    0.10229492188   0.10260009766 
     0.063356009    0.13973999023   0.14001464844 
     0.063378685    0.15213012695   0.15237426758 
     0.063401361    0.13735961914   0.13751220703 
     0.063424036   0.097991943359  0.097991943359 
     0.063446712   0.041168212891  0.041076660156 
     0.063469388  -0.023040771484 -0.023223876953 
     0.063492063  -0.083038330078 -0.083343505859 
     0.063514739   -0.12817382812  -0.12844848633 
     0.063537415   -0.15032958984  -0.15057373047 
     0.063560091   -0.14556884766   -0.1457824707 
     0.063582766   -0.11480712891  -0.11489868164 
     0.063605442  -0.063537597656 -0.063507080078 
     0.063628118  -0.00088500976562 -0.00076293945312 
     0.063650794   0.061828613281  0.062042236328 
     0.063673469    0.11346435547   0.11376953125 
     0.063696145    0.14477539062   0.14501953125 
     0.063718821    0.15014648438     0.150390625 
     0.063741497    0.12866210938   0.12881469727 
     0.063764172   0.084197998047  0.084228515625 
     0.063786848   0.024658203125  0.024627685547 
     0.063809524  -0.039276123047 -0.039367675781 
       0.0638322  -0.096099853516 -0.096282958984 
     0.063854875   -0.13568115234  -0.13592529297 
     0.063877551   -0.15097045898  -0.15121459961 
     0.063900227   -0.13925170898  -0.13943481445 
     0.063922902   -0.10260009766  -0.10275268555 
     0.063945578  -0.047637939453 -0.047698974609 
     0.063968254   0.015838623047  0.015869140625 
      0.06399093   0.076416015625  0.076538085938 
     0.064013605     0.1233215332   0.12344360352 
     0.064036281    0.14810180664   0.14825439453 
     0.064058957    0.14639282227   0.14651489258 
     0.064081633    0.11846923828   0.11859130859 
     0.064104308   0.069396972656  0.069458007812 
     0.064126984  0.0079040527344 0.0078735351562 
      0.06414966  -0.054962158203 -0.055023193359 
     0.064172336   -0.10794067383  -0.10803222656 
     0.064195011    -0.1416015625  -0.14172363281 
     0.064217687   -0.14987182617  -0.15002441406 
     0.064240363   -0.13131713867  -0.13146972656 
     0.064263039  -0.089324951172 -0.089385986328 
     0.064285714  -0.031311035156 -0.031341552734 
      0.06430839   0.032287597656  0.032257080078 
     0.064331066   0.090026855469  0.090057373047 
     0.064353741    0.13168334961   0.13174438477 
     0.064376417    0.14971923828   0.14981079102 
     0.064399093    0.14096069336   0.14102172852 
     0.064421769    0.10702514648   0.10705566406 
     0.064444444   0.053924560547  0.053955078125 
      0.06446712  -0.0088195800781   -0.0087890625 
     0.064489796  -0.069915771484 -0.069915771484 
     0.064512472   -0.11849975586  -0.11853027344 
     0.064535147   -0.14584350586  -0.14590454102 
     0.064557823   -0.14709472656   -0.1471862793 
     0.064580499   -0.12200927734   -0.1220703125 
     0.064603175  -0.075134277344   -0.0751953125 
      0.06462585  -0.014831542969 -0.014862060547 
     0.064648526   0.048095703125  0.048095703125 
     0.064671202    0.10241699219   0.10244750977 
     0.064693878    0.13836669922   0.13842773438 
     0.064716553    0.14953613281   0.14959716797 
     0.064739229    0.13400268555   0.13403320312 
     0.064761905   0.094482421875  0.094482421875 
      0.06478458   0.038055419922  0.038055419922 
     0.064807256  -0.025115966797 -0.025146484375 
     0.064829932  -0.083801269531 -0.083831787109 
     0.064852608   -0.12741088867  -0.12750244141 
     0.064875283   -0.14822387695  -0.14834594727 
     0.064897959   -0.14254760742  -0.14263916016 
     0.064920635   -0.11138916016  -0.11141967773 
     0.064943311  -0.060302734375 -0.060302734375 
     0.064965986  0.0015563964844 0.0015869140625 
     0.064988662   0.063079833984  0.063171386719 
     0.065011338       0.11328125   0.11340332031 
     0.065034014    0.14321899414   0.14334106445 
     0.065056689    0.14749145508   0.14761352539 
     0.065079365    0.12539672852   0.12551879883 
     0.065102041   0.080902099609  0.080963134766 
     0.065124717    0.02197265625   0.02197265625 
     0.065147392  -0.040863037109 -0.040924072266 
     0.065170068  -0.096374511719 -0.096466064453 
     0.065192744   -0.13461303711  -0.13473510742 
      0.06521542   -0.14868164062  -0.14889526367 
     0.065238095   -0.13623046875  -0.13641357422 
     0.065260771  -0.099395751953 -0.099548339844 
     0.065283447  -0.044799804688 -0.044891357422 
     0.065306122   0.017761230469  0.017761230469 
     0.065328798   0.077056884766  0.077178955078 
     0.065351474    0.12258911133    0.1227722168 
      0.06537415    0.14611816406   0.14636230469 
     0.065396825     0.1435546875    0.1438293457 
     0.065419501    0.11529541016    0.1155090332 
     0.065442177   0.066436767578  0.066589355469 
     0.065464853  0.0056762695312 0.0057678222656 
     0.065487528  -0.055999755859 -0.055999755859 
     0.065510204   -0.10760498047  -0.10775756836 
      0.06553288   -0.13995361328  -0.14022827148 
     0.065555556   -0.14721679688  -0.14755249023 
     0.065578231   -0.12817382812  -0.12850952148 
     0.065600907  -0.086181640625 -0.086517333984 
     0.065623583  -0.028839111328 -0.029052734375 
     0.065646259   0.033630371094  0.033569335938 
     0.065668934   0.090057373047  0.090087890625 
      0.06569161    0.13027954102   0.13052368164 
     0.065714286    0.14724731445   0.14755249023 
     0.065736961    0.13781738281   0.13821411133 
     0.065759637    0.10372924805   0.10409545898 
     0.065782313   0.051116943359  0.051422119141 
     0.065804989  -0.010589599609 -0.010375976562 
     0.065827664  -0.070373535156      -0.0703125 
      0.06585034   -0.11755371094  -0.11761474609 
     0.065873016   -0.14364624023  -0.14389038086 
     0.065895692   -0.14404296875  -0.14437866211 
     0.065918367   -0.11865234375  -0.11907958984 
     0.065941043  -0.072082519531 -0.072479248047 
     0.065963719  -0.012603759766 -0.012908935547 
     0.065986395   0.049072265625  0.048889160156 
      0.06600907    0.10192871094   0.10189819336 
     0.066031746    0.13647460938   0.13665771484 
     0.066054422    0.14663696289   0.14697265625 
     0.066077098     0.1305847168   0.13095092773 
     0.066099773   0.091125488281  0.091522216797 
     0.066122449   0.035430908203  0.035797119141 
     0.066145125  -0.026611328125 -0.026306152344 
       0.0661678  -0.083862304688 -0.083709716797 
     0.066190476   -0.12606811523  -0.12606811523 
     0.066213152   -0.14566040039  -0.14587402344 
     0.066235828   -0.13922119141  -0.13955688477 
     0.066258503   -0.10791015625  -0.10827636719 
     0.066281179  -0.057281494141 -0.057647705078 
     0.066303855  0.0035705566406 0.0032348632812 
     0.066326531   0.063751220703  0.063537597656 
     0.066349206    0.11248779297   0.11242675781 
     0.066371882    0.14108276367   0.14117431641 
     0.066394558    0.14447021484   0.14465332031 
     0.066417234    0.12197875977   0.12228393555 
     0.066439909   0.077697753906  0.078002929688 
     0.066462585       0.01953125  0.019805908203 
     0.066485261  -0.042114257812 -0.041839599609 
     0.066507937   -0.09619140625 -0.096069335938 
     0.066530612   -0.13302612305  -0.13302612305 
     0.066553288   -0.14602661133   -0.1462097168 
     0.066575964   -0.13299560547  -0.13317871094 
     0.066598639  -0.096099853516 -0.096374511719 
     0.066621315  -0.042083740234 -0.042358398438 
     0.066643991   0.019439697266  0.019226074219 
     0.066666667   0.077453613281  0.077331542969 
     0.066689342    0.12161254883   0.12161254883 
     0.066712018    0.14401245117   0.14407348633 
     0.066734694         0.140625   0.14077758789 
      0.06675737    0.11212158203   0.11227416992 
     0.066780045   0.063568115234  0.063751220703 
     0.066802721  0.0036926269531 0.0038452148438 
     0.066825397  -0.056823730469 -0.056762695312 
     0.066848073    -0.1071472168  -0.10717773438 
     0.066870748   -0.13830566406  -0.13836669922 
     0.066893424   -0.14471435547  -0.14483642578 
       0.0669161   -0.12524414062  -0.12536621094 
     0.066938776  -0.083404541016  -0.08349609375 
     0.066961451  -0.026641845703 -0.026733398438 
     0.066984127   0.034820556641  0.034790039062 
     0.067006803   0.089996337891  0.090057373047 
     0.067029478    0.12908935547   0.12921142578 
     0.067052154    0.14508056641    0.1452331543 
      0.06707483    0.13513183594   0.13525390625 
     0.067097506    0.10101318359   0.10110473633 
     0.067120181   0.048889160156  0.048889160156 
     0.067142857  -0.011993408203 -0.012054443359 
     0.067165533  -0.070678710938  -0.07080078125 
     0.067188209   -0.11669921875  -0.11685180664 
     0.067210884   -0.14181518555  -0.14199829102 
      0.06723356   -0.14154052734  -0.14175415039 
     0.067256236   -0.11602783203  -0.11614990234 
     0.067278912  -0.069763183594 -0.069763183594 
     0.067301587  -0.011016845703 -0.010925292969 
     0.067324263   0.049621582031    0.0498046875 
     0.067346939    0.10137939453   0.10165405273 
     0.067369615    0.13497924805   0.13525390625 
      0.06739229    0.14440917969   0.14465332031 
     0.067414966    0.12805175781    0.1282043457 
     0.067437642   0.088745117188  0.088806152344 
     0.067460317   0.033630371094  0.033538818359 
     0.067482993  -0.027465820312 -0.027679443359 
     0.067505669  -0.083618164062 -0.083953857422 
     0.067528345   -0.12478637695  -0.12515258789 
      0.06755102   -0.14361572266  -0.14395141602 
     0.067573696   -0.13674926758  -0.13702392578 
     0.067596372   -0.10543823242  -0.10559082031 
     0.067619048  -0.055297851562 -0.055267333984 
     0.067641723  0.0046997070312 0.0049133300781 
     0.067664399   0.063873291016  0.064178466797 
     0.067687075    0.11154174805   0.11196899414 
     0.067709751    0.13925170898   0.13967895508 
     0.067732426    0.14199829102   0.14242553711 
     0.067755102     0.1194152832   0.11968994141 
     0.067777778   0.075439453125  0.075531005859 
     0.067800454   0.018035888672  0.017913818359 
     0.067823129  -0.042602539062 -0.042907714844 
     0.067845805  -0.095611572266 -0.096038818359 
     0.067868481   -0.13146972656  -0.13195800781 
     0.067891156   -0.14379882812  -0.14422607422 
     0.067913832   -0.13037109375  -0.13073730469 
     0.067936508  -0.093688964844 -0.093841552734 
     0.067959184  -0.040222167969 -0.040191650391 
     0.067981859   0.020416259766  0.020629882812 
     0.068004535   0.077392578125  0.077728271484 
     0.068027211    0.12048339844   0.12094116211 
     0.068049887    0.14193725586   0.14248657227 
     0.068072562    0.13806152344   0.13851928711 
     0.068095238    0.10949707031   0.10980224609 
     0.068117914   0.061309814453  0.061431884766 
      0.06814059  0.0021667480469 0.0021057128906 
     0.068163265  -0.057281494141 -0.057556152344 
     0.068185941   -0.10653686523  -0.10693359375 
     0.068208617   -0.13665771484  -0.13714599609 
     0.068231293   -0.14236450195   -0.1428527832 
     0.068253968   -0.12258911133  -0.12295532227 
     0.068276644  -0.080871582031 -0.081115722656 
      0.06829932  -0.024688720703 -0.024780273438 
     0.068321995   0.035858154297  0.035980224609 
     0.068344671   0.089996337891  0.090301513672 
     0.068367347    0.12799072266   0.12844848633 
     0.068390023    0.14309692383   0.14358520508 
     0.068412698    0.13256835938   0.13305664062 
     0.068435374   0.098388671875  0.098724365234 
      0.06845805   0.046600341797  0.046752929688 
     0.068480726  -0.013549804688 -0.013549804688 
     0.068503401  -0.071258544922 -0.071411132812 
     0.068526077   -0.11614990234  -0.11645507812 
     0.068548753   -0.14025878906  -0.14071655273 
     0.068571429   -0.13931274414  -0.13977050781 
     0.068594104   -0.11340332031  -0.11383056641 
      0.06861678  -0.067230224609 -0.067565917969 
     0.068639456  -0.009033203125 -0.0091857910156 
     0.068662132   0.050750732422  0.050750732422 
     0.068684807    0.10144042969   0.10162353516 
     0.068707483    0.13394165039   0.13427734375 
     0.068730159    0.14251708984   0.14294433594 
     0.068752834    0.12561035156   0.12600708008 
      0.06877551   0.086151123047  0.086517333984 
     0.068798186   0.031372070312  0.031616210938 
     0.068820862  -0.029022216797 -0.028900146484 
     0.068843537  -0.084197998047 -0.084259033203 
     0.068866213    -0.1242980957  -0.12448120117 
     0.068888889   -0.14218139648  -0.14245605469 
     0.068911565   -0.13458251953  -0.13494873047 
      0.06893424   -0.10293579102  -0.10330200195 
     0.068956916  -0.052856445312 -0.053192138672 
     0.068979592  0.0066223144531 0.0064086914062 
     0.069002268   0.064910888672  0.064819335938 
     0.069024943    0.11157226562    0.1116027832 
     0.069047619    0.13827514648    0.1383972168 
     0.069070295    0.14019775391   0.14044189453 
     0.069092971    0.11706542969   0.11740112305 
     0.069115646   0.072998046875  0.073333740234 
     0.069138322   0.015869140625  0.016174316406 
     0.069160998  -0.044067382812 -0.043853759766 
     0.069183673  -0.096069335938 -0.096008300781 
     0.069206349   -0.13088989258  -0.13095092773 
     0.069229025   -0.14227294922  -0.14242553711 
     0.069251701    -0.1282043457  -0.12847900391 
     0.069274376  -0.091217041016 -0.091522216797 
     0.069297052  -0.037902832031 -0.038208007812 
     0.069319728   0.022155761719  0.021911621094 
     0.069342404   0.078216552734  0.078094482422 
     0.069365079    0.12026977539   0.12020874023 
     0.069387755    0.14080810547   0.14086914062 
     0.069410431    0.13610839844   0.13629150391 
     0.069433107    0.10708618164   0.10736083984 
     0.069455782   0.058929443359  0.059204101562 
     0.069478458   0.000244140625   0.00048828125 
     0.069501134  -0.058471679688 -0.058288574219 
      0.06952381   -0.10668945312  -0.10659790039 
     0.069546485   -0.13583374023  -0.13580322266 
     0.069569161        -0.140625  -0.14074707031 
     0.069591837   -0.12026977539  -0.12045288086 
     0.069614512  -0.078399658203 -0.078643798828 
     0.069637188  -0.022521972656 -0.022766113281 
     0.069659864   0.037384033203  0.037170410156 
      0.06968254   0.090545654297  0.090362548828 
     0.069705215    0.12750244141   0.12744140625 
     0.069727891     0.1416015625   0.14166259766 
     0.069750567    0.13040161133   0.13055419922 
     0.069773243   0.095886230469  0.096069335938 
     0.069795918   0.044189453125   0.04443359375 
     0.069818594  -0.015380859375  -0.01513671875 
      0.06984127  -0.072174072266 -0.071990966797 
     0.069863946   -0.11602783203   -0.1159362793 
     0.069886621   -0.13909912109  -0.13909912109 
     0.069909297   -0.13726806641   -0.1374206543 
     0.069931973   -0.11090087891  -0.11108398438 
     0.069954649  -0.064697265625 -0.064910888672 
     0.069977324  -0.0069274902344 -0.0071716308594 
            0.07   0.052032470703  0.051849365234 
     0.070022676    0.10168457031   0.10159301758 
     0.070045351    0.13314819336   0.13311767578 
     0.070068027    0.14071655273   0.14083862305 
     0.070090703    0.12316894531   0.12329101562 
     0.070113379   0.083557128906  0.083770751953 
     0.070136054   0.028991699219  0.029266357422 
      0.07015873  -0.030670166016 -0.030456542969 
     0.070181406  -0.084869384766 -0.084716796875 
     0.070204082   -0.12387084961  -0.12384033203 
     0.070226757   -0.14065551758  -0.14071655273 
     0.070249433   -0.13232421875  -0.13244628906 
     0.070272109   -0.10028076172  -0.10049438477 
     0.070294785  -0.050323486328 -0.050567626953 
      0.07031746  0.0086059570312 0.0083618164062 
     0.070340136   0.065979003906  0.065795898438 
     0.070362812    0.11157226562   0.11145019531 
     0.070385488    0.13708496094   0.13711547852 
     0.070408163    0.13815307617   0.13824462891 
     0.070430839    0.11444091797   0.11465454102 
     0.070453515        0.0703125  0.070526123047 
      0.07047619   0.013610839844  0.013854980469 
     0.070498866  -0.045501708984 -0.045288085938 
     0.070521542  -0.096466064453 -0.096313476562 
     0.070544218    -0.1301574707  -0.13009643555 
     0.070566893   -0.14050292969  -0.14056396484 
     0.070589569   -0.12573242188  -0.12588500977 
     0.070612245  -0.088500976562 -0.088714599609 
     0.070634921  -0.035430908203 -0.035675048828 
     0.070657596   0.023956298828  0.023712158203 
     0.070680272   0.079040527344  0.078826904297 
     0.070702948    0.11993408203   0.11981201172 
     0.070725624     0.1393737793    0.1393737793 
     0.070748299    0.13388061523   0.13394165039 
     0.070770975    0.10443115234   0.10458374023 
     0.070793651   0.056304931641  0.056518554688 
     0.070816327  -0.0018615722656 -0.0016174316406 
     0.070839002  -0.059661865234 -0.059448242188 
     0.070861678   -0.10678100586  -0.10662841797 
     0.070884354   -0.13479614258  -0.13470458984 
     0.070907029   -0.13861083984  -0.13861083984 
     0.070929705   -0.11770629883  -0.11776733398 
     0.070952381  -0.075714111328 -0.075836181641 
     0.070975057  -0.020202636719 -0.020385742188 
     0.070997732   0.038940429688  0.038665771484 
     0.071020408   0.091033935547    0.0908203125 
     0.071043084    0.12683105469    0.1266784668 
      0.07106576    0.13995361328   0.13986206055 
     0.071088435    0.12799072266   0.12796020508 
     0.071111111   0.093170166016  0.093231201172 
     0.071133787   0.041687011719  0.041809082031 
     0.071156463  -0.017242431641  -0.01708984375 
     0.071179138  -0.073059082031 -0.072845458984 
     0.071201814   -0.11575317383  -0.11560058594 
      0.07122449   -0.13778686523  -0.13763427734 
     0.071247166   -0.13513183594  -0.13500976562 
     0.071269841   -0.10830688477  -0.10824584961 
     0.071292517  -0.062103271484 -0.062133789062 
     0.071315193  -0.0048217773438   -0.0048828125 
     0.071337868   0.053314208984  0.053192138672 
     0.071360544    0.10189819336   0.10171508789 
      0.07138322    0.13220214844   0.13201904297 
     0.071405896    0.13885498047     0.138671875 
     0.071428571    0.12069702148   0.12054443359 
     0.071451247   0.080932617188  0.080780029297 
     0.071473923   0.026702880859  0.026641845703 
     0.071496599  -0.032318115234 -0.032257080078 
     0.071519274  -0.085479736328 -0.085388183594 
      0.07154195    -0.1233215332  -0.12319946289 
     0.071564626   -0.13916015625   -0.1389465332 
     0.071587302   -0.13003540039  -0.12982177734 
     0.071609977  -0.097686767578 -0.097473144531 
     0.071632653    -0.0478515625 -0.047668457031 
     0.071655329   0.010498046875  0.010589599609 
     0.071678005   0.066986083984  0.066986083984 
      0.07170068    0.11145019531   0.11135864258 
     0.071723356    0.13592529297   0.13580322266 
     0.071746032    0.13613891602   0.13592529297 
     0.071768707    0.11193847656   0.11169433594 
     0.071791383   0.067779541016  0.067504882812 
     0.071814059   0.011505126953  0.011291503906 
     0.071836735  -0.046813964844 -0.046997070312 
      0.07185941  -0.096740722656 -0.096801757812 
     0.071882086   -0.12933349609  -0.12930297852 
     0.071904762   -0.13879394531  -0.13864135742 
     0.071927438   -0.12338256836  -0.12316894531 
     0.071950113  -0.085968017578 -0.085662841797 
     0.071972789  -0.033142089844 -0.032836914062 
     0.071995465   0.025543212891  0.025848388672 
     0.072018141   0.079620361328  0.079895019531 
     0.072040816    0.11950683594   0.11962890625 
     0.072063492    0.13793945312   0.13793945312 
     0.072086168    0.13171386719    0.1315612793 
     0.072108844    0.10189819336   0.10162353516 
     0.072131519   0.053894042969  0.053527832031 
     0.072154195  -0.0037231445312 -0.0041198730469 
     0.072176871  -0.060668945312  -0.06103515625 
     0.072199546   -0.10668945312  -0.10702514648 
     0.072222222   -0.13363647461  -0.13381958008 
     0.072244898   -0.13665771484  -0.13668823242 
     0.072267574     -0.115234375  -0.11508178711 
     0.072290249  -0.073181152344 -0.072906494141 
     0.072312925   -0.01806640625 -0.017700195312 
     0.072335601   0.040222167969  0.040679931641 
     0.072358277    0.09130859375  0.091735839844 
     0.072380952    0.12606811523   0.12637329102 
     0.072403628    0.13821411133    0.1383972168 
     0.072426304    0.12564086914   0.12564086914 
      0.07244898   0.090606689453  0.090423583984 
     0.072471655   0.039337158203       0.0390625 
     0.072494331  -0.018890380859 -0.019348144531 
     0.072517007   -0.07373046875     -0.07421875 
     0.072539683   -0.11532592773  -0.11581420898 
     0.072562358   -0.13626098633  -0.13668823242 
     0.072585034   -0.13284301758  -0.13302612305 
      0.07260771   -0.10565185547  -0.10562133789 
     0.072630385    -0.0595703125 -0.059356689453 
     0.072653061  -0.0028076171875 -0.0024719238281 
     0.072675737   0.054382324219  0.054901123047 
     0.072698413     0.1018371582   0.10235595703 
     0.072721088    0.13098144531   0.13150024414 
     0.072743764    0.13674926758   0.13714599609 
      0.07276644    0.11801147461   0.11822509766 
     0.072789116   0.078155517578  0.078155517578 
     0.072811791   0.024353027344  0.024139404297 
     0.072834467  -0.033782958984 -0.034210205078 
     0.072857143  -0.085845947266 -0.086395263672 
     0.072879819   -0.12252807617  -0.12313842773 
     0.072902494   -0.13726806641  -0.13775634766 
      0.07292517   -0.12738037109  -0.12783813477 
     0.072947846  -0.094757080078 -0.094970703125 
     0.072970522  -0.045166015625 -0.045166015625 
     0.072993197   0.012481689453  0.012725830078 
     0.073015873    0.06787109375  0.068267822266 
     0.073038549     0.1110534668   0.11163330078 
     0.073061224    0.13436889648   0.13500976562 
       0.0730839    0.13363647461   0.13415527344 
     0.073106576    0.10894775391   0.10934448242 
     0.073129252   0.064788818359  0.065002441406 
     0.073151927   0.009033203125 0.0089721679688 
     0.073174603  -0.048278808594 -0.048583984375 
     0.073197279  -0.096954345703 -0.097412109375 
     0.073219955    -0.1282043457  -0.12878417969 
      0.07324263   -0.13650512695  -0.13714599609 
     0.073265306    -0.1203918457  -0.12094116211 
     0.073287982  -0.082702636719 -0.083129882812 
     0.073310658    -0.0302734375 -0.030426025391 
     0.073333333   0.027587890625  0.027648925781 
     0.073356009   0.080474853516  0.080780029297 
     0.073378685    0.11895751953   0.11944580078 
     0.073401361    0.13607788086   0.13668823242 
     0.073424036    0.12884521484   0.12948608398 
     0.073446712   0.098571777344   0.09912109375 
     0.073469388   0.050659179688  0.051025390625 
     0.073492063  -0.0063171386719 -0.0061645507812 
     0.073514739  -0.062164306641 -0.062225341797 
     0.073537415   -0.10681152344  -0.10711669922 
     0.073560091   -0.13235473633  -0.13284301758 
     0.073582766   -0.13415527344    -0.134765625 
     0.073605442   -0.11196899414  -0.11260986328 
     0.073628118  -0.069763183594 -0.070251464844 
     0.073650794  -0.015045166016 -0.015350341797 
     0.073673469   0.042327880859  0.042236328125 
     0.073696145   0.092071533203  0.092254638672 
     0.073718821    0.12536621094   0.12573242188 
     0.073741497    0.13616943359      0.13671875 
     0.073764172    0.12265014648   0.12319946289 
     0.073786848   0.087127685547  0.087646484375 
     0.073809524   0.036010742188  0.036437988281 
       0.0738322  -0.021514892578 -0.021240234375 
     0.073854875  -0.075164794922 -0.075164794922 
     0.073877551   -0.11538696289  -0.11557006836 
     0.073900227   -0.13488769531  -0.13525390625 
     0.073922902   -0.13024902344  -0.13076782227 
     0.073945578   -0.10235595703  -0.10287475586 
     0.073968254  -0.056091308594 -0.056549072266 
      0.07399093  0.00018310546875 -0.00015258789062 
     0.074013605   0.056396484375  0.056243896484 
     0.074036281    0.10247802734   0.10263061523 
     0.074058957    0.13024902344   0.13052368164 
     0.074081633    0.13470458984   0.13510131836 
     0.074104308    0.11502075195    0.1155090332 
     0.074126984   0.074768066406  0.075225830078 
      0.07414966   0.021148681641     0.021484375 
     0.074172336  -0.036254882812 -0.036041259766 
     0.074195011  -0.087127685547 -0.087127685547 
     0.074217687   -0.12240600586  -0.12258911133 
     0.074240363   -0.13580322266  -0.13610839844 
     0.074263039   -0.12484741211   -0.1252746582 
     0.074285714  -0.091583251953 -0.092041015625 
      0.07430839  -0.041900634766 -0.042297363281 
     0.074331066   0.015228271484  0.014953613281 
     0.074353741   0.069610595703  0.069519042969 
     0.074376417    0.11154174805   0.11166381836 
     0.074399093    0.13348388672    0.1337890625 
     0.074421769    0.13153076172   0.13195800781 
     0.074444444    0.10610961914   0.10653686523 
      0.07446712   0.061645507812  0.062042236328 
     0.074489796  0.0061645507812 0.0064697265625 
     0.074512472  -0.050354003906 -0.050231933594 
     0.074535147  -0.097900390625 -0.097930908203 
     0.074557823   -0.12789916992  -0.12811279297 
     0.074580499   -0.13497924805  -0.13534545898 
     0.074603175   -0.11791992188  -0.11834716797 
      0.07462585  -0.079742431641 -0.080230712891 
     0.074648526  -0.027374267578 -0.027740478516 
     0.074671202   0.029907226562  0.029724121094 
     0.074693878   0.081817626953  0.081817626953 
     0.074716553    0.11907958984   0.11926269531 
     0.074739229     0.1350402832   0.13537597656 
     0.074761905    0.12680053711    0.1272277832 
      0.07478458   0.095886230469  0.096343994141 
     0.074807256   0.047821044922  0.048248291016 
     0.074829932  -0.0087585449219 -0.0084838867188 
     0.074852608  -0.063781738281 -0.063629150391 
     0.074875283   -0.10736083984    -0.107421875 
     0.074897959   -0.13174438477  -0.13198852539 
     0.074920635   -0.13250732422  -0.13290405273 
     0.074943311   -0.10955810547   -0.1100769043 
     0.074965986  -0.067047119141 -0.067535400391 
     0.074988662  -0.012542724609 -0.012969970703 
     0.075011338   0.044219970703    0.0439453125 
     0.075034014   0.093017578125  0.092956542969 
     0.075056689    0.12518310547   0.12530517578 
     0.075079365    0.13491821289   0.13522338867 
     0.075102041    0.12054443359   0.12097167969 
     0.075124717   0.084564208984  0.085083007812 
     0.075147392   0.033508300781  0.033966064453 
     0.075170068  -0.023559570312 -0.023223876953 
     0.075192744  -0.076446533203    -0.076171875 
      0.07521542   -0.11557006836  -0.11553955078 
     0.075238095   -0.13403320312  -0.13418579102 
     0.075260771   -0.12847900391  -0.12884521484 
     0.075283447   -0.10000610352  -0.10046386719 
     0.075306122  -0.053588867188 -0.054077148438 
     0.075328798  0.0024108886719 0.0019226074219 
     0.075351474   0.057922363281  0.057586669922 
      0.07537415    0.10308837891   0.10290527344 
     0.075396825    0.12979125977   0.12982177734 
     0.075419501    0.13330078125   0.13345336914 
     0.075442177    0.11294555664   0.11325073242 
     0.075464853   0.072357177734  0.072784423828 
     0.075487528   0.018859863281  0.019317626953 
     0.075510204  -0.038024902344  -0.03759765625 
      0.07553288  -0.088073730469 -0.087768554688 
     0.075555556   -0.12237548828  -0.12222290039 
     0.075578231   -0.13479614258    -0.134765625 
     0.075600907   -0.12307739258  -0.12322998047 
     0.075623583  -0.089324951172 -0.089630126953 
     0.075646259  -0.039672851562 -0.040008544922 
     0.075668934   0.017150878906  0.016723632812 
      0.07569161   0.070831298828  0.070465087891 
     0.075714286    0.11184692383    0.1116027832 
     0.075736961    0.13284301758   0.13275146484 
     0.075759637    0.13009643555   0.13012695312 
     0.075782313    0.10406494141    0.1042175293 
     0.075804989   0.059448242188  0.059661865234 
     0.075827664   0.004150390625 0.0044860839844 
      0.07585034  -0.051818847656 -0.051513671875 
     0.075873016  -0.098541259766 -0.098266601562 
     0.075895692   -0.12759399414  -0.12744140625 
     0.075918367   -0.13385009766   -0.1337890625 
     0.075941043   -0.11614990234  -0.11624145508 
     0.075963719  -0.077697753906 -0.077819824219 
     0.075986395  -0.025360107422 -0.025573730469 
      0.07600907   0.031494140625  0.031280517578 
     0.076031746   0.082702636719  0.082489013672 
     0.076054422    0.11911010742   0.11895751953 
     0.076077098    0.13418579102   0.13412475586 
     0.076099773     0.1252746582    0.1252746582 
     0.076122449   0.093963623047  0.094055175781 
     0.076145125   0.045867919922  0.046020507812 
       0.0761678  -0.010437011719  -0.01025390625 
     0.076190476  -0.064849853516 -0.064697265625 
     0.076213152   -0.10760498047  -0.10748291016 
     0.076235828    -0.1311340332  -0.13110351562 
     0.076258503   -0.13119506836  -0.13119506836 
     0.076281179   -0.10778808594  -0.10784912109 
     0.076303855  -0.065124511719 -0.065216064453 
     0.076326531  -0.010803222656 -0.010925292969 
     0.076349206    0.04541015625  0.045257568359 
     0.076371882   0.093444824219  0.093383789062 
     0.076394558    0.12475585938    0.1247253418 
     0.076417234    0.13372802734    0.1337890625 
     0.076439909    0.11877441406   0.11889648438 
     0.076462585   0.082580566406  0.082733154297 
     0.076485261   0.031677246094  0.031799316406 
     0.076507937  -0.024932861328 -0.024810791016 
     0.076530612  -0.077026367188 -0.076934814453 
     0.076553288   -0.11529541016  -0.11526489258 
     0.076575964   -0.13293457031  -0.13302612305 
     0.076598639   -0.12673950195  -0.12692260742 
     0.076621315  -0.097930908203 -0.098114013672 
     0.076643991  -0.051574707031 -0.051788330078 
     0.076666667  0.0039672851562 0.0038146972656 
     0.076689342   0.058776855469  0.058685302734 
     0.076712018    0.10305786133   0.10299682617 
     0.076734694    0.12881469727   0.12893676758 
      0.07675737    0.13153076172   0.13168334961 
     0.076780045    0.11074829102   0.11096191406 
     0.076802721   0.070068359375       0.0703125 
     0.076825397   0.016937255859  0.017150878906 
     0.076848073  -0.039215087891 -0.039031982422 
     0.076870748  -0.088348388672 -0.088256835938 
     0.076893424   -0.12158203125  -0.12161254883 
       0.0769161   -0.13305664062  -0.13320922852 
     0.076938776   -0.12072753906  -0.12094116211 
     0.076961451  -0.086761474609 -0.087036132812 
     0.076984127  -0.037322998047 -0.037567138672 
     0.077006803   0.018859863281  0.018615722656 
     0.077029478   0.071533203125  0.071411132812 
     0.077052154    0.11145019531   0.11138916016 
      0.07707483    0.13137817383   0.13143920898 
     0.077097506    0.12777709961   0.12789916992 
     0.077120181    0.10125732422   0.10150146484 
     0.077142857   0.056671142578  0.056915283203 
     0.077165533      0.001953125  0.002197265625 
     0.077188209  -0.053161621094 -0.052947998047 
     0.077210884    -0.0986328125 -0.098510742188 
      0.07723356   -0.12649536133  -0.12646484375 
     0.077256236   -0.13168334961  -0.13174438477 
     0.077278912   -0.11325073242  -0.11343383789 
     0.077301587  -0.074584960938 -0.074798583984 
     0.077324263  -0.022583007812 -0.022796630859 
     0.077346939   0.033447265625  0.033294677734 
     0.077369615   0.083526611328  0.083404541016 
      0.07739229    0.11859130859   0.11849975586 
     0.077414966    0.13238525391   0.13241577148 
     0.077437642    0.12249755859   0.12258911133 
     0.077460317   0.090667724609    0.0908203125 
     0.077482993   0.042602539062  0.042755126953 
     0.077505669  -0.013061523438 -0.012908935547 
     0.077528345  -0.066375732422 -0.066284179688 
      0.07755102   -0.10778808594  -0.10772705078 
     0.077573696    -0.1298828125  -0.12991333008 
     0.077596372   -0.12872314453  -0.12881469727 
     0.077619048    -0.1044921875  -0.10464477539 
     0.077641723  -0.061584472656 -0.061706542969 
     0.077664399  -0.0076293945312 -0.0077514648438 
     0.077687075   0.047637939453  0.047607421875 
     0.077709751   0.094390869141  0.094390869141 
     0.077732426    0.12423706055   0.12426757812 
     0.077755102    0.13180541992   0.13192749023 
     0.077777778    0.11584472656   0.11590576172 
     0.077800454   0.079071044922  0.079162597656 
     0.077823129   0.028167724609  0.028228759766 
     0.077845805  -0.027740478516 -0.027709960938 
     0.077868481  -0.078674316406 -0.078735351562 
     0.077891156    -0.1155090332  -0.11563110352 
     0.077913832   -0.13168334961  -0.13180541992 
     0.077936508   -0.12423706055  -0.12442016602 
     0.077959184  -0.094573974609   -0.0947265625 
     0.077981859  -0.048004150391 -0.048065185547 
     0.078004535  0.0071716308594 0.0071716308594 
     0.078027211   0.061004638672  0.061126708984 
     0.078049887    0.10394287109   0.10409545898 
     0.078072562    0.12826538086   0.12847900391 
     0.078095238    0.12963867188   0.12979125977 
     0.078117914    0.10775756836   0.10794067383 
      0.07814059   0.066650390625  0.066741943359 
     0.078163265   0.013580322266  0.013610839844 
     0.078185941  -0.041870117188 -0.041961669922 
     0.078208617  -0.089813232422 -0.089996337891 
     0.078231293   -0.12170410156  -0.12191772461 
     0.078253968   -0.13174438477  -0.13201904297 
     0.078276644   -0.11825561523  -0.11846923828 
      0.07829932  -0.083587646484 -0.083709716797 
     0.078321995  -0.034027099609 -0.034057617188 
     0.078344671   0.021667480469  0.021728515625 
     0.078367347   0.073425292969  0.073608398438 
     0.078390023     0.1120300293   0.11227416992 
     0.078412698     0.1305847168     0.130859375 
     0.078435374    0.12576293945   0.12603759766 
      0.07845805   0.098449707031    0.0986328125 
     0.078480726   0.053527832031  0.053619384766 
     0.078503401  -0.00094604492188 -0.0010070800781 
     0.078526077  -0.055206298828 -0.055389404297 
     0.078548753     -0.099609375 -0.099853515625 
     0.078571429   -0.12615966797  -0.12643432617 
     0.078594104   -0.13009643555  -0.13040161133 
      0.07861678   -0.11080932617  -0.11102294922 
     0.078639456  -0.071685791016  -0.07177734375 
     0.078662132  -0.019744873047 -0.019714355469 
     0.078684807   0.035675048828  0.035827636719 
     0.078707483   0.084716796875    0.0849609375 
     0.078730159    0.11856079102   0.11883544922 
     0.078752834    0.13116455078   0.13146972656 
      0.07877551    0.12030029297   0.12051391602 
     0.078798186   0.087921142578  0.088073730469 
     0.078820862   0.039855957031  0.039886474609 
     0.078843537  -0.015289306641 -0.015472412109 
     0.078866213  -0.067718505859 -0.067962646484 
     0.078888889   -0.10800170898  -0.10827636719 
     0.078911565      -0.12890625  -0.12921142578 
      0.07893424   -0.12673950195  -0.12704467773 
     0.078956916   -0.10192871094  -0.10208129883 
     0.078979592  -0.058898925781 -0.058898925781 
     0.079002268  -0.0053405761719 -0.0052185058594 
     0.079024943   0.049133300781  0.049377441406 
     0.079047619   0.094757080078  0.095123291016 
     0.079070295    0.12344360352   0.12377929688 
     0.079092971    0.12997436523   0.13034057617 
     0.079115646       0.11328125   0.11349487305 
     0.079138322   0.076354980469  0.076416015625 
     0.079160998   0.025756835938  0.025665283203 
     0.079183673  -0.029418945312 -0.029632568359 
     0.079206349  -0.079254150391 -0.079620361328 
     0.079229025   -0.11492919922  -0.11532592773 
     0.079251701   -0.12997436523  -0.13034057617 
     0.079274376   -0.12176513672   -0.1220703125 
     0.079297052  -0.091827392578 -0.091949462891 
     0.079319728   -0.04541015625  -0.04541015625 
     0.079342404  0.0090942382812   0.00927734375 
     0.079365079   0.061889648438  0.062225341797 
     0.079387755    0.10357666016   0.10400390625 
     0.079410431    0.12670898438   0.12719726562 
     0.079433107    0.12716674805   0.12756347656 
     0.079455782    0.10488891602   0.10513305664 
     0.079478458   0.063812255859  0.063903808594 
     0.079501134   0.011352539062  0.011322021484 
      0.07952381  -0.043060302734 -0.043334960938 
     0.079546485  -0.089752197266 -0.090148925781 
     0.079569161    -0.1203918457  -0.12084960938 
     0.079591837   -0.12942504883  -0.12985229492 
     0.079614512   -0.11529541016  -0.11569213867 
     0.079637188   -0.08056640625 -0.080780029297 
     0.079659864  -0.031433105469 -0.031463623047 
      0.07968254   0.023315429688       0.0234375 
     0.079705215   0.073822021484  0.074127197266 
     0.079727891    0.11111450195   0.11148071289 
     0.079750567    0.12847900391      0.12890625 
     0.079773243    0.12283325195   0.12326049805 
     0.079795918   0.095184326172  0.095550537109 
     0.079818594   0.050598144531  0.050750732422 
      0.07984127  -0.0030822753906 -0.0030517578125 
     0.079863946   -0.05615234375 -0.056304931641 
     0.079886621   -0.09912109375 -0.099426269531 
     0.079909297   -0.12435913086   -0.1247253418 
     0.079931973   -0.12728881836  -0.12771606445 
     0.079954649   -0.10745239258  -0.10787963867 
     0.079977324  -0.068420410156 -0.068725585938 
            0.08  -0.017120361328 -0.017272949219 
     0.080022676   0.037170410156  0.037139892578 
     0.080045351   0.084808349609  0.084899902344 
     0.080068027    0.11721801758    0.1174621582 
     0.080090703     0.1286315918   0.12896728516 
     0.080113379    0.11703491211   0.11740112305 
     0.080136054    0.08447265625  0.084838867188 
      0.08015873   0.036834716797  0.037078857422 
     0.080181406  -0.017364501953 -0.017242431641 
     0.080204082  -0.068420410156 -0.068420410156 
     0.080226757   -0.10720825195  -0.10733032227 
     0.080249433   -0.12677001953  -0.12701416016 
     0.080272109   -0.12362670898  -0.12393188477 
     0.080294785  -0.098388671875 -0.098693847656 
      0.08031746  -0.055541992188 -0.055847167969 
     0.080340136  -0.0027770996094 -0.0030212402344 
     0.080362812   0.050445556641  0.050354003906 
     0.080385488   0.094635009766  0.094604492188 
     0.080408163    0.12182617188   0.12191772461 
     0.080430839    0.12719726562   0.12741088867 
     0.080453515    0.10980224609   0.11004638672 
      0.08047619    0.07275390625  0.073059082031 
     0.080498866   0.022735595703  0.022979736328 
     0.080521542  -0.031311035156 -0.031158447266 
     0.080544218  -0.079742431641 -0.079681396484 
     0.080566893   -0.11389160156  -0.11392211914 
     0.080589569   -0.12762451172  -0.12771606445 
     0.080612245   -0.11846923828  -0.11868286133 
     0.080634921  -0.088134765625 -0.088348388672 
     0.080657596  -0.042022705078 -0.042266845703 
     0.080680272   0.011535644531  0.011383056641 
     0.080702948   0.063049316406  0.062896728516 
     0.080725624    0.10321044922   0.10317993164 
     0.080748299    0.12487792969   0.12493896484 
     0.080770975    0.12420654297    0.1242980957 
     0.080793651    0.10125732422   0.10147094727 
     0.080816327   0.060241699219  0.060424804688 
     0.080839002  0.0084533691406 0.0086059570312 
     0.080861678  -0.044830322266 -0.044738769531 
     0.080884354  -0.090057373047 -0.089996337891 
     0.080907029     -0.119140625    -0.119140625 
     0.080929705   -0.12686157227  -0.12689208984 
     0.080952381   -0.11187744141  -0.11196899414 
     0.080975057  -0.076873779297 -0.076995849609 
     0.080997732  -0.028137207031 -0.028259277344 
     0.081020408   0.025604248047  0.025512695312 
     0.081043084   0.074768066406   0.07470703125 
      0.08106576    0.11044311523   0.11047363281 
     0.081088435    0.12640380859   0.12649536133 
     0.081111111    0.11972045898   0.11975097656 
     0.081133787   0.091522216797  0.091674804688 
     0.081156463   0.047027587891  0.047119140625 
     0.081179138     -0.005859375 -0.0057983398438 
     0.081201814  -0.057708740234 -0.057678222656 
      0.08122449  -0.099182128906 -0.099212646484 
     0.081247166   -0.12286376953  -0.12295532227 
     0.081269841   -0.12457275391  -0.12466430664 
     0.081292517   -0.10394287109  -0.10409545898 
     0.081315193  -0.064758300781 -0.064849853516 
     0.081337868  -0.013977050781 -0.014007568359 
     0.081360544   0.039276123047  0.039306640625 
      0.08138322   0.085479736328  0.085571289062 
     0.081405896    0.11636352539    0.1164855957 
     0.081428571    0.12640380859   0.12652587891 
     0.081451247    0.11380004883   0.11395263672 
     0.081473923   0.080871582031  0.080932617188 
     0.081496599   0.033447265625  0.033447265625 
     0.081519274  -0.019958496094  -0.02001953125 
      0.08154195  -0.069732666016 -0.069854736328 
     0.081564626   -0.10702514648  -0.10717773438 
     0.081587302   -0.12512207031  -0.12533569336 
     0.081609977    -0.1208190918  -0.12100219727 
     0.081632653  -0.094909667969 -0.095031738281 
     0.081655329  -0.052032470703 -0.052062988281 
     0.081678005  0.00018310546875  0.000244140625 
      0.08170068   0.052307128906  0.052429199219 
     0.081723356   0.095031738281  0.095245361328 
     0.081746032    0.12072753906   0.12100219727 
     0.081768707    0.12484741211   0.12509155273 
     0.081791383    0.10659790039    0.1067199707 
     0.081814059   0.069305419922  0.069305419922 
     0.081836735   0.019561767578  0.019500732422 
      0.08185941  -0.033569335938 -0.033721923828 
     0.081882086  -0.080718994141 -0.080963134766 
     0.081904762   -0.11337280273  -0.11367797852 
     0.081927438   -0.12573242188  -0.12603759766 
     0.081950113   -0.11557006836  -0.11581420898 
     0.081972789  -0.084747314453 -0.084869384766 
     0.081995465  -0.038757324219 -0.038757324219 
     0.082018141   0.014099121094  0.014282226562 
     0.082040816   0.064422607422  0.064758300781 
     0.082063492    0.10321044922   0.10354614258 
     0.082086168    0.12350463867   0.12387084961 
     0.082108844    0.12164306641   0.12197875977 
     0.082131519   0.098052978516  0.098266601562 
     0.082154195   0.056976318359  0.057006835938 
     0.082176871  0.0056457519531 0.0055236816406 
     0.082199546  -0.046630859375 -0.046905517578 
     0.082222222  -0.090515136719 -0.090881347656 
     0.082244898    -0.1181640625  -0.11859130859 
     0.082267574   -0.12463378906  -0.12509155273 
     0.082290249   -0.10882568359  -0.10919189453 
     0.082312925  -0.073577880859 -0.073760986328 
     0.082335601  -0.025177001953 -0.025146484375 
     0.082358277   0.027709960938  0.027923583984 
     0.082380952   0.075592041016  0.076019287109 
     0.082403628    0.10995483398   0.11038208008 
     0.082426304    0.12454223633   0.12509155273 
      0.08244898    0.11685180664   0.11730957031 
     0.082471655   0.088287353516  0.088592529297 
     0.082494331   0.043884277344  0.044006347656 
     0.082517007  -0.0082702636719 -0.0083923339844 
     0.082539683  -0.058929443359 -0.059234619141 
     0.082562358  -0.099029541016 -0.099487304688 
     0.082585034   -0.12133789062  -0.12188720703 
      0.08260771   -0.12194824219  -0.12243652344 
     0.082630385   -0.10070800781  -0.10113525391 
     0.082653061  -0.061462402344 -0.061737060547 
     0.082675737  -0.011260986328 -0.011291503906 
     0.082698413   0.040924072266  0.041107177734 
     0.082721088   0.085754394531  0.086120605469 
     0.082743764    0.11520385742   0.11569213867 
      0.08276644    0.12396240234   0.12451171875 
     0.082789116    0.11059570312    0.1110534668 
     0.082811791   0.077392578125  0.077789306641 
     0.082834467   0.030364990234  0.030578613281 
     0.082857143  -0.022033691406 -0.022033691406 
     0.082879819  -0.070495605469 -0.070678710938 
     0.082902494   -0.10626220703  -0.10662841797 
      0.08292517   -0.12301635742  -0.12350463867 
     0.082947846   -0.11770629883  -0.11822509766 
     0.082970522  -0.091339111328    -0.091796875 
     0.082993197  -0.048645019531 -0.048950195312 
     0.083015873  0.0027465820312 0.0025939941406 
     0.083038549   0.053558349609  0.053649902344 
     0.083061224   0.094818115234  0.095062255859 
       0.0830839    0.11904907227    0.1194152832 
     0.083106576    0.12194824219   0.12240600586 
     0.083129252    0.10296630859   0.10345458984 
     0.083151927   0.065643310547  0.066009521484 
     0.083174603   0.016571044922  0.016815185547 
     0.083197279  -0.035430908203 -0.035400390625 
     0.083219955    -0.0810546875 -0.081207275391 
      0.08324263   -0.11218261719  -0.11242675781 
     0.083265306   -0.12316894531  -0.12350463867 
     0.083287982   -0.11215209961  -0.11248779297 
     0.083310658  -0.080993652344 -0.081329345703 
     0.083333333  -0.035400390625  -0.03564453125 
     0.083356009   0.016479492188  0.016387939453 
     0.083378685   0.065399169922    0.0654296875 
     0.083401361    0.10256958008   0.10272216797 
     0.083424036    0.12139892578   0.12161254883 
     0.083446712    0.11846923828   0.11871337891 
     0.083469388   0.094329833984  0.094573974609 
     0.083492063   0.053344726562  0.053497314453 
     0.083514739  0.0028381347656    0.0029296875 
     0.083537415  -0.048156738281 -0.048187255859 
     0.083560091  -0.090484619141 -0.090576171875 
     0.083582766   -0.11660766602  -0.11676025391 
     0.083605442   -0.12182617188  -0.12197875977 
     0.083628118   -0.10528564453  -0.10540771484 
     0.083650794  -0.069885253906 -0.069976806641 
     0.083673469  -0.022064208984 -0.022003173828 
     0.083696145   0.029724121094  0.029846191406 
     0.083718821   0.076110839844  0.076324462891 
     0.083741497    0.10888671875   0.10906982422 
     0.083764172    0.12213134766   0.12231445312 
     0.083786848     0.1135559082   0.11364746094 
     0.083809524   0.084625244141  0.084655761719 
       0.0838322   0.040618896484  0.040496826172 
     0.083854875  -0.010650634766 -0.010894775391 
     0.083877551  -0.059906005859 -0.060211181641 
     0.083900227  -0.098419189453 -0.098815917969 
     0.083922902   -0.11932373047  -0.11965942383 
     0.083945578    -0.1188659668  -0.11904907227 
     0.083968254  -0.097137451172  -0.09716796875 
      0.08399093  -0.058044433594 -0.057891845703 
     0.084013605  -0.0086059570312 -0.0082702636719 
     0.084036281   0.042297363281  0.042785644531 
     0.084058957   0.085632324219  0.086120605469 
     0.084081633    0.11358642578   0.11404418945 
     0.084104308    0.12118530273   0.12155151367 
     0.084126984    0.10711669922   0.10726928711 
      0.08414966   0.073913574219  0.073822021484 
     0.084172336   0.027526855469  0.027160644531 
     0.084195011  -0.023773193359 -0.024322509766 
     0.084217687  -0.070739746094 -0.071380615234 
     0.084240363   -0.10501098633  -0.10568237305 
     0.084263039   -0.12042236328  -0.12100219727 
     0.084285714   -0.11431884766  -0.11468505859 
      0.08430839  -0.087738037109 -0.087860107422 
     0.084331066  -0.045532226562 -0.045318603516 
     0.084353741  0.0048217773438 0.0053100585938 
     0.084376417   0.054229736328  0.054962158203 
     0.084399093   0.093902587891  0.094696044922 
     0.084421769    0.11672973633   0.11749267578 
     0.084444444    0.11865234375   0.11926269531 
      0.08446712   0.099334716797  0.099670410156 
     0.084489796   0.062286376953  0.062316894531 
     0.084512472   0.014129638672  0.013763427734 
     0.084535147  -0.036529541016 -0.037170410156 
     0.084557823   -0.08056640625 -0.081420898438 
     0.084580499   -0.11016845703  -0.11102294922 
     0.084603175   -0.12002563477  -0.12078857422 
      0.08462585   -0.10833740234  -0.10897827148 
     0.084648526  -0.077331542969  -0.07763671875 
     0.084671202  -0.032501220703 -0.032440185547 
     0.084693878   0.018096923828    0.0185546875 
     0.084716553   0.065399169922  0.066162109375 
     0.084739229    0.10098266602   0.10186767578 
     0.084761905    0.11846923828   0.11932373047 
      0.08478458    0.11468505859   0.11544799805 
     0.084807256   0.090393066406  0.090911865234 
     0.084829932   0.049926757812  0.050170898438 
     0.084852608  0.0006103515625 0.00045776367188 
     0.084875283  -0.048797607422 -0.049285888672 
     0.084897959  -0.089447021484 -0.090148925781 
     0.084920635   -0.11401367188  -0.11486816406 
     0.084943311   -0.11813354492  -0.11901855469 
     0.084965986   -0.10116577148  -0.10186767578 
     0.084988662  -0.066101074219 -0.066497802734 
     0.085011338  -0.019226074219 -0.019317626953 
     0.085034014   0.031066894531  0.031280517578 
     0.085056689   0.075744628906  0.076263427734 
     0.085079365    0.10684204102   0.10754394531 
     0.085102041    0.11874389648   0.11953735352 
     0.085124717    0.10946655273   0.11016845703 
     0.085147392    0.08056640625  0.081085205078 
     0.085170068   0.037261962891  0.037536621094 
     0.085192744  -0.012664794922 -0.012664794922 
      0.08521542  -0.060302734375    -0.060546875 
     0.085238095  -0.097045898438 -0.097564697266 
     0.085260771   -0.11645507812  -0.11706542969 
     0.085283447   -0.11499023438  -0.11560058594 
     0.085306122  -0.092987060547 -0.093505859375 
     0.085328798  -0.054321289062 -0.054656982422 
     0.085351474  -0.0059814453125 -0.006103515625 
      0.08537415   0.043365478516  0.043518066406 
     0.085396825     0.0849609375  0.085235595703 
     0.085419501    0.11129760742   0.11172485352 
     0.085442177    0.11767578125    0.1181640625 
     0.085464853    0.10305786133   0.10345458984 
     0.085487528   0.070007324219  0.070281982422 
     0.085510204     0.0244140625  0.024597167969 
      0.08553288  -0.025451660156 -0.025482177734 
     0.085555556  -0.070709228516 -0.070892333984 
     0.085578231   -0.10330200195  -0.10360717773 
     0.085600907   -0.11743164062  -0.11776733398 
     0.085623583   -0.11047363281  -0.11077880859 
     0.085646259  -0.083770751953 -0.084014892578 
     0.085668934  -0.042144775391 -0.042266845703 
      0.08569161  0.0069885253906 0.0070190429688 
     0.085714286   0.054809570312  0.054962158203 
     0.085736961   0.092834472656  0.093048095703 
     0.085759637    0.11416625977   0.11444091797 
     0.085782313    0.11508178711   0.11532592773 
     0.085804989   0.095428466797  0.095611572266 
     0.085827664   0.058715820312  0.058776855469 
      0.08585034   0.011535644531  0.011444091797 
     0.085873016  -0.037658691406 -0.037811279297 
     0.085895692  -0.080047607422 -0.080291748047 
     0.085918367   -0.10806274414  -0.10836791992 
     0.085941043   -0.11676025391  -0.11700439453 
     0.085963719   -0.10455322266  -0.10473632812 
     0.085986395  -0.073638916016 -0.073699951172 
      0.08600907  -0.029632568359 -0.029541015625 
     0.086031746   0.019653320312  0.019836425781 
     0.086054422   0.065368652344  0.065673828125 
     0.086077098   0.099334716797  0.099670410156 
     0.086099773     0.1155090332   0.11584472656 
     0.086122449    0.11102294922   0.11120605469 
     0.086145125   0.086639404297  0.086730957031 
       0.0861678   0.046813964844  0.046722412109 
     0.086190476  -0.0013122558594 -0.0015258789062 
     0.086213152  -0.049194335938 -0.049530029297 
     0.086235828  -0.088195800781 -0.088592529297 
     0.086258503   -0.11138916016  -0.11175537109 
     0.086281179   -0.11462402344   -0.1149597168 
     0.086303855  -0.097381591797 -0.097534179688 
     0.086326531  -0.062683105469 -0.062683105469 
     0.086349206  -0.016845703125 -0.016693115234 
     0.086371882   0.031951904297  0.032257080078 
     0.086394558   0.075012207031  0.075408935547 
     0.086417234    0.10458374023   0.10501098633 
     0.086439909    0.11541748047   0.11584472656 
     0.086462585    0.10559082031   0.10592651367 
     0.086485261   0.076934814453  0.077056884766 
     0.086507937   0.034515380859  0.034454345703 
     0.086530612  -0.014038085938 -0.014251708984 
     0.086553288   -0.06005859375 -0.060394287109 
     0.086575964  -0.095245361328 -0.095672607422 
     0.086598639   -0.11337280273  -0.11383056641 
     0.086621315   -0.11120605469  -0.11157226562 
     0.086643991  -0.089141845703 -0.089385986328 
     0.086666667  -0.051177978516 -0.051239013672 
     0.086689342  -0.0040588378906 -0.0039978027344 
     0.086712018   0.043701171875  0.043914794922 
     0.086734694   0.083587646484     0.083984375 
      0.08675737    0.10855102539   0.10897827148 
     0.086780045    0.11401367188   0.11444091797 
     0.086802721   0.099090576172  0.099487304688 
     0.086825397   0.066497802734  0.066711425781 
     0.086848073   0.022003173828  0.022033691406 
     0.086870748    -0.0263671875 -0.026489257812 
     0.086893424  -0.070007324219 -0.070251464844 
       0.0869161   -0.10104370117  -0.10144042969 
     0.086938776   -0.11401367188  -0.11441040039 
     0.086961451   -0.10656738281  -0.10696411133 
     0.086984127  -0.080047607422 -0.080352783203 
     0.087006803  -0.039276123047 -0.039459228516 
     0.087029478  0.0084838867188 0.0084533691406 
     0.087052154        0.0546875  0.054779052734 
      0.08707483   0.091064453125   0.09130859375 
     0.087097506    0.11111450195   0.11145019531 
     0.087120181      0.111328125   0.11169433594 
     0.087142857   0.091613769531  0.091918945312 
     0.087165533   0.055541992188  0.055755615234 
     0.087188209  0.0095520019531 0.0096740722656 
     0.087210884  -0.038055419922 -0.038116455078 
      0.08723356  -0.078826904297 -0.079010009766 
     0.087256236   -0.10549926758  -0.10571289062 
     0.087278912   -0.11322021484  -0.11352539062 
     0.087301587   -0.10073852539  -0.10101318359 
     0.087324263  -0.070251464844 -0.070465087891 
     0.087346939  -0.027252197266 -0.027374267578 
     0.087369615   0.020599365234  0.020599365234 
      0.08739229   0.064697265625  0.064788818359 
     0.087414966    0.09716796875  0.097381591797 
     0.087437642    0.11227416992   0.11248779297 
     0.087460317    0.10726928711   0.10751342773 
     0.087482993   0.083068847656  0.083282470703 
     0.087505669   0.044097900391  0.044250488281 
     0.087528345  -0.0027465820312 -0.0027160644531 
      0.08755102  -0.049011230469 -0.049072265625 
     0.087573696  -0.086517333984 -0.086639404297 
     0.087596372   -0.10842895508  -0.10864257812 
     0.087619048   -0.11099243164  -0.11120605469 
     0.087641723  -0.093719482422 -0.093933105469 
     0.087664399  -0.059661865234 -0.059814453125 
     0.087687075  -0.015014648438 -0.015075683594 
     0.087709751   0.032257080078  0.032318115234 
     0.087732426    0.07373046875  0.073883056641 
     0.087755102    0.10195922852   0.10220336914 
     0.087777778    0.11193847656   0.11218261719 
     0.087800454    0.10189819336   0.10211181641 
     0.087823129   0.073638916016  0.073760986328 
     0.087845805     0.0322265625  0.032318115234 
     0.087868481  -0.014862060547 -0.014892578125 
     0.087891156  -0.059234619141 -0.059356689453 
     0.087913832  -0.092956542969 -0.093170166016 
     0.087936508   -0.11004638672  -0.11032104492 
     0.087959184     -0.107421875  -0.10766601562 
     0.087981859  -0.085571289062 -0.085784912109 
     0.088004535  -0.048492431641 -0.048583984375 
     0.088027211  -0.0027465820312 -0.0027770996094 
     0.088049887   0.043395996094  0.043487548828 
     0.088072562   0.081756591797  0.081939697266 
     0.088095238    0.10543823242    0.1057434082 
     0.088117914    0.11022949219   0.11053466797 
      0.08814059   0.095306396484  0.095581054688 
     0.088163265   0.063385009766  0.063568115234 
     0.088185941   0.020111083984  0.020233154297 
     0.088208617  -0.026641845703 -0.026702880859 
     0.088231293  -0.068634033203 -0.068786621094 
     0.088253968  -0.098266601562 -0.098510742188 
     0.088276644   -0.11032104492  -0.11059570312 
      0.08829932   -0.10263061523  -0.10293579102 
     0.088321995  -0.076568603516 -0.076812744141 
     0.088344671  -0.036865234375 -0.037048339844 
     0.088367347  0.0093994140625 0.0093078613281 
     0.088390023   0.053955078125  0.053955078125 
     0.088412698   0.088775634766  0.088897705078 
     0.088435374     0.1076965332   0.10794067383 
      0.08845805    0.10733032227   0.10757446289 
     0.088480726   0.087799072266  0.088043212891 
     0.088503401   0.052551269531  0.052795410156 
     0.088526077  0.0079650878906 0.0081481933594 
     0.088548753  -0.037994384766 -0.037902832031 
     0.088571429  -0.077087402344   -0.0771484375 
     0.088594104   -0.10241699219   -0.1025390625 
      0.08861678        -0.109375  -0.10952758789 
     0.088639456  -0.096740722656 -0.096984863281 
     0.088662132  -0.066864013672 -0.067077636719 
     0.088684807  -0.025054931641 -0.025268554688 
     0.088707483   0.021179199219  0.021057128906 
     0.088730159   0.063598632812  0.063537597656 
     0.088752834   0.094604492188  0.094604492188 
      0.08877551    0.10861206055   0.10870361328 
     0.088798186     0.1032409668   0.10336303711 
     0.088820862   0.079406738281  0.079528808594 
     0.088843537   0.041381835938  0.041564941406 
     0.088866213  -0.0039367675781 -0.0038146972656 
     0.088888889  -0.048553466797 -0.048492431641 
     0.088911565  -0.084442138672 -0.084411621094 
      0.08893424   -0.10516357422   -0.1051940918 
     0.088956916   -0.10705566406  -0.10711669922 
     0.088979592      -0.08984375 -0.089904785156 
     0.089002268  -0.056610107422    -0.056640625 
     0.089024943  -0.013244628906 -0.013275146484 
     0.089047619   0.032409667969  0.032379150391 
     0.089070295   0.072235107422  0.072174072266 
     0.089092971   0.099090576172  0.099090576172 
     0.089115646    0.10818481445   0.10818481445 
     0.089138322   0.097961425781  0.097900390625 
     0.089160998   0.070220947266  0.070190429688 
     0.089183673   0.029998779297  0.029907226562 
     0.089206349  -0.015563964844       -0.015625 
     0.089229025  -0.058288574219 -0.058349609375 
     0.089251701  -0.090545654297 -0.090576171875 
     0.089274376   -0.10656738281  -0.10653686523 
     0.089297052     -0.103515625  -0.10345458984 
     0.089319728  -0.081970214844 -0.081878662109 
     0.089342404  -0.045837402344 -0.045684814453 
     0.089365079  -0.0015258789062 -0.0013427734375 
     0.089387755   0.043029785156  0.043151855469 
     0.089410431   0.079772949219  0.079864501953 
     0.089433107    0.10223388672   0.10229492188 
     0.089455782     0.1064453125   0.10641479492 
     0.089478458   0.091552734375  0.091461181641 
     0.089501134   0.060333251953  0.060150146484 
      0.08952381   0.018402099609  0.018157958984 
     0.089546485  -0.026763916016 -0.027069091797 
     0.089569161  -0.067108154297   -0.0673828125 
     0.089591837  -0.095428466797 -0.095581054688 
     0.089614512   -0.10662841797  -0.10668945312 
     0.089637188  -0.098724365234 -0.098724365234 
     0.089659864    -0.0732421875 -0.073089599609 
      0.08968254   -0.03466796875 -0.034393310547 
     0.089705215   0.010040283203  0.010375976562 
     0.089727891   0.052917480469  0.053283691406 
     0.089750567   0.086273193359  0.086578369141 
     0.089773243    0.10418701172   0.10437011719 
     0.089795918    0.10339355469   0.10348510742 
     0.089818594   0.084167480469  0.084106445312 
      0.08984127   0.049896240234  0.049743652344 
     0.089863946  0.0067443847656 0.0064697265625 
     0.089886621  -0.037536621094 -0.037902832031 
     0.089909297  -0.075042724609 -0.075469970703 
     0.089931973  -0.099151611328 -0.099487304688 
     0.089954649      -0.10546875  -0.10571289062 
     0.089977324  -0.092926025391 -0.092987060547 
            0.09  -0.063781738281 -0.063720703125 
     0.090022676  -0.023254394531 -0.023040771484 
     0.090045351   0.021362304688  0.021697998047 
     0.090068027   0.062103271484          0.0625 
     0.090090703   0.091705322266  0.092102050781 
     0.090113379    0.10491943359   0.10522460938 
     0.090136054   0.099304199219  0.099548339844 
      0.09015873   0.075988769531  0.076049804688 
     0.090181406   0.039093017578  0.039001464844 
     0.090204082  -0.0047302246094 -0.0049743652344 
     0.090226757  -0.047698974609 -0.048034667969 
     0.090249433  -0.082061767578 -0.082458496094 
     0.090272109   -0.10174560547  -0.10214233398 
     0.090294785   -0.10321044922  -0.10354614258 
      0.09031746  -0.086212158203  -0.08642578125 
     0.090340136  -0.053863525391 -0.053924560547 
     0.090362812  -0.011932373047 -0.011810302734 
     0.090385488   0.032135009766  0.032409667969 
     0.090408163   0.070434570312  0.070770263672 
     0.090430839   0.096038818359  0.096435546875 
     0.090453515     0.1044921875   0.10488891602 
      0.09047619   0.094299316406  0.094543457031 
     0.090498866   0.067230224609    0.0673828125 
     0.090521542   0.028198242188  0.028198242188 
     0.090544218  -0.015838623047 -0.015991210938 
     0.090566893  -0.057006835938 -0.057250976562 
     0.090589569  -0.087951660156 -0.088287353516 
     0.090612245   -0.10311889648    -0.103515625 
     0.090634921  -0.099914550781  -0.10018920898 
     0.090657596  -0.078826904297 -0.079010009766 
     0.090680272  -0.043701171875 -0.043762207031 
     0.090702948  -0.00079345703125 -0.000732421875 
     0.090725624   0.042175292969  0.042388916016 
     0.090748299   0.077606201172  0.077911376953 
     0.090770975    0.09912109375  0.099426269531 
     0.090793651    0.10290527344   0.10321044922 
     0.090816327   0.088317871094  0.088562011719 
     0.090839002   0.057952880859  0.058074951172 
     0.090861678   0.017303466797  0.017303466797 
     0.090884354  -0.026397705078 -0.026519775391 
     0.090907029  -0.065307617188 -0.065521240234 
     0.090929705  -0.092498779297 -0.092834472656 
     0.090952381   -0.10317993164  -0.10345458984 
     0.090975057  -0.095397949219 -0.095672607422 
     0.090997732  -0.070587158203 -0.070770263672 
     0.091020408     -0.033203125 -0.033294677734 
     0.091043084   0.010040283203  0.010101318359 
      0.09106576   0.051391601562  0.051574707031 
     0.091088435   0.083557128906  0.083862304688 
     0.091111111    0.10076904297   0.10104370117 
     0.091133787   0.099914550781   0.10021972656 
     0.091156463   0.081237792969  0.081451416016 
     0.091179138   0.048095703125  0.048248291016 
     0.091201814  0.0064086914062 0.0063781738281 
      0.09122449  -0.036376953125 -0.036468505859 
     0.091247166  -0.072570800781 -0.072784423828 
     0.091269841  -0.095764160156 -0.096069335938 
     0.091292517   -0.10180664062  -0.10211181641 
     0.091315193  -0.089691162109 -0.089935302734 
     0.091337868    -0.0615234375 -0.061737060547 
     0.091360544  -0.022491455078 -0.022552490234 
      0.09138322   0.020568847656  0.020629882812 
     0.091405896   0.059844970703  0.060028076172 
     0.091428571    0.08837890625  0.088623046875 
     0.091451247    0.10107421875   0.10134887695 
     0.091473923      0.095703125  0.095977783203 
     0.091496599     0.0732421875  0.073486328125 
     0.091519274   0.037750244141  0.037872314453 
      0.09154195  -0.0044555664062 -0.0044250488281 
     0.091564626  -0.045776367188   -0.0458984375 
     0.091587302  -0.078887939453 -0.079040527344 
     0.091609977  -0.097808837891 -0.098022460938 
     0.091632653  -0.099243164062 -0.099487304688 
     0.091655329  -0.082916259766 -0.083160400391 
     0.091678005  -0.051818847656 -0.052032470703 
      0.09170068  -0.011505126953 -0.011627197266 
     0.091723356   0.030792236328   0.03076171875 
     0.091746032   0.067504882812  0.067626953125 
     0.091768707   0.092163085938  0.092315673828 
     0.091791383    0.10025024414   0.10046386719 
     0.091814059   0.090454101562  0.090637207031 
     0.091836735      0.064453125  0.064697265625 
      0.09185941   0.027038574219  0.027160644531 
     0.091882086  -0.015197753906 -0.015106201172 
     0.091904762  -0.054626464844 -0.054626464844 
     0.091927438  -0.084259033203 -0.084320068359 
     0.091950113  -0.098785400391 -0.098907470703 
     0.091972789  -0.095611572266 -0.095764160156 
     0.091995465  -0.075378417969 -0.075592041016 
     0.092018141  -0.041656494141 -0.041870117188 
     0.092040816  -0.0006103515625 -0.00076293945312 
     0.092063492   0.040557861328  0.040435791016 
     0.092086168   0.074371337891  0.074310302734 
     0.092108844   0.094909667969  0.094879150391 
     0.092131519   0.098388671875  0.098449707031 
     0.092154195   0.084320068359  0.084442138672 
     0.092176871    0.05517578125  0.055328369141 
     0.092199546   0.016265869141  0.016418457031 
     0.092222222  -0.025543212891    -0.025390625 
     0.092244898  -0.062713623047 -0.062591552734 
     0.092267574  -0.088623046875 -0.088531494141 
     0.092290249  -0.098663330078 -0.098663330078 
     0.092312925  -0.091064453125 -0.091125488281 
     0.092335601  -0.067199707031 -0.067321777344 
     0.092358277  -0.031372070312 -0.031524658203 
     0.092380952   0.010040283203 0.0098571777344 
     0.092403628   0.049591064453  0.049377441406 
     0.092426304   0.080230712891  0.080047607422 
      0.09244898   0.096496582031  0.096374511719 
     0.092471655   0.095520019531  0.095428466797 
     0.092494331   0.077453613281  0.077484130859 
     0.092517007   0.045623779297  0.045684814453 
     0.092539683   0.005615234375 0.0057983398438 
     0.092562358  -0.035308837891 -0.035095214844 
     0.092585034  -0.069854736328 -0.069641113281 
      0.09260771  -0.091888427734 -0.091705322266 
     0.092630385  -0.097473144531 -0.097320556641 
     0.092653061  -0.085662841797 -0.085571289062 
     0.092675737  -0.058532714844 -0.058563232422 
     0.092698413  -0.021026611328 -0.021148681641 
     0.092721088   0.020233154297   0.02001953125 
     0.092743764   0.057769775391  0.057556152344 
      0.09276644   0.084991455078  0.084716796875 
     0.092789116   0.096954345703  0.096710205078 
     0.092811791   0.091583251953  0.091430664062 
     0.092834467   0.069915771484   0.06982421875 
     0.092857143   0.035736083984  0.035766601562 
     0.092879819  -0.0047302246094 -0.0045776367188 
     0.092902494  -0.044311523438 -0.044097900391 
      0.09292517  -0.075958251953 -0.075653076172 
     0.092947846  -0.093963623047 -0.093658447266 
     0.092970522  -0.095153808594 -0.094879150391 
     0.092993197  -0.079345703125 -0.079193115234 
     0.093015873  -0.049438476562 -0.049377441406 
     0.093038549    -0.0107421875 -0.010803222656 
     0.093061224   0.029846191406  0.029663085938 
       0.0930839   0.065063476562  0.064758300781 
     0.093106576   0.088562011719  0.088256835938 
     0.093129252   0.096252441406  0.095947265625 
     0.093151927   0.086730957031  0.086456298828 
     0.093174603   0.061706542969  0.061553955078 
     0.093197279   0.025756835938  0.025726318359 
     0.093219955  -0.014770507812 -0.014678955078 
      0.09324263  -0.052581787109 -0.052368164062 
     0.093265306  -0.080963134766 -0.080657958984 
     0.093287982  -0.094848632812 -0.094482421875 
     0.093310658  -0.091766357422 -0.091430664062 
     0.093333333  -0.072326660156 -0.072052001953 
     0.093356009  -0.039978027344 -0.039855957031 
     0.093378685  -0.00054931640625 -0.00054931640625 
     0.093401361   0.038909912109  0.038757324219 
     0.093424036   0.071380615234  0.071105957031 
     0.093446712   0.091033935547  0.090667724609 
     0.093469388   0.094421386719  0.094024658203 
     0.093492063   0.080932617188  0.080596923828 
     0.093514739   0.053070068359  0.052764892578 
     0.093537415   0.015716552734  0.015563964844 
     0.093560091  -0.024353027344 -0.024353027344 
     0.093582766  -0.059997558594 -0.059844970703 
     0.093605442  -0.084899902344 -0.084594726562 
     0.093628118  -0.094604492188 -0.094207763672 
     0.093650794   -0.08740234375 -0.086975097656 
     0.093673469  -0.064605712891 -0.064239501953 
     0.093696145  -0.030334472656 -0.029998779297 
     0.093718821  0.0093078613281 0.0094604492188 
     0.093741497   0.047210693359  0.047210693359 
     0.093764172   0.076629638672  0.076507568359 
     0.093786848   0.092346191406  0.092010498047 
     0.093809524   0.091491699219  0.091094970703 
       0.0938322   0.074340820312  0.073883056641 
     0.093854875   0.043975830078  0.043518066406 
     0.093877551  0.0057983398438 0.0054626464844 
     0.093900227  -0.033386230469 -0.033569335938 
     0.093922902  -0.066497802734 -0.066528320312 
     0.093945578  -0.087707519531 -0.087554931641 
     0.093968254  -0.093231201172 -0.092895507812 
      0.09399093  -0.082092285156 -0.081634521484 
     0.094013605  -0.056335449219 -0.055816650391 
     0.094036281  -0.020568847656 -0.020050048828 
     0.094058957   0.018798828125  0.019226074219 
     0.094081633   0.054748535156  0.055023193359 
     0.094104308   0.080871582031  0.080932617188 
     0.094126984   0.092498779297  0.092376708984 
      0.09414966   0.087615966797  0.087249755859 
     0.094172336   0.067077636719  0.066589355469 
     0.094195011   0.034606933594  0.034027099609 
     0.094217687  -0.0039672851562 -0.0045166015625 
     0.094240363  -0.041748046875 -0.042205810547 
     0.094263039  -0.072021484375 -0.072357177734 
     0.094285714  -0.089385986328 -0.089508056641 
      0.09430839  -0.090789794922 -0.090667724609 
     0.094331066  -0.075958251953 -0.075561523438 
     0.094353741  -0.047637939453 -0.047058105469 
     0.094376417  -0.010803222656 -0.010162353516 
     0.094399093   0.027862548828  0.028472900391 
     0.094421769   0.061431884766   0.06201171875 
     0.094444444   0.084014892578  0.084411621094 
      0.09446712   0.091552734375  0.091705322266 
     0.094489796   0.082733154297  0.082611083984 
     0.094512472   0.059143066406  0.058776855469 
     0.094535147   0.025054931641  0.024505615234 
     0.094557823  -0.013427734375 -0.014129638672 
     0.094580499  -0.049438476562 -0.050170898438 
     0.094603175  -0.076599121094 -0.077209472656 
      0.09462585  -0.089996337891 -0.090423583984 
     0.094648526  -0.087310791016 -0.087524414062 
     0.094671202  -0.069030761719 -0.068969726562 
     0.094693878  -0.038482666016 -0.038116455078 
     0.094716553  -0.0010986328125 -0.00051879882812 
     0.094739229   0.036407470703     0.037109375 
     0.094761905   0.067352294922  0.068054199219 
      0.09478458   0.086212158203  0.086853027344 
     0.094807256   0.089599609375  0.090087890625 
     0.094829932   0.077056884766  0.077239990234 
     0.094852608   0.050750732422  0.050659179688 
     0.094875283   0.015380859375  0.015045166016 
     0.094897959  -0.022613525391 -0.023162841797 
     0.094920635  -0.056518554688 -0.057220458984 
     0.094943311  -0.080291748047 -0.080993652344 
     0.094965986  -0.089660644531 -0.090301513672 
     0.094988662  -0.083038330078  -0.08349609375 
     0.095011338  -0.061584472656 -0.061737060547 
     0.095034014  -0.029113769531 -0.029052734375 
     0.095056689  0.0084228515625    0.0087890625 
     0.095079365    0.04443359375  0.044982910156 
     0.095102041   0.072448730469  0.073120117188 
     0.095124717   0.087524414062  0.088165283203 
     0.095147392   0.086883544922  0.087493896484 
     0.095170068   0.070770263672  0.071166992188 
     0.095192744   0.042053222656  0.042175292969 
      0.09521542  0.0058288574219 0.0057373046875 
     0.095238095  -0.031372070312 -0.031677246094 
     0.095260771  -0.062896728516 -0.063354492188 
     0.095283447  -0.083160400391 -0.083740234375 
     0.095306122  -0.088562011719 -0.089111328125 
     0.095328798  -0.078155517578 -0.078582763672 
     0.095351474  -0.053771972656 -0.054077148438 
      0.09537415  -0.019836425781 -0.019958496094 
     0.095396825      0.017578125  0.017700195312 
     0.095419501   0.051849365234  0.052124023438 
     0.095442177   0.076751708984  0.077178955078 
     0.095464853   0.087982177734  0.088439941406 
     0.095487528    0.08349609375  0.083892822266 
     0.095510204   0.064086914062  0.064422607422 
      0.09553288   0.033264160156  0.033477783203 
     0.095555556  -0.0034484863281 -0.0033874511719 
     0.095578231  -0.039520263672 -0.039581298828 
     0.095600907  -0.068450927734 -0.068695068359 
     0.095623583  -0.085174560547 -0.085479736328 
     0.095646259  -0.086700439453 -0.087005615234 
     0.095668934  -0.072692871094 -0.072998046875 
      0.09569161  -0.045806884766 -0.046020507812 
     0.095714286    -0.0107421875 -0.010833740234 
     0.095736961   0.026153564453  0.026214599609 
     0.095759637   0.058380126953  0.058502197266 
     0.095782313   0.080139160156  0.080352783203 
     0.095804989   0.087615966797  0.087829589844 
     0.095827664   0.079406738281   0.07958984375 
      0.09585034   0.057098388672  0.057189941406 
     0.095873016   0.024597167969  0.024627685547 
     0.095895692   -0.01220703125 -0.012268066406 
     0.095918367  -0.046844482422 -0.046905517578 
     0.095941043  -0.073028564453 -0.073150634766 
     0.095963719  -0.086181640625 -0.086303710938 
     0.095986395     -0.083984375 -0.084075927734 
      0.09600907  -0.066741943359 -0.066833496094 
     0.096031746  -0.037689208984 -0.037719726562 
     0.096054422     -0.001953125 -0.0018920898438 
     0.096077098   0.034088134766    0.0341796875 
     0.096099773   0.064025878906  0.064117431641 
     0.096122449   0.082489013672  0.082550048828 
     0.096145125   0.086242675781  0.086242675781 
       0.0961678   0.074615478516  0.074584960938 
     0.096190476   0.049682617188  0.049652099609 
     0.096213152   0.015960693359  0.015838623047 
     0.096235828  -0.020568847656 -0.020660400391 
     0.096258503  -0.053375244141 -0.053466796875 
     0.096281179  -0.076629638672 -0.076690673828 
     0.096303855  -0.086212158203 -0.086212158203 
     0.096326531  -0.080383300781 -0.080291748047 
     0.096349206  -0.060241699219 -0.060089111328 
     0.096371882  -0.029388427734    -0.029296875 
     0.096394558  0.0066223144531 0.0068054199219 
     0.096417234   0.041412353516  0.041564941406 
     0.096439909   0.068725585938   0.06884765625 
     0.096462585   0.083831787109  0.083801269531 
     0.096485261   0.083892822266  0.083831787109 
     0.096507937   0.069030761719  0.068908691406 
     0.096530612   0.041900634766  0.041748046875 
     0.096553288  0.0073547363281 0.0071716308594 
     0.096575964  -0.028472900391 -0.028656005859 
     0.096598639  -0.059112548828 -0.059265136719 
     0.096621315  -0.079223632812 -0.079254150391 
     0.096643991  -0.085144042969 -0.085113525391 
     0.096666667  -0.075897216797 -0.075744628906 
     0.096689342  -0.053131103516 -0.052947998047 
     0.096712018  -0.020935058594 -0.020721435547 
     0.096734694   0.014923095703   0.01513671875 
      0.09675737   0.048065185547  0.048248291016 
     0.096780045   0.072570800781  0.072662353516 
     0.096802721   0.084136962891  0.084136962891 
     0.096825397   0.080627441406   0.08056640625 
     0.096848073   0.062774658203  0.062652587891 
     0.096870748   0.033782958984  0.033569335938 
     0.096893424  -0.001220703125 -0.0014343261719 
       0.0969161  -0.035888671875 -0.036071777344 
     0.096938776  -0.064117431641 -0.064270019531 
     0.096961451  -0.080841064453 -0.080902099609 
     0.096984127  -0.083160400391 -0.083129882812 
     0.097006803  -0.070617675781 -0.070526123047 
     0.097029478  -0.045532226562 -0.045379638672 
     0.097052154  -0.012390136719 -0.012145996094 
      0.09707483   0.022918701172  0.023132324219 
     0.097097506   0.054077148438  0.054290771484 
     0.097120181   0.075561523438  0.075653076172 
     0.097142857    0.08349609375  0.083526611328 
     0.097165533   0.076538085938  0.076446533203 
     0.097188209   0.055938720703  0.055816650391 
     0.097210884   0.025421142578  0.025238037109 
      0.09723356  -0.0095825195312    -0.009765625 
     0.097256236  -0.042785644531 -0.042999267578 
     0.097278912  -0.068298339844 -0.068481445312 
     0.097301587  -0.081634521484 -0.081695556641 
     0.097324263  -0.080322265625 -0.080352783203 
     0.097346939  -0.064758300781 -0.064666748047 
     0.097369615   -0.03759765625 -0.037536621094 
      0.09739229  -0.0038146972656 -0.0036926269531 
     0.097414966   0.030548095703  0.030700683594 
     0.097437642   0.059448242188  0.059600830078 
     0.097460317   0.077667236328  0.077789306641 
     0.097482993       0.08203125  0.082092285156 
     0.097505669   0.071716308594  0.071746826172 
     0.097528345   0.048675537109  0.048645019531 
      0.09755102   0.016967773438  0.016906738281 
     0.097573696  -0.017669677734 -0.017791748047 
     0.097596372  -0.049133300781 -0.049255371094 
     0.097619048  -0.071746826172 -0.071868896484 
     0.097641723  -0.081573486328 -0.081634521484 
     0.097664399  -0.076812744141 -0.076843261719 
     0.097687075  -0.058349609375 -0.058349609375 
     0.097709751  -0.029541015625 -0.029510498047 
     0.097732426  0.0044860839844 0.0045166015625 
     0.097755102   0.037658691406  0.037719726562 
     0.097777778   0.064056396484  0.064147949219 
     0.097800454   0.078979492188  0.079040527344 
     0.097823129   0.079803466797  0.079864501953 
     0.097845805   0.066375732422  0.066436767578 
     0.097868481   0.041168212891  0.041198730469 
     0.097891156  0.0086364746094 0.0086975097656 
     0.097913832  -0.025329589844 -0.025329589844 
     0.097936508  -0.054748535156 -0.054748535156 
     0.097959184  -0.074371337891 -0.074401855469 
     0.097981859  -0.080688476562 -0.080718994141 
     0.098004535  -0.072601318359 -0.072662353516 
     0.098027211  -0.051574707031 -0.051666259766 
     0.098049887  -0.021423339844 -0.021514892578 
     0.098072562   0.012512207031  0.012451171875 
     0.098095238   0.044097900391  0.044097900391 
     0.098117914   0.067840576172  0.067840576172 
      0.09814059   0.079406738281  0.079406738281 
     0.098163265   0.076812744141  0.076843261719 
     0.098185941      0.060546875  0.060607910156 
     0.098208617   0.033508300781  0.033599853516 
     0.098231293  0.00054931640625 0.00067138671875 
     0.098253968  -0.032440185547 -0.032348632812 
     0.098276644    -0.0595703125 -0.059509277344 
      0.09829932  -0.076080322266 -0.076019287109 
     0.098321995  -0.078979492188 -0.078948974609 
     0.098344671  -0.067810058594 -0.067810058594 
     0.098367347  -0.044555664062 -0.044616699219 
     0.098390023  -0.013397216797 -0.013488769531 
     0.098412698   0.020050048828  0.019927978516 
     0.098435374   0.049896240234  0.049743652344 
      0.09845805   0.070739746094  0.070617675781 
     0.098480726   0.079010009766  0.078918457031 
     0.098503401   0.073120117188  0.073120117188 
     0.098526077   0.054290771484  0.054290771484 
     0.098548753   0.025756835938  0.025848388672 
     0.098571429  -0.0072937011719 -0.0071411132812 
     0.098594104  -0.038940429688 -0.038818359375 
      0.09861678  -0.063629150391 -0.063507080078 
     0.098639456  -0.076904296875 -0.076782226562 
     0.098662132  -0.076477050781 -0.076385498047 
     0.098684807  -0.062438964844 -0.062347412109 
     0.098707483  -0.037261962891 -0.037261962891 
     0.098730159  -0.0055236816406 -0.0055847167969 
     0.098752834   0.027160644531  0.027069091797 
      0.09877551   0.054901123047  0.054809570312 
     0.098798186   0.072845458984  0.072723388672 
     0.098820862   0.077758789062   0.07763671875 
     0.098843537   0.068817138672  0.068695068359 
     0.098866213   0.047607421875  0.047515869141 
     0.098888889   0.018005371094  0.017944335938 
     0.098911565  -0.014831542969 -0.014801025391 
      0.09893424  -0.044891357422 -0.044830322266 
     0.098956916  -0.066955566406 -0.066833496094 
     0.098979592  -0.076965332031 -0.076873779297 
     0.099002268  -0.073333740234 -0.073181152344 
     0.099024943  -0.056610107422 -0.056427001953 
     0.099047619  -0.029815673828 -0.029693603516 
     0.099070295  0.0022277832031 0.0023193359375 
     0.099092971   0.033813476562  0.033905029297 
     0.099115646   0.059326171875  0.059356689453 
     0.099138322   0.074188232422  0.074157714844 
     0.099160998   0.075836181641  0.075744628906 
     0.099183673   0.063934326172  0.063842773438 
     0.099206349   0.040679931641   0.04052734375 
     0.099229025   0.010223388672  0.010070800781 
     0.099251701  -0.022003173828 -0.022155761719 
     0.099274376  -0.050262451172 -0.050415039062 
     0.099297052  -0.069519042969 -0.069580078125 
     0.099319728  -0.076324462891 -0.076354980469 
     0.099342404  -0.069580078125 -0.069519042969 
     0.099365079  -0.050384521484  -0.05029296875 
     0.099387755  -0.022247314453 -0.022125244141 
     0.099410431  0.0097961425781 0.0099792480469 
     0.099433107   0.040069580078  0.040222167969 
     0.099455782   0.063110351562  0.063262939453 
     0.099478458   0.074920654297  0.075012207031 
     0.099501134   0.073303222656  0.073394775391 
      0.09952381   0.058654785156  0.058654785156 
     0.099546485   0.033569335938  0.033508300781 
     0.099569161  0.0025634765625   0.00244140625 
     0.099591837  -0.028839111328 -0.029052734375 
     0.099614512  -0.055114746094 -0.055328369141 
     0.099637188  -0.071502685547 -0.071685791016 
     0.099659864  -0.075103759766 -0.075286865234 
      0.09968254  -0.065338134766 -0.065490722656 
     0.099705215    -0.0439453125 -0.044006347656 
     0.099727891  -0.014709472656 -0.014709472656 
     0.099750567   0.017059326172  0.017150878906 
     0.099773243   0.045745849609  0.045928955078 
     0.099795918   0.066284179688  0.066467285156 
     0.099818594   0.074920654297    0.0751953125 
      0.09984127   0.070281982422  0.070495605469 
     0.099863946   0.053039550781  0.053253173828 
     0.099886621   0.026428222656  0.026519775391 
     0.099909297  -0.0049133300781   -0.0048828125 
     0.099931973  -0.035278320312 -0.035369873047 
     0.099954649  -0.059326171875 -0.059509277344 
     0.099977324  -0.072814941406 -0.072998046875 
             0.1  -0.073272705078 -0.073516845703 
      0.10002268  -0.060729980469 -0.060943603516 
      0.10004535  -0.037353515625 -0.037536621094 
      0.10006803   -0.00732421875 -0.0075073242188 
       0.1000907   0.023895263672  0.023864746094 
      0.10011338   0.050903320312  0.050903320312 
      0.10013605   0.068756103516  0.068878173828 
      0.10015873   0.074371337891  0.074523925781 
      0.10018141   0.066711425781  0.066925048828 
      0.10020408   0.047241210938  0.047424316406 
      0.10022676   0.019317626953      0.01953125 
      0.10024943  -0.011962890625 -0.011810302734 
      0.10027211  -0.041107177734    -0.041015625 
      0.10029478  -0.062866210938 -0.062835693359 
      0.10031746  -0.073425292969 -0.073455810547 
      0.10034014  -0.070892333984 -0.071014404297 
      0.10036281  -0.055755615234 -0.055877685547 
      0.10038549  -0.030670166016 -0.030853271484 
      0.10040816  -0.00021362304688 -0.0003662109375 
      0.10043084     0.0302734375  0.030120849609 
      0.10045351   0.055297851562  0.055206298828 
      0.10047619   0.070465087891  0.070404052734 
      0.10049887   0.073059082031  0.073089599609 
      0.10052154   0.062683105469  0.062744140625 
      0.10054422   0.041137695312  0.041229248047 
      0.10056689   0.012329101562  0.012390136719 
      0.10058957  -0.018646240234   -0.0185546875 
      0.10061224  -0.046264648438 -0.046173095703 
      0.10063492  -0.065612792969 -0.065521240234 
       0.1006576    -0.0732421875 -0.073120117188 
      0.10068027  -0.067779541016 -0.067779541016 
      0.10070295  -0.050354003906 -0.050323486328 
      0.10072562   -0.02392578125 -0.023956298828 
       0.1007483  0.0066528320312 0.0066528320312 
      0.10077098   0.036041259766  0.036010742188 
      0.10079365   0.058959960938  0.058898925781 
      0.10081633   0.071380615234    0.0712890625 
        0.100839   0.071044921875  0.070953369141 
      0.10086168   0.058074951172  0.057952880859 
      0.10088435   0.034790039062   0.03466796875 
      0.10090703  0.0053405761719 0.0053100585938 
      0.10092971  -0.024993896484 -0.025024414062 
      0.10095238  -0.050811767578 -0.050842285156 
      0.10097506  -0.067565917969 -0.067535400391 
      0.10099773     -0.072265625 -0.072204589844 
      0.10102041  -0.064117431641  -0.06396484375 
      0.10104308  -0.044555664062 -0.044403076172 
      0.10106576   -0.01708984375 -0.016937255859 
      0.10108844   0.013366699219  0.013488769531 
      0.10111111   0.041381835938   0.04150390625 
      0.10113379   0.061981201172  0.062042236328 
      0.10115646   0.071502685547  0.071533203125 
      0.10117914   0.068328857422  0.068237304688 
      0.10120181   0.053009033203  0.052825927734 
      0.10122449   0.028228759766  0.028045654297 
      0.10124717  -0.0014953613281 -0.001708984375 
      0.10126984  -0.030944824219 -0.031127929688 
      0.10129252  -0.054779052734 -0.054962158203 
      0.10131519   -0.06884765625 -0.068969726562 
      0.10133787  -0.070648193359 -0.070678710938 
      0.10136054  -0.059875488281 -0.059783935547 
      0.10138322  -0.038421630859 -0.038269042969 
       0.1014059  -0.010223388672 -0.0099792480469 
      0.10142857   0.019775390625  0.020050048828 
      0.10145125   0.046173095703  0.046447753906 
      0.10147392   0.064361572266  0.064575195312 
       0.1014966   0.071014404297  0.071136474609 
      0.10151927   0.065063476562  0.065063476562 
      0.10154195   0.047485351562   0.04736328125 
      0.10156463   0.021514892578  0.021331787109 
       0.1015873  -0.0082397460938 -0.008544921875 
      0.10160998  -0.036499023438 -0.036773681641 
      0.10163265  -0.058227539062 -0.058471679688 
      0.10165533  -0.069458007812 -0.069702148438 
        0.101678  -0.068389892578 -0.068511962891 
      0.10170068  -0.055114746094 -0.055114746094 
      0.10172336  -0.032073974609 -0.031951904297 
      0.10174603  -0.0033264160156 -0.0031127929688 
      0.10176871   0.025939941406  0.026214599609 
      0.10179138   0.050537109375  0.050842285156 
      0.10181406   0.066131591797  0.066375732422 
      0.10183673   0.069885253906  0.070068359375 
      0.10185941   0.061218261719  0.061309814453 
      0.10188209   0.041656494141  0.041625976562 
      0.10190476   0.014739990234  0.014556884766 
      0.10192744  -0.014831542969 -0.015014648438 
      0.10195011  -0.041656494141 -0.041931152344 
      0.10197279  -0.061065673828 -0.061279296875 
      0.10199546  -0.069519042969 -0.069763183594 
      0.10201814  -0.065612792969 -0.065734863281 
      0.10204082  -0.050048828125 -0.050048828125 
      0.10206349  -0.025604248047 -0.025482177734 
      0.10208617    0.00341796875 0.0035705566406 
      0.10210884    0.03173828125  0.031951904297 
      0.10213152   0.054382324219  0.054626464844 
       0.1021542   0.067291259766  0.067504882812 
      0.10217687   0.068237304688     0.068359375 
      0.10219955   0.056976318359  0.057067871094 
      0.10222222    0.03564453125  0.035614013672 
       0.1022449  0.0079650878906 0.0078735351562 
      0.10226757  -0.021118164062 -0.021270751953 
      0.10229025  -0.046356201172 -0.046539306641 
      0.10231293  -0.063354492188 -0.063507080078 
       0.1023356  -0.069000244141 -0.069091796875 
      0.10235828  -0.062408447266 -0.062438964844 
      0.10238095  -0.044677734375 -0.044647216797 
      0.10240363  -0.019012451172 -0.018920898438 
       0.1024263  0.0099792480469  0.010131835938 
      0.10244898   0.037200927734  0.037292480469 
      0.10247166   0.057708740234  0.057830810547 
      0.10249433   0.067962646484  0.067962646484 
      0.10251701   0.066070556641  0.066070556641 
      0.10253968   0.052459716797  0.052398681641 
      0.10256236   0.029510498047  0.029388427734 
      0.10258503  0.0013122558594 0.0011901855469 
      0.10260771  -0.027069091797 -0.027160644531 
      0.10263039  -0.050598144531 -0.050659179688 
      0.10265306  -0.065093994141 -0.065063476562 
      0.10267574  -0.067993164062 -0.067901611328 
      0.10269841  -0.058776855469 -0.058654785156 
      0.10272109  -0.039123535156 -0.038940429688 
      0.10274376  -0.012542724609 -0.012359619141 
      0.10276644   0.016265869141  0.016418457031 
      0.10278912   0.042144775391  0.042205810547 
      0.10281179   0.060485839844  0.060485839844 
      0.10283447   0.068054199219  0.067901611328 
      0.10285714   0.063507080078  0.063262939453 
      0.10287982   0.047668457031   0.04736328125 
      0.10290249   0.023345947266  0.023071289062 
      0.10292517  -0.0050659179688 -0.0053100585938 
      0.10294785  -0.032562255859  -0.03271484375 
      0.10297052  -0.054229736328 -0.054260253906 
       0.1029932  -0.066223144531 -0.066101074219 
      0.10301587  -0.066436767578 -0.066192626953 
      0.10303855  -0.054809570312 -0.054504394531 
      0.10306122  -0.033508300781 -0.033081054688 
       0.1030839  -0.0062255859375    -0.005859375 
      0.10310658   0.022064208984  0.022399902344 
      0.10312925   0.046447753906  0.046630859375 
      0.10315193   0.062530517578  0.062530517578 
       0.1031746   0.067474365234  0.067291259766 
      0.10319728   0.060394287109   0.06005859375 
      0.10321995   0.042633056641  0.042144775391 
      0.10324263   0.017272949219  0.016754150391 
      0.10326531  -0.011077880859 -0.011566162109 
      0.10328798  -0.037445068359 -0.037841796875 
      0.10331066  -0.057159423828 -0.057312011719 
      0.10333333  -0.066619873047 -0.066558837891 
      0.10335601  -0.064239501953  -0.06396484375 
      0.10337868  -0.050476074219 -0.049987792969 
      0.10340136  -0.027770996094 -0.027130126953 
      0.10342404  -0.0001220703125 0.00051879882812 
      0.10344671   0.027465820312  0.028076171875 
      0.10346939   0.050140380859  0.050567626953 
      0.10349206   0.063873291016  0.064056396484 
      0.10351474   0.066192626953  0.066131591797 
      0.10353741   0.056793212891  0.056488037109 
      0.10356009   0.037322998047  0.036743164062 
      0.10358277   0.011199951172  0.010498046875 
      0.10360544  -0.016815185547 -0.017608642578 
      0.10362812  -0.041809082031 -0.042510986328 
      0.10365079  -0.059356689453 -0.059844970703 
      0.10367347  -0.066253662109 -0.066467285156 
      0.10369615  -0.061401367188 -0.061309814453 
      0.10371882  -0.045623779297 -0.045257568359 
       0.1037415  -0.021789550781 -0.021148681641 
      0.10376417  0.0059204101562 0.0067138671875 
      0.10378685   0.032501220703  0.033325195312 
      0.10380952   0.053253173828  0.053985595703 
       0.1038322   0.064514160156  0.065032958984 
      0.10385488   0.064270019531  0.064483642578 
      0.10387755   0.052581787109  0.052490234375 
      0.10390023   0.031585693359  0.031188964844 
       0.1039229  0.0049438476562 0.0043334960938 
      0.10394558    -0.0224609375 -0.023254394531 
      0.10396825  -0.045837402344 -0.046722412109 
      0.10399093   -0.06103515625 -0.061798095703 
      0.10401361  -0.065368652344 -0.065887451172 
      0.10403628  -0.058044433594 -0.058258056641 
      0.10405896  -0.040374755859 -0.040313720703 
      0.10408163  -0.015594482422 -0.015197753906 
      0.10410431   0.011932373047  0.012603759766 
      0.10412698   0.037322998047  0.038116455078 
      0.10414966   0.055999755859  0.056884765625 
      0.10417234   0.064727783203  0.065460205078 
      0.10419501   0.061859130859  0.062408447266 
      0.10421769   0.048004150391  0.048278808594 
      0.10424036   0.025634765625  0.025543212891 
      0.10426304  -0.0012817382812 -0.0016784667969 
      0.10428571  -0.027923583984 -0.028564453125 
      0.10430839  -0.049560546875 -0.050384521484 
      0.10433107  -0.062377929688 -0.063171386719 
      0.10435374  -0.064025878906 -0.064758300781 
      0.10437642  -0.054321289062 -0.054840087891 
      0.10439909  -0.034942626953 -0.035186767578 
      0.10442177  -0.0093383789062  -0.00927734375 
      0.10444444   0.017852783203  0.018218994141 
      0.10446712   0.041870117188   0.04248046875 
       0.1044898   0.058410644531  0.059143066406 
      0.10451247   0.064514160156  0.065307617188 
      0.10453515   0.059112548828  0.059844970703 
      0.10455782   0.043212890625  0.043731689453 
       0.1045805   0.019622802734  0.019897460938 
      0.10460317  -0.0074157714844 -0.0074462890625 
      0.10462585  -0.033111572266 -0.033416748047 
      0.10464853  -0.052917480469 -0.053466796875 
       0.1046712  -0.063262939453  -0.06396484375 
      0.10469388  -0.062377929688 -0.063079833984 
      0.10471655  -0.050323486328 -0.051025390625 
      0.10473923  -0.029418945312 -0.029846191406 
       0.1047619  -0.0032043457031 -0.0034790039062 
      0.10478458   0.023529052734  0.023559570312 
      0.10480726   0.046020507812  0.046295166016 
      0.10482993   0.060363769531  0.060821533203 
      0.10485261   0.063934326172  0.064544677734 
      0.10487528   0.056121826172  0.056762695312 
      0.10489796   0.038330078125  0.038909912109 
      0.10492063   0.013763427734   0.01416015625 
      0.10494331  -0.013244628906 -0.013061523438 
      0.10496599  -0.037902832031 -0.037902832031 
      0.10498866  -0.055786132812 -0.056030273438 
      0.10501134  -0.063720703125 -0.064147949219 
      0.10503401  -0.060363769531 -0.060852050781 
      0.10505669  -0.046234130859 -0.046752929688 
      0.10507937  -0.023895263672 -0.024353027344 
      0.10510204   0.002685546875 0.0023193359375 
      0.10512472   0.028747558594  0.028564453125 
      0.10514739   0.049682617188  0.049652099609 
      0.10517007   0.061798095703  0.061950683594 
      0.10519274   0.062866210938  0.063171386719 
      0.10521542   0.052825927734   0.05322265625 
       0.1052381   0.033355712891  0.033782958984 
      0.10526077  0.0079956054688 0.0083618164062 
      0.10528345  -0.018768310547 -0.018463134766 
      0.10530612  -0.042144775391   -0.0419921875 
       0.1053288  -0.058074951172 -0.058044433594 
      0.10535147  -0.063629150391 -0.063720703125 
      0.10537415  -0.057861328125  -0.05810546875 
      0.10539683  -0.041839599609 -0.042114257812 
       0.1054195  -0.018402099609 -0.018707275391 
      0.10544218  0.0082702636719 0.0080261230469 
      0.10546485   0.033477783203  0.033264160156 
      0.10548753   0.052703857422  0.052612304688 
       0.1055102   0.062591552734  0.062530517578 
      0.10553288   0.061279296875  0.061340332031 
      0.10555556   0.049133300781  0.049255371094 
      0.10557823   0.028228759766  0.028411865234 
      0.10560091  0.0023498535156 0.0025634765625 
      0.10562358  -0.023895263672 -0.023712158203 
      0.10564626    -0.0458984375 -0.045745849609 
      0.10566893  -0.059692382812 -0.059600830078 
      0.10569161  -0.062896728516 -0.062866210938 
      0.10571429  -0.054931640625 -0.054931640625 
      0.10573696  -0.037231445312 -0.037231445312 
      0.10575964  -0.012908935547 -0.012969970703 
      0.10578231      0.013671875  0.013610839844 
      0.10580499   0.037780761719  0.037689208984 
      0.10582766    0.05517578125  0.055053710938 
      0.10585034   0.062744140625  0.062622070312 
      0.10587302   0.059143066406  0.059020996094 
      0.10589569   0.045043945312  0.044952392578 
      0.10591837    0.02294921875  0.022918701172 
      0.10594104  -0.0031433105469 -0.0032043457031 
      0.10596372  -0.028717041016 -0.028717041016 
      0.10598639  -0.049102783203 -0.049072265625 
      0.10600907  -0.060760498047 -0.060729980469 
      0.10603175  -0.061645507812   -0.0615234375 
      0.10605442  -0.051513671875 -0.051391601562 
       0.1060771  -0.032287597656 -0.032165527344 
      0.10609977   -0.00732421875 -0.0072021484375 
      0.10612245   0.018890380859  0.018981933594 
      0.10614512   0.041748046875  0.041809082031 
       0.1061678   0.057098388672  0.057159423828 
      0.10619048   0.062347412109  0.062347412109 
      0.10621315   0.056457519531  0.056427001953 
      0.10623583   0.040588378906  0.040466308594 
       0.1062585   0.017517089844  0.017364501953 
      0.10628118  -0.0086669921875 -0.0088195800781 
      0.10630385  -0.033264160156 -0.033416748047 
      0.10632653  -0.051910400391 -0.052062988281 
      0.10634921  -0.061340332031 -0.061401367188 
      0.10637188  -0.059844970703 -0.059875488281 
      0.10639456  -0.047698974609 -0.047637939453 
      0.10641723  -0.027130126953 -0.027008056641 
      0.10643991  -0.001708984375 -0.0015258789062 
      0.10646259   0.023956298828  0.024139404297 
      0.10648526   0.045349121094  0.045562744141 
      0.10650794   0.058685302734  0.058837890625 
      0.10653061   0.061553955078  0.061614990234 
      0.10655329   0.053436279297  0.053497314453 
      0.10657596   0.035858154297  0.035827636719 
      0.10659864   0.011901855469  0.011810302734 
      0.10662132  -0.014099121094 -0.014251708984 
      0.10664399  -0.037628173828 -0.037811279297 
      0.10666667  -0.054443359375 -0.054626464844 
      0.10668934    -0.0615234375 -0.061737060547 
      0.10671202  -0.057678222656 -0.057800292969 
      0.10673469  -0.043548583984 -0.043670654297 
      0.10675737  -0.021728515625 -0.021728515625 
      0.10678005  0.0039367675781 0.0039978027344 
      0.10680272   0.028900146484  0.029022216797 
       0.1068254   0.048706054688  0.048919677734 
      0.10684807   0.059844970703   0.06005859375 
      0.10687075   0.060333251953  0.060516357422 
      0.10689342   0.050048828125  0.050262451172 
       0.1069161   0.030914306641  0.031036376953 
      0.10693878  0.0062866210938   0.00634765625 
      0.10696145  -0.019470214844 -0.019500732422 
      0.10698413  -0.041717529297 -0.041870117188 
       0.1070068  -0.056579589844 -0.056762695312 
      0.10702948  -0.061279296875 -0.061553955078 
      0.10705215  -0.055145263672 -0.055450439453 
      0.10707483  -0.039215087891 -0.039459228516 
      0.10709751  -0.016296386719 -0.016510009766 
      0.10712018   0.009521484375 0.0093994140625 
      0.10714286   0.033599853516  0.033599853516 
      0.10716553   0.051727294922  0.051849365234 
      0.10718821   0.060638427734  0.060821533203 
      0.10721088   0.058715820312  0.059020996094 
      0.10723356    0.04638671875  0.046722412109 
      0.10725624   0.025817871094  0.026092529297 
      0.10727891  0.00064086914062 0.00088500976562 
      0.10730159  -0.024597167969 -0.024505615234 
      0.10732426  -0.045501708984 -0.045501708984 
      0.10734694  -0.058288574219 -0.058380126953 
      0.10736961  -0.060699462891 -0.060913085938 
      0.10739229  -0.052337646484 -0.052612304688 
      0.10741497  -0.034637451172 -0.034973144531 
      0.10743764  -0.010772705078 -0.011108398438 
      0.10746032   0.014984130859  0.014709472656 
      0.10748299   0.038024902344  0.037872314453 
      0.10750567   0.054382324219  0.054321289062 
      0.10752834   0.060974121094  0.061096191406 
      0.10755102   0.056762695312  0.056976318359 
       0.1075737    0.04248046875  0.042785644531 
      0.10759637   0.020629882812  0.020965576172 
      0.10761905  -0.0049133300781 -0.0045776367188 
      0.10764172  -0.029541015625 -0.029266357422 
       0.1076644  -0.048919677734 -0.048797607422 
      0.10768707  -0.059600830078 -0.059631347656 
      0.10770975  -0.059661865234 -0.059783935547 
      0.10773243  -0.049133300781 -0.049377441406 
       0.1077551  -0.029846191406 -0.030181884766 
      0.10777778  -0.0052490234375 -0.005615234375 
      0.10780045   0.020233154297  0.019927978516 
      0.10782313   0.042175292969  0.041931152344 
       0.1078458   0.056579589844  0.056457519531 
      0.10786848   0.060943603516  0.060913085938 
      0.10789116   0.054412841797  0.054595947266 
      0.10791383   0.038299560547  0.038543701172 
      0.10793651   0.015319824219        0.015625 
      0.10795918  -0.010375976562 -0.010040283203 
      0.10798186  -0.034210205078 -0.033905029297 
      0.10800454  -0.051971435547 -0.051788330078 
      0.10802721  -0.060485839844 -0.060394287109 
      0.10804989  -0.058227539062 -0.058288574219 
      0.10807256  -0.045623779297 -0.045806884766 
      0.10809524  -0.024932861328 -0.025207519531 
      0.10811791  0.00018310546875 -9.1552734375e-05 
      0.10814059   0.025299072266  0.024993896484 
      0.10816327   0.045867919922  0.045654296875 
      0.10818594   0.058288574219  0.058197021484 
      0.10820862   0.060363769531  0.060363769531 
      0.10823129   0.051696777344  0.051788330078 
      0.10825397   0.033843994141  0.034027099609 
      0.10827664   0.010009765625  0.010223388672 
      0.10829932        -0.015625 -0.015441894531 
        0.108322  -0.038482666016 -0.038330078125 
      0.10834467  -0.054473876953 -0.054382324219 
      0.10836735  -0.060791015625 -0.060760498047 
      0.10839002  -0.056304931641 -0.056365966797 
       0.1084127  -0.041809082031 -0.041931152344 
      0.10843537  -0.019866943359 -0.020050048828 
      0.10845805  0.0055236816406 0.0054321289062 
      0.10848073   0.030029296875  0.029876708984 
       0.1085034   0.049133300781  0.049072265625 
      0.10852608   0.059478759766  0.059509277344 
      0.10854875   0.059265136719  0.059387207031 
      0.10857143   0.048522949219  0.048675537109 
       0.1085941   0.029174804688  0.029357910156 
      0.10861678   0.004638671875 0.0048217773438 
      0.10863946  -0.020721435547 -0.020568847656 
      0.10866213  -0.042358398438 -0.042327880859 
      0.10868481  -0.056518554688 -0.056549072266 
      0.10870748     -0.060546875 -0.060729980469 
      0.10873016  -0.053894042969 -0.054077148438 
      0.10875283   -0.03759765625 -0.037841796875 
      0.10877551    -0.0146484375 -0.014892578125 
      0.10879819   0.010894775391    0.0107421875 
      0.10882086   0.034484863281  0.034423828125 
      0.10884354   0.051971435547  0.051971435547 
      0.10886621   0.060150146484  0.060302734375 
      0.10888889   0.057678222656  0.057922363281 
      0.10891156      0.044921875  0.045227050781 
      0.10893424   0.024200439453  0.024536132812 
      0.10895692  -0.00082397460938 -0.00054931640625 
      0.10897959  -0.025665283203 -0.025512695312 
      0.10900227  -0.045959472656 -0.045928955078 
      0.10902494   -0.05810546875 -0.058197021484 
      0.10904762  -0.059875488281 -0.060089111328 
      0.10907029  -0.050994873047 -0.051330566406 
      0.10909297  -0.033050537109 -0.033447265625 
      0.10911565  -0.0092163085938 -0.0096130371094 
      0.10913832   0.016204833984  0.015899658203 
        0.109161   0.038787841797   0.03857421875 
      0.10918367   0.054473876953  0.054382324219 
      0.10920635   0.060424804688     0.060546875 
      0.10922902   0.055633544922  0.055938720703 
       0.1092517   0.040954589844  0.041351318359 
      0.10927438   0.019012451172  0.019500732422 
      0.10929705  -0.0063171386719    -0.005859375 
      0.10931973  -0.030548095703 -0.030181884766 
       0.1093424  -0.049346923828 -0.049102783203 
      0.10936508  -0.059326171875 -0.059295654297 
      0.10938776  -0.058807373047 -0.058929443359 
      0.10941043  -0.047821044922 -0.048095703125 
      0.10943311  -0.028289794922 -0.028717041016 
      0.10945578  -0.0037841796875 -0.0042419433594 
      0.10947846   0.021453857422  0.020965576172 
      0.10950113   0.042877197266  0.042449951172 
      0.10952381   0.056671142578  0.056365966797 
      0.10954649   0.060363769531  0.060241699219 
      0.10956916   0.053344726562  0.053436279297 
      0.10959184   0.036834716797  0.037139892578 
      0.10961451   0.013793945312  0.014221191406 
      0.10963719  -0.011749267578 -0.011199951172 
      0.10965986  -0.035186767578 -0.034637451172 
      0.10968254  -0.052337646484 -0.051910400391 
      0.10970522  -0.060241699219 -0.059906005859 
      0.10972789  -0.057434082031 -0.057312011719 
      0.10975057  -0.044403076172 -0.044464111328 
      0.10977324  -0.023468017578 -0.023742675781 
      0.10979592  0.0016174316406  0.001220703125 
      0.10981859   0.026428222656  0.025939941406 
      0.10984127   0.046569824219  0.046081542969 
      0.10986395   0.058441162109  0.057983398438 
      0.10988662   0.059936523438  0.059600830078 
       0.1099093   0.050750732422  0.050567626953 
      0.10993197   0.032562255859  0.032562255859 
      0.10995465  0.0085754394531    0.0087890625 
      0.10997732  -0.016906738281 -0.016571044922 
            0.11  -0.039428710938 -0.038940429688 
      0.11002268  -0.054931640625 -0.054473876953 
      0.11004535  -0.060699462891 -0.060241699219 
      0.11006803  -0.055694580078 -0.055297851562 
       0.1100907  -0.040740966797 -0.040557861328 
      0.11011338  -0.018615722656 -0.018585205078 
      0.11013605  0.0068664550781 0.0067138671875 
      0.11015873   0.031097412109  0.030792236328 
      0.11018141   0.049835205078  0.049438476562 
      0.11020408   0.059692382812  0.059265136719 
      0.11022676   0.059020996094  0.058563232422 
      0.11024943   0.047821044922  0.047454833984 
      0.11027211   0.028106689453  0.027893066406 
      0.11029478  0.0034790039062 0.0033569335938 
      0.11031746  -0.021850585938 -0.021789550781 
      0.11034014  -0.043243408203 -0.043029785156 
      0.11036281  -0.057006835938 -0.056671142578 
      0.11038549  -0.060607910156 -0.060180664062 
      0.11040816  -0.053466796875 -0.053039550781 
      0.11043084  -0.036804199219 -0.036468505859 
      0.11045351  -0.013641357422 -0.013366699219 
      0.11047619   0.011932373047  0.012054443359 
      0.11049887   0.035430908203  0.035400390625 
      0.11052154   0.052581787109  0.052398681641 
      0.11054422   0.060455322266  0.060150146484 
      0.11056689   0.057556152344  0.057159423828 
      0.11058957   0.044464111328  0.044036865234 
      0.11061224        0.0234375  0.023071289062 
      0.11063492  -0.001708984375 -0.0020141601562 
       0.1106576  -0.026550292969 -0.026733398438 
      0.11068027  -0.046661376953 -0.046752929688 
      0.11070295  -0.058502197266 -0.058410644531 
      0.11072562  -0.059936523438 -0.059722900391 
       0.1107483  -0.050750732422 -0.050415039062 
      0.11077098  -0.032531738281 -0.032165527344 
      0.11079365  -0.0085144042969 -0.0081787109375 
      0.11081633   0.016937255859  0.017303466797 
        0.110839   0.039428710938  0.039703369141 
      0.11086168   0.054901123047  0.055023193359 
      0.11088435   0.060607910156  0.060577392578 
      0.11090703   0.055541992188  0.055389404297 
      0.11092971   0.040649414062  0.040313720703 
      0.11095238   0.018524169922  0.018127441406 
      0.11097506  -0.0069274902344  -0.00732421875 
      0.11099773  -0.031097412109 -0.031463623047 
      0.11102041  -0.049713134766 -0.050048828125 
      0.11104308  -0.059539794922 -0.059722900391 
      0.11106576  -0.058776855469 -0.058776855469 
      0.11108844  -0.047546386719 -0.047393798828 
      0.11111111  -0.027893066406 -0.027587890625 
      0.11113379  -0.0032653808594 -0.0028991699219 
      0.11115646   0.021911621094  0.022369384766 
      0.11117914   0.043151855469  0.043609619141 
      0.11120181   0.056793212891  0.057159423828 
      0.11122449   0.060272216797  0.060516357422 
      0.11124717   0.053070068359  0.053131103516 
      0.11126984   0.036376953125  0.036285400391 
      0.11129252   0.013305664062  0.013000488281 
      0.11131519  -0.012145996094 -0.012603759766 
      0.11133787  -0.035491943359 -0.035949707031 
      0.11136054  -0.052459716797 -0.052947998047 
      0.11138322  -0.060119628906 -0.060516357422 
       0.1114059  -0.057067871094 -0.057342529297 
      0.11142857  -0.043853759766 -0.043975830078 
      0.11145125  -0.022857666016 -0.022796630859 
      0.11147392   0.002197265625 0.0024719238281 
       0.1114966   0.026824951172  0.027252197266 
      0.11151927   0.046722412109  0.047241210938 
      0.11154195   0.058288574219  0.058807373047 
      0.11156463   0.059509277344  0.059967041016 
       0.1115873   0.050079345703  0.050384521484 
      0.11160998   0.031829833984  0.031921386719 
      0.11163265  0.0078430175781 0.0077514648438 
      0.11165533  -0.017486572266 -0.017822265625 
        0.111678  -0.039733886719 -0.040191650391 
      0.11170068  -0.054901123047 -0.055419921875 
      0.11172336  -0.060302734375 -0.060821533203 
      0.11174603  -0.054931640625 -0.055419921875 
      0.11176871  -0.039825439453 -0.040130615234 
      0.11179138  -0.017639160156 -0.017730712891 
      0.11181406  0.0077209472656 0.0078430175781 
      0.11183673   0.031677246094  0.032012939453 
      0.11185941   0.050018310547  0.050506591797 
      0.11188209   0.059448242188  0.059997558594 
      0.11190476   0.058319091797  0.058898925781 
      0.11192744   0.046783447266  0.047241210938 
      0.11195011   0.026947021484  0.027221679688 
      0.11197279  0.0022888183594 0.0023498535156 
      0.11199546  -0.022766113281 -0.022918701172 
      0.11201814  -0.043792724609 -0.044128417969 
      0.11204082  -0.057006835938 -0.057495117188 
      0.11206349  -0.060089111328 -0.060668945312 
      0.11208617  -0.052459716797 -0.053039550781 
      0.11210884  -0.035552978516 -0.035949707031 
      0.11213152  -0.012237548828 -0.012481689453 
       0.1121542   0.013214111328   0.01318359375 
      0.11217687   0.036376953125  0.036529541016 
      0.11219955   0.053039550781  0.053375244141 
      0.11222222   0.060272216797  0.060760498047 
       0.1122449   0.056793212891  0.057312011719 
      0.11226757   0.043182373047  0.043670654297 
      0.11229025   0.021911621094  0.022277832031 
      0.11231293  -0.0032958984375 -0.0030822753906 
       0.1123356  -0.027893066406 -0.027893066406 
      0.11235828  -0.047576904297 -0.047790527344 
      0.11238095  -0.058776855469 -0.059143066406 
      0.11240363  -0.059539794922 -0.059997558594 
       0.1124263  -0.049713134766 -0.050170898438 
      0.11244898  -0.031005859375 -0.031433105469 
      0.11247166  -0.0068054199219 -0.0071105957031 
      0.11249433   0.018615722656  0.018524169922 
      0.11251701   0.040740966797  0.040863037109 
      0.11253968     0.0556640625  0.055908203125 
      0.11256236   0.060668945312   0.06103515625 
      0.11258503   0.054901123047  0.055297851562 
      0.11260771   0.039337158203  0.039733886719 
      0.11263039   0.016784667969   0.01708984375 
      0.11265306  -0.0087585449219 -0.0086059570312 
      0.11267574  -0.032806396484 -0.032775878906 
      0.11269841  -0.050994873047 -0.051147460938 
      0.11272109  -0.060119628906 -0.060394287109 
      0.11274376      -0.05859375 -0.058898925781 
      0.11276644  -0.046630859375 -0.046966552734 
      0.11278912    -0.0263671875 -0.026641845703 
      0.11281179  -0.0013732910156 -0.0015869140625 
      0.11283447   0.023834228516  0.023773193359 
      0.11285714   0.044830322266     0.044921875 
      0.11287982   0.057861328125  0.058074951172 
      0.11290249   0.060607910156  0.060943603516 
      0.11292517   0.052612304688  0.052886962891 
      0.11294785   0.035217285156  0.035491943359 
      0.11297052   0.011566162109  0.011749267578 
       0.1129932   -0.01416015625 -0.014099121094 
      0.11301587  -0.037384033203 -0.037475585938 
      0.11303855  -0.053955078125 -0.054138183594 
      0.11306122  -0.060974121094 -0.061248779297 
       0.1130839  -0.057159423828 -0.057434082031 
      0.11310658  -0.043151855469 -0.043395996094 
      0.11312925     -0.021484375 -0.021636962891 
      0.11315193  0.0040283203125 0.0039672851562 
       0.1131746   0.028839111328  0.028900146484 
      0.11319728   0.048492431641  0.048675537109 
      0.11321995   0.059600830078  0.059844970703 
      0.11324263    0.06005859375  0.060333251953 
      0.11326531   0.049896240234  0.050140380859 
      0.11328798   0.030822753906  0.030944824219 
      0.11331066  0.0062255859375 0.0062866210938 
      0.11333333  -0.019439697266 -0.019500732422 
      0.11335601  -0.041687011719 -0.041870117188 
      0.11337868  -0.056518554688 -0.056823730469 
      0.11340136  -0.061279296875 -0.061614990234 
      0.11342404  -0.055206298828 -0.055480957031 
      0.11344671  -0.039276123047 -0.039459228516 
      0.11346939  -0.016357421875 -0.016418457031 
      0.11349206  0.0094909667969 0.0095520019531 
      0.11351474   0.033630371094  0.033843994141 
      0.11353741   0.051818847656  0.052154541016 
      0.11356009   0.060821533203  0.061187744141 
      0.11358277   0.058990478516  0.059295654297 
      0.11360544   0.046691894531  0.046905517578 
      0.11362812   0.026062011719  0.026153564453 
      0.11365079  0.00076293945312 0.00070190429688 
      0.11367347  -0.024658203125 -0.024841308594 
      0.11369615  -0.045715332031 -0.046020507812 
      0.11371882  -0.058624267578 -0.059020996094 
       0.1137415  -0.061126708984   -0.0615234375 
      0.11376417  -0.052764892578 -0.053070068359 
      0.11378685  -0.035034179688     -0.03515625 
      0.11380952  -0.011016845703 -0.011016845703 
       0.1138322   0.014953613281  0.015106201172 
      0.11385488   0.038299560547   0.03857421875 
      0.11387755   0.054809570312  0.055206298828 
      0.11390023   0.061584472656   0.06201171875 
       0.1139229   0.057403564453  0.057800292969 
      0.11394558   0.043029785156  0.043273925781 
      0.11396825    0.02099609375  0.021026611328 
      0.11399093  -0.0048522949219 -0.0049438476562 
      0.11401361  -0.029815673828 -0.030059814453 
      0.11403628  -0.049468994141 -0.049896240234 
      0.11405896  -0.060333251953 -0.060821533203 
      0.11408163  -0.060485839844 -0.060974121094 
      0.11410431  -0.049865722656 -0.050231933594 
      0.11412698  -0.030364990234 -0.030578613281 
      0.11414966  -0.0054321289062 -0.0054321289062 
      0.11417234     0.0205078125  0.020660400391 
      0.11419501   0.042755126953  0.043121337891 
      0.11421769   0.057464599609  0.057922363281 
      0.11424036   0.061981201172  0.062438964844 
      0.11426304   0.055419921875  0.055847167969 
      0.11428571   0.038970947266  0.039276123047 
      0.11430839   0.015563964844  0.015747070312 
      0.11433107  -0.010589599609 -0.010620117188 
      0.11435374  -0.034851074219 -0.035125732422 
      0.11437642  -0.053009033203 -0.053405761719 
      0.11439909  -0.061706542969 -0.062194824219 
      0.11442177  -0.059417724609 -0.059936523438 
      0.11444444  -0.046569824219 -0.047027587891 
      0.11446712  -0.025421142578 -0.025726318359 
       0.1144898  0.00030517578125 0.00021362304688 
      0.11451247   0.026000976562  0.026092529297 
      0.11453515   0.047088623047  0.047332763672 
      0.11455782   0.059783935547  0.060211181641 
       0.1145805   0.061889648438  0.062347412109 
      0.11460317   0.052917480469  0.053436279297 
      0.11462585   0.034576416016  0.035003662109 
      0.11464853   0.010040283203  0.010314941406 
       0.1146712  -0.016326904297 -0.016204833984 
      0.11469388  -0.039794921875 -0.039886474609 
      0.11471655  -0.056213378906 -0.056518554688 
      0.11473923  -0.062683105469 -0.063049316406 
       0.1147619  -0.057952880859 -0.058410644531 
      0.11478458  -0.042877197266 -0.043365478516 
      0.11480726  -0.020172119141 -0.020599365234 
      0.11482993  0.0061340332031     0.005859375 
      0.11485261   0.031402587891  0.031311035156 
      0.11487528   0.051116943359  0.051177978516 
      0.11489796   0.061737060547  0.061950683594 
      0.11492063   0.061401367188  0.061767578125 
      0.11494331   0.050109863281  0.050567626953 
      0.11496599   0.029907226562  0.030334472656 
      0.11498866  0.0043029785156 0.0047607421875 
      0.11501134  -0.022064208984 -0.021728515625 
      0.11503401  -0.044525146484 -0.044342041016 
      0.11505669  -0.059112548828 -0.059112548828 
      0.11507937  -0.063171386719 -0.063354492188 
      0.11510204  -0.056030273438 -0.056335449219 
      0.11512472  -0.038848876953 -0.039276123047 
      0.11514739  -0.014770507812 -0.015228271484 
      0.11517007   0.011962890625  0.011535644531 
      0.11519274   0.036651611328  0.036285400391 
      0.11521542   0.054840087891  0.054565429688 
       0.1152381   0.063232421875  0.063201904297 
      0.11526077   0.060455322266     0.060546875 
      0.11528345         0.046875  0.047119140625 
      0.11530612   0.024932861328  0.025329589844 
       0.1153288   -0.00146484375 -0.0010070800781 
      0.11535147  -0.027648925781 -0.027160644531 
      0.11537415  -0.048950195312 -0.048522949219 
      0.11539683  -0.061584472656 -0.061248779297 
       0.1154195  -0.063262939453 -0.063079833984 
      0.11544218  -0.053649902344 -0.053680419922 
      0.11546485  -0.034515380859 -0.034698486328 
      0.11548753  -0.0091857910156 -0.0095825195312 
       0.1155102   0.017761230469  0.017303466797 
      0.11553288   0.041656494141  0.041107177734 
      0.11555556   0.058135986328    0.0576171875 
      0.11557823   0.064270019531  0.063842773438 
      0.11560091   0.059020996094  0.058715820312 
      0.11562358   0.043243408203  0.043151855469 
      0.11564626   0.019714355469  0.019897460938 
      0.11566893  -0.0072937011719 -0.0069274902344 
      0.11569161  -0.033050537109 -0.032592773438 
      0.11571429  -0.052978515625 -0.052368164062 
      0.11573696  -0.063537597656 -0.062927246094 
      0.11575964  -0.062744140625 -0.062225341797 
      0.11578231      -0.05078125 -0.050476074219 
      0.11580499   -0.02978515625 -0.029663085938 
      0.11582766  -0.0034790039062 -0.0036010742188 
      0.11585034   0.023498535156  0.023132324219 
      0.11587302   0.046295166016  0.045806884766 
      0.11589569   0.060913085938  0.060302734375 
      0.11591837   0.064697265625  0.064056396484 
      0.11594104   0.056976318359  0.056427001953 
      0.11596372   0.039093017578  0.038696289062 
      0.11598639   0.014221191406  0.014068603516 
      0.11600907   -0.01318359375 -0.013092041016 
      0.11603175  -0.038269042969 -0.037933349609 
      0.11605442  -0.056579589844 -0.056030273438 
       0.1160771  -0.064849853516 -0.064178466797 
      0.11609977  -0.061553955078 -0.060913085938 
      0.11612245  -0.047332763672 -0.046752929688 
      0.11614512  -0.024627685547 -0.024230957031 
       0.1161678    0.00244140625 0.0026245117188 
      0.11619048   0.029144287109  0.029052734375 
      0.11621315   0.050659179688  0.050323486328 
      0.11623583   0.063171386719  0.062652587891 
       0.1162585   0.064483642578  0.063812255859 
      0.11628118   0.054290771484  0.053619384766 
      0.11630385   0.034393310547  0.033843994141 
      0.11632653  0.0084228515625 0.0079956054688 
      0.11634921  -0.019134521484 -0.019317626953 
      0.11637188  -0.043304443359 -0.043243408203 
      0.11639456  -0.059783935547 -0.059448242188 
      0.11641723  -0.065612792969 -0.065093994141 
      0.11643991  -0.059753417969 -0.059143066406 
      0.11646259  -0.043273925781 -0.042633056641 
      0.11648526   -0.01904296875 -0.018493652344 
      0.11650794  0.0086059570312 0.0089721679688 
      0.11653061   0.034729003906  0.034881591797 
      0.11655329   0.054718017578  0.054626464844 
      0.11657596   0.065002441406  0.064636230469 
      0.11659864   0.063659667969  0.063171386719 
      0.11662132   0.051025390625  0.050415039062 
      0.11664399   0.029235839844  0.028656005859 
      0.11666667  0.0022277832031 0.0017700195312 
      0.11668934  -0.025177001953 -0.025482177734 
      0.11671202  -0.048187255859 -0.048248291016 
      0.11673469  -0.062561035156 -0.062438964844 
      0.11675737  -0.065887451172 -0.065521240234 
      0.11678005  -0.057434082031 -0.056945800781 
      0.11680272  -0.038726806641 -0.038208007812 
       0.1168254  -0.013092041016 -0.012603759766 
      0.11684807   0.014862060547  0.015289306641 
      0.11687075   0.040222167969  0.040496826172 
      0.11689342   0.058471679688  0.058532714844 
       0.1169161   0.066314697266  0.066162109375 
      0.11693878   0.062316894531   0.06201171875 
      0.11696145   0.047241210938  0.046844482422 
      0.11698413   0.023742675781  0.023284912109 
       0.1170068  -0.0040893554688 -0.0044860839844 
      0.11702948  -0.031158447266 -0.031433105469 
      0.11705215  -0.052764892578 -0.052856445312 
      0.11707483  -0.064971923828  -0.06494140625 
      0.11709751  -0.065582275391 -0.065399169922 
      0.11712018  -0.054565429688 -0.054260253906 
      0.11714286  -0.033782958984 -0.033447265625 
      0.11716553  -0.0069885253906 -0.006591796875 
      0.11718821   0.021148681641  0.021453857422 
      0.11721088   0.045471191406  0.045684814453 
      0.11723356   0.061798095703  0.061889648438 
      0.11725624   0.067108154297  0.067047119141 
      0.11727891   0.060485839844  0.060272216797 
      0.11730159   0.043029785156  0.042785644531 
      0.11732426   0.017913818359  0.017608642578 
      0.11734694  -0.010406494141 -0.010711669922 
      0.11736961  -0.036895751953 -0.037170410156 
      0.11739229  -0.056854248047 -0.057037353516 
      0.11741497  -0.066741943359 -0.066741943359 
      0.11743764  -0.064697265625 -0.064636230469 
      0.11746032  -0.051177978516 -0.050994873047 
      0.11748299  -0.028503417969 -0.028228759766 
      0.11750567  -0.000732421875 -0.00042724609375 
      0.11752834   0.027221679688  0.027465820312 
      0.11755102   0.050354003906  0.050537109375 
       0.1175737   0.064483642578  0.064636230469 
      0.11759637   0.067199707031  0.067230224609 
      0.11761905   0.057891845703  0.057861328125 
      0.11764172   0.038330078125  0.038177490234 
       0.1176644   0.011871337891  0.011657714844 
      0.11768707  -0.016723632812 -0.016967773438 
      0.11770975  -0.042358398438 -0.042572021484 
      0.11773243  -0.060485839844 -0.060638427734 
       0.1177551  -0.067840576172 -0.067932128906 
      0.11777778  -0.063110351562 -0.063140869141 
      0.11780045  -0.047149658203 -0.047088623047 
      0.11782313  -0.022766113281 -0.022674560547 
       0.1178458  0.0057067871094 0.0058898925781 
      0.11786848   0.033172607422  0.033355712891 
      0.11789116   0.054748535156  0.054962158203 
      0.11791383   0.066589355469  0.066772460938 
      0.11793651   0.066528320312  0.066741943359 
      0.11795918   0.054656982422  0.054779052734 
      0.11798186   0.033020019531  0.033081054688 
      0.11800454  0.0054931640625 0.0054321289062 
      0.11802721  -0.023040771484 -0.023162841797 
      0.11804989  -0.047515869141 -0.047698974609 
      0.11807256  -0.063537597656 -0.063720703125 
      0.11809524  -0.068237304688 -0.068450927734 
      0.11811791  -0.060760498047 -0.060974121094 
      0.11814059  -0.042419433594 -0.042602539062 
      0.11816327  -0.016571044922 -0.016632080078 
      0.11818594   0.012329101562  0.012329101562 
      0.11820862   0.039031982422  0.039093017578 
      0.11823129   0.058807373047  0.058959960938 
      0.11825397   0.068115234375  0.068328857422 
      0.11827664   0.065277099609  0.065490722656 
      0.11829932       0.05078125  0.050994873047 
        0.118322   0.027252197266  0.027435302734 
      0.11834467  -0.0011901855469 -0.0010681152344 
      0.11836735  -0.029449462891 -0.029449462891 
      0.11839002  -0.052490234375 -0.052520751953 
       0.1184127  -0.066162109375 -0.066314697266 
      0.11843537  -0.068054199219 -0.068298339844 
      0.11845805  -0.057800292969 -0.058074951172 
      0.11848073  -0.037261962891 -0.037506103516 
       0.1185034  -0.010009765625 -0.010223388672 
      0.11852608   0.019012451172  0.018890380859 
      0.11854875   0.044738769531  0.044708251953 
      0.11857143   0.062469482422  0.062530517578 
       0.1185941   0.069122314453  0.069244384766 
      0.11861678   0.063415527344  0.063598632812 
      0.11863946   0.046417236328  0.046630859375 
      0.11866213   0.021057128906  0.021301269531 
      0.11868481  -0.008056640625 -0.0078430175781 
      0.11870748  -0.035736083984 -0.035614013672 
      0.11873016   -0.05712890625 -0.057098388672 
      0.11875283  -0.068298339844    -0.068359375 
      0.11877551  -0.067352294922 -0.067474365234 
      0.11879819  -0.054382324219 -0.054534912109 
      0.11882086  -0.031677246094 -0.031860351562 
      0.11884354  -0.0033264160156 -0.0035095214844 
      0.11886621   0.025665283203  0.025543212891 
      0.11888889   0.050109863281  0.050079345703 
      0.11891156   0.065673828125  0.065673828125 
      0.11893424   0.069549560547  0.069610595703 
      0.11895692   0.060974121094  0.061096191406 
      0.11897959   0.041564941406  0.041687011719 
      0.11900227   0.014709472656  0.014801025391 
      0.11902494  -0.014831542969 -0.014709472656 
      0.11904762  -0.041717529297 -0.041717529297 
      0.11907029  -0.061248779297 -0.061248779297 
      0.11909297  -0.069854736328 -0.069915771484 
      0.11911565  -0.066009521484 -0.066101074219 
      0.11913832  -0.050354003906 -0.050476074219 
        0.119161  -0.025756835938 -0.025848388672 
      0.11918367  0.0034790039062   0.00341796875 
      0.11920635   0.032165527344  0.032165527344 
      0.11922902   0.055114746094  0.055145263672 
       0.1192517   0.068237304688     0.068359375 
      0.11927438   0.069244384766  0.069427490234 
      0.11929705   0.057891845703  0.058074951172 
      0.11931973   0.036193847656  0.036315917969 
       0.1193424  0.0080261230469 0.0081176757812 
      0.11936508  -0.021606445312 -0.021636962891 
      0.11938776  -0.047393798828 -0.047546386719 
      0.11941043  -0.064788818359 -0.064971923828 
      0.11943311  -0.070678710938 -0.070892333984 
      0.11945578  -0.063934326172 -0.064117431641 
      0.11947846  -0.045776367188 -0.045989990234 
      0.11950113  -0.019409179688 -0.019592285156 
      0.11952381   0.010406494141  0.010345458984 
      0.11954649   0.038421630859  0.038482666016 
      0.11956916     0.0595703125  0.059814453125 
      0.11959184   0.070159912109  0.070434570312 
      0.11961451   0.068237304688  0.068603515625 
      0.11963719   0.054138183594  0.054504394531 
      0.11965986   0.030364990234  0.030639648438 
      0.11968254  0.0011291503906 0.0013427734375 
      0.11970522  -0.028350830078 -0.028289794922 
      0.11972789     -0.052734375 -0.052917480469 
      0.11975057  -0.067810058594 -0.068084716797 
      0.11977324  -0.070770263672 -0.071166992188 
      0.11979592  -0.061157226562 -0.061584472656 
      0.11981859   -0.04052734375 -0.040985107422 
      0.11984127    -0.0126953125 -0.013061523438 
      0.11986395   0.017456054688  0.017211914062 
      0.11988662   0.044494628906  0.044464111328 
       0.1199093   0.063659667969  0.063812255859 
      0.11993197   0.071472167969  0.071807861328 
      0.11995465   0.066589355469  0.067016601562 
      0.11997732   0.049774169922  0.050262451172 
            0.12   0.024078369141  0.024536132812 
      0.12002268  -0.0059814453125 -0.0055847167969 
      0.12004535  -0.034973144531 -0.034729003906 
      0.12006803  -0.057800292969 -0.057739257812 
       0.1200907  -0.070343017578 -0.070495605469 
      0.12011338       -0.0703125 -0.070648193359 
      0.12013605  -0.057800292969 -0.058258056641 
      0.12015873  -0.034942626953 -0.035461425781 
      0.12018141  -0.0057983398438 -0.0062866210938 
      0.12020408   0.024444580078  0.024047851562 
      0.12022676   0.050323486328  0.050109863281 
      0.12024943   0.067291259766  0.067291259766 
      0.12027211   0.072296142578  0.072448730469 
      0.12029478   0.064361572266  0.064727783203 
      0.12031746   0.044982910156  0.045440673828 
      0.12034014   0.017547607422   0.01806640625 
      0.12036281  -0.013092041016 -0.012634277344 
      0.12038549  -0.041412353516 -0.041076660156 
      0.12040816  -0.062408447266 -0.062194824219 
      0.12043084  -0.072296142578 -0.072296142578 
      0.12045351    -0.0693359375 -0.069519042969 
      0.12047619  -0.054016113281 -0.054351806641 
      0.12049887  -0.028991699219 -0.029449462891 
      0.12052154  0.0011901855469  0.000732421875 
      0.12054422   0.031219482422  0.030792236328 
      0.12056689   0.055755615234  0.055419921875 
      0.12058957   0.070373535156  0.070220947266 
      0.12061224   0.072479248047  0.072448730469 
      0.12063492   0.061645507812  0.061828613281 
       0.1206576   0.039794921875  0.040100097656 
      0.12068027   0.010894775391  0.011291503906 
      0.12070295  -0.020050048828 -0.019622802734 
      0.12072562  -0.047454833984 -0.047088623047 
       0.1207483  -0.066436767578 -0.066192626953 
      0.12077098  -0.073638916016 -0.073486328125 
      0.12079365  -0.067718505859 -0.067718505859 
      0.12081633  -0.049682617188 -0.049865722656 
        0.120839  -0.022827148438 -0.023101806641 
      0.12086168  0.0081787109375 0.0078430175781 
      0.12088435   0.037719726562  0.037414550781 
      0.12090703   0.060638427734  0.060333251953 
      0.12092971    0.07275390625  0.072570800781 
      0.12095238   0.071929931641  0.071868896484 
      0.12097506   0.058288574219  0.058349609375 
      0.12099773   0.034240722656  0.034393310547 
      0.12102041  0.0040588378906 0.0043029785156 
      0.12104308   -0.02685546875 -0.026580810547 
      0.12106576  -0.053070068359 -0.052795410156 
      0.12108844  -0.069793701172 -0.069641113281 
      0.12111111  -0.074157714844 -0.074066162109 
      0.12113379  -0.065307617188 -0.065307617188 
      0.12115646  -0.044799804688 -0.044891357422 
      0.12117914  -0.016326904297 -0.016479492188 
      0.12120181   0.015167236328  0.014984130859 
      0.12122449   0.043914794922  0.043731689453 
      0.12124717   0.064910888672  0.064788818359 
      0.12126984   0.074371337891  0.074279785156 
      0.12129252   0.070556640625  0.070556640625 
      0.12131519    0.05419921875  0.054290771484 
      0.12133787   0.028137207031  0.028259277344 
      0.12136054  -0.0029602050781 -0.0027770996094 
      0.12138322  -0.033569335938 -0.033386230469 
       0.1214059  -0.058197021484 -0.058074951172 
      0.12142857  -0.072540283203 -0.072448730469 
      0.12145125  -0.073944091797 -0.073913574219 
      0.12147392  -0.062164306641 -0.062194824219 
       0.1214966  -0.039276123047 -0.039367675781 
      0.12151927  -0.0093688964844 -0.009521484375 
      0.12154195   0.022216796875  0.022064208984 
      0.12156463   0.049926757812  0.049774169922 
       0.1215873   0.068725585938  0.068603515625 
      0.12160998   0.075317382812  0.075256347656 
      0.12163265   0.068481445312  0.068481445312 
      0.12165533   0.049438476562  0.049499511719 
        0.121678   0.021514892578  0.021667480469 
      0.12170068   -0.01025390625 -0.010070800781 
      0.12172336  -0.040252685547 -0.040008544922 
      0.12174603  -0.063079833984 -0.062866210938 
      0.12176871  -0.074676513672 -0.074554443359 
      0.12179138  -0.073028564453 -0.072937011719 
      0.12181406  -0.058288574219 -0.058319091797 
      0.12183673     -0.033203125 -0.033294677734 
      0.12185941  -0.0020751953125 -0.0022277832031 
      0.12188209   0.029418945312  0.029205322266 
      0.12190476   0.055725097656  0.055480957031 
      0.12192744   0.072113037109  0.071868896484 
      0.12195011    0.07568359375  0.075469970703 
      0.12197279   0.065734863281  0.065612792969 
      0.12199546   0.044036865234  0.044036865234 
      0.12201814   0.014465332031  0.014556884766 
      0.12204082  -0.017700195312 -0.017517089844 
      0.12206349  -0.046783447266 -0.046539306641 
      0.12208617  -0.067565917969 -0.067291259766 
      0.12210884  -0.076293945312 -0.076019287109 
      0.12213152  -0.071472167969 -0.071197509766 
       0.1221542  -0.053863525391 -0.053741455078 
      0.12217687  -0.026580810547 -0.026550292969 
      0.12219955  0.0054321289062   0.00537109375 
      0.12222222   0.036560058594  0.036376953125 
       0.1222449   0.061187744141  0.060913085938 
      0.12226757   0.074951171875  0.074615478516 
      0.12229025   0.075378417969  0.075073242188 
      0.12231293   0.062347412109  0.062072753906 
       0.1223356   0.038177490234  0.037963867188 
      0.12235828  0.0071716308594  0.007080078125 
      0.12238095  -0.025146484375 -0.025115966797 
      0.12240363  -0.053100585938 -0.052947998047 
       0.1224263  -0.071533203125 -0.071319580078 
      0.12244898  -0.077270507812 -0.076965332031 
      0.12247166  -0.069244384766 -0.068878173828 
      0.12249433     -0.048828125 -0.048553466797 
      0.12251701  -0.019683837891 -0.019439697266 
      0.12253968   0.013000488281  0.013122558594 
      0.12256236   0.043426513672   0.04345703125 
      0.12258503   0.066131591797  0.066040039062 
      0.12260771   0.077117919922  0.076873779297 
      0.12263039   0.074310302734  0.074005126953 
      0.12265306   0.058258056641  0.057922363281 
      0.12267574   0.031829833984  0.031463623047 
      0.12269841  -0.0003662109375 -0.00064086914062 
      0.12272109  -0.032501220703 -0.032684326172 
      0.12274376  -0.058898925781 -0.058959960938 
      0.12276644  -0.074798583984 -0.074768066406 
      0.12278912  -0.077392578125 -0.077239990234 
      0.12281179  -0.066192626953  -0.06591796875 
      0.12283447  -0.043212890625 -0.042816162109 
      0.12285714  -0.012420654297 -0.012023925781 
      0.12287982   0.020599365234  0.020965576172 
      0.12290249   0.049957275391   0.05029296875 
      0.12292517   0.070465087891  0.070648193359 
      0.12294785   0.078430175781  0.078430175781 
      0.12297052   0.072387695312     0.072265625 
       0.1229932   0.053436279297  0.053192138672 
      0.12301587   0.024963378906  0.024566650391 
      0.12303855  -0.0080261230469 -0.0084838867188 
      0.12306122  -0.039581298828 -0.040069580078 
       0.1230839  -0.064178466797 -0.064575195312 
      0.12310658  -0.077301025391 -0.077575683594 
      0.12312925  -0.076629638672 -0.076782226562 
      0.12315193  -0.062286376953 -0.062255859375 
       0.1231746  -0.036865234375 -0.036590576172 
      0.12319728  -0.0047607421875 -0.0043640136719 
      0.12321995   0.028167724609  0.028656005859 
      0.12324263   0.056121826172     0.056640625 
      0.12326531   0.074066162109  0.074615478516 
      0.12328798   0.078857421875  0.079254150391 
      0.12331066   0.069519042969  0.069763183594 
      0.12333333   0.047790527344  0.047790527344 
      0.12335601   0.017486572266  0.017303466797 
      0.12337868  -0.015930175781 -0.016326904297 
      0.12340136  -0.046569824219 -0.047119140625 
      0.12342404  -0.068939208984 -0.069549560547 
      0.12344671  -0.079010009766 -0.079559326172 
      0.12346939  -0.074981689453 -0.075439453125 
      0.12349206  -0.057525634766 -0.057830810547 
      0.12351474  -0.029815673828 -0.029876708984 
      0.12353741  0.0032653808594 0.0034790039062 
      0.12356009   0.035797119141  0.036224365234 
      0.12358277   0.061981201172  0.062561035156 
      0.12360544   0.077087402344  0.077758789062 
      0.12362812   0.078491210938    0.0791015625 
      0.12365079   0.065856933594  0.066375732422 
      0.12367347   0.041381835938  0.041717529297 
      0.12369615  0.0095520019531 0.0096130371094 
      0.12371882  -0.024047851562 -0.024230957031 
       0.1237415  -0.053405761719 -0.053833007812 
      0.12376417    -0.0732421875 -0.073852539062 
      0.12378685  -0.080017089844 -0.080718994141 
      0.12380952  -0.072540283203 -0.073181152344 
       0.1238322  -0.052001953125 -0.052551269531 
      0.12385488  -0.022247314453 -0.022521972656 
      0.12387755   0.011596679688  0.011566162109 
      0.12390023   0.043365478516  0.043640136719 
       0.1239229   0.067474365234  0.067932128906 
      0.12394558   0.079528808594  0.080169677734 
      0.12396825   0.077392578125  0.078094482422 
      0.12399093   0.061431884766  0.062042236328 
      0.12401361   0.034454345703  0.034973144531 
      0.12403628  0.0012512207031 0.0015258789062 
      0.12405896  -0.032196044922 -0.032196044922 
      0.12408163  -0.059936523438 -0.060211181641 
      0.12410431  -0.077026367188 -0.077545166016 
      0.12412698  -0.080352783203 -0.080993652344 
      0.12414966  -0.069366455078 -0.070007324219 
      0.12417234  -0.045928955078 -0.046539306641 
      0.12419501  -0.014221191406 -0.014678955078 
      0.12421769    0.02001953125  0.019836425781 
      0.12424036       0.05078125  0.050872802734 
      0.12426304   0.072509765625  0.072845458984 
      0.12428571   0.081298828125  0.081817626953 
      0.12430839   0.075592041016  0.076202392578 
      0.12433107   0.056365966797  0.056945800781 
      0.12435374   0.027008056641  0.027526855469 
      0.12437642  -0.0072021484375 -0.0068969726562 
      0.12439909  -0.040191650391 -0.040130615234 
      0.12442177  -0.066070556641 -0.066223144531 
      0.12444444  -0.080200195312 -0.080505371094 
      0.12446712  -0.079986572266 -0.080474853516 
       0.1244898  -0.065490722656 -0.066040039062 
      0.12451247  -0.039276123047 -0.039764404297 
      0.12453515  -0.0059814453125 -0.0064086914062 
      0.12455782   0.028442382812  0.028198242188 
       0.1245805   0.057830810547  0.057830810547 
      0.12460317   0.076965332031    0.0771484375 
      0.12462585   0.082366943359  0.082733154297 
      0.12464853   0.073059082031  0.073547363281 
       0.1246712   0.050689697266  0.051177978516 
      0.12469388   0.019226074219  0.019653320312 
      0.12471655  -0.015747070312 -0.015441894531 
      0.12473923  -0.047973632812 -0.047821044922 
       0.1247619  -0.071685791016 -0.071716308594 
      0.12478458  -0.082611083984 -0.082824707031 
      0.12480726  -0.078796386719 -0.079162597656 
      0.12482993  -0.060974121094 -0.061370849609 
      0.12485261  -0.032165527344 -0.032562255859 
      0.12487528  0.0024108886719 0.0020446777344 
      0.12489796   0.036682128906  0.036437988281 
      0.12492063   0.064361572266  0.064361572266 
      0.12494331   0.080688476562  0.080780029297 
      0.12496599   0.082580566406  0.082824707031 
      0.12498866   0.069732666016  0.070098876953 
      0.12501134   0.044403076172  0.044799804688 
      0.12503401   0.011169433594  0.011505126953 
      0.12505669  -0.024200439453 -0.023895263672 
      0.12507937  -0.055267333984 -0.055114746094 
      0.12510204  -0.076538085938 -0.076507568359 
      0.12512472  -0.084197998047 -0.084289550781 
      0.12514739  -0.076812744141 -0.077026367188 
      0.12517007    -0.0556640625 -0.055999755859 
      0.12519274  -0.024597167969  -0.02490234375 
      0.12521542   0.010955810547  0.010620117188 
       0.1252381   0.044586181641  0.044311523438 
      0.12526077        0.0703125  0.070159912109 
      0.12528345   0.083557128906  0.083526611328 
      0.12530612   0.081878662109  0.081970214844 
       0.1253288   0.065612792969  0.065795898438 
      0.12535147   0.037567138672  0.037841796875 
      0.12537415  0.0027770996094 0.0030822753906 
      0.12539683  -0.032562255859   -0.0322265625 
       0.1254195  -0.062133789062 -0.061859130859 
      0.12544218  -0.080657958984 -0.080474853516 
      0.12546485  -0.084808349609 -0.084747314453 
      0.12548753  -0.073852539062 -0.073913574219 
       0.1255102  -0.049652099609 -0.049835205078 
      0.12553288    -0.0166015625 -0.016876220703 
      0.12555556   0.019500732422  0.019165039062 
      0.12557823   0.052154541016  0.051818847656 
      0.12560091   0.075500488281  0.075225830078 
      0.12562358   0.085479736328  0.085296630859 
      0.12564626   0.080169677734  0.080108642578 
      0.12566893      0.060546875  0.060607910156 
      0.12569161   0.030090332031  0.030242919922 
      0.12571429  -0.0057678222656 -0.0055236816406 
      0.12573696  -0.040649414062 -0.040344238281 
      0.12575964  -0.068328857422 -0.068023681641 
      0.12578231  -0.083831787109 -0.083557128906 
      0.12580499  -0.084381103516 -0.084197998047 
      0.12582766  -0.069885253906 -0.069793701172 
      0.12585034  -0.042877197266 -0.042907714844 
      0.12587302  -0.0081787109375 -0.0083312988281 
      0.12589569   0.028015136719  0.027770996094 
      0.12591837   0.059265136719  0.058959960938 
      0.12594104   0.079925537109  0.079650878906 
      0.12596372   0.086364746094  0.086120605469 
      0.12598639   0.077392578125  0.077209472656 
      0.12600907   0.054595947266  0.054534912109 
      0.12603175    0.02197265625  0.022064208984 
      0.12605442  -0.014526367188 -0.014373779297 
       0.1260771  -0.048522949219 -0.048309326172 
      0.12609977  -0.073883056641 -0.073608398438 
      0.12612245  -0.086090087891 -0.085845947266 
      0.12614512  -0.082916259766 -0.082702636719 
       0.1261678   -0.06494140625 -0.064819335938 
      0.12619048  -0.035339355469 -0.035308837891 
      0.12621315  0.0006103515625 0.00054931640625 
      0.12623583   0.036499023438  0.036346435547 
       0.1262585   0.065887451172  0.065704345703 
      0.12628118   0.083557128906  0.083343505859 
      0.12630385   0.086303710938  0.086090087891 
      0.12632653   0.073638916016  0.073486328125 
      0.12634921   0.047821044922  0.047760009766 
      0.12637188   0.013427734375  0.013427734375 
      0.12639456       -0.0234375 -0.023315429688 
      0.12641723  -0.056121826172 -0.055969238281 
      0.12643991  -0.078857421875 -0.078674316406 
      0.12646259  -0.087493896484 -0.087341308594 
      0.12648526  -0.080535888672 -0.080413818359 
      0.12650794  -0.059173583984 -0.059112548828 
      0.12653061  -0.027191162109 -0.027191162109 
      0.12655329  0.0096740722656 0.0096130371094 
      0.12657596   0.044830322266  0.044738769531 
      0.12659864   0.072082519531  0.071960449219 
      0.12662132   0.086456298828  0.086334228516 
      0.12664399   0.085357666016  0.085266113281 
      0.12666667   0.069061279297  0.069030761719 
      0.12668934   0.040435791016  0.040405273438 
      0.12671202  0.0045166015625 0.0045166015625 
      0.12673469  -0.032287597656   -0.0322265625 
      0.12675737  -0.063354492188 -0.063232421875 
      0.12678005  -0.083099365234 -0.083038330078 
      0.12680272  -0.088073730469 -0.088012695312 
       0.1268254  -0.077301025391 -0.077301025391 
      0.12684807  -0.052703857422    -0.052734375 
      0.12687075  -0.018676757812 -0.018676757812 
      0.12689342   0.018768310547  0.018707275391 
       0.1269161   0.052856445312  0.052825927734 
      0.12693878   0.077606201172  0.077575683594 
      0.12696145   0.088500976562  0.088500976562 
      0.12698413   0.083618164062  0.083587646484 
       0.1270068   0.063751220703  0.063781738281 
      0.12702948   0.032501220703  0.032531738281 
      0.12705215  -0.0045776367188 -0.0045776367188 
      0.12707483  -0.040954589844 -0.040893554688 
      0.12709751  -0.070037841797 -0.069976806641 
      0.12712018  -0.086608886719 -0.086608886719 
      0.12714286  -0.087768554688 -0.087799072266 
      0.12716553    -0.0732421875 -0.073272705078 
      0.12718821  -0.045623779297 -0.045654296875 
      0.12721088  -0.0098266601562 -0.0098876953125 
      0.12723356   0.027801513672  0.027770996094 
      0.12725624   0.060485839844  0.060455322266 
      0.12727891   0.082427978516  0.082427978516 
      0.12730159   0.089660644531  0.089691162109 
      0.12732426   0.080871582031  0.080963134766 
      0.12734694   0.057708740234  0.057739257812 
      0.12736961   0.024139404297  0.024169921875 
      0.12739229  -0.013763427734 -0.013732910156 
      0.12741497  -0.049255371094 -0.049285888672 
      0.12743764  -0.075988769531 -0.076049804688 
      0.12746032  -0.089202880859 -0.089263916016 
      0.12748299  -0.086486816406 -0.086578369141 
      0.12750567     -0.068359375 -0.068389892578 
      0.12752834  -0.037963867188 -0.037963867188 
      0.12755102  -0.00076293945312 -0.00070190429688 
       0.1275737   0.036590576172  0.036712646484 
      0.12759637   0.067504882812  0.067626953125 
      0.12761905   0.086364746094  0.086517333984 
      0.12764172   0.089813232422  0.089965820312 
       0.1276644   0.077270507812  0.077362060547 
      0.12768707   0.050872802734  0.050933837891 
      0.12770975   0.015350341797  0.015319824219 
      0.12773243  -0.022918701172 -0.023071289062 
       0.1277551  -0.057159423828 -0.057342529297 
      0.12777778  -0.081237792969 -0.081451416016 
      0.12780045  -0.090789794922 -0.091064453125 
      0.12782313  -0.084197998047 -0.084381103516 
       0.1278458  -0.062530517578 -0.062622070312 
      0.12786848  -0.029663085938 -0.029663085938 
      0.12789116  0.0084838867188 0.0086364746094 
      0.12791383   0.045227050781  0.045471191406 
      0.12793651   0.073913574219  0.074188232422 
      0.12795918   0.089416503906  0.089752197266 
      0.12798186   0.088989257812  0.089294433594 
      0.12800454   0.072662353516  0.072845458984 
      0.12802721   0.043304443359  0.043395996094 
      0.12804989  0.0061950683594 0.0061645507812 
      0.12807256  -0.032043457031 -0.032287597656 
      0.12809524  -0.064636230469  -0.06494140625 
      0.12811791  -0.085693359375 -0.086090087891 
      0.12814059  -0.091461181641 -0.091888427734 
      0.12816327  -0.080932617188 -0.081268310547 
      0.12818594  -0.055908203125 -0.056121826172 
      0.12820862  -0.020904541016 -0.020935058594 
      0.12823129   0.017944335938   0.01806640625 
      0.12825397   0.053588867188  0.053863525391 
      0.12827664   0.079711914062  0.080108642578 
      0.12829932   0.091613769531  0.092102050781 
        0.128322   0.087158203125  0.087646484375 
      0.12834467   0.067138671875  0.067504882812 
      0.12836735   0.035095214844  0.035308837891 
      0.12839002  -0.0032348632812 -0.0032043457031 
       0.1284127  -0.041076660156 -0.041229248047 
      0.12843537  -0.071594238281 -0.071929931641 
      0.12845805  -0.089294433594     -0.08984375 
      0.12848073  -0.091156005859 -0.091674804688 
       0.1285034  -0.076690673828 -0.077209472656 
      0.12852608  -0.048522949219 -0.048919677734 
      0.12854875  -0.011657714844 -0.011871337891 
      0.12857143   0.027374267578      0.02734375 
       0.1285941     0.0615234375  0.061737060547 
      0.12861678   0.084716796875  0.085144042969 
      0.12863946   0.092864990234  0.093353271484 
      0.12866213   0.084350585938  0.084869384766 
      0.12868481   0.060791015625  0.061279296875 
      0.12870748   0.026336669922  0.026733398438 
      0.12873016  -0.012878417969 -0.012634277344 
      0.12875283  -0.049774169922 -0.049774169922 
      0.12877551  -0.077880859375 -0.078094482422 
      0.12879819  -0.092071533203 -0.092468261719 
      0.12882086      -0.08984375 -0.090362548828 
      0.12884354  -0.071563720703 -0.072113037109 
      0.12886621  -0.040466308594 -0.040954589844 
      0.12888889  -0.0021057128906 -0.0025024414062 
      0.12891156   0.036712646484  0.036437988281 
      0.12893424   0.069000244141  0.068939208984 
      0.12895692   0.088928222656  0.089111328125 
      0.12897959   0.093078613281  0.093383789062 
      0.12900227   0.080535888672  0.081024169922 
      0.12902494   0.053649902344  0.054168701172 
      0.12904762   0.017120361328     0.017578125 
      0.12907029  -0.022521972656 -0.022125244141 
      0.12909297  -0.058166503906 -0.057891845703 
      0.12911565  -0.083465576172 -0.083374023438 
      0.12913832  -0.093933105469 -0.093963623047 
        0.129161  -0.087554931641 -0.087799072266 
      0.12918367  -0.065551757812  -0.06591796875 
      0.12920635  -0.031799316406   -0.0322265625 
      0.12922902  0.0076293945312 0.0072326660156 
       0.1292517   0.045806884766   0.04541015625 
      0.12927438   0.075775146484  0.075469970703 
      0.12929705    0.09228515625  0.092102050781 
      0.12931973    0.09228515625   0.09228515625 
       0.1293424   0.075836181641  0.075958251953 
      0.12936508   0.045806884766  0.046020507812 
      0.12938776  0.0075378417969 0.0078735351562 
      0.12941043  -0.032104492188 -0.031707763672 
      0.12943311  -0.066040039062 -0.065673828125 
      0.12945578  -0.088256835938 -0.087951660156 
      0.12947846  -0.094665527344 -0.094482421875 
      0.12950113  -0.084228515625 -0.084106445312 
      0.12952381  -0.058685302734 -0.058715820312 
      0.12954649  -0.022644042969 -0.022827148438 
      0.12956916   0.017486572266  0.017211914062 
      0.12959184   0.054534912109  0.054168701172 
      0.12961451   0.081848144531  0.081512451172 
      0.12963719   0.094604492188  0.094268798828 
      0.12965986   0.090484619141  0.090179443359 
      0.12968254   0.070129394531  0.069946289062 
      0.12970522   0.037322998047  0.037231445312 
      0.12972789  -0.0022583007812 -0.0022583007812 
      0.12975057  -0.041442871094 -0.041320800781 
      0.12977324  -0.073272705078 -0.073059082031 
      0.12979592  -0.092041015625 -0.091766357422 
      0.12981859  -0.094390869141 -0.094024658203 
      0.12984127  -0.079833984375 -0.079528808594 
      0.12986395  -0.051025390625     -0.05078125 
      0.12988662  -0.013061523438 -0.012878417969 
       0.1299093   0.027282714844      0.02734375 
      0.12993197   0.062744140625  0.062744140625 
      0.12995465   0.087097167969  0.086944580078 
      0.12997732   0.095886230469  0.095642089844 
            0.13   0.087524414062  0.087219238281 
      0.13002268   0.063568115234  0.063201904297 
      0.13004535   0.028167724609  0.027862548828 
      0.13006803  -0.012237548828 -0.012542724609 
       0.1300907  -0.050506591797 -0.050720214844 
      0.13011338  -0.079833984375 -0.079895019531 
      0.13013605  -0.094879150391 -0.094787597656 
      0.13015873  -0.092987060547 -0.092803955078 
      0.13018141  -0.074462890625 -0.074188232422 
      0.13020408  -0.042633056641 -0.042266845703 
      0.13022676  -0.0031433105469 -0.0027770996094 
      0.13024943   0.036926269531  0.037261962891 
      0.13027211   0.070465087891  0.070739746094 
      0.13029478   0.091430664062  0.091552734375 
      0.13031746   0.096038818359  0.096099853516 
      0.13034014   0.083526611328  0.083404541016 
      0.13036281   0.056091308594  0.055816650391 
      0.13038549     0.0185546875  0.018188476562 
      0.13040816  -0.022308349609 -0.022705078125 
      0.13043084  -0.059234619141 -0.059631347656 
      0.13045351  -0.085601806641 -0.085906982422 
      0.13047619    -0.0966796875 -0.096923828125 
      0.13049887  -0.090484619141 -0.090576171875 
      0.13052154  -0.068145751953 -0.068054199219 
      0.13054422  -0.033569335938 -0.033355712891 
      0.13056689  0.0070495605469 0.0073852539062 
      0.13058957   0.046417236328  0.046813964844 
      0.13061224   0.077545166016  0.077941894531 
      0.13063492   0.094818115234   0.09521484375 
       0.1306576   0.095184326172  0.095458984375 
      0.13068027   0.078552246094  0.078643798828 
      0.13070295   0.047821044922  0.047760009766 
      0.13072562   0.008544921875 0.0083618164062 
       0.1307483  -0.032318115234 -0.032653808594 
      0.13077098  -0.067443847656 -0.067810058594 
      0.13079365  -0.090545654297 -0.090942382812 
      0.13081633  -0.097473144531 -0.097839355469 
        0.130839  -0.087005615234 -0.087280273438 
      0.13086168  -0.060943603516 -0.061065673828 
      0.13088435  -0.023986816406 -0.023956298828 
      0.13090703   0.017303466797  0.017486572266 
      0.13092971   0.055541992188  0.055847167969 
      0.13095238   0.083892822266  0.084259033203 
      0.13097506   0.097229003906      0.09765625 
      0.13099773    0.09326171875  0.093597412109 
      0.13102041   0.072601318359  0.072845458984 
      0.13104308   0.038970947266  0.039001464844 
      0.13106576  -0.0017395019531 -0.0017700195312 
      0.13108844  -0.042114257812 -0.042327880859 
      0.13111111  -0.075012207031 -0.075317382812 
      0.13113379  -0.094573974609 -0.094879150391 
      0.13115646  -0.097198486328 -0.097534179688 
      0.13117914   -0.08251953125 -0.082733154297 
      0.13120181  -0.053009033203 -0.053192138672 
      0.13122449  -0.014007568359 -0.014038085938 
      0.13124717   0.027496337891  0.027587890625 
      0.13126984   0.064147949219  0.064361572266 
      0.13129252    0.08935546875  0.089660644531 
      0.13131519   0.098663330078  0.098968505859 
      0.13133787   0.090301513672  0.090576171875 
      0.13136054   0.065826416016  0.065979003906 
      0.13138322   0.029541015625  0.029602050781 
       0.1314059  -0.012054443359 -0.012115478516 
      0.13142857  -0.051574707031 -0.051727294922 
      0.13145125  -0.081848144531 -0.082092285156 
      0.13147392  -0.097534179688 -0.097808837891 
       0.1314966  -0.095825195312 -0.096099853516 
      0.13151927  -0.076965332031 -0.077209472656 
      0.13154195  -0.044372558594 -0.044494628906 
      0.13156463  -0.0037841796875 -0.0037841796875 
       0.1315873   0.037536621094  0.037628173828 
      0.13160998   0.072174072266  0.072357177734 
      0.13163265   0.093933105469  0.094177246094 
      0.13165533   0.098907470703  0.099212646484 
        0.131678   0.086242675781  0.086486816406 
      0.13170068   0.058135986328  0.058319091797 
      0.13172336   0.019622802734  0.019683837891 
      0.13174603    -0.0224609375 -0.022521972656 
      0.13176871     -0.060546875 -0.060729980469 
      0.13179138  -0.087860107422 -0.088134765625 
      0.13181406  -0.099517822266 -0.099792480469 
      0.13183673  -0.093383789062 -0.093658447266 
      0.13185941  -0.070526123047 -0.070739746094 
      0.13188209  -0.035095214844 -0.035186767578 
      0.13190476  0.0067138671875 0.0066833496094 
      0.13192744   0.047271728516  0.047424316406 
      0.13195011   0.079467773438  0.079711914062 
      0.13197279   0.097534179688  0.097808837891 
      0.13199546   0.098114013672  0.098449707031 
      0.13201814   0.081176757812  0.081451416016 
      0.13204082   0.049743652344  0.049957275391 
      0.13206349  0.0093383789062 0.0094299316406 
      0.13208617  -0.032745361328 -0.032775878906 
      0.13210884  -0.069030761719 -0.069213867188 
      0.13213152  -0.092987060547 -0.093292236328 
       0.1321542   -0.10034179688  -0.10070800781 
      0.13217687      -0.08984375 -0.090148925781 
      0.13219955  -0.063232421875 -0.063507080078 
      0.13222222  -0.025268554688 -0.025451660156 
       0.1322449   0.017181396484  0.017150878906 
      0.13226757   0.056671142578  0.056732177734 
      0.13229025   0.086029052734  0.086242675781 
      0.13231293    0.10003662109   0.10034179688 
       0.1323356    0.09619140625  0.096557617188 
      0.13235828   0.075134277344  0.075500488281 
      0.13238095   0.040649414062  0.040954589844 
      0.13240363  -0.0011291503906 -0.00094604492188 
       0.1324263  -0.042785644531 -0.042724609375 
      0.13244898  -0.076812744141 -0.076934814453 
      0.13247166  -0.097137451172 -0.097381591797 
      0.13249433   -0.10012817383  -0.10049438477 
      0.13251701  -0.085235595703 -0.085632324219 
      0.13253968  -0.055084228516 -0.055450439453 
      0.13256236  -0.015106201172 -0.015350341797 
      0.13258503   0.027679443359  0.027526855469 
      0.13260771   0.065490722656  0.065490722656 
      0.13263039   0.091674804688  0.091857910156 
      0.13265306    0.10147094727   0.10177612305 
      0.13267574   0.093170166016  0.093536376953 
      0.13269841   0.068206787109  0.068603515625 
      0.13272109   0.031036376953  0.031372070312 
      0.13274376      -0.01171875 -0.011505126953 
      0.13276644  -0.052398681641 -0.052307128906 
      0.13278912  -0.083770751953 -0.083862304688 
      0.13281179   -0.10018920898  -0.10043334961 
      0.13283447  -0.098693847656 -0.099060058594 
      0.13285714  -0.079620361328 -0.080017089844 
      0.13287982  -0.046264648438 -0.046661376953 
      0.13290249  -0.0046081542969 -0.0049133300781 
      0.13292517   0.037872314453  0.037719726562 
      0.13294785   0.073608398438  0.073638916016 
      0.13297052   0.096252441406  0.096435546875 
       0.1329932    0.10171508789   0.10202026367 
      0.13301587   0.088958740234  0.089416503906 
      0.13303855   0.060333251953  0.060760498047 
      0.13306122   0.020904541016  0.021270751953 
       0.1330839  -0.022308349609 -0.022064208984 
      0.13310658    -0.0615234375 -0.061462402344 
      0.13312925  -0.089782714844 -0.089935302734 
      0.13315193   -0.10205078125  -0.10235595703 
       0.1331746  -0.096069335938 -0.096496582031 
      0.13319728  -0.072937011719 -0.073394775391 
      0.13321995  -0.036743164062    -0.037109375 
      0.13324263  0.0060729980469 0.0057678222656 
      0.13326531   0.047790527344  0.047637939453 
      0.13328798   0.081024169922    0.0810546875 
      0.13331066   0.099792480469   0.10003662109 
      0.13333333    0.10070800781   0.10110473633 
      0.13335601   0.083679199219  0.084167480469 
      0.13337868   0.051666259766  0.052124023438 
      0.13340136   0.010375976562  0.010772705078 
      0.13342404  -0.032745361328 -0.032531738281 
      0.13344671  -0.070068359375 -0.070068359375 
      0.13346939  -0.094879150391 -0.095092773438 
      0.13349206   -0.10278320312  -0.10314941406 
      0.13351474   -0.09228515625   -0.0927734375 
      0.13353741  -0.065277099609 -0.065795898438 
      0.13356009  -0.026580810547 -0.027038574219 
      0.13358277   0.016815185547  0.016540527344 
      0.13360544   0.057312011719  0.057220458984 
      0.13362812   0.087554931641  0.087738037109 
      0.13365079    0.10217285156   0.10256958008 
      0.13367347   0.098541259766  0.099060058594 
      0.13369615   0.077301025391  0.077880859375 
      0.13371882   0.042205810547  0.042755126953 
       0.1337415  -0.00042724609375 -3.0517578125e-05 
      0.13376417  -0.043029785156 -0.042846679688 
      0.13378685  -0.077941894531 -0.078033447266 
      0.13380952  -0.098968505859 -0.099273681641 
       0.1338322   -0.10229492188   -0.1028137207 
      0.13385488  -0.087341308594 -0.087982177734 
      0.13387755  -0.056793212891 -0.057434082031 
      0.13390023  -0.016052246094 -0.016571044922 
       0.1339229   0.027587890625  0.027282714844 
      0.13394558   0.066314697266  0.066284179688 
      0.13396825   0.093200683594  0.093475341797 
      0.13399093    0.10345458984   0.10394287109 
      0.13401361    0.09521484375  0.095855712891 
      0.13403628   0.069946289062  0.070648193359 
      0.13405896   0.032165527344  0.032775878906 
      0.13408163  -0.011413574219 -0.010986328125 
      0.13410431  -0.052947998047    -0.052734375 
      0.13412698  -0.085083007812 -0.085174560547 
      0.13414966   -0.10198974609  -0.10238647461 
      0.13417234   -0.10064697266  -0.10131835938 
      0.13419501  -0.081359863281 -0.082122802734 
      0.13421769  -0.047485351562 -0.048217773438 
      0.13424036  -0.0050964355469 -0.0057067871094 
      0.13426304   0.038208007812  0.037811279297 
      0.13428571   0.074737548828  0.074676513672 
      0.13430839   0.097900390625  0.098175048828 
      0.13433107    0.10360717773   0.10415649414 
      0.13435374   0.090759277344  0.091491699219 
      0.13437642   0.061676025391  0.062469482422 
      0.13439909   0.021575927734  0.022308349609 
      0.13442177  -0.022430419922 -0.021911621094 
      0.13444444          -0.0625 -0.062194824219 
      0.13446712  -0.091339111328 -0.091430664062 
       0.1344898   -0.10394287109  -0.10430908203 
      0.13451247  -0.097930908203 -0.098571777344 
      0.13453515  -0.074401855469   -0.0751953125 
      0.13455782  -0.037567138672 -0.038360595703 
       0.1345805  0.0060119628906 0.0053405761719 
      0.13460317   0.048583984375  0.048095703125 
      0.13462585   0.082458496094  0.082305908203 
      0.13464853    0.10162353516   0.10180664062 
       0.1346712    0.10263061523   0.10308837891 
      0.13469388   0.085296630859  0.085968017578 
      0.13471655   0.052673339844  0.053466796875 
      0.13473923   0.010620117188  0.011413574219 
       0.1347619  -0.033355712891 -0.032745361328 
      0.13478458  -0.071380615234 -0.071075439453 
      0.13480726  -0.096740722656   -0.0966796875 
      0.13482993   -0.10473632812  -0.10504150391 
      0.13485261  -0.094055175781 -0.094604492188 
      0.13487528  -0.066558837891 -0.067260742188 
      0.13489796  -0.027130126953 -0.027893066406 
      0.13492063   0.017211914062  0.016510009766 
      0.13494331   0.058502197266  0.057983398438 
      0.13496599    0.08935546875  0.089111328125 
      0.13498866    0.10424804688   0.10427856445 
      0.13501134    0.10052490234   0.10083007812 
      0.13503401   0.078826904297  0.079376220703 
      0.13505669   0.042999267578  0.043701171875 
      0.13507937   -0.00048828125 0.00015258789062 
      0.13510204  -0.043975830078 -0.043426513672 
      0.13512472  -0.079620361328 -0.079254150391 
      0.13514739   -0.10101318359  -0.10092163086 
      0.13517007   -0.10443115234  -0.10455322266 
      0.13519274  -0.089172363281 -0.089508056641 
      0.13521542  -0.057922363281 -0.058410644531 
       0.1352381  -0.016326904297 -0.016876220703 
      0.13526077   0.028259277344  0.027709960938 
      0.13528345   0.067779541016  0.067352294922 
      0.13530612   0.095245361328  0.095001220703 
       0.1353288    0.10568237305   0.10568237305 
      0.13535147   0.097259521484  0.097412109375 
      0.13537415   0.071411132812   0.07177734375 
      0.13539683   0.032806396484  0.033233642578 
       0.1354195  -0.011688232422 -0.011260986328 
      0.13544218  -0.054138183594 -0.053741455078 
      0.13546485  -0.086944580078 -0.086669921875 
      0.13548753    -0.1042175293  -0.10409545898 
       0.1355102   -0.10287475586  -0.10293579102 
      0.13553288  -0.083160400391 -0.083343505859 
      0.13555556  -0.048522949219 -0.048858642578 
      0.13557823  -0.0052185058594 -0.0055541992188 
      0.13560091   0.039031982422  0.038726806641 
      0.13562358   0.076354980469  0.076110839844 
      0.13564626    0.10006713867  0.099945068359 
      0.13566893    0.10586547852   0.10589599609 
      0.13569161   0.092742919922  0.092926025391 
      0.13571429   0.063049316406  0.063323974609 
      0.13573696   0.022094726562  0.022338867188 
      0.13575964  -0.022888183594 -0.022644042969 
      0.13578231  -0.063781738281 -0.063629150391 
      0.13580499  -0.093292236328  -0.09326171875 
      0.13582766   -0.10614013672  -0.10623168945 
      0.13585034   -0.10006713867  -0.10021972656 
      0.13587302  -0.076080322266 -0.076293945312 
      0.13589569  -0.038452148438 -0.038696289062 
      0.13591837  0.0060424804688     0.005859375 
      0.13594104   0.049499511719  0.049407958984 
      0.13596372   0.084136962891  0.084136962891 
      0.13598639    0.10372924805   0.10385131836 
      0.13600907    0.10482788086   0.10501098633 
      0.13603175   0.087158203125  0.087432861328 
      0.13605442   0.053924560547  0.054138183594 
       0.1360771   0.010986328125  0.011199951172 
      0.13609977  -0.033874511719 -0.033813476562 
      0.13612245   -0.07275390625 -0.072784423828 
      0.13614512  -0.098663330078 -0.098785400391 
       0.1361678   -0.10690307617  -0.10717773438 
      0.13619048  -0.096069335938 -0.096374511719 
      0.13621315  -0.068054199219 -0.068389892578 
      0.13623583   -0.02783203125 -0.028137207031 
       0.1362585   0.017333984375  0.017211914062 
      0.13628118   0.059478759766  0.059478759766 
      0.13630385   0.091033935547  0.091125488281 
      0.13632653    0.10632324219   0.10656738281 
      0.13634921    0.10256958008   0.10293579102 
      0.13637188   0.080535888672  0.080932617188 
      0.13639456   0.044097900391   0.04443359375 
      0.13641723  -0.00030517578125 -3.0517578125e-05 
      0.13643991  -0.044616699219 -0.044494628906 
      0.13646259  -0.081024169922   -0.0810546875 
      0.13648526   -0.10293579102  -0.10314941406 
      0.13650794   -0.10647583008  -0.10684204102 
      0.13653061  -0.090972900391 -0.091430664062 
      0.13655329  -0.059265136719 -0.059692382812 
      0.13657596  -0.016876220703 -0.017242431641 
      0.13659864   0.028533935547  0.028289794922 
      0.13662132    0.06884765625  0.068786621094 
      0.13664399   0.096923828125  0.097045898438 
      0.13666667    0.10763549805   0.10797119141 
      0.13668934   0.099182128906  0.099578857422 
      0.13671202   0.072967529297  0.073425292969 
      0.13673469    0.03369140625    0.0341796875 
      0.13675737  -0.011596679688  -0.01123046875 
      0.13678005  -0.054870605469 -0.054626464844 
      0.13680272   -0.08837890625 -0.088348388672 
       0.1368254   -0.10607910156  -0.10623168945 
      0.13684807   -0.10485839844   -0.1051940918 
      0.13687075  -0.084869384766 -0.085327148438 
      0.13689342  -0.049774169922 -0.050231933594 
       0.1369161  -0.0057373046875 -0.0061645507812 
      0.13693878   0.039398193359       0.0390625 
      0.13696145   0.077484130859  0.077301025391 
      0.13698413    0.10174560547   0.10174560547 
       0.1370068    0.10781860352   0.10803222656 
      0.13702948   0.094665527344  0.095031738281 
      0.13705215   0.064605712891  0.065032958984 
      0.13707483   0.022979736328       0.0234375 
      0.13709751  -0.022766113281 -0.022399902344 
      0.13712018  -0.064483642578 -0.064208984375 
      0.13714286    -0.0947265625 -0.094573974609 
      0.13716553   -0.10800170898  -0.10803222656 
      0.13718821   -0.10205078125  -0.10223388672 
      0.13721088  -0.077819824219 -0.078155517578 
      0.13723356  -0.039703369141 -0.040069580078 
      0.13725624  0.0055541992188 0.0050964355469 
      0.13727891     0.0498046875  0.049468994141 
      0.13730159   0.085205078125    0.0849609375 
      0.13732426    0.10540771484   0.10528564453 
      0.13734694    0.10678100586   0.10681152344 
      0.13736961   0.089141845703  0.089263916016 
      0.13739229   0.055511474609  0.055755615234 
      0.13741497   0.011962890625  0.012268066406 
      0.13743764  -0.033721923828 -0.033416748047 
      0.13746032  -0.073425292969 -0.073120117188 
      0.13748299   -0.10000610352 -0.099822998047 
      0.13750567   -0.10876464844  -0.10864257812 
      0.13752834  -0.098083496094 -0.098083496094 
      0.13755102  -0.069885253906 -0.069976806641 
       0.1375737  -0.029205322266 -0.029388427734 
      0.13759637   0.016723632812  0.016479492188 
      0.13761905   0.059661865234  0.059417724609 
      0.13764172   0.091979980469  0.091766357422 
       0.1376644    0.10787963867    0.1076965332 
      0.13768707    0.10452270508   0.10443115234 
      0.13770975    0.08251953125  0.082489013672 
      0.13773243   0.045715332031  0.045776367188 
       0.1377551  0.00079345703125 0.00088500976562 
      0.13777778  -0.044311523438 -0.044158935547 
      0.13780045  -0.081481933594 -0.081359863281 
      0.13782313   -0.10415649414  -0.10400390625 
       0.1378458   -0.10821533203  -0.10806274414 
      0.13786848  -0.092956542969 -0.092834472656 
      0.13789116  -0.061065673828  -0.06103515625 
      0.13791383  -0.018310546875 -0.018280029297 
      0.13793651   0.027770996094  0.027740478516 
      0.13795918   0.068878173828   0.06884765625 
      0.13798186   0.097686767578      0.09765625 
      0.13800454    0.10906982422   0.10897827148 
      0.13802721    0.10095214844   0.10089111328 
      0.13804989   0.074829101562  0.074768066406 
      0.13807256   0.035339355469  0.035247802734 
      0.13809524  -0.010498046875 -0.010559082031 
      0.13811791  -0.054443359375 -0.054534912109 
      0.13814059  -0.088684082031 -0.088745117188 
      0.13816327   -0.10708618164  -0.10711669922 
      0.13818594   -0.10638427734  -0.10635375977 
      0.13820862  -0.086639404297 -0.086608886719 
      0.13823129  -0.051422119141 -0.051361083984 
      0.13825397  -0.0070190429688 -0.0069274902344 
      0.13827664   0.038635253906  0.038757324219 
      0.13829932   0.077423095703  0.077545166016 
        0.138322    0.10238647461   0.10247802734 
      0.13834467    0.10900878906   0.10913085938 
      0.13836735   0.096221923828  0.096221923828 
      0.13839002   0.066192626953  0.066162109375 
       0.1384127   0.024353027344  0.024291992188 
      0.13843537  -0.021850585938 -0.022003173828 
      0.13845805  -0.064147949219 -0.064331054688 
      0.13848073  -0.095001220703  -0.09521484375 
       0.1385034   -0.10888671875  -0.10906982422 
      0.13852608   -0.10330200195  -0.10342407227 
      0.13854875  -0.079254150391 -0.079315185547 
      0.13857143  -0.041046142578 -0.041046142578 
       0.1385941  0.0045166015625 0.0046081542969 
      0.13861678   0.049285888672  0.049468994141 
      0.13863946   0.085235595703  0.085479736328 
      0.13866213    0.10598754883   0.10623168945 
      0.13868481    0.10778808594   0.10797119141 
      0.13870748    0.09033203125  0.090454101562 
      0.13873016   0.056732177734  0.056793212891 
      0.13875283   0.012939453125  0.012908935547 
      0.13877551  -0.033142089844 -0.033264160156 
      0.13879819  -0.073303222656 -0.073516845703 
      0.13882086   -0.10040283203  -0.10067749023 
      0.13884354   -0.10955810547  -0.10980224609 
      0.13886621   -0.09912109375 -0.099334716797 
      0.13888889  -0.070953369141 -0.071105957031 
      0.13891156  -0.030090332031 -0.030151367188 
      0.13893424    0.01611328125  0.016204833984 
      0.13895692   0.059509277344  0.059692382812 
      0.13897959    0.09228515625  0.092498779297 
      0.13900227    0.10858154297   0.10879516602 
      0.13902494    0.10543823242   0.10568237305 
      0.13904762   0.083435058594  0.083648681641 
      0.13907029   0.046539306641  0.046630859375 
      0.13909297  0.0013122558594 0.0013122558594 
      0.13911565  -0.044189453125 -0.044281005859 
      0.13913832  -0.081787109375 -0.082000732422 
        0.139161   -0.10482788086  -0.10507202148 
      0.13918367    -0.1091003418  -0.10934448242 
      0.13920635  -0.093872070312 -0.094055175781 
      0.13922902  -0.061859130859 -0.061981201172 
       0.1392517  -0.018798828125 -0.018798828125 
      0.13927438   0.027679443359  0.027740478516 
      0.13929705   0.069183349609  0.069366455078 
      0.13931973   0.098419189453    0.0986328125 
       0.1393424    0.11001586914   0.11022949219 
      0.13936508    0.10195922852   0.10211181641 
      0.13938776    0.07568359375  0.075805664062 
      0.13941043   0.035888671875  0.035888671875 
      0.13943311  -0.010375976562 -0.010467529297 
      0.13945578  -0.054779052734 -0.054931640625 
      0.13947846  -0.089447021484 -0.089630126953 
      0.13950113    -0.1081237793  -0.10833740234 
      0.13952381   -0.10748291016  -0.10763549805 
      0.13954649  -0.087585449219 -0.087707519531 
      0.13956916  -0.052093505859 -0.052124023438 
      0.13959184  -0.0072326660156 -0.0071716308594 
      0.13961451   0.038940429688       0.0390625 
      0.13963719   0.078155517578  0.078338623047 
      0.13965986    0.10342407227   0.10360717773 
      0.13968254    0.11026000977   0.11041259766 
      0.13970522   0.097351074219  0.097442626953 
      0.13972789   0.067047119141  0.067047119141 
      0.13975057   0.024780273438  0.024658203125 
      0.13977324   -0.02197265625 -0.022155761719 
      0.13979592  -0.064788818359 -0.064971923828 
      0.13981859  -0.096069335938 -0.096252441406 
      0.13984127   -0.11019897461   -0.1103515625 
      0.13986395   -0.10461425781  -0.10467529297 
      0.13988662  -0.080383300781 -0.080352783203 
       0.1399093  -0.041748046875 -0.041625976562 
      0.13993197  0.0043640136719 0.0045471191406 
      0.13995465   0.049713134766  0.049926757812 
      0.13997732   0.086181640625  0.086395263672 
            0.14    0.10729980469   0.10745239258 
      0.14002268    0.10919189453   0.10928344727 
      0.14004535   0.091613769531  0.091613769531 
      0.14006803   0.057678222656  0.057556152344 
       0.1400907   0.013397216797  0.013214111328 
      0.14011338  -0.033264160156 -0.033508300781 
      0.14013605  -0.074005126953 -0.074249267578 
      0.14015873       -0.1015625  -0.10171508789 
      0.14018141   -0.11099243164   -0.1110534668 
      0.14020408   -0.10055541992  -0.10052490234 
      0.14022676  -0.072174072266 -0.072052001953 
      0.14024943  -0.030914306641 -0.030670166016 
      0.14027211   0.015930175781  0.016204833984 
      0.14029478   0.059844970703  0.060150146484 
      0.14031746   0.093139648438  0.093414306641 
      0.14034014    0.10980224609   0.10995483398 
      0.14036281    0.10687255859   0.10687255859 
      0.14038549   0.084808349609  0.084655761719 
      0.14040816   0.047607421875  0.047393798828 
      0.14043084  0.0019226074219 0.0015563964844 
      0.14045351  -0.044128417969 -0.044464111328 
      0.14047619  -0.082305908203 -0.082641601562 
      0.14049887    -0.1057434082  -0.10598754883 
      0.14052154   -0.11038208008  -0.11041259766 
      0.14054422   -0.09521484375 -0.095123291016 
      0.14056689  -0.063079833984 -0.062835693359 
      0.14058957  -0.019714355469 -0.019348144531 
      0.14061224   0.027252197266  0.027648925781 
      0.14063492   0.069274902344  0.069671630859 
       0.1406576   0.098937988281  0.099243164062 
      0.14068027    0.11093139648   0.11108398438 
      0.14070295    0.10311889648   0.10308837891 
      0.14072562   0.076873779297   0.07666015625 
       0.1407483   0.036895751953  0.036590576172 
      0.14077098  -0.0096435546875 -0.010070800781 
      0.14079365  -0.054473876953 -0.054901123047 
      0.14081633  -0.089569091797 -0.089935302734 
        0.140839   -0.10864257812  -0.10888671875 
      0.14086168   -0.10830688477   -0.1083984375 
      0.14088435  -0.088653564453 -0.088531494141 
      0.14090703  -0.053100585938 -0.052856445312 
      0.14092971  -0.0081176757812 -0.0077514648438 
      0.14095238   0.038269042969  0.038726806641 
      0.14097506   0.077880859375  0.078277587891 
      0.14099773      0.103515625   0.10385131836 
      0.14102041    0.11068725586   0.11087036133 
      0.14104308   0.098052978516  0.098052978516 
      0.14106576   0.067901611328  0.067718505859 
      0.14108844   0.025634765625  0.025329589844 
      0.14111111  -0.021179199219 -0.021606445312 
      0.14113379  -0.064239501953 -0.064666748047 
      0.14115646  -0.095764160156 -0.096160888672 
      0.14117914   -0.11019897461  -0.11047363281 
      0.14120181   -0.10488891602  -0.10504150391 
      0.14122449  -0.080871582031 -0.080810546875 
      0.14124717  -0.042388916016 -0.042175292969 
      0.14126984   0.003662109375 0.0039978027344 
      0.14129252   0.049011230469  0.049468994141 
      0.14131519   0.085632324219  0.086029052734 
      0.14133787    0.10690307617   0.10726928711 
      0.14136054    0.10906982422   0.10928344727 
      0.14138322   0.091705322266  0.091827392578 
       0.1414059   0.057983398438  0.057922363281 
      0.14142857   0.013885498047     0.013671875 
      0.14145125  -0.032684326172 -0.033020019531 
      0.14147392  -0.073364257812  -0.07373046875 
       0.1414966   -0.10095214844  -0.10131835938 
      0.14151927   -0.11047363281  -0.11080932617 
      0.14154195   -0.10025024414  -0.10046386719 
      0.14156463  -0.072082519531 -0.072174072266 
       0.1415873  -0.031036376953 -0.030944824219 
      0.14160998   0.015563964844  0.015777587891 
      0.14163265   0.059356689453  0.059661865234 
      0.14165533   0.092559814453  0.092895507812 
        0.141678    0.10916137695   0.10949707031 
      0.14170068    0.10623168945   0.10653686523 
      0.14172336   0.084320068359  0.084503173828 
      0.14174603   0.047332763672  0.047393798828 
      0.14176871  0.0018615722656 0.0018005371094 
      0.14179138  -0.043914794922 -0.044067382812 
      0.14181406  -0.081848144531 -0.082122802734 
      0.14183673   -0.10516357422  -0.10543823242 
      0.14185941   -0.10961914062  -0.10992431641 
      0.14188209  -0.094512939453 -0.094757080078 
      0.14190476          -0.0625 -0.062652587891 
      0.14192744  -0.019256591797 -0.019348144531 
      0.14195011   0.027435302734  0.027435302734 
      0.14197279   0.069183349609  0.069305419922 
      0.14199546   0.098571777344  0.098754882812 
      0.14201814     0.1103515625   0.11059570312 
      0.14204082    0.10238647461   0.10263061523 
      0.14206349   0.076080322266  0.076324462891 
      0.14208617   0.036163330078  0.036346435547 
      0.14210884  -0.010223388672 -0.010101318359 
      0.14213152  -0.054809570312 -0.054718017578 
       0.1421542  -0.089599609375 -0.089630126953 
      0.14217687   -0.10833740234  -0.10845947266 
      0.14219955   -0.10778808594  -0.10794067383 
      0.14222222     -0.087890625 -0.088073730469 
       0.1422449  -0.052307128906 -0.052520751953 
      0.14226757   -0.00732421875 -0.0075073242188 
      0.14229025   0.038970947266  0.038787841797 
      0.14231293   0.078308105469  0.078186035156 
       0.1423356    0.10366821289   0.10363769531 
      0.14235828    0.11050415039   0.11050415039 
      0.14238095   0.097595214844  0.097686767578 
      0.14240363   0.067169189453  0.067352294922 
       0.1424263   0.024780273438  0.024993896484 
      0.14244898  -0.022064208984 -0.021850585938 
      0.14247166  -0.064971923828 -0.064788818359 
      0.14249433  -0.096313476562 -0.096160888672 
      0.14251701   -0.11044311523   -0.1103515625 
      0.14253968   -0.10482788086  -0.10482788086 
      0.14256236  -0.080505371094 -0.080535888672 
      0.14258503  -0.041717529297 -0.041900634766 
      0.14260771  0.0044860839844 0.0042724609375 
      0.14263039   0.049896240234  0.049713134766 
      0.14265306   0.086456298828  0.086242675781 
      0.14267574    0.10754394531   0.10736083984 
      0.14269841    0.10943603516   0.10931396484 
      0.14272109   0.091766357422  0.091735839844 
      0.14274376   0.057739257812  0.057739257812 
      0.14276644   0.013366699219  0.013458251953 
      0.14278912  -0.033477783203 -0.033233642578 
      0.14281179  -0.074279785156 -0.074035644531 
      0.14283447    -0.1018371582  -0.10159301758 
      0.14285714   -0.11123657227  -0.11102294922 
      0.14287982   -0.10076904297  -0.10061645508 
      0.14290249     -0.072265625 -0.072204589844 
      0.14292517  -0.030853271484 -0.030914306641 
      0.14294785   0.016052246094  0.015930175781 
      0.14297052   0.060119628906  0.059906005859 
       0.1429932   0.093475341797  0.093200683594 
      0.14301587    0.11010742188   0.10983276367 
      0.14303855    0.10711669922   0.10684204102 
      0.14306122     0.0849609375  0.084808349609 
       0.1430839   0.047668457031  0.047576904297 
      0.14310658  0.0018310546875 0.0018310546875 
      0.14312925  -0.044311523438 -0.044189453125 
      0.14315193  -0.082611083984 -0.082366943359 
       0.1431746   -0.10607910156  -0.10580444336 
      0.14319728    -0.1106262207  -0.11038208008 
      0.14321995  -0.095458984375 -0.095153808594 
      0.14324263  -0.063201904297 -0.063018798828 
      0.14326531  -0.019683837891 -0.019561767578 
      0.14328798       0.02734375      0.02734375 
      0.14331066   0.069519042969  0.069396972656 
      0.14333333   0.099243164062  0.099060058594 
      0.14335601    0.11126708984   0.11099243164 
      0.14337868    0.10339355469   0.10314941406 
      0.14340136   0.077087402344  0.076843261719 
      0.14342404   0.037017822266  0.036804199219 
      0.14344671  -0.0096435546875 -0.0097961425781 
      0.14346939  -0.054626464844 -0.054626464844 
      0.14349206      -0.08984375 -0.089721679688 
      0.14351474   -0.10897827148  -0.10882568359 
      0.14353741    -0.1086730957  -0.10842895508 
      0.14356009  -0.088958740234 -0.088653564453 
      0.14358277  -0.053344726562 -0.053100585938 
      0.14360544  -0.0082397460938 -0.0080261230469 
      0.14362812   0.038299560547  0.038452148438 
      0.14365079   0.078063964844  0.078094482422 
      0.14367347    0.10382080078   0.10375976562 
      0.14369615     0.1110534668   0.11093139648 
      0.14371882   0.098449707031  0.098266601562 
       0.1437415   0.068267822266  0.067993164062 
      0.14376417   0.025909423828  0.025665283203 
      0.14378685  -0.021057128906 -0.021301269531 
      0.14380952  -0.064270019531    -0.064453125 
       0.1438322  -0.095977783203 -0.096099853516 
      0.14385488   -0.11053466797  -0.11053466797 
      0.14387755   -0.10537719727  -0.10525512695 
      0.14390023  -0.081359863281 -0.081176757812 
       0.1439229  -0.042816162109 -0.042572021484 
      0.14394558  0.0033264160156 0.0036010742188 
      0.14396825   0.048919677734  0.049163818359 
      0.14399093   0.085693359375  0.085906982422 
      0.14401361     0.1071472168   0.10733032227 
      0.14403628    0.10949707031   0.10955810547 
      0.14405896    0.09228515625  0.092224121094 
      0.14408163   0.058563232422  0.058410644531 
      0.14410431   0.014434814453   0.01416015625 
      0.14412698  -0.032287597656 -0.032562255859 
      0.14414966  -0.073211669922 -0.073516845703 
      0.14417234   -0.10110473633  -0.10131835938 
      0.14419501   -0.11087036133  -0.11099243164 
      0.14421769   -0.10083007812   -0.1008605957 
      0.14424036  -0.072814941406 -0.072723388672 
      0.14426304   -0.03173828125 -0.031616210938 
      0.14428571   0.014923095703  0.015167236328 
      0.14430839   0.058929443359  0.059204101562 
      0.14433107   0.092407226562  0.092681884766 
      0.14435374    0.10934448242   0.10958862305 
      0.14437642     0.1067199707   0.10690307617 
      0.14439909   0.085052490234  0.085144042969 
      0.14442177   0.048187255859  0.048156738281 
      0.14444444  0.0027160644531 0.0025634765625 
      0.14446712  -0.043182373047 -0.043426513672 
       0.1444898  -0.081390380859 -0.081665039062 
      0.14451247   -0.10504150391  -0.10528564453 
      0.14453515   -0.10986328125  -0.11013793945 
      0.14455782  -0.095092773438 -0.095275878906 
       0.1445805  -0.063354492188 -0.063446044922 
      0.14460317  -0.020233154297 -0.020233154297 
      0.14462585   0.026458740234  0.026580810547 
      0.14464853   0.068389892578  0.068603515625 
       0.1446712    0.09814453125  0.098358154297 
      0.14469388    0.11026000977   0.11053466797 
      0.14471655    0.10275268555   0.10299682617 
      0.14473923   0.076843261719  0.076995849609 
       0.1447619   0.037231445312  0.037292480469 
      0.14478458  -0.0090637207031 -0.0090637207031 
      0.14480726    -0.0537109375 -0.053802490234 
      0.14482993  -0.088745117188 -0.088897705078 
      0.14485261   -0.10794067383   -0.1081237793 
      0.14487528   -0.10778808594  -0.10800170898 
      0.14489796  -0.088409423828 -0.088592529297 
      0.14492063  -0.053192138672 -0.053344726562 
      0.14494331  -0.008544921875 -0.0086059570312 
      0.14496599   0.037689208984  0.037689208984 
      0.14498866     0.0771484375  0.077239990234 
      0.14501134    0.10284423828   0.10299682617 
      0.14503401    0.11010742188   0.11029052734 
      0.14505669   0.097747802734  0.097900390625 
      0.14507937   0.067840576172  0.068023681641 
      0.14510204    0.02587890625  0.025970458984 
      0.14512472  -0.020721435547 -0.020660400391 
      0.14514739  -0.063598632812 -0.063629150391 
      0.14517007  -0.095153808594  -0.09521484375 
      0.14519274    -0.1096496582  -0.10977172852 
      0.14521542   -0.10461425781  -0.10473632812 
       0.1452381  -0.080810546875 -0.080963134766 
      0.14526077  -0.042633056641 -0.042663574219 
      0.14528345  0.0032043457031 0.0031433105469 
      0.14530612   0.048461914062  0.048431396484 
       0.1453288   0.085083007812  0.085083007812 
      0.14535147     0.1064453125   0.10650634766 
      0.14537415    0.10882568359   0.10885620117 
      0.14539683   0.091735839844     0.091796875 
       0.1454195   0.058288574219  0.058319091797 
      0.14544218   0.014404296875  0.014404296875 
      0.14546485  -0.032043457031 -0.032043457031 
      0.14548753  -0.072784423828 -0.072814941406 
       0.1455102   -0.10049438477  -0.10055541992 
      0.14553288   -0.11029052734  -0.11032104492 
      0.14555556   -0.10034179688  -0.10037231445 
      0.14557823  -0.072479248047 -0.072509765625 
      0.14560091  -0.031707763672 -0.031677246094 
      0.14562358   0.014770507812  0.014831542969 
      0.14564626       0.05859375  0.058685302734 
      0.14566893   0.091979980469  0.092071533203 
      0.14569161    0.10891723633   0.10897827148 
      0.14571429    0.10638427734   0.10641479492 
      0.14573696   0.084869384766  0.084899902344 
      0.14575964   0.048217773438  0.048156738281 
      0.14578231  0.0028991699219 0.0028076171875 
      0.14580499  -0.042907714844 -0.043029785156 
      0.14582766    -0.0810546875 -0.081176757812 
      0.14585034   -0.10470581055  -0.10482788086 
      0.14587302   -0.10968017578  -0.10977172852 
      0.14589569  -0.095062255859 -0.095123291016 
      0.14591837    -0.0634765625 -0.063446044922 
      0.14594104  -0.020568847656 -0.020446777344 
      0.14596372   0.026031494141  0.026245117188 
      0.14598639   0.067993164062  0.068176269531 
      0.14600907   0.097778320312  0.097991943359 
      0.14603175    0.11010742188   0.11029052734 
      0.14605442    0.10278320312   0.10290527344 
       0.1460771   0.077117919922  0.077178955078 
      0.14609977   0.037689208984   0.03759765625 
      0.14612245  -0.0084838867188 -0.0086364746094 
      0.14614512  -0.053161621094 -0.053375244141 
       0.1461678  -0.088317871094 -0.088592529297 
      0.14619048    -0.1076965332  -0.10797119141 
      0.14621315   -0.10781860352  -0.10806274414 
      0.14623583  -0.088745117188 -0.088897705078 
       0.1462585  -0.053833007812 -0.053833007812 
      0.14628118   -0.00927734375 -0.0091857910156 
      0.14630385   0.036926269531     0.037109375 
      0.14632653   0.076507568359  0.076782226562 
      0.14634921    0.10241699219   0.10275268555 
      0.14637188     0.1100769043   0.11038208008 
      0.14639456   0.098083496094  0.098297119141 
      0.14641723   0.068572998047  0.068725585938 
      0.14643991   0.026824951172  0.026824951172 
      0.14646259  -0.019714355469 -0.019805908203 
      0.14648526  -0.062713623047 -0.062957763672 
      0.14650794  -0.094512939453 -0.094818115234 
      0.14653061   -0.10943603516  -0.10977172852 
      0.14655329   -0.10479736328  -0.10513305664 
      0.14657596  -0.081481933594 -0.081695556641 
      0.14659864  -0.043640136719 -0.043762207031 
      0.14662132  0.0020141601562 0.0020141601562 
      0.14664399   0.047302246094  0.047424316406 
      0.14666667   0.084106445312  0.084381103516 
      0.14668934    0.10592651367   0.10620117188 
      0.14671202    0.10879516602    0.1091003418 
      0.14673469   0.092254638672  0.092529296875 
      0.14675737   0.059265136719  0.059417724609 
      0.14678005   0.015716552734  0.015747070312 
      0.14680272  -0.030670166016 -0.030700683594 
       0.1468254  -0.071533203125 -0.071685791016 
      0.14684807     -0.099609375 -0.099853515625 
      0.14687075   -0.10989379883  -0.11016845703 
      0.14689342   -0.10055541992  -0.10083007812 
       0.1469161  -0.073272705078 -0.073516845703 
      0.14693878  -0.032928466797 -0.033081054688 
      0.14696145   0.013305664062  0.013275146484 
      0.14698413   0.057098388672  0.057189941406 
       0.1470068   0.090728759766  0.090911865234 
      0.14702948     0.1081237793   0.10836791992 
      0.14705215    0.10620117188   0.10647583008 
      0.14707483   0.085357666016  0.085571289062 
      0.14709751   0.049224853516  0.049407958984 
      0.14712018  0.0043640136719 0.0044250488281 
      0.14714286  -0.041290283203 -0.041290283203 
      0.14716553  -0.079528808594 -0.079681396484 
      0.14718821     -0.103515625  -0.10375976562 
      0.14721088   -0.10906982422  -0.10931396484 
      0.14723356  -0.095123291016 -0.095336914062 
      0.14725624  -0.064178466797 -0.064361572266 
      0.14727891  -0.021789550781 -0.021881103516 
      0.14730159   0.024475097656  0.024475097656 
      0.14732426   0.066314697266      0.06640625 
      0.14734694   0.096374511719  0.096496582031 
      0.14736961    0.10913085938   0.10931396484 
      0.14739229    0.10241699219   0.10260009766 
      0.14741497   0.077423095703  0.077575683594 
      0.14743764    0.03857421875  0.038696289062 
      0.14746032  -0.0071105957031 -0.007080078125 
      0.14748299  -0.051513671875 -0.051574707031 
      0.14750567  -0.086700439453 -0.086853027344 
      0.14752834   -0.10638427734  -0.10656738281 
      0.14755102   -0.10702514648  -0.10726928711 
       0.1475737  -0.088592529297 -0.088775634766 
      0.14759637  -0.054321289062 -0.054412841797 
      0.14761905  -0.010345458984 -0.010406494141 
      0.14764172   0.035461425781  0.035461425781 
       0.1476644   0.074951171875  0.075042724609 
      0.14768707    0.10098266602   0.10113525391 
      0.14770975    0.10900878906   0.10919189453 
      0.14773243   0.097473144531  0.097686767578 
       0.1477551   0.068603515625  0.068786621094 
      0.14777778   0.027435302734  0.027557373047 
      0.14780045  -0.018615722656   -0.0185546875 
      0.14782313  -0.061309814453 -0.061340332031 
       0.1478458  -0.093078613281 -0.093139648438 
      0.14786848   -0.10818481445  -0.10833740234 
      0.14789116   -0.10394287109  -0.10415649414 
      0.14791383  -0.081176757812 -0.081359863281 
      0.14793651  -0.043823242188 -0.044067382812 
      0.14795918  0.0013122558594 0.0011596679688 
      0.14798186   0.046203613281  0.046081542969 
      0.14800454   0.082855224609  0.082824707031 
      0.14802721    0.10470581055    0.1047668457 
      0.14804989    0.10781860352   0.10797119141 
      0.14807256   0.091674804688  0.091888427734 
      0.14809524   0.059143066406  0.059356689453 
      0.14811791   0.016052246094  0.016296386719 
      0.14814059  -0.029907226562 -0.029693603516 
      0.14816327  -0.070526123047 -0.070373535156 
      0.14818594  -0.098541259766 -0.098480224609 
      0.14820862   -0.10897827148  -0.10897827148 
      0.14823129  -0.099884033203  -0.10000610352 
      0.14825397  -0.073028564453 -0.073181152344 
      0.14827664  -0.033111572266 -0.033294677734 
      0.14829932   0.012756347656  0.012542724609 
        0.148322   0.056335449219  0.056121826172 
      0.14834467       0.08984375  0.089660644531 
      0.14836735    0.10733032227   0.10717773438 
      0.14839002    0.10559082031   0.10559082031 
       0.1484127   0.085052490234  0.085113525391 
      0.14843537   0.049285888672  0.049407958984 
      0.14845805  0.0047302246094 0.0049438476562 
      0.14848073  -0.040679931641 -0.040435791016 
       0.1485034  -0.078796386719 -0.078582763672 
      0.14852608   -0.10287475586  -0.10263061523 
      0.14854875   -0.10858154297  -0.10842895508 
      0.14857143  -0.094909667969 -0.094787597656 
       0.1485941  -0.064270019531 -0.064270019531 
      0.14861678  -0.022155761719 -0.022247314453 
      0.14863946   0.023895263672  0.023712158203 
      0.14866213   0.065643310547    0.0654296875 
      0.14868481   0.095733642578  0.095458984375 
      0.14870748     0.1086730957   0.10842895508 
      0.14873016    0.10220336914   0.10202026367 
      0.14875283   0.077545166016  0.077392578125 
      0.14877551   0.039031982422  0.038970947266 
      0.14879819  -0.0064392089844 -0.0064392089844 
      0.14882086      -0.05078125 -0.050659179688 
      0.14884354  -0.086029052734 -0.085815429688 
      0.14886621   -0.10592651367  -0.10568237305 
      0.14888889   -0.10687255859  -0.10662841797 
      0.14891156  -0.088775634766 -0.088500976562 
      0.14893424  -0.054840087891 -0.054626464844 
      0.14895692  -0.011108398438 -0.010986328125 
      0.14897959   0.034606933594  0.034637451172 
      0.14900227   0.074127197266  0.074035644531 
      0.14902494    0.10034179688   0.10021972656 
      0.14904762     0.1086730957   0.10848999023 
      0.14907029   0.097625732422  0.097351074219 
      0.14909297   0.069122314453  0.068878173828 
      0.14911565     0.0283203125  0.028076171875 
      0.14913832  -0.017547607422 -0.017700195312 
        0.149161  -0.060272216797 -0.060363769531 
      0.14918367  -0.092193603516 -0.092193603516 
      0.14920635   -0.10763549805  -0.10754394531 
      0.14922902   -0.10388183594  -0.10369873047 
       0.1492517   -0.08154296875 -0.081359863281 
      0.14927438  -0.044677734375 -0.044464111328 
      0.14929705  0.0001220703125 0.00033569335938 
      0.14931973      0.044921875  0.045074462891 
       0.1493424   0.081695556641  0.081787109375 
      0.14936508    0.10385131836   0.10382080078 
      0.14938776      0.107421875   0.10739135742 
      0.14941043   0.091857910156  0.091735839844 
      0.14943311   0.059844970703  0.059661865234 
      0.14945578   0.017181396484  0.016998291016 
      0.14947846  -0.028533935547 -0.028686523438 
      0.14950113  -0.069122314453 -0.069274902344 
      0.14952381  -0.097381591797 -0.097473144531 
      0.14954649   -0.10818481445  -0.10821533203 
      0.14956916  -0.099700927734 -0.099700927734 
      0.14959184  -0.073425292969 -0.073333740234 
      0.14961451  -0.034027099609 -0.033905029297 
      0.14963719   0.011413574219  0.011596679688 
      0.14965986   0.054809570312  0.054992675781 
      0.14968254    0.08837890625  0.088531494141 
      0.14970522     0.1061706543   0.10629272461 
      0.14972789    0.10498046875   0.10507202148 
      0.14975057   0.085021972656  0.085083007812 
      0.14977324   0.049926757812  0.049896240234 
      0.14979592      0.005859375 0.0057983398438 
      0.14981859  -0.039184570312 -0.039276123047 
      0.14984127  -0.077209472656 -0.077331542969 
      0.14986395   -0.10147094727  -0.10159301758 
      0.14988662   -0.10757446289  -0.10766601562 
       0.1499093  -0.094482421875 -0.094543457031 
      0.14993197     -0.064453125 -0.064544677734 
      0.14995465  -0.023010253906 -0.023010253906 
      0.14997732   0.022583007812  0.022583007812 
            0.15   0.064117431641  0.064147949219 
      0.15002268   0.094177246094  0.094268798828 
      0.15004535      0.107421875   0.10751342773 
      0.15006803    0.10147094727   0.10150146484 
       0.1500907   0.077392578125  0.077392578125 
      0.15011338   0.039489746094  0.039520263672 
      0.15013605  -0.0054321289062 -0.0054321289062 
      0.15015873  -0.049377441406 -0.049346923828 
      0.15018141  -0.084503173828 -0.084503173828 
      0.15020408    -0.1044921875   -0.1044921875 
      0.15022676   -0.10586547852  -0.10583496094 
      0.15024943  -0.088287353516 -0.088287353516 
      0.15027211  -0.054931640625 -0.054931640625 
      0.15029478  -0.011840820312 -0.011871337891 
      0.15031746   0.033416748047  0.033355712891 
      0.15034014   0.072662353516  0.072601318359 
      0.15036281   0.098907470703  0.098815917969 
      0.15038549    0.10751342773   0.10739135742 
      0.15040816   0.096893310547  0.096801757812 
      0.15043084   0.069000244141  0.068878173828 
      0.15045351   0.028747558594  0.028717041016 
      0.15047619  -0.016571044922   -0.0166015625 
      0.15049887  -0.058929443359 -0.058898925781 
      0.15052154  -0.090759277344 -0.090667724609 
      0.15054422   -0.10635375977  -0.10623168945 
      0.15056689   -0.10296630859   -0.1028137207 
      0.15058957  -0.081207275391 -0.081024169922 
      0.15061224  -0.044982910156 -0.044799804688 
      0.15063492  -0.00070190429688 -0.00054931640625 
       0.1506576   0.043670654297  0.043731689453 
      0.15068027   0.080230712891  0.080230712891 
      0.15070295    0.10244750977   0.10232543945 
      0.15072562    0.10638427734   0.10614013672 
       0.1507483    0.09130859375  0.091033935547 
      0.15077098   0.059967041016  0.059661865234 
      0.15079365   0.017883300781  0.017639160156 
      0.15081633  -0.027313232422 -0.027526855469 
        0.150839  -0.067626953125 -0.067718505859 
      0.15086168  -0.095855712891 -0.095794677734 
      0.15088435   -0.10690307617  -0.10675048828 
      0.15090703  -0.098937988281 -0.098663330078 
      0.15092971  -0.073303222656 -0.072937011719 
      0.15095238  -0.034576416016 -0.034149169922 
      0.15097506   0.010314941406  0.010620117188 
      0.15099773   0.053314208984  0.053527832031 
      0.15102041   0.086761474609  0.086853027344 
      0.15104308    0.10470581055   0.10467529297 
      0.15106576    0.10394287109   0.10372924805 
      0.15108844   0.084625244141  0.084289550781 
      0.15111111   0.050231933594  0.049774169922 
      0.15113379  0.0068664550781 0.0064392089844 
      0.15115646  -0.037658691406 -0.038055419922 
      0.15117914  -0.075439453125 -0.075744628906 
      0.15120181  -0.099731445312 -0.099853515625 
      0.15122449    -0.1061706543  -0.10614013672 
      0.15124717  -0.093719482422 -0.093444824219 
      0.15126984  -0.064483642578 -0.064086914062 
      0.15129252  -0.023803710938 -0.023284912109 
      0.15131519   0.021148681641  0.021667480469 
      0.15133787   0.062225341797  0.062713623047 
      0.15136054   0.092193603516  0.092498779297 
      0.15138322    0.10568237305   0.10580444336 
       0.1514059    0.10028076172   0.10018920898 
      0.15142857   0.076995849609  0.076690673828 
      0.15145125   0.039947509766  0.039489746094 
      0.15147392  -0.0042114257812 -0.0047607421875 
       0.1514966  -0.047546386719 -0.048095703125 
      0.15151927  -0.082336425781 -0.082885742188 
      0.15154195   -0.10244750977   -0.1028137207 
      0.15156463   -0.10424804688  -0.10440063477 
       0.1515873   -0.08740234375 -0.087310791016 
      0.15160998  -0.054962158203 -0.054656982422 
      0.15163265  -0.012756347656  -0.01220703125 
      0.15165533   0.031677246094  0.032348632812 
        0.151678   0.070495605469  0.071105957031 
      0.15170068   0.096618652344   0.09716796875 
      0.15172336    0.10549926758   0.10586547852 
      0.15174603   0.095520019531  0.095672607422 
      0.15176871   0.068481445312  0.068389892578 
      0.15179138   0.029235839844  0.028839111328 
      0.15181406  -0.015197753906 -0.015777587891 
      0.15183673  -0.056884765625 -0.057586669922 
      0.15185941  -0.088409423828 -0.089111328125 
      0.15188209   -0.10409545898  -0.10470581055 
      0.15190476   -0.10116577148  -0.10159301758 
      0.15192744  -0.080230712891 -0.080322265625 
      0.15195011     -0.044921875 -0.044738769531 
      0.15197279  -0.0016174316406 -0.0011901855469 
      0.15199546   0.041961669922  0.042602539062 
      0.15201814   0.078002929688  0.078735351562 
      0.15204082    0.10009765625   0.10079956055 
      0.15206349    0.10427856445   0.10488891602 
      0.15208617   0.089874267578  0.090270996094 
      0.15210884   0.059356689453  0.059509277344 
      0.15213152   0.018341064453  0.018096923828 
       0.1521542  -0.025970458984 -0.026458740234 
      0.15217687  -0.065643310547 -0.066345214844 
      0.15219955  -0.093566894531 -0.094329833984 
      0.15222222   -0.10473632812  -0.10549926758 
       0.1522449  -0.097229003906 -0.097808837891 
      0.15226757  -0.072357177734 -0.072662353516 
      0.15229025  -0.034545898438 -0.034606933594 
      0.15231293  0.0093994140625 0.0097045898438 
       0.1523356   0.051635742188  0.052185058594 
      0.15235828   0.084625244141  0.085388183594 
      0.15238095    0.10247802734   0.10333251953 
      0.15240363    0.10205078125   0.10278320312 
       0.1524263   0.083404541016  0.083953857422 
      0.15244898   0.049835205078  0.050109863281 
      0.15247166  0.0073852539062 0.0073852539062 
      0.15249433  -0.036346435547 -0.036712646484 
      0.15251701  -0.073547363281 -0.074157714844 
      0.15253968      -0.09765625 -0.098388671875 
      0.15256236   -0.10427856445  -0.10504150391 
      0.15258503  -0.092315673828 -0.092987060547 
      0.15260771  -0.063842773438 -0.064300537109 
      0.15263039  -0.023986816406 -0.024200439453 
      0.15265306   0.020141601562  0.020263671875 
      0.15267574   0.060607910156  0.061065673828 
      0.15269841   0.090301513672  0.090972900391 
      0.15272109    0.10382080078   0.10455322266 
      0.15274376   0.098815917969  0.099548339844 
      0.15276644   0.076141357422  0.076751708984 
      0.15278912   0.039916992188  0.040283203125 
      0.15281179  -0.0034484863281 -0.0033569335938 
      0.15283447  -0.046203613281  -0.04638671875 
      0.15285714  -0.080627441406 -0.081085205078 
      0.15287982   -0.10067749023  -0.10131835938 
      0.15290249   -0.10275268555  -0.10345458984 
      0.15292517  -0.086486816406 -0.087158203125 
      0.15294785  -0.054748535156 -0.055236816406 
      0.15297052  -0.013275146484 -0.013519287109 
       0.1529932   0.030517578125  0.030578613281 
      0.15301587   0.068878173828  0.069183349609 
      0.15303855   0.094940185547  0.095489501953 
      0.15306122    0.10403442383   0.10464477539 
       0.1530839   0.094543457031  0.095153808594 
      0.15310658   0.068176269531  0.068695068359 
      0.15312925   0.029663085938  0.029968261719 
      0.15315193  -0.014190673828 -0.014038085938 
       0.1531746  -0.055419921875 -0.055572509766 
      0.15319728  -0.086761474609 -0.087158203125 
      0.15321995   -0.10263061523  -0.10314941406 
      0.15324263   -0.10015869141  -0.10070800781 
      0.15326531  -0.079833984375 -0.080322265625 
      0.15328798  -0.045227050781 -0.045593261719 
      0.15331066  -0.0025634765625 -0.0027465820312 
      0.15333333    0.04052734375  0.040588378906 
      0.15335601   0.076416015625   0.07666015625 
      0.15337868   0.098571777344  0.098999023438 
      0.15340136    0.10321044922   0.10369873047 
      0.15342404    0.08935546875  0.089813232422 
      0.15344671     0.0595703125  0.059936523438 
      0.15346939   0.019165039062  0.019378662109 
      0.15349206  -0.024627685547 -0.024658203125 
      0.15351474  -0.064025878906 -0.064239501953 
      0.15353741  -0.092010498047 -0.092346191406 
      0.15356009   -0.10354614258  -0.10394287109 
      0.15358277  -0.096588134766 -0.096954345703 
      0.15360544  -0.072418212891 -0.072723388672 
      0.15362812  -0.035308837891 -0.035461425781 
      0.15365079  0.0080871582031 0.0080871582031 
      0.15367347   0.050018310547  0.050170898438 
      0.15369615     0.0830078125  0.083343505859 
      0.15371882    0.10119628906       0.1015625 
       0.1537415    0.10131835938   0.10165405273 
      0.15376417   0.083282470703  0.083587646484 
      0.15378685   0.050476074219  0.050659179688 
      0.15380952  0.0086364746094 0.0086364746094 
       0.1538322  -0.034729003906 -0.034851074219 
      0.15385488  -0.071868896484 -0.072174072266 
      0.15387755   -0.09619140625 -0.096557617188 
      0.15390023   -0.10333251953  -0.10372924805 
       0.1539229  -0.092041015625 -0.092315673828 
      0.15394558  -0.064300537109 -0.064483642578 
      0.15396825  -0.025115966797 -0.025177001953 
      0.15399093   0.018524169922  0.018707275391 
      0.15401361   0.058868408203  0.059143066406 
      0.15403628   0.088653564453  0.089080810547 
      0.15405896    0.10263061523   0.10302734375 
      0.15408163   0.098297119141    0.0986328125 
      0.15410431   0.076385498047   0.07666015625 
      0.15412698   0.040893554688  0.040985107422 
      0.15414966  -0.0018615722656 -0.0020141601562 
      0.15417234  -0.044342041016 -0.044616699219 
      0.15419501  -0.078826904297 -0.079254150391 
      0.15421769  -0.099273681641 -0.099700927734 
      0.15424036   -0.10195922852  -0.10238647461 
      0.15426304  -0.086456298828 -0.086791992188 
      0.15428571  -0.055541992188 -0.055725097656 
      0.15430839  -0.014739990234 -0.014678955078 
      0.15433107   0.028686523438  0.028930664062 
      0.15435374   0.066955566406    0.0673828125 
      0.15437642    0.09326171875  0.093780517578 
      0.15439909    0.10290527344   0.10342407227 
      0.15442177   0.094177246094  0.094604492188 
      0.15444444   0.068634033203  0.068969726562 
      0.15446712   0.030883789062  0.030975341797 
       0.1544898  -0.012390136719 -0.012481689453 
      0.15451247  -0.053405761719   -0.0537109375 
      0.15453515  -0.084869384766 -0.085327148438 
      0.15455782   -0.10119628906  -0.10171508789 
       0.1545805  -0.099426269531 -0.099914550781 
      0.15460317  -0.079925537109 -0.080322265625 
      0.15462585  -0.046112060547  -0.04638671875 
      0.15464853  -0.0041809082031 -0.0041809082031 
       0.1546712   0.038513183594  0.038696289062 
      0.15469388   0.074340820312  0.074676513672 
      0.15471655   0.096832275391  0.097320556641 
      0.15473923    0.10205078125   0.10256958008 
       0.1547619   0.089019775391  0.089508056641 
      0.15478458   0.060119628906  0.060516357422 
      0.15480726   0.020538330078  0.020721435547 
      0.15482993  -0.022705078125 -0.022735595703 
      0.15485261  -0.061889648438 -0.062103271484 
      0.15487528  -0.089965820312 -0.090393066406 
      0.15489796   -0.10198974609  -0.10247802734 
      0.15492063  -0.095794677734 -0.096282958984 
      0.15494331  -0.072509765625 -0.072937011719 
      0.15496599  -0.036315917969 -0.036560058594 
      0.15498866  0.0063781738281 0.0062866210938 
      0.15501134   0.047912597656  0.047973632812 
      0.15503401   0.080841064453  0.081085205078 
      0.15505669   0.099334716797  0.099731445312 
      0.15507937    0.10006713867   0.10055541992 
      0.15510204   0.082977294922  0.083374023438 
      0.15512472   0.051025390625  0.051361083984 
      0.15514739   0.010040283203  0.010223388672 
      0.15517007  -0.032775878906  -0.03271484375 
      0.15519274  -0.069671630859  -0.06982421875 
      0.15521542  -0.094177246094 -0.094390869141 
       0.1552381   -0.10177612305  -0.10211181641 
      0.15526077  -0.091247558594 -0.091613769531 
      0.15528345  -0.064483642578 -0.064758300781 
      0.15530612  -0.026153564453   -0.0263671875 
       0.1553288   0.016815185547  0.016723632812 
      0.15535147   0.056762695312  0.056762695312 
      0.15537415   0.086547851562  0.086639404297 
      0.15539683     0.1008605957   0.10107421875 
       0.1554195    0.09716796875  0.097442626953 
      0.15544218      0.076171875  0.076385498047 
      0.15546485   0.041564941406  0.041748046875 
      0.15548753  -0.00045776367188 -0.00033569335938 
       0.1555102  -0.042358398438 -0.042358398438 
      0.15553288  -0.076690673828 -0.076751708984 
      0.15555556  -0.097290039062 -0.097412109375 
      0.15557823    -0.1005859375  -0.10073852539 
      0.15560091  -0.085876464844 -0.086029052734 
      0.15562358  -0.055877685547 -0.055969238281 
      0.15564626  -0.015930175781 -0.015960693359 
      0.15566893    0.02685546875  0.026885986328 
      0.15569161   0.064819335938  0.064910888672 
      0.15571429   0.091217041016   0.09130859375 
      0.15573696     0.1012878418   0.10140991211 
      0.15575964   0.093353271484  0.093383789062 
      0.15578231   0.068725585938  0.068725585938 
      0.15580499   0.031860351562  0.031829833984 
      0.15582766  -0.010620117188   -0.0107421875 
      0.15585034   -0.05126953125 -0.051391601562 
      0.15587302  -0.082672119141 -0.082824707031 
      0.15589569  -0.099334716797 -0.099517822266 
      0.15591837  -0.098297119141 -0.098388671875 
      0.15594104  -0.079711914062 -0.079711914062 
      0.15596372  -0.046936035156 -0.046813964844 
      0.15598639  -0.0057983398438 -0.0055847167969 
      0.15600907   0.036285400391  0.036590576172 
      0.15603175   0.071960449219  0.072235107422 
      0.15605442   0.094696044922  0.094940185547 
       0.1560771     0.1005859375   0.10076904297 
      0.15609977   0.088531494141  0.088562011719 
      0.15612245   0.060699462891  0.060577392578 
      0.15614512   0.022064208984  0.021820068359 
       0.1561678  -0.020446777344 -0.020782470703 
      0.15619048  -0.059295654297 -0.059661865234 
      0.15621315  -0.087524414062 -0.087921142578 
      0.15623583   -0.10012817383  -0.10046386719 
       0.1562585  -0.094909667969 -0.095092773438 
      0.15628118  -0.072723388672 -0.072723388672 
      0.15630385  -0.037628173828 -0.037414550781 
      0.15632653  0.0041809082031 0.0044860839844 
      0.15634921   0.045135498047  0.045593261719 
      0.15637188   0.078063964844  0.078552246094 
      0.15639456   0.097045898438  0.097442626953 
      0.15641723   0.098663330078  0.098968505859 
      0.15643991   0.082733154297  0.082855224609 
      0.15646259   0.052032470703  0.051971435547 
      0.15648526   0.012084960938  0.011901855469 
      0.15650794  -0.029937744141 -0.030303955078 
      0.15653061  -0.066589355469 -0.067077636719 
      0.15655329  -0.091369628906 -0.091857910156 
      0.15657596  -0.099761962891  -0.10021972656 
      0.15659864  -0.090393066406 -0.090759277344 
      0.15662132  -0.064910888672 -0.065093994141 
      0.15664399  -0.027893066406 -0.027862548828 
      0.15666667   0.014068603516  0.014312744141 
      0.15668934   0.053497314453  0.053894042969 
      0.15671202   0.083343505859  0.083831787109 
      0.15673469   0.098266601562  0.098815917969 
      0.15675737   0.095672607422  0.096160888672 
      0.15678005   0.076019287109  0.076354980469 
      0.15680272   0.042816162109      0.04296875 
       0.1568254  0.0020141601562 0.0019836425781 
      0.15684807  -0.039123535156 -0.039337158203 
      0.15687075    -0.0732421875 -0.073608398438 
      0.15689342   -0.09423828125   -0.0947265625 
       0.1569161  -0.098388671875 -0.098907470703 
      0.15693878  -0.085021972656 -0.085479736328 
      0.15696145  -0.056488037109 -0.056823730469 
      0.15698413  -0.017913818359  -0.01806640625 
       0.1570068   0.023864746094  0.023864746094 
      0.15702948   0.061309814453  0.061492919922 
      0.15705215   0.087799072266  0.088165283203 
      0.15707483   0.098602294922  0.099060058594 
      0.15709751   0.091827392578  0.092254638672 
      0.15712018   0.068634033203  0.069061279297 
      0.15714286   0.033233642578  0.033569335938 
      0.15716553  -0.0080871582031 -0.0078735351562 
      0.15718821  -0.047912597656 -0.047882080078 
      0.15721088  -0.079162597656 -0.079284667969 
      0.15723356  -0.096282958984 -0.096557617188 
      0.15725624  -0.096221923828 -0.096588134766 
      0.15727891  -0.078979492188 -0.079406738281 
      0.15730159  -0.047668457031 -0.048065185547 
      0.15732426  -0.0078735351562 -0.0082092285156 
      0.15734694   0.033294677734  0.033111572266 
      0.15736961   0.068481445312  0.068450927734 
      0.15739229   0.091491699219  0.091552734375 
      0.15741497   0.098114013672  0.098327636719 
      0.15743764   0.087249755859  0.087524414062 
      0.15746032   0.060821533203  0.061157226562 
      0.15748299   0.023590087891   0.02392578125 
      0.15750567  -0.017852783203 -0.017608642578 
      0.15752834  -0.056091308594 -0.055908203125 
      0.15755102  -0.084289550781 -0.084228515625 
       0.1575737  -0.097442626953 -0.097503662109 
      0.15759637  -0.093231201172 -0.093353271484 
      0.15761905  -0.072357177734 -0.072570800781 
      0.15764172  -0.038604736328 -0.038909912109 
       0.1576644  0.0019836425781 0.0017395019531 
      0.15768707   0.042236328125  0.042022705078 
      0.15770975   0.074920654297  0.074768066406 
      0.15773243   0.094207763672  0.094116210938 
       0.1577551   0.096740722656  0.096710205078 
      0.15777778   0.081970214844      0.08203125 
      0.15780045   0.052642822266     0.052734375 
      0.15782313   0.013885498047  0.014038085938 
       0.1578458  -0.027282714844 -0.027099609375 
      0.15786848  -0.063568115234 -0.063385009766 
      0.15789116  -0.088470458984 -0.088348388672 
      0.15791383  -0.097625732422 -0.097564697266 
      0.15793651  -0.089385986328  -0.08935546875 
      0.15795918  -0.065185546875 -0.065185546875 
      0.15798186  -0.029388427734 -0.029388427734 
      0.15800454   0.011657714844  0.011596679688 
      0.15802721   0.050567626953  0.050476074219 
      0.15804989   0.080474853516  0.080352783203 
      0.15807256   0.095947265625  0.095855712891 
      0.15809524   0.094360351562  0.094299316406 
      0.15811791   0.075927734375  0.075866699219 
      0.15814059   0.043975830078  0.043914794922 
      0.15816327  0.0042114257812 0.0041809082031 
      0.15818594  -0.036315917969 -0.036315917969 
      0.15820862  -0.070251464844      -0.0703125 
      0.15823129  -0.091735839844 -0.091705322266 
      0.15825397  -0.096801757812 -0.096740722656 
      0.15827664  -0.084655761719 -0.084564208984 
      0.15829932  -0.057373046875 -0.057281494141 
        0.158322  -0.019897460938 -0.019805908203 
      0.15834467   0.021118164062  0.021209716797 
      0.15836735   0.058349609375  0.058410644531 
      0.15839002   0.085113525391  0.085174560547 
       0.1584127   0.096740722656  0.096740722656 
      0.15843537   0.091064453125  0.091033935547 
      0.15845805   0.069152832031  0.069061279297 
      0.15848073   0.034973144531  0.034851074219 
       0.1585034  -0.0054931640625 -0.005615234375 
      0.15852608  -0.044891357422 -0.045043945312 
      0.15854875  -0.076293945312 -0.076416015625 
      0.15857143  -0.094024658203 -0.094207763672 
       0.1585941  -0.095031738281 -0.095092773438 
      0.15861678  -0.079071044922 -0.079071044922 
      0.15863946  -0.049011230469 -0.048950195312 
      0.15866213   -0.01025390625 -0.010101318359 
      0.15868481   0.030303955078  0.030517578125 
      0.15870748   0.065460205078  0.065704345703 
      0.15873016   0.088928222656  0.089141845703 
      0.15875283   0.096496582031  0.096710205078 
      0.15877551   0.086822509766  0.086975097656 
      0.15879819   0.061737060547  0.061767578125 
      0.15882086   0.025634765625  0.025543212891 
      0.15884354  -0.015014648438 -0.015228271484 
      0.15886621  -0.052978515625 -0.053253173828 
      0.15888889  -0.081420898438 -0.081756591797 
      0.15891156  -0.095367431641    -0.095703125 
      0.15893424   -0.09228515625 -0.092559814453 
      0.15895692   -0.07275390625 -0.072906494141 
      0.15897959  -0.040252685547 -0.040252685547 
      0.15900227  -0.00057983398438 -0.00045776367188 
      0.15902494   0.039123535156  0.039398193359 
      0.15904762   0.071868896484  0.072235107422 
      0.15907029   0.091766357422  0.092163085938 
      0.15909297   0.095275878906  0.095642089844 
      0.15911565   0.081756591797  0.082092285156 
      0.15913832     0.0537109375  0.053894042969 
        0.159161    0.01611328125   0.01611328125 
      0.15918367  -0.024353027344 -0.024536132812 
      0.15920635  -0.060424804688 -0.060791015625 
      0.15922902  -0.085723876953 -0.086151123047 
       0.1592517  -0.095733642578 -0.096160888672 
      0.15927438  -0.088623046875 -0.089019775391 
      0.15929705  -0.065704345703 -0.066009521484 
      0.15931973  -0.031097412109 -0.031280517578 
       0.1593424  0.0090026855469 0.0090942382812 
      0.15936508   0.047515869141  0.047760009766 
      0.15938776   0.077514648438  0.077911376953 
      0.15941043   0.093627929688  0.094146728516 
      0.15943311   0.093078613281  0.093597412109 
      0.15945578   0.075897216797  0.076354980469 
      0.15947846   0.045196533203  0.045471191406 
      0.15950113  0.0064392089844 0.0065612792969 
      0.15952381  -0.033416748047 -0.033508300781 
      0.15954649  -0.067321777344 -0.067626953125 
      0.15956916  -0.089172363281 -0.089630126953 
      0.15959184  -0.095092773438 -0.095642089844 
      0.15961451  -0.084045410156 -0.084625244141 
      0.15963719  -0.058013916016 -0.058471679688 
      0.15965986  -0.021697998047 -0.021942138672 
      0.15968254     0.0185546875  0.018463134766 
      0.15970522   0.055419921875  0.055603027344 
      0.15972789   0.082397460938  0.082763671875 
      0.15975057   0.094635009766  0.095184326172 
      0.15977324   0.089965820312  0.090606689453 
      0.15979592     0.0693359375  0.069885253906 
      0.15981859   0.036254882812  0.036712646484 
      0.15984127  -0.0032348632812 -0.0029907226562 
      0.15986395  -0.042144775391 -0.042175292969 
      0.15988662  -0.073516845703 -0.073760986328 
       0.1599093  -0.091766357422 -0.092224121094 
      0.15993197  -0.093597412109 -0.094146728516 
      0.15995465  -0.078765869141 -0.079345703125 
      0.15997732  -0.049865722656 -0.050415039062 
            0.16  -0.012054443359 -0.012481689453 
      0.16002268    0.02783203125  0.027648925781 
      0.16004535   0.062835693359  0.062835693359 
      0.16006803   0.086517333984  0.086791992188 
       0.1600907   0.094818115234  0.095275878906 
      0.16011338   0.086181640625  0.086730957031 
      0.16013605   0.062164306641  0.062744140625 
      0.16015873   0.027069091797  0.027557373047 
      0.16018141  -0.012878417969 -0.012512207031 
      0.16020408  -0.050445556641 -0.050323486328 
      0.16022676  -0.079071044922 -0.079132080078 
      0.16024943  -0.093597412109 -0.093811035156 
      0.16027211  -0.091400146484    -0.091796875 
      0.16029478  -0.072875976562 -0.073364257812 
      0.16031746  -0.041381835938 -0.041900634766 
      0.16034014  -0.0025329589844   -0.0029296875 
      0.16036281   0.036804199219  0.036499023438 
      0.16038549   0.069580078125  0.069427490234 
      0.16040816   0.089904785156  0.089935302734 
      0.16043084   0.094207763672  0.094390869141 
      0.16045351   0.081726074219  0.082061767578 
      0.16047619   0.054656982422  0.055053710938 
      0.16049887   0.017852783203  0.018218994141 
      0.16052154  -0.022125244141 -0.021789550781 
      0.16054422  -0.058197021484 -0.057922363281 
      0.16056689  -0.083862304688 -0.083709716797 
      0.16058957  -0.094543457031 -0.094573974609 
      0.16061224  -0.088409423828 -0.088531494141 
      0.16063492  -0.066497802734 -0.066711425781 
       0.1606576  -0.032745361328 -0.032989501953 
      0.16068027  0.0068664550781  0.006591796875 
      0.16070295   0.045227050781  0.044952392578 
      0.16072562   0.075561523438  0.075347900391 
       0.1607483   0.092407226562  0.092254638672 
      0.16077098     0.0927734375  0.092681884766 
      0.16079365   0.076599121094  0.076599121094 
      0.16081633   0.046813964844  0.046844482422 
        0.160839  0.0086364746094    0.0087890625 
      0.16086168  -0.031036376953 -0.030883789062 
      0.16088435  -0.065185546875 -0.064971923828 
      0.16090703  -0.087707519531 -0.087493896484 
      0.16092971  -0.094635009766 -0.094451904297 
      0.16095238  -0.084655761719 -0.084533691406 
      0.16097506  -0.059631347656 -0.059509277344 
      0.16099773  -0.023956298828 -0.023895263672 
      0.16102041   0.015960693359  0.015960693359 
      0.16104308   0.053039550781  0.052947998047 
      0.16106576   0.080688476562  0.080505371094 
      0.16108844   0.093902587891  0.093719482422 
      0.16111111   0.090393066406  0.090179443359 
      0.16113379    0.07080078125  0.070556640625 
      0.16115646   0.038635253906  0.038391113281 
      0.16117914  -0.00045776367188 -0.00064086914062 
      0.16120181  -0.039459228516  -0.03955078125 
      0.16122449  -0.071380615234 -0.071380615234 
      0.16124717  -0.090637207031 -0.090484619141 
      0.16126984  -0.093688964844 -0.093475341797 
      0.16129252     -0.080078125 -0.079742431641 
      0.16131519  -0.052185058594 -0.051879882812 
      0.16133787  -0.015045166016 -0.014709472656 
      0.16136054   0.024780273438  0.025054931641 
      0.16138322   0.060180664062  0.060363769531 
       0.1614059   0.084869384766  0.084899902344 
      0.16142857   0.094421386719  0.094299316406 
      0.16145125   0.087127685547  0.086883544922 
      0.16147392   0.064361572266  0.063995361328 
       0.1614966   0.030090332031  0.029663085938 
      0.16151927  -0.0094604492188 -0.0099182128906 
      0.16154195   -0.04736328125 -0.047729492188 
      0.16156463  -0.076812744141 -0.077026367188 
       0.1615873  -0.092529296875 -0.092590332031 
      0.16160998  -0.091766357422 -0.091674804688 
      0.16163265  -0.074676513672 -0.074371337891 
      0.16165533  -0.044281005859 -0.043853759766 
        0.161678  -0.0060424804688 -0.0054931640625 
      0.16170068   0.033294677734  0.033782958984 
      0.16172336   0.066650390625  0.067047119141 
      0.16174603   0.088104248047   0.08837890625 
      0.16176871   0.093872070312  0.093963623047 
      0.16179138   0.082946777344  0.082763671875 
      0.16181406   0.057189941406  0.056854248047 
      0.16183673   0.021270751953  0.020812988281 
      0.16185941  -0.018371582031 -0.018920898438 
      0.16188209  -0.054779052734 -0.055297851562 
      0.16190476  -0.081359863281 -0.081787109375 
      0.16192744  -0.093444824219 -0.093719482422 
      0.16195011    -0.0888671875 -0.088897705078 
      0.16197279  -0.068450927734 -0.068298339844 
      0.16199546  -0.035858154297 -0.035491943359 
      0.16201814  0.0031127929688 0.0036010742188 
      0.16204082    0.04150390625  0.042053222656 
      0.16206349   0.072479248047  0.072998046875 
      0.16208617   0.090484619141  0.090911865234 
      0.16210884   0.092376708984  0.092620849609 
      0.16213152   0.077789306641  0.077880859375 
       0.1621542   0.049346923828  0.049163818359 
      0.16217687   0.012115478516  0.011810302734 
      0.16219955  -0.027221679688 -0.027709960938 
      0.16222222  -0.061676025391 -0.062255859375 
       0.1622449  -0.085144042969 -0.085662841797 
      0.16226757  -0.093414306641 -0.093872070312 
      0.16229025  -0.085021972656 -0.085296630859 
      0.16231293  -0.061462402344   -0.0615234375 
       0.1623356  -0.026947021484 -0.026824951172 
      0.16235828   0.012329101562  0.012664794922 
      0.16238095   0.049407958984  0.049865722656 
      0.16240363    0.07763671875  0.078186035156 
       0.1624263   0.092010498047  0.092529296875 
      0.16244898   0.089965820312  0.090393066406 
      0.16247166   0.071868896484  0.072143554688 
      0.16249433      0.041015625  0.041076660156 
      0.16251701  0.0028076171875  0.002685546875 
      0.16253968  -0.035858154297 -0.036193847656 
      0.16256236  -0.068145751953 -0.068572998047 
      0.16258503  -0.088226318359 -0.088745117188 
      0.16260771  -0.092590332031 -0.093078613281 
      0.16263039  -0.080413818359 -0.080780029297 
      0.16265306  -0.053924560547 -0.054168701172 
      0.16267574  -0.017791748047 -0.017852783203 
      0.16269841   0.021514892578  0.021575927734 
      0.16272109   0.056915283203  0.057189941406 
      0.16274376   0.082183837891  0.082580566406 
      0.16276644     0.0927734375  0.093200683594 
      0.16278912   0.086853027344  0.087280273438 
      0.16281179     0.0654296875  0.065765380859 
      0.16283447   0.032287597656  0.032531738281 
      0.16285714  -0.0065612792969 -0.0064392089844 
      0.16287982  -0.044219970703 -0.044281005859 
      0.16290249  -0.074035644531     -0.07421875 
      0.16292517  -0.090637207031 -0.090911865234 
      0.16294785  -0.091033935547 -0.091369628906 
      0.16297052    -0.0751953125 -0.075592041016 
       0.1629932  -0.045989990234 -0.046295166016 
      0.16301587  -0.008544921875 -0.0087585449219 
      0.16303855   0.030364990234    0.0302734375 
      0.16306122   0.063934326172  0.063934326172 
       0.1630839   0.086029052734  0.086181640625 
      0.16310658   0.092864990234  0.093017578125 
      0.16312925   0.083068847656  0.083312988281 
      0.16315193   0.058471679688  0.058746337891 
       0.1631746   0.023468017578  0.023712158203 
      0.16319728  -0.015716552734 -0.015502929688 
      0.16321995  -0.052093505859 -0.051971435547 
      0.16324263  -0.079193115234 -0.079162597656 
      0.16326531  -0.092163085938 -0.092193603516 
      0.16328798  -0.088714599609 -0.088806152344 
      0.16331066  -0.069458007812 -0.069610595703 
      0.16333333  -0.037811279297 -0.037994384766 
      0.16335601  0.00054931640625 0.00039672851562 
      0.16337868   0.038818359375  0.038696289062 
      0.16340136   0.070159912109  0.070068359375 
      0.16342404   0.089019775391  0.088928222656 
      0.16344671   0.091979980469  0.091949462891 
      0.16346939   0.078582763672  0.078552246094 
      0.16349206   0.051147460938  0.051208496094 
      0.16351474   0.014617919922  0.014678955078 
      0.16353741  -0.024536132812   -0.0244140625 
      0.16356009  -0.059265136719 -0.059112548828 
      0.16358277  -0.083465576172 -0.083312988281 
      0.16360544  -0.092742919922 -0.092651367188 
      0.16362812  -0.085510253906  -0.08544921875 
      0.16365079  -0.063049316406 -0.063018798828 
      0.16367347  -0.029388427734 -0.029357910156 
      0.16369615  0.0095520019531 0.0095825195312 
      0.16371882   0.046722412109  0.046722412109 
       0.1637415   0.075592041016  0.075561523438 
      0.16376417   0.090972900391  0.090881347656 
      0.16378685   0.090148925781  0.090057373047 
      0.16380952     0.0732421875  0.073150634766 
       0.1638322   0.043334960938  0.043182373047 
      0.16385488  0.0056762695312 0.0055236816406 
      0.16387755  -0.032958984375 -0.033111572266 
      0.16390023  -0.065734863281 -0.065856933594 
       0.1639229  -0.086761474609 -0.086822509766 
      0.16394558   -0.09228515625 -0.092315673828 
      0.16396825  -0.081420898438 -0.081329345703 
      0.16399093  -0.055999755859 -0.055847167969 
      0.16401361  -0.020660400391 -0.020416259766 
      0.16403628   0.018402099609  0.018646240234 
      0.16405896   0.054138183594  0.054382324219 
      0.16408163   0.080200195312  0.080444335938 
      0.16410431   0.091949462891  0.092163085938 
      0.16412698   0.087280273438  0.087463378906 
      0.16414966   0.067108154297  0.067138671875 
      0.16417234   0.034973144531  0.034851074219 
      0.16419501  -0.0033874511719 -0.0036315917969 
      0.16421769  -0.041168212891 -0.041473388672 
      0.16424036  -0.071533203125 -0.071929931641 
      0.16426304  -0.089172363281 -0.089538574219 
      0.16428571  -0.090850830078 -0.091247558594 
      0.16430839  -0.076385498047 -0.076629638672 
      0.16433107  -0.048248291016 -0.048400878906 
      0.16435374  -0.011596679688 -0.011505126953 
      0.16437642   0.027191162109  0.027404785156 
      0.16439909   0.061065673828  0.061462402344 
      0.16442177   0.084075927734  0.084564208984 
      0.16444444   0.092071533203  0.092620849609 
      0.16446712   0.083587646484  0.084136962891 
       0.1644898   0.060272216797  0.060668945312 
      0.16451247   0.026184082031  0.026397705078 
      0.16453515  -0.012542724609 -0.012573242188 
      0.16455782  -0.049041748047 -0.049346923828 
       0.1645805  -0.076812744141 -0.077301025391 
      0.16460317  -0.090850830078 -0.091461181641 
      0.16462585  -0.088653564453  -0.08935546875 
      0.16464853  -0.070678710938 -0.071319580078 
       0.1646712  -0.040100097656 -0.040588378906 
      0.16469388  -0.0023193359375 -0.0026245117188 
      0.16471655   0.035797119141  0.035797119141 
      0.16473923   0.067565917969   0.06787109375 
       0.1647619   0.087310791016  0.087799072266 
      0.16478458   0.091461181641  0.092163085938 
      0.16480726   0.079254150391  0.080017089844 
      0.16482993   0.052947998047    0.0537109375 
      0.16485261   0.017181396484  0.017791748047 
      0.16487528  -0.021636962891 -0.021301269531 
      0.16489796  -0.056610107422 -0.056579589844 
      0.16492063  -0.081481933594 -0.081756591797 
      0.16494331  -0.091857910156 -0.092407226562 
      0.16496599  -0.085784912109 -0.086547851562 
      0.16498866  -0.064483642578 -0.065307617188 
      0.16501134  -0.031646728516 -0.032409667969 
      0.16503401     0.0068359375 0.0061950683594 
      0.16505669   0.044097900391  0.043762207031 
      0.16507937   0.073516845703  0.073486328125 
      0.16510204   0.089813232422  0.090148925781 
      0.16512472   0.090118408203  0.090698242188 
      0.16514739   0.074340820312  0.075073242188 
      0.16517007   0.045318603516  0.046142578125 
      0.16519274  0.0082092285156 0.0089721679688 
      0.16521542  -0.030395507812  -0.02978515625 
       0.1652381  -0.063568115234 -0.063232421875 
      0.16526077   -0.08544921875 -0.085388183594 
      0.16528345  -0.092041015625 -0.092346191406 
      0.16530612  -0.082275390625 -0.082824707031 
       0.1653288  -0.057830810547 -0.058532714844 
      0.16535147  -0.023071289062 -0.023864746094 
      0.16537415   0.015808105469  0.015075683594 
      0.16539683   0.051849365234  0.051300048828 
       0.1654195   0.078704833984  0.078369140625 
      0.16544218   0.091522216797  0.091491699219 
      0.16546485   0.088012695312  0.088287353516 
      0.16548753   0.068817138672  0.069366455078 
       0.1655102   0.037384033203  0.038055419922 
      0.16553288  -0.00070190429688 -3.0517578125e-05 
      0.16555556  -0.038696289062 -0.038055419922 
      0.16557823  -0.069793701172 -0.069305419922 
      0.16560091  -0.088470458984 -0.088195800781 
      0.16562358  -0.091369628906 -0.091369628906 
      0.16564626  -0.078002929688 -0.078216552734 
      0.16566893  -0.050689697266 -0.051177978516 
      0.16569161  -0.014404296875 -0.014984130859 
      0.16571429   0.024475097656  0.023834228516 
      0.16573696   0.058990478516  0.058441162109 
      0.16575964     0.0830078125  0.082580566406 
      0.16578231   0.092224121094  0.092010498047 
      0.16580499   0.085021972656  0.084991455078 
      0.16582766   0.062652587891  0.062896728516 
      0.16585034   0.029144287109  0.029541015625 
      0.16587302  -0.0095520019531 -0.0090637207031 
      0.16589569  -0.046569824219 -0.046051025391 
      0.16591837  -0.075286865234 -0.074829101562 
      0.16594104  -0.090545654297 -0.090209960938 
      0.16596372  -0.089691162109 -0.089538574219 
      0.16598639  -0.072875976562 -0.072937011719 
      0.16600907  -0.043060302734 -0.043243408203 
      0.16603175  -0.0055847167969 -0.0058898925781 
      0.16605442   0.032897949219  0.032501220703 
       0.1660771   0.065490722656  0.065063476562 
      0.16609977   0.086456298828  0.086059570312 
      0.16612245   0.091979980469  0.091705322266 
      0.16614512   0.081115722656  0.080993652344 
       0.1661678   0.055816650391  0.055816650391 
      0.16619048   0.020538330078  0.020721435547 
      0.16621315  -0.018371582031  -0.01806640625 
      0.16623583  -0.054016113281 -0.053649902344 
       0.1662585  -0.080017089844 -0.079620361328 
      0.16628118  -0.091766357422 -0.091430664062 
      0.16630385  -0.087158203125 -0.086944580078 
      0.16632653  -0.067016601562  -0.06689453125 
      0.16634921  -0.034942626953 -0.034942626953 
      0.16637188  0.0033569335938 0.0032043457031 
      0.16639456   0.041046142578  0.040832519531 
      0.16641723   0.071411132812  0.071166992188 
      0.16643991   0.089080810547  0.088775634766 
      0.16646259     0.0908203125  0.090576171875 
      0.16648526   0.076416015625  0.076202392578 
      0.16650794   0.048370361328  0.048278808594 
      0.16653061       0.01171875      0.01171875 
      0.16655329  -0.027038574219 -0.026916503906 
      0.16657596  -0.060943603516 -0.060760498047 
      0.16659864  -0.084014892578 -0.083770751953 
      0.16662132  -0.092071533203 -0.091827392578 
      0.16664399  -0.083770751953  -0.08349609375 
      0.16666667  -0.060485839844 -0.060333251953 
      0.16668934  -0.026458740234   -0.0263671875 
      0.16671202   0.012268066406  0.012298583984 
      0.16673469      0.048828125  0.048797607422 
      0.16675737    0.07666015625  0.076538085938 
      0.16678005     0.0908203125  0.090637207031 
      0.16680272   0.088806152344  0.088623046875 
       0.1668254   0.070983886719   0.07080078125 
      0.16684807   0.040466308594  0.040313720703 
      0.16687075  0.0027465820312 0.0026550292969 
      0.16689342  -0.035430908203 -0.035491943359 
       0.1669161  -0.067291259766 -0.067291259766 
      0.16693878  -0.087158203125 -0.087097167969 
      0.16696145  -0.091522216797 -0.091400146484 
      0.16698413  -0.079528808594 -0.079406738281 
       0.1670068  -0.053405761719  -0.05322265625 
      0.16702948  -0.017730712891 -0.017547607422 
      0.16705215   0.021057128906  0.021240234375 
      0.16707483    0.05615234375  0.056243896484 
      0.16709751   0.081146240234  0.081268310547 
      0.16712018   0.091735839844     0.091796875 
      0.16714286        0.0859375  0.085906982422 
      0.16716553   0.064849853516  0.064758300781 
      0.16718821   0.032165527344  0.032012939453 
      0.16721088  -0.0061950683594 -0.0063781738281 
      0.16723356  -0.043487548828 -0.043701171875 
      0.16725624  -0.072998046875 -0.073211669922 
      0.16727891  -0.089508056641 -0.089691162109 
      0.16730159  -0.090057373047 -0.090148925781 
      0.16732426  -0.074523925781 -0.074584960938 
      0.16734694  -0.045745849609 -0.045684814453 
      0.16736961    -0.0087890625 -0.0086669921875 
      0.16739229   0.029693603516  0.029907226562 
      0.16741497   0.062896728516  0.063171386719 
      0.16743764   0.084838867188  0.085205078125 
      0.16746032   0.091705322266  0.092010498047 
      0.16748299   0.082214355469  0.082427978516 
      0.16750567   0.058074951172  0.058197021484 
      0.16752834   0.023529052734  0.023529052734 
      0.16755102  -0.015197753906 -0.015319824219 
       0.1675737  -0.051147460938 -0.051391601562 
      0.16759637  -0.078033447266 -0.078338623047 
      0.16761905  -0.090942382812 -0.091339111328 
      0.16764172  -0.087677001953 -0.088043212891 
       0.1676644  -0.068786621094 -0.069061279297 
      0.16768707  -0.037628173828 -0.037780761719 
      0.16770975   0.000244140625 0.00027465820312 
      0.16773243   0.038116455078  0.038238525391 
       0.1677551   0.069122314453  0.069396972656 
      0.16777778   0.087829589844  0.088195800781 
      0.16780045   0.090881347656  0.091278076172 
      0.16782313   0.077728271484        0.078125 
       0.1678458   0.050689697266  0.051025390625 
      0.16786848     0.0146484375  0.014831542969 
      0.16789116  -0.024047851562 -0.024017333984 
      0.16791383  -0.058410644531 -0.058563232422 
      0.16793651  -0.082336425781 -0.082641601562 
      0.16795918  -0.091644287109 -0.092041015625 
      0.16798186  -0.084564208984 -0.084991455078 
      0.16800454  -0.062408447266 -0.062835693359 
      0.16802721  -0.029144287109 -0.029449462891 
      0.16804989  0.0093078613281 0.0091552734375 
      0.16807256   0.046142578125  0.046112060547 
      0.16809524   0.074737548828  0.074890136719 
      0.16811791   0.089996337891  0.090301513672 
      0.16814059   0.089202880859  0.089569091797 
      0.16816327   0.072509765625  0.072906494141 
      0.16818594   0.042938232422  0.043273925781 
      0.16820862  0.0056457519531 0.0059204101562 
      0.16823129  -0.032623291016 -0.032531738281 
      0.16825397  -0.065093994141 -0.065124511719 
      0.16827664       -0.0859375 -0.086120605469 
      0.16829932  -0.091461181641 -0.091766357422 
        0.168322  -0.080688476562   -0.0810546875 
      0.16834467  -0.055541992188 -0.055877685547 
      0.16836735  -0.020477294922 -0.020721435547 
      0.16839002   0.018249511719  0.018096923828 
       0.1684127     0.0537109375  0.053680419922 
      0.16843537    0.07958984375  0.079681396484 
      0.16845805    0.09130859375  0.091491699219 
      0.16848073   0.086761474609  0.086975097656 
       0.1685034   0.066711425781  0.066925048828 
      0.16852608   0.034790039062  0.034973144531 
      0.16854875  -0.0033264160156 -0.0032043457031 
      0.16857143  -0.040863037109 -0.040832519531 
       0.1685941  -0.071105957031 -0.071166992188 
      0.16861678  -0.088684082031 -0.088806152344 
      0.16863946  -0.090454101562 -0.090606689453 
      0.16866213  -0.076110839844 -0.076263427734 
      0.16868481  -0.048187255859 -0.048309326172 
      0.16870748  -0.011688232422 -0.011749267578 
      0.16873016   0.026916503906  0.026916503906 
      0.16875283   0.060668945312  0.060791015625 
      0.16877551   0.083648681641  0.083801269531 
      0.16879819   0.091705322266  0.091857910156 
      0.16882086   0.083435058594  0.083557128906 
      0.16884354   0.060272216797  0.060333251953 
      0.16886621     0.0263671875    0.0263671875 
      0.16888889  -0.012176513672 -0.012298583984 
      0.16891156  -0.048614501953 -0.048797607422 
      0.16893424  -0.076324462891 -0.076629638672 
      0.16895692  -0.090484619141 -0.090728759766 
      0.16897959  -0.088439941406 -0.088684082031 
      0.16900227  -0.070678710938 -0.070861816406 
      0.16902494  -0.040344238281 -0.040344238281 
      0.16904762  -0.0028076171875 -0.0026550292969 
      0.16907029   0.035247802734  0.035522460938 
      0.16909297   0.067016601562  0.067352294922 
      0.16911565   0.086822509766  0.087158203125 
      0.16913832   0.091094970703  0.091461181641 
        0.169161   0.079193115234  0.079437255859 
      0.16918367   0.053161621094  0.053283691406 
      0.16920635   0.017669677734  0.017608642578 
      0.16922902   -0.02099609375 -0.021240234375 
       0.1692517  -0.055908203125 -0.056274414062 
      0.16927438  -0.080810546875 -0.081268310547 
      0.16929705  -0.091369628906 -0.091766357422 
      0.16931973  -0.085540771484      -0.0859375 
       0.1693424  -0.064575195312 -0.064819335938 
      0.16936508  -0.032012939453 -0.032073974609 
      0.16938776  0.0061950683594 0.0063171386719 
      0.16941043   0.043334960938  0.043640136719 
      0.16943311   0.072723388672  0.073150634766 
      0.16945578   0.089141845703  0.089630126953 
      0.16947846   0.089691162109  0.090118408203 
      0.16950113   0.074188232422  0.074584960938 
      0.16952381   0.045532226562  0.045715332031 
      0.16954649  0.0086975097656 0.0087280273438 
      0.16956916  -0.029632568359 -0.029846191406 
      0.16959184  -0.062713623047 -0.063049316406 
      0.16961451  -0.084625244141 -0.085083007812 
      0.16963719  -0.091400146484 -0.091857910156 
      0.16965986  -0.081878662109 -0.082336425781 
      0.16968254  -0.057769775391 -0.058135986328 
      0.16970522  -0.023406982422 -0.023529052734 
      0.16972789   0.015197753906  0.015228271484 
      0.16975057   0.051086425781   0.05126953125 
      0.16977324   0.077819824219  0.078186035156 
      0.16979592   0.090728759766  0.091156005859 
      0.16981859   0.087463378906     0.087890625 
      0.16984127   0.068572998047  0.068969726562 
      0.16986395   0.037445068359  0.037750244141 
      0.16988662  -0.0003662109375 -0.00021362304688 
       0.1699093    -0.0380859375   -0.0380859375 
      0.16993197  -0.069061279297 -0.069213867188 
      0.16995465  -0.087646484375 -0.087951660156 
      0.16997732  -0.090667724609 -0.091033935547 
            0.17  -0.077484130859 -0.077911376953 
      0.17002268  -0.050537109375 -0.050842285156 
      0.17004535  -0.014526367188 -0.014770507812 
      0.17006803   0.024047851562  0.023956298828 
       0.1700907   0.058380126953  0.058380126953 
      0.17011338   0.082275390625  0.082427978516 
      0.17013605   0.091522216797     0.091796875 
      0.17015873    0.08447265625  0.084747314453 
      0.17018141   0.062316894531  0.062622070312 
      0.17020408   0.029083251953  0.029357910156 
      0.17022676  -0.0093383789062 -0.0091552734375 
      0.17024943  -0.046112060547 -0.046051025391 
      0.17027211   -0.07470703125  -0.07470703125 
      0.17029478  -0.089904785156 -0.090026855469 
      0.17031746  -0.089141845703 -0.089324951172 
      0.17034014  -0.072479248047 -0.072692871094 
      0.17036281  -0.042907714844 -0.043121337891 
      0.17038549  -0.0056762695312 -0.0058288574219 
      0.17040816   0.032562255859  0.032470703125 
      0.17043084   0.065063476562  0.065002441406 
      0.17045351   0.085906982422       0.0859375 
      0.17047619   0.091491699219  0.091522216797 
      0.17049887   0.080718994141  0.080841064453 
      0.17052154   0.055572509766  0.055725097656 
      0.17054422   0.020568847656  0.020629882812 
      0.17056689  -0.018188476562  -0.01806640625 
      0.17058957  -0.053619384766 -0.053588867188 
      0.17061224  -0.079559326172 -0.079528808594 
      0.17063492   -0.09130859375 -0.091278076172 
       0.1706576  -0.086791992188 -0.086822509766 
      0.17068027  -0.066833496094 -0.066864013672 
      0.17070295  -0.034881591797 -0.034973144531 
      0.17072562  0.0032348632812  0.003173828125 
       0.1707483   0.040771484375  0.040710449219 
      0.17077098   0.071044921875  0.071014404297 
      0.17079365   0.088653564453  0.088653564453 
      0.17081633   0.090484619141  0.090484619141 
        0.170839      0.076171875     0.076171875 
      0.17086168   0.048309326172   0.04833984375 
      0.17088435   0.011810302734  0.011840820312 
      0.17090703  -0.026763916016 -0.026794433594 
      0.17092971  -0.060577392578 -0.060607910156 
      0.17095238  -0.083618164062 -0.083618164062 
      0.17097506  -0.091705322266 -0.091766357422 
      0.17099773   -0.08349609375 -0.083526611328 
      0.17102041  -0.060394287109 -0.060394287109 
      0.17104308  -0.026550292969 -0.026519775391 
      0.17106576   0.012054443359  0.012115478516 
      0.17108844   0.048522949219  0.048583984375 
      0.17111111   0.076293945312  0.076416015625 
      0.17113379   0.090484619141  0.090606689453 
      0.17115646   0.088562011719  0.088653564453 
      0.17117914   0.070831298828  0.070892333984 
      0.17120181   0.040496826172  0.040496826172 
      0.17122449     0.0029296875 0.0028686523438 
      0.17124717      -0.03515625 -0.035247802734 
      0.17126984  -0.066955566406 -0.067108154297 
      0.17129252  -0.086853027344 -0.087005615234 
      0.17131519  -0.091247558594 -0.091369628906 
      0.17133787  -0.079376220703 -0.079498291016 
      0.17136054  -0.053344726562 -0.053405761719 
      0.17138322  -0.017822265625 -0.017883300781 
       0.1714059   0.020874023438  0.020904541016 
      0.17142857   0.055847167969  0.055938720703 
      0.17145125   0.080871582031  0.080993652344 
      0.17147392   0.091461181641  0.091644287109 
       0.1714966   0.085754394531  0.085968017578 
      0.17151927   0.064727783203  0.064910888672 
      0.17154195   0.032196044922  0.032348632812 
      0.17156463  -0.0060729980469 -0.0059814453125 
       0.1715873  -0.043273925781 -0.043243408203 
      0.17160998   -0.07275390625 -0.072875976562 
      0.17163265  -0.089263916016 -0.089447021484 
      0.17165533      -0.08984375 -0.090118408203 
        0.171678  -0.074432373047  -0.07470703125 
      0.17170068  -0.045745849609 -0.045989990234 
      0.17172336  -0.0088806152344 -0.0090637207031 
      0.17174603   0.029571533203  0.029449462891 
      0.17176871   0.062713623047  0.062744140625 
      0.17179138   0.084747314453  0.084838867188 
      0.17181406   0.091644287109     0.091796875 
      0.17183673   0.082183837891  0.082397460938 
      0.17185941   0.058074951172  0.058349609375 
      0.17188209   0.023620605469  0.023895263672 
      0.17190476  -0.015045166016 -0.014801025391 
      0.17192744  -0.051025390625 -0.050872802734 
      0.17195011  -0.077972412109 -0.077880859375 
      0.17197279  -0.090972900391 -0.091003417969 
      0.17199546  -0.087768554688 -0.087860107422 
      0.17201814  -0.068878173828 -0.069122314453 
      0.17204082  -0.037750244141 -0.038055419922 
      0.17206349  0.00015258789062 -0.00018310546875 
      0.17208617   0.037994384766  0.037719726562 
      0.17210884   0.069061279297   0.06884765625 
      0.17213152   0.087829589844  0.087738037109 
       0.1721542   0.091003417969  0.091003417969 
      0.17217687   0.077911376953  0.078002929688 
      0.17219955   0.050933837891  0.051086425781 
      0.17222222   0.014831542969   0.01513671875 
       0.1722449  -0.023864746094 -0.023559570312 
      0.17226757  -0.058319091797 -0.058044433594 
      0.17229025  -0.082397460938 -0.082153320312 
      0.17231293  -0.091766357422 -0.091644287109 
       0.1723356  -0.084808349609 -0.084777832031 
      0.17235828  -0.062744140625 -0.062835693359 
      0.17238095  -0.029479980469 -0.029632568359 
      0.17240363  0.0090637207031    0.0087890625 
       0.1724263   0.045989990234  0.045654296875 
      0.17244898    0.07470703125  0.074432373047 
      0.17247166   0.090118408203  0.089874267578 
      0.17249433   0.089477539062  0.089294433594 
      0.17251701   0.072906494141  0.072814941406 
      0.17253968   0.043304443359  0.043365478516 
      0.17256236  0.0060424804688 0.0061645507812 
      0.17258503  -0.032348632812 -0.032135009766 
      0.17260771  -0.064971923828 -0.064697265625 
      0.17263039  -0.085998535156 -0.085693359375 
      0.17265306  -0.091705322266 -0.091430664062 
      0.17267574    -0.0810546875 -0.080871582031 
      0.17269841  -0.055999755859 -0.055908203125 
      0.17272109  -0.020935058594 -0.020935058594 
      0.17274376   0.017883300781  0.017761230469 
      0.17276644   0.053497314453  0.053283691406 
      0.17278912    0.07958984375  0.079284667969 
      0.17281179   0.091461181641  0.091186523438 
      0.17283447   0.087036132812  0.086791992188 
      0.17285714   0.067138671875  0.066955566406 
      0.17287982   0.035247802734  0.035125732422 
      0.17290249  -0.0028991699219 -0.0028991699219 
      0.17292517  -0.040557861328 -0.040435791016 
      0.17294785  -0.070953369141 -0.070770263672 
      0.17297052  -0.088714599609 -0.088500976562 
       0.1729932  -0.090667724609 -0.090423583984 
      0.17301587  -0.076477050781 -0.076202392578 
      0.17303855  -0.048645019531 -0.048431396484 
      0.17306122  -0.012115478516 -0.012023925781 
       0.1730839   0.026580810547  0.026519775391 
      0.17310658   0.060485839844  0.060363769531 
      0.17312925   0.083648681641  0.083435058594 
      0.17315193   0.091857910156  0.091613769531 
       0.1731746   0.083740234375   0.08349609375 
      0.17319728   0.060638427734  0.060424804688 
      0.17321995   0.026763916016  0.026641845703 
      0.17324263  -0.011871337891 -0.011932373047 
      0.17326531  -0.048431396484 -0.048370361328 
      0.17328798  -0.076293945312 -0.076202392578 
      0.17331066  -0.090606689453 -0.090393066406 
      0.17333333  -0.088745117188 -0.088500976562 
      0.17335601  -0.071044921875 -0.070831298828 
      0.17337868  -0.040679931641 -0.040496826172 
      0.17340136  -0.0030517578125 -0.0029907226562 
      0.17342404   0.035095214844  0.035064697266 
      0.17344671   0.067016601562   0.06689453125 
      0.17346939   0.086944580078  0.086791992188 
      0.17349206   0.091430664062  0.091217041016 
      0.17351474   0.079559326172  0.079345703125 
      0.17353741   0.053527832031  0.053344726562 
      0.17356009   0.017944335938  0.017822265625 
      0.17358277  -0.020812988281 -0.020874023438 
      0.17360544  -0.055908203125 -0.055847167969 
      0.17362812  -0.080993652344 -0.080871582031 
      0.17365079  -0.091674804688 -0.091491699219 
      0.17367347  -0.085998535156 -0.085754394531 
      0.17369615   -0.06494140625 -0.064758300781 
      0.17371882  -0.032348632812   -0.0322265625 
       0.1737415  0.0060119628906 0.0060729980469 
      0.17376417   0.043304443359  0.043304443359 
      0.17378685   0.072875976562  0.072814941406 
      0.17380952   0.089477539062  0.089324951172 
       0.1738322   0.090118408203  0.089904785156 
      0.17385488    0.07470703125  0.074493408203 
      0.17387755   0.045959472656  0.045745849609 
      0.17390023  0.0090026855469 0.0089111328125 
       0.1739229  -0.029510498047 -0.029602050781 
      0.17394558  -0.062805175781 -0.062774658203 
      0.17396825  -0.084899902344 -0.084747314453 
      0.17399093  -0.091827392578 -0.091644287109 
      0.17401361  -0.082427978516 -0.082214355469 
      0.17403628  -0.058319091797  -0.05810546875 
      0.17405896  -0.023773193359 -0.023620605469 
      0.17408163   0.014923095703  0.015045166016 
      0.17410431   0.051025390625  0.051055908203 
      0.17412698   0.078002929688  0.077941894531 
      0.17414966   0.091064453125  0.090942382812 
      0.17417234   0.087921142578  0.087738037109 
      0.17419501   0.069091796875  0.068878173828 
      0.17421769   0.037963867188  0.037750244141 
      0.17424036  6.103515625e-05 -0.0001220703125 
      0.17426304  -0.037841796875 -0.037963867188 
      0.17428571  -0.069000244141 -0.069000244141 
      0.17430839  -0.087829589844 -0.087799072266 
      0.17433107  -0.091033935547 -0.090881347656 
      0.17435374  -0.078002929688 -0.077789306641 
      0.17437642  -0.051086425781 -0.050811767578 
      0.17439909  -0.015045166016 -0.014770507812 
      0.17442177   0.023620605469  0.023864746094 
      0.17444444   0.058074951172  0.058258056641 
      0.17446712   0.082214355469  0.082305908203 
       0.1744898   0.091644287109  0.091613769531 
      0.17451247   0.084747314453  0.084625244141 
      0.17453515   0.062744140625  0.062530517578 
      0.17455782   0.029602050781     0.029296875 
       0.1745805  -0.0088500976562 -0.0091552734375 
      0.17460317  -0.045684814453 -0.045989990234 
      0.17462585  -0.074371337891 -0.074584960938 
      0.17464853  -0.089782714844 -0.089904785156 
       0.1746712  -0.089172363281 -0.089172363281 
      0.17469388  -0.072662353516 -0.072540283203 
      0.17471655  -0.043243408203 -0.042999267578 
      0.17473923  -0.006103515625 -0.0057678222656 
       0.1747619   0.032104492188  0.032470703125 
      0.17478458   0.064544677734   0.06494140625 
      0.17480726   0.085479736328  0.085815429688 
      0.17482993   0.091156005859  0.091369628906 
      0.17485261   0.080596923828  0.080627441406 
      0.17487528     0.0556640625  0.055511474609 
      0.17489796   0.020812988281  0.020538330078 
      0.17492063  -0.017730712891 -0.018157958984 
      0.17494331  -0.053100585938 -0.053558349609 
      0.17496599  -0.078948974609 -0.079437255859 
      0.17498866  -0.090759277344 -0.091125488281 
      0.17501134  -0.086334228516 -0.086547851562 
      0.17503401  -0.066558837891 -0.066589355469 
      0.17505669  -0.034881591797 -0.034698486328 
      0.17507937  0.0029907226562 0.0033569335938 
      0.17510204   0.040313720703  0.040832519531 
      0.17512472   0.070404052734  0.070953369141 
      0.17514739   0.087951660156  0.088470458984 
      0.17517007       0.08984375  0.090209960938 
      0.17519274   0.075622558594  0.075836181641 
      0.17521542   0.047973632812  0.047973632812 
       0.1752381   0.011779785156  0.011505126953 
      0.17526077  -0.026519775391 -0.026977539062 
      0.17528345   -0.06005859375 -0.060638427734 
      0.17530612  -0.082885742188  -0.08349609375 
       0.1753288  -0.090942382812 -0.091430664062 
      0.17535147  -0.082733154297 -0.083099365234 
      0.17537415  -0.059783935547 -0.059967041016 
      0.17539683  -0.026153564453 -0.026062011719 
       0.1754195   0.012054443359  0.012451171875 
      0.17544218   0.048156738281  0.048706054688 
      0.17546485    0.07568359375  0.076354980469 
      0.17548753   0.089660644531  0.090301513672 
       0.1755102   0.087646484375  0.088195800781 
      0.17553288   0.069976806641       0.0703125 
      0.17555556   0.039855957031  0.039947509766 
      0.17557823  0.0026245117188 0.0024108886719 
      0.17560091  -0.035064697266 -0.035522460938 
      0.17562358  -0.066497802734 -0.067138671875 
      0.17564626  -0.086059570312 -0.086761474609 
      0.17566893  -0.090301513672 -0.090911865234 
      0.17569161  -0.078399658203 -0.078857421875 
      0.17571429  -0.052490234375    -0.052734375 
      0.17573696  -0.017272949219 -0.017242431641 
      0.17575964   0.021057128906  0.021392822266 
      0.17578231   0.055572509766   0.05615234375 
      0.17580499   0.080230712891  0.080932617188 
      0.17582766   0.090545654297  0.091217041016 
      0.17585034   0.084655761719  0.085327148438 
      0.17587302   0.063751220703  0.064117431641 
      0.17589569   0.031402587891  0.031555175781 
      0.17591837  -0.0065002441406 -0.0066528320312 
      0.17594104  -0.043243408203 -0.043670654297 
      0.17596372     -0.072265625 -0.072906494141 
      0.17598639   -0.08837890625 -0.089141845703 
      0.17600907  -0.088775634766 -0.089477539062 
      0.17603175  -0.073333740234 -0.073852539062 
      0.17605442  -0.044738769531 -0.045074462891 
       0.1760771  -0.0082397460938 -0.0082397460938 
      0.17609977   0.029754638672  0.030029296875 
      0.17612245   0.062438964844   0.06298828125 
      0.17614512   0.083953857422  0.084655761719 
       0.1761678   0.090545654297  0.091247558594 
      0.17619048   0.080932617188  0.081573486328 
      0.17621315   0.056884765625  0.057373046875 
      0.17623583   0.022705078125  0.022918701172 
       0.1762585  -0.015502929688 -0.015594482422 
      0.17628118  -0.050964355469 -0.051330566406 
      0.17630385  -0.077301025391 -0.077941894531 
      0.17632653  -0.089904785156 -0.090606689453 
      0.17634921  -0.086395263672 -0.087127685547 
      0.17637188  -0.067504882812 -0.068115234375 
      0.17639456  -0.036590576172 -0.036987304688 
      0.17641723  0.00088500976562 0.00076293945312 
      0.17643991   0.038146972656  0.038360595703 
      0.17646259   0.068634033203  0.069061279297 
      0.17648526   0.086883544922  0.087524414062 
      0.17650794   0.089630126953  0.090301513672 
      0.17653061   0.076354980469  0.077056884766 
      0.17655329   0.049468994141  0.049987792969 
      0.17657596   0.013793945312  0.014068603516 
      0.17659864  -0.024383544922 -0.024353027344 
      0.17662132  -0.058166503906 -0.058441162109 
      0.17664399  -0.081573486328 -0.082092285156 
      0.17666667  -0.090454101562 -0.091094970703 
      0.17668934  -0.083160400391 -0.083831787109 
      0.17671202   -0.06103515625 -0.061676025391 
      0.17673469  -0.028045654297 -0.028472900391 
      0.17675737  0.0099487304688     0.009765625 
      0.17678005   0.046234130859  0.046234130859 
      0.17680272   0.074188232422  0.074462890625 
       0.1768254   0.088928222656  0.089385986328 
      0.17684807   0.087799072266   0.08837890625 
      0.17687075   0.071014404297  0.071594238281 
      0.17689342   0.041564941406  0.042083740234 
       0.1769161  0.0046691894531 0.0050048828125 
      0.17693878  -0.033050537109 -0.032867431641 
      0.17696145  -0.064819335938 -0.064910888672 
      0.17698413  -0.085052490234 -0.085327148438 
       0.1770068  -0.090118408203 -0.090545654297 
      0.17702948    -0.0791015625  -0.07958984375 
      0.17705215  -0.053955078125 -0.054473876953 
      0.17707483  -0.019165039062 -0.019622802734 
      0.17709751   0.018981933594  0.018707275391 
      0.17712018   0.053771972656  0.053680419922 
      0.17714286   0.078979492188  0.079071044922 
      0.17716553   0.090087890625  0.090362548828 
      0.17718821   0.085113525391  0.085479736328 
      0.17721088   0.064910888672  0.065338134766 
      0.17723356   0.033172607422  0.033599853516 
      0.17725624  -0.0045166015625 -0.004150390625 
      0.17727891  -0.041351318359 -0.041137695312 
      0.17730159  -0.070831298828 -0.070770263672 
      0.17732426  -0.087707519531 -0.087738037109 
      0.17734694    -0.0888671875 -0.089080810547 
      0.17736961      -0.07421875 -0.074523925781 
      0.17739229  -0.046295166016 -0.046691894531 
      0.17741497  -0.010162353516 -0.010498046875 
      0.17743764   0.027801513672  0.027557373047 
      0.17746032   0.060821533203  0.060607910156 
      0.17748299   0.082977294922  0.082916259766 
      0.17750567   0.090301513672   0.09033203125 
      0.17752834    0.08154296875  0.081695556641 
      0.17755102   0.058227539062  0.058471679688 
       0.1775737   0.024566650391  0.024780273438 
      0.17759637  -0.013549804688 -0.013275146484 
      0.17761905  -0.049194335938 -0.048980712891 
      0.17764172  -0.076049804688 -0.075897216797 
       0.1776644  -0.089385986328 -0.089324951172 
      0.17768707  -0.086730957031 -0.086730957031 
      0.17770975  -0.068603515625 -0.068725585938 
      0.17773243  -0.038269042969 -0.038421630859 
       0.1777551  -0.0010681152344 -0.0012817382812 
      0.17777778   0.036285400391  0.036071777344 
      0.17780045   0.067138671875  0.066955566406 
      0.17782313   0.086059570312  0.085876464844 
       0.1778458   0.089569091797  0.089508056641 
      0.17786848     0.0771484375  0.077117919922 
      0.17789116   0.050964355469  0.050994873047 
      0.17791383   0.015686035156  0.015808105469 
      0.17793651  -0.022399902344 -0.022216796875 
      0.17795918  -0.056427001953 -0.056274414062 
      0.17798186  -0.080444335938 -0.080291748047 
      0.17800454  -0.090057373047 -0.089935302734 
      0.17802721  -0.083648681641  -0.08349609375 
      0.17804989  -0.062316894531 -0.062225341797 
      0.17807256  -0.029876708984 -0.029846191406 
      0.17809524  0.0079345703125 0.0078735351562 
      0.17811791   0.044219970703  0.044158935547 
      0.17814059   0.072692871094  0.072540283203 
      0.17816327   0.088134765625  0.087951660156 
      0.17818594      0.087890625  0.087707519531 
      0.17820862   0.071929931641  0.071807861328 
      0.17823129   0.043182373047  0.043060302734 
      0.17825397  0.0067138671875 0.0066528320312 
      0.17827664  -0.030883789062 -0.030883789062 
      0.17829932  -0.063018798828 -0.062927246094 
        0.178322  -0.083862304688 -0.083740234375 
      0.17834467  -0.089752197266 -0.089599609375 
      0.17836735  -0.079620361328 -0.079467773438 
      0.17839002  -0.055297851562 -0.055114746094 
       0.1784127  -0.021118164062  -0.02099609375 
      0.17843537   0.016815185547  0.016906738281 
      0.17845805   0.051727294922    0.0517578125 
      0.17848073   0.077423095703  0.077362060547 
       0.1785034   0.089263916016  0.089172363281 
      0.17852608   0.085205078125  0.085052490234 
      0.17854875    0.06591796875  0.065734863281 
      0.17857143   0.034942626953  0.034729003906 
       0.1785941  -0.0022888183594 -0.0024719238281 
      0.17861678  -0.039093017578 -0.039245605469 
      0.17863946  -0.068908691406 -0.068969726562 
      0.17866213  -0.086395263672  -0.08642578125 
      0.17868481  -0.088500976562 -0.088409423828 
      0.17870748  -0.074798583984 -0.074645996094 
      0.17873016  -0.047760009766 -0.047576904297 
      0.17875283  -0.012176513672 -0.012023925781 
      0.17877551   0.025512695312  0.025695800781 
      0.17879819   0.058654785156  0.058807373047 
      0.17882086   0.081329345703  0.081420898438 
      0.17884354   0.089447021484  0.089508056641 
      0.17886621   0.081695556641  0.081604003906 
      0.17888889   0.059265136719  0.059173583984 
      0.17891156   0.026336669922  0.026184082031 
      0.17893424  -0.011322021484 -0.011505126953 
      0.17895692  -0.046905517578 -0.047119140625 
      0.17897959  -0.074157714844 -0.074310302734 
      0.17900227  -0.088134765625 -0.088256835938 
      0.17902494  -0.086364746094 -0.086486816406 
      0.17904762  -0.069244384766 -0.069244384766 
      0.17907029  -0.039764404297 -0.039672851562 
      0.17909297  -0.0032043457031 -0.0030517578125 
      0.17911565   0.033935546875  0.034149169922 
      0.17913832   0.065002441406  0.065246582031 
        0.179161   0.084442138672  0.084686279297 
      0.17918367     0.0888671875  0.089050292969 
      0.17920635   0.077423095703  0.077545166016 
      0.17922902   0.052124023438  0.052185058594 
       0.1792517      0.017578125  0.017547607422 
      0.17927438  -0.020111083984 -0.020202636719 
      0.17929705   -0.05419921875 -0.054382324219 
      0.17931973   -0.07861328125 -0.078826904297 
       0.1793424  -0.088989257812 -0.089233398438 
      0.17936508  -0.083526611328 -0.083740234375 
      0.17938776  -0.063140869141 -0.063293457031 
      0.17941043  -0.031524658203 -0.031585693359 
      0.17943311  0.0057373046875 0.0057373046875 
      0.17945578     0.0419921875  0.042022705078 
      0.17947846   0.070678710938  0.070831298828 
      0.17950113   0.086822509766  0.087005615234 
      0.17952381   0.087463378906  0.087615966797 
      0.17954649   0.072479248047  0.072662353516 
      0.17956916   0.044616699219  0.044769287109 
      0.17959184     0.0087890625 0.0088806152344 
      0.17961451  -0.028564453125 -0.028564453125 
      0.17963719  -0.060852050781 -0.060943603516 
      0.17965986  -0.082244873047 -0.082427978516 
      0.17968254  -0.089019775391 -0.089202880859 
      0.17970522  -0.079895019531    -0.080078125 
      0.17972789  -0.056488037109 -0.056701660156 
      0.17975057  -0.023101806641 -0.023223876953 
      0.17977324   0.014434814453  0.014373779297 
      0.17979592   0.049377441406  0.049377441406 
      0.17981859   0.075531005859  0.075561523438 
      0.17984127   0.088195800781  0.088287353516 
      0.17986395   0.085144042969  0.085296630859 
      0.17988662    0.06689453125  0.067047119141 
       0.1799093   0.036743164062  0.036895751953 
      0.17993197  6.103515625e-05 0.00015258789062 
      0.17995465   -0.03662109375 -0.036590576172 
      0.17997732  -0.066802978516 -0.066741943359 
            0.18  -0.085021972656 -0.085021972656 
      0.18002268  -0.088073730469 -0.088134765625 
      0.18004535  -0.075469970703 -0.075500488281 
      0.18006803  -0.049377441406 -0.049468994141 
       0.1800907  -0.014556884766 -0.014587402344 
      0.18011338   0.022857666016  0.022857666016 
      0.18013605   0.056182861328  0.056213378906 
      0.18015873   0.079467773438  0.079498291016 
      0.18018141   0.088592529297  0.088623046875 
      0.18020408   0.081939697266  0.081939697266 
      0.18022676   0.060668945312  0.060607910156 
      0.18024943   0.028564453125  0.028533935547 
      0.18027211  -0.0085754394531 -0.0086364746094 
      0.18029478  -0.044158935547 -0.044219970703 
      0.18031746  -0.071868896484 -0.071960449219 
      0.18034014  -0.086730957031 -0.086791992188 
      0.18036281  -0.086151123047 -0.086151123047 
      0.18038549  -0.070190429688 -0.070159912109 
      0.18040816  -0.041748046875 -0.041656494141 
      0.18043084     -0.005859375 -0.0057373046875 
      0.18045351   0.031005859375  0.031158447266 
      0.18047619   0.062347412109  0.062530517578 
      0.18049887   0.082550048828  0.082702636719 
      0.18052154   0.088043212891  0.088104248047 
      0.18054422   0.077758789062  0.077758789062 
      0.18056689     0.0537109375  0.053588867188 
      0.18058957   0.020050048828  0.019897460938 
      0.18061224  -0.017150878906 -0.017364501953 
      0.18063492  -0.051239013672 -0.051544189453 
       0.1806576  -0.076202392578 -0.076477050781 
      0.18068027  -0.087524414062 -0.087768554688 
      0.18070295  -0.083282470703 -0.083374023438 
      0.18072562  -0.064117431641 -0.064117431641 
       0.1807483  -0.033599853516 -0.033477783203 
      0.18077098  0.0028991699219 0.0031433105469 
      0.18079365   0.038879394531  0.039184570312 
      0.18081633   0.067901611328  0.068237304688 
        0.180839   0.084777832031  0.085113525391 
      0.18086168   0.086547851562  0.086761474609 
      0.18088435   0.072845458984  0.072937011719 
      0.18090703   0.046173095703  0.046142578125 
      0.18092971   0.011291503906  0.011138916016 
      0.18095238  -0.025573730469  -0.02587890625 
      0.18097506  -0.057861328125 -0.058227539062 
      0.18099773  -0.079772949219 -0.080230712891 
      0.18102041  -0.087463378906 -0.087860107422 
      0.18104308  -0.079559326172 -0.079833984375 
      0.18106576  -0.057464599609 -0.057586669922 
      0.18108844  -0.025115966797 -0.025085449219 
      0.18111111   0.011688232422  0.011871337891 
      0.18113379   0.046356201172  0.046691894531 
      0.18115646    0.07275390625  0.073211669922 
      0.18117914   0.086151123047  0.086639404297 
      0.18120181   0.084197998047  0.084625244141 
      0.18122449   0.067199707031  0.067504882812 
      0.18124717   0.038208007812  0.038360595703 
      0.18126984  0.0024719238281   0.00244140625 
      0.18129252   -0.03369140625 -0.033935546875 
      0.18131519  -0.063873291016 -0.064239501953 
      0.18133787  -0.082611083984 -0.083038330078 
      0.18136054  -0.086608886719 -0.087097167969 
      0.18138322  -0.075164794922 -0.075561523438 
       0.1814059   -0.05029296875 -0.050567626953 
      0.18142857  -0.016479492188 -0.016632080078 
      0.18145125   0.020233154297  0.020294189453 
      0.18147392   0.053344726562  0.053558349609 
       0.1814966   0.076873779297  0.077270507812 
      0.18151927   0.086700439453  0.087188720703 
      0.18154195   0.081115722656   0.08154296875 
      0.18156463   0.061004638672  0.061431884766 
       0.1815873   0.030059814453  0.030303955078 
      0.18160998  -0.0062561035156 -0.0061645507812 
      0.18163265  -0.041412353516  -0.04150390625 
      0.18165533  -0.069183349609 -0.069427490234 
        0.181678  -0.084564208984   -0.0849609375 
      0.18170068  -0.084869384766 -0.085327148438 
      0.18172336  -0.070068359375 -0.070495605469 
      0.18174603  -0.042755126953 -0.043121337891 
      0.18176871  -0.0078430175781 -0.0080871582031 
      0.18179138   0.028442382812  0.028411865234 
      0.18181406   0.059631347656  0.059783935547 
      0.18183673   0.080200195312  0.080474853516 
      0.18185941   0.086456298828  0.086791992188 
      0.18188209   0.077239990234  0.077667236328 
      0.18190476   0.054290771484       0.0546875 
      0.18192744   0.021697998047  0.022003173828 
      0.18195011  -0.014801025391 -0.014617919922 
      0.18197279  -0.048583984375 -0.048583984375 
      0.18199546  -0.073699951172 -0.073852539062 
      0.18201814  -0.085693359375      -0.0859375 
      0.18204082  -0.082366943359 -0.082702636719 
      0.18206349  -0.064392089844 -0.064727783203 
      0.18208617  -0.034912109375 -0.035247802734 
      0.18210884  0.00076293945312 0.00051879882812 
      0.18213152   0.036285400391  0.036163330078 
       0.1821542   0.065307617188  0.065307617188 
      0.18217687   0.082641601562  0.082824707031 
      0.18219955   0.085266113281  0.085540771484 
      0.18222222   0.072692871094  0.073028564453 
       0.1822449   0.047180175781  0.047485351562 
      0.18226757   0.013244628906  0.013519287109 
      0.18229025  -0.023010253906 -0.022857666016 
      0.18231293   -0.05517578125 -0.055145263672 
       0.1823356  -0.077453613281 -0.077545166016 
      0.18235828       -0.0859375 -0.086090087891 
      0.18238095  -0.079071044922 -0.079345703125 
      0.18240363   -0.05810546875 -0.058441162109 
       0.1824263   -0.02685546875 -0.027130126953 
      0.18244898  0.0092163085938 0.0090026855469 
      0.18247166   0.043609619141  0.043487548828 
      0.18249433   0.070190429688  0.070190429688 
      0.18251701   0.084259033203  0.084381103516 
      0.18253968   0.083282470703  0.083557128906 
      0.18256236   0.067474365234  0.067779541016 
      0.18258503   0.039642333984  0.039978027344 
      0.18260771  0.0047912597656 0.0050354003906 
      0.18263039  -0.030914306641  -0.03076171875 
      0.18265306  -0.061096191406  -0.06103515625 
      0.18267574  -0.080352783203 -0.080444335938 
      0.18269841  -0.085235595703 -0.085479736328 
      0.18272109  -0.074981689453 -0.075256347656 
      0.18274376  -0.051361083984 -0.051696777344 
      0.18276644    -0.0185546875 -0.018920898438 
      0.18278912   0.017486572266  0.017272949219 
      0.18281179   0.050384521484  0.050262451172 
      0.18283447   0.074279785156  0.074340820312 
      0.18285714   0.084899902344  0.085174560547 
      0.18287982   0.080444335938  0.080749511719 
      0.18290249   0.061614990234  0.061981201172 
      0.18292517   0.031768798828  0.032165527344 
      0.18294785  -0.003662109375 -0.0033569335938 
      0.18297052  -0.038421630859 -0.038238525391 
       0.1829932  -0.066284179688 -0.066284179688 
      0.18301587  -0.082336425781 -0.082489013672 
      0.18303855  -0.083709716797 -0.084014892578 
      0.18306122  -0.070129394531 -0.070526123047 
       0.1830839  -0.044067382812 -0.044555664062 
      0.18310658  -0.010162353516 -0.010589599609 
      0.18312925   0.025512695312  0.025207519531 
      0.18315193      0.056640625  0.056488037109 
       0.1831746    0.07763671875  0.077697753906 
      0.18319728   0.084716796875  0.084991455078 
      0.18321995   0.076751708984  0.077178955078 
      0.18324263   0.055053710938  0.055633544922 
      0.18326531   0.023590087891  0.024139404297 
      0.18328798  -0.012023925781 -0.011596679688 
      0.18331066  -0.045532226562 -0.045227050781 
      0.18333333  -0.070861816406  -0.07080078125 
      0.18335601  -0.083526611328 -0.083709716797 
      0.18337868  -0.081298828125 -0.081726074219 
      0.18340136  -0.064544677734 -0.065124511719 
      0.18342404  -0.036346435547 -0.037017822266 
      0.18344671  -0.0016479492188 -0.0022888183594 
      0.18346939   0.033294677734  0.032836914062 
      0.18349206   0.062286376953   0.06201171875 
      0.18351474   0.080139160156  0.080169677734 
      0.18353741   0.083679199219  0.084014892578 
      0.18356009   0.072296142578  0.072845458984 
      0.18358277   0.048004150391  0.048736572266 
      0.18360544   0.015197753906  0.015960693359 
      0.18362812  -0.020294189453 -0.019653320312 
      0.18365079  -0.052185058594 -0.051696777344 
      0.18367347  -0.074737548828 -0.074523925781 
      0.18369615  -0.083892822266 -0.084045410156 
      0.18371882        -0.078125 -0.078582763672 
       0.1837415  -0.058410644531 -0.059112548828 
      0.18376417  -0.028289794922 -0.029113769531 
      0.18378685  0.0068969726562 0.0060119628906 
      0.18380952   0.040771484375    0.0400390625 
       0.1838322   0.067413330078  0.066925048828 
      0.18385488   0.082000732422  0.081817626953 
      0.18387755   0.081970214844  0.082122802734 
      0.18390023   0.067260742188  0.067779541016 
       0.1839229   0.040618896484  0.041412353516 
      0.18394558  0.0067138671875 0.0076599121094 
      0.18396825  -0.028350830078 -0.027435302734 
      0.18399093  -0.058380126953 -0.057556152344 
      0.18401361  -0.077941894531 -0.077453613281 
      0.18403628  -0.083618164062  -0.08349609375 
      0.18405896  -0.074401855469 -0.074645996094 
      0.18408163  -0.051879882812 -0.052490234375 
      0.18410431  -0.020111083984 -0.020965576172 
      0.18412698   0.015197753906  0.014190673828 
      0.18414966   0.047790527344  0.046813964844 
      0.18417234   0.071868896484  0.071014404297 
      0.18419501   0.083129882812  0.082611083984 
      0.18421769   0.079528808594  0.079406738281 
      0.18424036   0.061767578125  0.062072753906 
      0.18426304   0.033050537109  0.033660888672 
      0.18428571  -0.0016174316406 -0.00067138671875 
      0.18430839  -0.035949707031 -0.034881591797 
      0.18433107  -0.063873291016 -0.062835693359 
      0.18435374  -0.080383300781  -0.07958984375 
      0.18437642  -0.082580566406 -0.082061767578 
      0.18439909  -0.070068359375 -0.069915771484 
      0.18442177  -0.045043945312 -0.045349121094 
      0.18444444  -0.012054443359   -0.0126953125 
      0.18446712   0.023101806641  0.022216796875 
       0.1844898   0.054138183594  0.053070068359 
      0.18451247   0.075500488281  0.074462890625 
      0.18453515   0.083404541016  0.082550048828 
      0.18455782   0.076446533203  0.075897216797 
       0.1845805   0.055847167969  0.055725097656 
      0.18460317   0.025329589844  0.025604248047 
      0.18462585  -0.0096740722656 -0.0090026855469 
      0.18464853  -0.042938232422 -0.042022705078 
       0.1846712  -0.068511962891 -0.067474365234 
      0.18469388  -0.081909179688 -0.080841064453 
      0.18471655  -0.080688476562 -0.079833984375 
      0.18473923  -0.065093994141 -0.064544677734 
       0.1847619  -0.037933349609 -0.037780761719 
      0.18478458  -0.0040588378906 -0.0043334960938 
      0.18480726   0.030548095703  0.029937744141 
      0.18482993   0.059692382812  0.058776855469 
      0.18485261   0.078155517578  0.077117919922 
      0.18487528   0.082702636719  0.081665039062 
      0.18489796   0.072509765625  0.071655273438 
      0.18492063   0.049407958984  0.048858642578 
      0.18494331   0.017547607422  0.017395019531 
      0.18496599  -0.017395019531 -0.017181396484 
      0.18498866  -0.049255371094 -0.048614501953 
      0.18501134     -0.072265625 -0.071380615234 
      0.18503401  -0.082397460938 -0.081359863281 
      0.18505669  -0.077850341797 -0.076873779297 
      0.18507937  -0.059478759766 -0.058624267578 
      0.18510204  -0.030456542969 -0.029937744141 
      0.18512472  0.0038757324219 0.0040588378906 
      0.18514739   0.037536621094  0.037292480469 
      0.18517007      0.064453125  0.063842773438 
      0.18519274   0.079864501953  0.078948974609 
      0.18521542   0.081024169922  0.080017089844 
       0.1852381   0.067749023438  0.066772460938 
      0.18526077   0.042449951172  0.041595458984 
      0.18528345  0.0096130371094 0.0090637207031 
      0.18530612  -0.024932861328 -0.025054931641 
       0.1853288  -0.054931640625      -0.0546875 
      0.18535147  -0.075134277344 -0.074523925781 
      0.18537415  -0.081939697266   -0.0810546875 
      0.18539683  -0.074127197266 -0.073120117188 
       0.1854195  -0.053131103516 -0.052154541016 
      0.18544218  -0.022674560547 -0.021881103516 
      0.18546485   0.011749267578  0.012268066406 
      0.18548753   0.044097900391  0.044189453125 
       0.1855102   0.068481445312  0.068206787109 
      0.18553288   0.080657958984  0.080017089844 
      0.18555556   0.078430175781  0.077545166016 
      0.18557823   0.062255859375  0.061248779297 
      0.18560091   0.034973144531  0.034027099609 
      0.18562358  0.0014953613281 0.00076293945312 
      0.18564626  -0.032165527344 -0.032623291016 
      0.18566893  -0.060089111328 -0.060180664062 
      0.18569161  -0.077270507812 -0.076934814453 
      0.18571429  -0.080627441406 -0.079956054688 
      0.18573696  -0.069610595703 -0.068725585938 
      0.18575964  -0.046203613281 -0.045257568359 
      0.18578231  -0.014587402344    -0.013671875 
      0.18580499   0.019592285156  0.020294189453 
      0.18582766   0.050201416016  0.050628662109 
      0.18585034   0.071868896484  0.071899414062 
      0.18587302   0.080657958984  0.080352783203 
      0.18589569   0.075073242188  0.074401855469 
      0.18591837   0.056091308594  0.055236816406 
      0.18594104   0.027099609375  0.026214599609 
      0.18596372  -0.0066223144531 -0.0074462890625 
      0.18598639  -0.039184570312 -0.039825439453 
      0.18600907  -0.064666748047 -0.065032958984 
      0.18603175  -0.078643798828  -0.07861328125 
      0.18605442  -0.078521728516 -0.078186035156 
       0.1860771     -0.064453125 -0.063812255859 
      0.18609977  -0.038848876953 -0.038055419922 
      0.18612245   -0.00634765625 -0.0055236816406 
      0.18614512   0.027191162109  0.027984619141 
       0.1861678   0.055908203125  0.056488037109 
      0.18619048   0.074615478516  0.074890136719 
      0.18621315   0.079956054688  0.079925537109 
      0.18623583   0.071075439453  0.070709228516 
       0.1862585   0.049499511719  0.048889160156 
      0.18628118   0.019134521484  0.018341064453 
      0.18630385    -0.0146484375 -0.015441894531 
      0.18632653  -0.045776367188 -0.046478271484 
      0.18634921  -0.068695068359 -0.069183349609 
      0.18637188  -0.079315185547 -0.079559326172 
      0.18639456  -0.075836181641 -0.075744628906 
      0.18641723  -0.058776855469 -0.058441162109 
      0.18643991  -0.031280517578 -0.030700683594 
      0.18646259  0.0018005371094 0.0025024414062 
      0.18648526   0.034545898438  0.035217285156 
      0.18650794    0.06103515625  0.061676025391 
      0.18653061    0.07666015625  0.077117919922 
      0.18655329    0.07861328125  0.078796386719 
      0.18657596   0.066497802734  0.066467285156 
      0.18659864   0.042572021484  0.042266845703 
      0.18662132   0.011077880859  0.010528564453 
      0.18664399  -0.022399902344 -0.023010253906 
      0.18666667  -0.051849365234 -0.052459716797 
      0.18668934  -0.072021484375 -0.072570800781 
      0.18671202  -0.079315185547 -0.079711914062 
      0.18673469  -0.072509765625 -0.072692871094 
      0.18675737     -0.052734375 -0.052703857422 
      0.18678005  -0.023590087891 -0.023345947266 
      0.18680272  0.0097045898438  0.010162353516 
       0.1868254   0.041290283203  0.041839599609 
      0.18684807   0.065490722656  0.066040039062 
      0.18687075   0.077941894531  0.078460693359 
      0.18689342   0.076538085938  0.076873779297 
       0.1869161   0.061492919922  0.061645507812 
      0.18693878   0.035491943359  0.035430908203 
      0.18696145  0.0031433105469 0.0029602050781 
      0.18698413  -0.029693603516 -0.030059814453 
       0.1870068  -0.057189941406 -0.057678222656 
      0.18702948  -0.074523925781 -0.075012207031 
      0.18705215  -0.078552246094 -0.078979492188 
      0.18707483  -0.068572998047 -0.068878173828 
      0.18709751  -0.046356201172 -0.046539306641 
      0.18712018  -0.015930175781 -0.015930175781 
      0.18714286   0.017303466797  0.017486572266 
      0.18716553   0.047454833984  0.047729492188 
      0.18718821   0.069091796875  0.069458007812 
      0.18721088   0.078399658203  0.078826904297 
      0.18723356   0.073699951172  0.074096679688 
      0.18725624   0.055938720703  0.056182861328 
      0.18727891   0.028198242188  0.028350830078 
      0.18730159  -0.0045471191406 -0.0045471191406 
      0.18732426  -0.036437988281 -0.036560058594 
      0.18734694  -0.061798095703 -0.062042236328 
      0.18736961  -0.076141357422 -0.076446533203 
      0.18739229  -0.076873779297 -0.077239990234 
      0.18741497  -0.063934326172 -0.064270019531 
      0.18743764  -0.039581298828 -0.039855957031 
      0.18746032  -0.0082397460938 -0.0083618164062 
      0.18748299   0.024566650391  0.024505615234 
      0.18750567   0.052917480469  0.053009033203 
      0.18752834   0.071807861328  0.071990966797 
      0.18755102   0.077941894531  0.078186035156 
       0.1875737   0.070098876953  0.070404052734 
      0.18759637     0.0498046875  0.050079345703 
      0.18761905   0.020660400391  0.020904541016 
      0.18764172  -0.012145996094 -0.011962890625 
       0.1876644  -0.042755126953 -0.042633056641 
      0.18768707  -0.065704345703 -0.065704345703 
      0.18770975  -0.076873779297 -0.077026367188 
      0.18773243  -0.074401855469 -0.074554443359 
       0.1877551  -0.058624267578 -0.058868408203 
      0.18777778  -0.032440185547 -0.032653808594 
      0.18780045   -0.00048828125 -0.00070190429688 
      0.18782313   0.031555175781  0.031372070312 
       0.1878458   0.057861328125  0.057739257812 
      0.18786848   0.073883056641  0.073822021484 
      0.18789116   0.076690673828  0.076721191406 
      0.18791383   0.065856933594  0.065948486328 
      0.18793651   0.043273925781  0.043395996094 
      0.18795918   0.013000488281  0.013153076172 
      0.18798186  -0.019592285156 -0.019378662109 
      0.18800454  -0.048614501953 -0.048431396484 
      0.18802721  -0.068969726562 -0.068817138672 
      0.18804989  -0.076995849609 -0.076934814453 
      0.18807256    -0.0712890625 -0.071258544922 
      0.18809524  -0.052886962891 -0.052917480469 
      0.18811791  -0.025085449219 -0.025146484375 
      0.18814059  0.0071716308594 0.0070495605469 
      0.18816327   0.038116455078  0.037963867188 
      0.18818594   0.062255859375  0.062103271484 
      0.18820862   0.075286865234  0.075103759766 
      0.18823129   0.074859619141  0.074676513672 
      0.18825397   0.061096191406  0.060974121094 
      0.18827664   0.036468505859  0.036376953125 
      0.18829932  0.0053405761719 0.0053405761719 
        0.188322  -0.026672363281 -0.026611328125 
      0.18834467  -0.053955078125 -0.053833007812 
      0.18836735  -0.071563720703 -0.071411132812 
      0.18839002  -0.076446533203 -0.076232910156 
       0.1884127  -0.067626953125 -0.067474365234 
      0.18843537  -0.046844482422 -0.046691894531 
      0.18845805  -0.017700195312    -0.017578125 
      0.18848073   0.014556884766  0.014617919922 
       0.1885034   0.044219970703  0.044189453125 
      0.18852608   0.065979003906  0.065856933594 
      0.18854875   0.075927734375  0.075744628906 
      0.18857143   0.072357177734  0.072174072266 
       0.1885941   0.055938720703  0.055725097656 
      0.18861678   0.029541015625  0.029327392578 
      0.18863946  -0.0021057128906 -0.0022277832031 
      0.18866213  -0.033294677734 -0.033416748047 
      0.18868481  -0.058563232422     -0.05859375 
      0.18870748  -0.073364257812 -0.073303222656 
      0.18873016  -0.075134277344 -0.074920654297 
      0.18875283    -0.0634765625 -0.063232421875 
      0.18877551   -0.04052734375 -0.040313720703 
      0.18879819  -0.010406494141 -0.010162353516 
      0.18882086   0.021545410156  0.021697998047 
      0.18884354   0.049591064453  0.049743652344 
      0.18886621    0.06884765625  0.068817138672 
      0.18888889   0.075775146484   0.07568359375 
      0.18891156   0.069183349609  0.069030761719 
      0.18893424   0.050323486328  0.050109863281 
      0.18895692   0.022491455078  0.022247314453 
      0.18897959   -0.00927734375 -0.0094909667969 
      0.18900227  -0.039367675781 -0.039520263672 
      0.18902494  -0.062438964844         -0.0625 
      0.18904762  -0.074310302734 -0.074310302734 
      0.18907029  -0.072998046875 -0.072906494141 
      0.18909297  -0.058624267578 -0.058471679688 
      0.18911565  -0.033874511719  -0.03369140625 
      0.18913832  -0.0031127929688 -0.0028991699219 
        0.189161   0.028137207031  0.028350830078 
      0.18918367   0.054382324219  0.054504394531 
      0.18920635   0.070861816406  0.070922851562 
      0.18922902   0.074737548828   0.07470703125 
       0.1892517   0.065277099609  0.065185546875 
      0.18927438   0.044219970703  0.044036865234 
      0.18929705   0.015319824219   0.01513671875 
      0.18931973  -0.016326904297 -0.016448974609 
       0.1893424  -0.044952392578 -0.045104980469 
      0.18936508  -0.065551757812 -0.065612792969 
      0.18938776  -0.074462890625 -0.074462890625 
      0.18941043  -0.070098876953 -0.069976806641 
      0.18943311   -0.05322265625 -0.053100585938 
      0.18945578  -0.026916503906 -0.026763916016 
      0.18947846  0.0041198730469 0.0043029785156 
      0.18950113   0.034423828125  0.034576416016 
      0.18952381   0.058563232422      0.05859375 
      0.18954649   0.072174072266  0.072204589844 
      0.18956916   0.072998046875  0.072906494141 
      0.18959184   0.060729980469  0.060638427734 
      0.18961451   0.037719726562  0.037536621094 
      0.18963719  0.0079956054688 0.0078430175781 
      0.18965986  -0.023101806641 -0.023223876953 
      0.18968254  -0.050048828125 -0.050140380859 
      0.18970522  -0.068054199219 -0.068054199219 
      0.18972789  -0.073852539062 -0.073822021484 
      0.18975057  -0.066558837891 -0.066436767578 
      0.18977324  -0.047393798828 -0.047180175781 
      0.18979592  -0.019805908203 -0.019592285156 
      0.18981859   0.011291503906  0.011474609375 
      0.18984127   0.040313720703  0.040466308594 
      0.18986395   0.062103271484  0.062225341797 
      0.18988662   0.072845458984  0.072845458984 
       0.1899093   0.070556640625  0.070495605469 
      0.18993197   0.055725097656  0.055603027344 
      0.18995465   0.030975341797   0.03076171875 
      0.18997732  0.00076293945312   0.00048828125 
            0.19  -0.029571533203 -0.029846191406 
      0.19002268  -0.054595947266 -0.054809570312 
      0.19004535  -0.069854736328 -0.070007324219 
      0.19006803  -0.072631835938 -0.072692871094 
       0.1900907  -0.062469482422 -0.062438964844 
      0.19011338  -0.041198730469 -0.041046142578 
      0.19013605  -0.012634277344 -0.012359619141 
      0.19015873   0.018157958984  0.018493652344 
      0.19018141   0.045654296875  0.046020507812 
      0.19020408   0.065002441406  0.065338134766 
      0.19022676   0.072723388672  0.072967529297 
      0.19024943   0.067504882812  0.067626953125 
      0.19027211   0.050262451172  0.050231933594 
      0.19029478   0.024047851562  0.023895263672 
      0.19031746  -0.0063781738281 -0.0066833496094 
      0.19034014   -0.03564453125 -0.036041259766 
      0.19036281  -0.058502197266 -0.058959960938 
      0.19038549  -0.070892333984 -0.071380615234 
      0.19040816  -0.070678710938 -0.071044921875 
      0.19043084  -0.057861328125 -0.058074951172 
      0.19045351  -0.034698486328 -0.034759521484 
      0.19047619  -0.0054626464844 -0.0052795410156 
      0.19049887   0.024749755859  0.025085449219 
      0.19052154   0.050537109375  0.051025390625 
      0.19054422   0.067230224609  0.067810058594 
      0.19056689   0.071929931641  0.072509765625 
      0.19058957   0.063812255859  0.064300537109 
      0.19061224   0.044342041016  0.044677734375 
      0.19063492   0.016967773438   0.01708984375 
       0.1906576  -0.013336181641 -0.013488769531 
      0.19068027  -0.041290283203 -0.041656494141 
      0.19070295  -0.061828613281 -0.062408447266 
      0.19072562  -0.071319580078 -0.071990966797 
       0.1907483  -0.068084716797 -0.068756103516 
      0.19077098  -0.052764892578 -0.053314208984 
      0.19079365  -0.028015136719 -0.028381347656 
      0.19081633  0.0016784667969 0.0015563964844 
        0.190839   0.031036376953  0.031219482422 
      0.19086168   0.054870605469  0.055267333984 
      0.19088435   0.068817138672  0.069488525391 
      0.19090703   0.070526123047    0.0712890625 
      0.19092971   0.059692382812  0.060424804688 
      0.19095238   0.038177490234  0.038787841797 
      0.19097506  0.0099182128906  0.010284423828 
      0.19099773  -0.020111083984 -0.019958496094 
      0.19102041  -0.046508789062 -0.046691894531 
      0.19104308  -0.064544677734 -0.065032958984 
      0.19106576  -0.071136474609 -0.071807861328 
      0.19108844  -0.065002441406 -0.065765380859 
      0.19111111  -0.047332763672 -0.048034667969 
      0.19113379  -0.021209716797 -0.021789550781 
      0.19115646  0.0086669921875 0.0082702636719 
      0.19117914   0.036956787109  0.036895751953 
      0.19120181   0.058654785156  0.058868408203 
      0.19122449   0.069854736328  0.070373535156 
      0.19124717   0.068572998047  0.069305419922 
      0.19126984   0.055145263672  0.055908203125 
      0.19129252   0.031860351562  0.032562255859 
      0.19131519  0.0029602050781 0.0034790039062 
      0.19133787  -0.026458740234 -0.026184082031 
      0.19136054  -0.051147460938 -0.051147460938 
      0.19138322  -0.066680908203 -0.066986083984 
       0.1914059  -0.070343017578 -0.070861816406 
      0.19142857  -0.061462402344 -0.062103271484 
      0.19145125  -0.041656494141 -0.042358398438 
      0.19147392  -0.014434814453 -0.015045166016 
       0.1914966   0.015350341797  0.014892578125 
      0.19151927   0.042327880859  0.042114257812 
      0.19154195   0.061737060547  0.061828613281 
      0.19156463   0.070159912109  0.070495605469 
       0.1915873   0.066070556641  0.066589355469 
      0.19160998   0.050262451172  0.050872802734 
      0.19163265   0.025482177734  0.026062011719 
      0.19165533  -0.0037841796875 -0.0033264160156 
        0.191678  -0.032348632812 -0.032073974609 
      0.19170068  -0.055145263672 -0.055084228516 
      0.19172336  -0.068084716797 -0.068237304688 
      0.19174603  -0.068908691406 -0.069244384766 
      0.19176871  -0.057464599609 -0.057891845703 
      0.19179138  -0.035797119141 -0.036254882812 
      0.19181406  -0.0077514648438 -0.0082397460938 
      0.19183673   0.021575927734  0.021270751953 
      0.19185941   0.047088623047  0.046905517578 
      0.19188209   0.064147949219  0.064178466797 
      0.19190476   0.069793701172  0.070007324219 
      0.19192744    0.06298828125  0.063354492188 
      0.19195011   0.045013427734  0.045440673828 
      0.19197279    0.01904296875  0.019439697266 
      0.19199546  -0.010284423828 -0.010009765625 
      0.19201814  -0.037750244141 -0.037567138672 
      0.19204082  -0.058502197266 -0.058441162109 
      0.19206349  -0.068756103516 -0.068908691406 
      0.19208617  -0.066833496094 -0.067047119141 
      0.19210884  -0.052947998047 -0.053283691406 
      0.19213152  -0.029693603516 -0.030029296875 
       0.1921542  -0.0011901855469 -0.0014953613281 
      0.19217687   0.027496337891      0.02734375 
      0.19219955   0.051239013672  0.051208496094 
      0.19222222   0.065856933594  0.065948486328 
       0.1922449   0.068725585938  0.068939208984 
      0.19226757   0.059387207031  0.059661865234 
      0.19229025   0.039459228516  0.039764404297 
      0.19231293   0.012573242188  0.012786865234 
       0.1923356  -0.016540527344 -0.016418457031 
      0.19235828  -0.042663574219 -0.042633056641 
      0.19238095  -0.061157226562 -0.061248779297 
      0.19240363  -0.068756103516 -0.068939208984 
       0.1924263  -0.064117431641 -0.064361572266 
      0.19244898  -0.048065185547 -0.048309326172 
      0.19247166  -0.023468017578 -0.023712158203 
      0.19249433  0.0052185058594 0.0050964355469 
      0.19251701   0.032989501953  0.032928466797 
      0.19253968   0.054840087891  0.054931640625 
      0.19256236   0.066925048828  0.067077636719 
      0.19258503   0.067047119141  0.067291259766 
      0.19260771   0.055267333984  0.055511474609 
      0.19263039   0.033630371094  0.033905029297 
      0.19265306  0.0061340332031 0.0062561035156 
      0.19267574  -0.022491455078 -0.022430419922 
      0.19269841  -0.047058105469 -0.047149658203 
      0.19272109  -0.063201904297 -0.063415527344 
      0.19274376  -0.068115234375    -0.068359375 
      0.19276644  -0.060852050781 -0.061157226562 
      0.19278912  -0.042816162109 -0.043090820312 
      0.19281179  -0.017150878906 -0.017364501953 
      0.19283447   0.011505126953  0.011413574219 
      0.19285714     0.0380859375  0.038146972656 
      0.19287982   0.057861328125  0.058044433594 
      0.19290249   0.067321777344  0.067596435547 
      0.19292517   0.064758300781  0.065093994141 
      0.19294785   0.050689697266  0.051055908203 
      0.19297052   0.027648925781  0.027893066406 
       0.1929932  -0.00033569335938 -0.00015258789062 
      0.19301587  -0.028167724609 -0.028167724609 
      0.19303855  -0.050933837891 -0.051147460938 
      0.19306122  -0.064666748047 -0.064971923828 
       0.1930839  -0.066802978516 -0.067230224609 
      0.19310658  -0.057098388672 -0.057495117188 
      0.19312925  -0.037231445312 -0.037628173828 
      0.19315193  -0.010772705078 -0.011047363281 
       0.1931746      0.017578125  0.017486572266 
      0.19319728   0.042755126953  0.042877197266 
      0.19321995   0.060302734375  0.060577392578 
      0.19324263   0.067108154297  0.067504882812 
      0.19326531   0.061889648438  0.062377929688 
      0.19328798   0.045715332031  0.046203613281 
      0.19331066   0.021453857422  0.021820068359 
      0.19333333  -0.0066528320312 -0.0064086914062 
      0.19335601  -0.033477783203 -0.033508300781 
      0.19337868  -0.054351806641 -0.054565429688 
      0.19340136  -0.065490722656  -0.06591796875 
      0.19342404  -0.065002441406 -0.065490722656 
      0.19344671  -0.052886962891 -0.053466796875 
      0.19346939  -0.031402587891 -0.031951904297 
      0.19349206  -0.0043334960938 -0.0047302246094 
      0.19351474   0.023406982422  0.023254394531 
      0.19353741   0.047027587891  0.047058105469 
      0.19356009   0.062194824219          0.0625 
      0.19358277   0.066253662109  0.066802978516 
      0.19360544   0.058532714844  0.059204101562 
      0.19362812   0.040405273438  0.041076660156 
      0.19365079    0.01513671875  0.015686035156 
      0.19367347  -0.012847900391 -0.012481689453 
      0.19369615  -0.038482666016 -0.038360595703 
      0.19371882  -0.057250976562 -0.057403564453 
       0.1937415  -0.065765380859 -0.066223144531 
      0.19376417  -0.062591552734 -0.063201904297 
      0.19378685  -0.048248291016 -0.048980712891 
      0.19380952     -0.025390625 -0.026092529297 
       0.1938322  0.0020141601562 0.0014343261719 
      0.19385488   0.029022216797  0.028656005859 
      0.19387755   0.050811767578  0.050720214844 
      0.19390023   0.063537597656  0.063751220703 
       0.1939229    0.06494140625  0.065460205078 
      0.19394558   0.054779052734  0.055480957031 
      0.19396825   0.034851074219   0.03564453125 
      0.19399093     0.0087890625  0.009521484375 
      0.19401361  -0.018859863281 -0.018249511719 
      0.19403628  -0.043090820312 -0.042755126953 
      0.19405896  -0.059631347656 -0.059600830078 
      0.19408163  -0.065521240234 -0.065826416016 
      0.19410431  -0.059753417969 -0.060302734375 
      0.19412698  -0.043365478516 -0.044097900391 
      0.19414966  -0.019256591797 -0.020050048828 
      0.19417234  0.0082397460938 0.0075073242188 
      0.19419501   0.034240722656   0.03369140625 
      0.19421769   0.054138183594  0.053863525391 
      0.19424036   0.064331054688  0.064392089844 
      0.19426304   0.063140869141  0.063446044922 
      0.19428571   0.050628662109  0.051208496094 
      0.19430839   0.029144287109  0.029907226562 
      0.19433107  0.0024719238281 0.0032958984375 
      0.19435374  -0.024566650391 -0.023864746094 
      0.19437642  -0.047210693359 -0.046752929688 
      0.19439909  -0.061462402344 -0.061218261719 
      0.19442177  -0.064727783203 -0.064788818359 
      0.19444444  -0.056488037109 -0.056884765625 
      0.19446712  -0.038208007812 -0.038818359375 
       0.1944898  -0.013153076172 -0.013854980469 
      0.19451247   0.014251708984  0.013519287109 
      0.19453515        0.0390625  0.038452148438 
      0.19455782   0.056915283203  0.056457519531 
       0.1945805   0.064636230469  0.064422607422 
      0.19460317   0.060821533203  0.060882568359 
      0.19462585   0.046203613281  0.046508789062 
      0.19464853   0.023406982422  0.023895263672 
       0.1946712  -0.0036010742188 -0.0029602050781 
      0.19469388  -0.029907226562 -0.029235839844 
      0.19471655  -0.050842285156 -0.050262451172 
      0.19473923  -0.062744140625 -0.062316894531 
       0.1947619  -0.063446044922 -0.063262939453 
      0.19478458  -0.052886962891 -0.052917480469 
      0.19480726  -0.032958984375    -0.033203125 
      0.19482993  -0.0071716308594 -0.007568359375 
      0.19485261   0.019866943359  0.019378662109 
      0.19487528   0.043365478516  0.042816162109 
      0.19489796   0.059112548828  0.058624267578 
      0.19492063   0.064331054688   0.06396484375 
      0.19494331   0.058074951172  0.057861328125 
      0.19496599   0.041534423828   0.04150390625 
      0.19498866   0.017639160156  0.017761230469 
      0.19501134  -0.0093994140625 -0.0091247558594 
      0.19503401  -0.034698486328 -0.034332275391 
      0.19505669  -0.053802490234 -0.053405761719 
      0.19507937  -0.063354492188 -0.062957763672 
      0.19510204  -0.061645507812 -0.061309814453 
      0.19512472  -0.048950195312 -0.048706054688 
      0.19514739  -0.027557373047 -0.027465820312 
      0.19517007  -0.0013732910156 -0.0013122558594 
      0.19519274   0.025085449219  0.024993896484 
      0.19521542   0.047027587891  0.046844482422 
       0.1952381   0.060577392578  0.060333251953 
      0.19526077   0.063354492188  0.063079833984 
      0.19528345   0.054870605469  0.054595947266 
      0.19530612   0.036651611328  0.036376953125 
       0.1953288   0.011932373047      0.01171875 
      0.19535147  -0.014831542969 -0.015014648438 
      0.19537415  -0.038970947266 -0.039031982422 
      0.19539683  -0.056121826172 -0.056091308594 
       0.1954195  -0.063293457031 -0.063171386719 
      0.19544218  -0.059173583984 -0.058959960938 
      0.19546485  -0.044586181641 -0.044311523438 
      0.19548753  -0.022094726562 -0.021759033203 
       0.1955102  0.0042724609375 0.0046691894531 
      0.19553288   0.029876708984  0.030181884766 
      0.19555556   0.050079345703  0.050323486328 
      0.19557823   0.061401367188    0.0615234375 
      0.19560091   0.061767578125  0.061737060547 
      0.19562358   0.051116943359  0.050964355469 
      0.19564626   0.031463623047  0.031188964844 
      0.19566893  0.0062255859375 0.0057983398438 
      0.19569161  -0.020080566406   -0.0205078125 
      0.19571429  -0.042755126953 -0.043182373047 
      0.19573696  -0.057800292969 -0.058166503906 
      0.19575964  -0.062591552734 -0.062774658203 
      0.19578231  -0.056182861328 -0.056213378906 
      0.19580499  -0.039825439453 -0.039703369141 
      0.19582766  -0.016418457031  -0.01611328125 
      0.19585034  0.0098571777344  0.010314941406 
      0.19587302   0.034362792969  0.034881591797 
      0.19589569   0.052673339844  0.053192138672 
      0.19591837   0.061614990234  0.062042236328 
      0.19594104   0.059600830078  0.059875488281 
      0.19596372   0.046966552734  0.047058105469 
      0.19598639   0.026031494141   0.02587890625 
      0.19600907    0.00048828125 0.00015258789062 
      0.19603175  -0.025115966797 -0.025634765625 
      0.19605442  -0.046234130859 -0.046752929688 
       0.1960771  -0.059051513672 -0.059600830078 
      0.19609977  -0.061340332031 -0.061798095703 
      0.19612245     -0.052734375 -0.053039550781 
      0.19614512  -0.034790039062 -0.034820556641 
       0.1961678  -0.010650634766 -0.010498046875 
      0.19619048   0.015319824219  0.015716552734 
      0.19621315    0.03857421875       0.0390625 
      0.19623583   0.054870605469  0.055480957031 
       0.1962585   0.061462402344  0.061981201172 
      0.19628118   0.057067871094  0.057464599609 
      0.19630385   0.042541503906  0.042755126953 
      0.19632653   0.020416259766  0.020446777344 
      0.19634921  -0.0052490234375 -0.0054321289062 
      0.19637188  -0.029968261719 -0.030334472656 
      0.19639456   -0.04931640625 -0.049835205078 
      0.19641723  -0.059906005859 -0.060394287109 
      0.19643991  -0.059783935547 -0.060241699219 
      0.19646259  -0.049072265625 -0.049377441406 
      0.19648526  -0.029632568359 -0.029754638672 
      0.19650794  -0.0049133300781 -0.0048522949219 
      0.19653061   0.020599365234  0.020843505859 
      0.19655329   0.042419433594  0.042846679688 
      0.19657596   0.056701660156  0.057189941406 
      0.19659864   0.060852050781  0.061309814453 
      0.19662132   0.054229736328  0.054565429688 
      0.19664399   0.037902832031  0.038146972656 
      0.19666667   0.014892578125  0.014923095703 
      0.19668934    -0.0107421875 -0.010894775391 
      0.19671202  -0.034423828125 -0.034729003906 
      0.19673469  -0.052001953125 -0.052398681641 
      0.19675737  -0.060272216797 -0.060699462891 
      0.19678005  -0.057830810547 -0.058197021484 
      0.19680272  -0.045166015625 -0.045349121094 
       0.1968254    -0.0244140625 -0.024475097656 
      0.19684807  0.0006103515625 0.00070190429688 
      0.19687075   0.025482177734  0.025756835938 
      0.19689342   0.045867919922  0.046173095703 
       0.1969161   0.057983398438  0.058380126953 
      0.19693878   0.059844970703  0.060180664062 
      0.19696145   0.051025390625   0.05126953125 
      0.19698413   0.033172607422  0.033294677734 
       0.1970068  0.0094604492188 0.0093688964844 
      0.19702948  -0.015930175781  -0.01611328125 
      0.19705215  -0.038452148438 -0.038757324219 
      0.19707483  -0.054107666016 -0.054504394531 
      0.19709751  -0.060150146484 -0.060485839844 
      0.19712018  -0.055480957031 -0.055755615234 
      0.19714286  -0.040985107422 -0.041076660156 
      0.19716553  -0.019165039062 -0.019165039062 
      0.19718821  0.0059814453125 0.0061645507812 
      0.19721088   0.030029296875  0.030364990234 
      0.19723356   0.048736572266  0.049072265625 
      0.19725624   0.058776855469  0.059112548828 
      0.19727891   0.058319091797  0.058624267578 
      0.19730159   0.047515869141  0.047698974609 
      0.19732426   0.028289794922    0.0283203125 
      0.19734694  0.0040588378906      0.00390625 
      0.19736961  -0.020904541016 -0.021148681641 
      0.19739229  -0.042053222656 -0.042358398438 
      0.19741497  -0.055786132812 -0.056121826172 
      0.19743764  -0.059509277344 -0.059844970703 
      0.19746032  -0.052703857422 -0.052886962891 
      0.19748299  -0.036529541016 -0.036590576172 
      0.19750567  -0.013854980469 -0.013793945312 
      0.19752834    0.01123046875  0.011413574219 
      0.19755102   0.034332275391  0.034545898438 
       0.1975737   0.051208496094  0.051574707031 
      0.19759637   0.059051513672  0.059356689453 
      0.19761905   0.056335449219  0.056579589844 
      0.19764172   0.043670654297  0.043823242188 
       0.1976644   0.023193359375  0.023254394531 
      0.19768707  -0.0013732910156 -0.0014343261719 
      0.19770975  -0.025634765625 -0.025817871094 
      0.19773243  -0.045349121094 -0.045593261719 
       0.1977551  -0.056976318359 -0.057220458984 
      0.19777778  -0.058471679688 -0.058715820312 
      0.19780045  -0.049560546875 -0.049682617188 
      0.19782313  -0.031829833984 -0.031890869141 
       0.1978458  -0.0085144042969 -0.0084533691406 
      0.19786848   0.016326904297  0.016448974609 
      0.19789116   0.038238525391  0.038421630859 
      0.19791383   0.053344726562  0.053497314453 
      0.19793651   0.058959960938   0.05908203125 
      0.19795918   0.054077148438  0.054138183594 
      0.19798186   0.039581298828  0.039611816406 
      0.19800454   0.018035888672   0.01806640625 
      0.19802721  -0.0066223144531 -0.0066833496094 
      0.19804989  -0.030151367188 -0.030212402344 
      0.19807256  -0.048248291016  -0.04833984375 
      0.19809524  -0.057769775391 -0.057861328125 
      0.19811791  -0.057037353516 -0.057067871094 
      0.19814059  -0.046142578125 -0.046173095703 
      0.19816327  -0.027069091797 -0.027069091797 
      0.19818594  -0.0032043457031 -0.0031433105469 
      0.19820862   0.021240234375  0.021270751953 
      0.19823129   0.041870117188  0.041900634766 
      0.19825397   0.055053710938  0.055023193359 
      0.19827664   0.058410644531  0.058349609375 
      0.19829932   0.051422119141  0.051330566406 
        0.198322   0.035278320312  0.035186767578 
      0.19834467   0.012878417969  0.012817382812 
      0.19836735  -0.011749267578 -0.011840820312 
      0.19839002  -0.034332275391 -0.034362792969 
       0.1984127      -0.05078125 -0.050689697266 
      0.19843537  -0.058166503906 -0.058074951172 
      0.19845805  -0.055236816406 -0.055053710938 
      0.19848073   -0.04248046875 -0.042297363281 
       0.1985034  -0.022186279297 -0.022033691406 
      0.19852608  0.0020141601562 0.0021362304688 
      0.19854875   0.025848388672  0.025909423828 
      0.19857143   0.045104980469  0.045013427734 
       0.1985941   0.056304931641  0.056121826172 
      0.19861678   0.057464599609  0.057220458984 
      0.19863946   0.048461914062  0.048156738281 
      0.19866213   0.030792236328  0.030578613281 
      0.19868481  0.0077209472656 0.0075073242188 
      0.19870748  -0.016723632812 -0.016815185547 
      0.19873016  -0.038177490234 -0.038177490234 
      0.19875283  -0.052825927734 -0.052673339844 
      0.19877551  -0.058074951172 -0.057800292969 
      0.19879819  -0.053009033203 -0.052642822266 
      0.19882086  -0.038543701172 -0.038146972656 
      0.19884354  -0.017211914062 -0.016876220703 
      0.19886621  0.0071716308594 0.0073852539062 
      0.19888889   0.030212402344  0.030303955078 
      0.19891156   0.047882080078  0.047821044922 
      0.19893424   0.057037353516  0.056823730469 
      0.19895692   0.056030273438  0.055694580078 
      0.19897959   0.045104980469  0.044647216797 
      0.19900227   0.026153564453  0.025695800781 
      0.19902494  0.0025634765625  0.002197265625 
      0.19904762     -0.021484375 -0.021728515625 
      0.19907029  -0.041656494141 -0.041717529297 
      0.19909297  -0.054412841797 -0.054260253906 
      0.19911565  -0.057464599609 -0.057159423828 
      0.19913832  -0.050354003906 -0.049896240234 
        0.199161  -0.034240722656 -0.033721923828 
      0.19918367  -0.012115478516 -0.011627197266 
      0.19920635   0.012176513672  0.012542724609 
      0.19922902   0.034301757812  0.034454345703 
       0.1992517   0.050262451172  0.050262451172 
      0.19927438   0.057281494141  0.057067871094 
      0.19929705   0.054138183594  0.053771972656 
      0.19931973   0.041351318359  0.040832519531 
       0.1993424   0.021240234375  0.020660400391 
      0.19936508  -0.0026550292969 -0.0031433105469 
      0.19938776  -0.026062011719 -0.026428222656 
      0.19941043  -0.044769287109 -0.044952392578 
      0.19943311  -0.055511474609 -0.055511474609 
      0.19945578  -0.056396484375  -0.05615234375 
      0.19947846  -0.047241210938 -0.046783447266 
      0.19950113  -0.029663085938 -0.029144287109 
      0.19952381  -0.0068969726562 -0.0063171386719 
      0.19954649   0.017150878906  0.017639160156 
      0.19956916     0.0380859375  0.038452148438 
      0.19959184    0.05224609375  0.052398681641 
      0.19961451   0.057098388672  0.057006835938 
      0.19963719   0.051818847656  0.051483154297 
      0.19965986   0.037292480469  0.036804199219 
      0.19968254    0.01611328125        0.015625 
      0.19970522  -0.0078430175781 -0.0083923339844 
      0.19972789  -0.030426025391 -0.030883789062 
      0.19975057  -0.047576904297 -0.047882080078 
      0.19977324  -0.056243896484 -0.056335449219 
      0.19979592  -0.054901123047 -0.054809570312 
      0.19981859  -0.043792724609 -0.043518066406 
      0.19984127   -0.02490234375 -0.024475097656 
      0.19986395  -0.0015869140625 -0.0010986328125 
      0.19988662   0.022003173828    0.0224609375 
       0.1999093   0.041625976562  0.042022705078 
      0.19993197   0.053863525391  0.054107666016 
      0.19995465   0.056518554688  0.056579589844 
      0.19997732   0.049102783203  0.049011230469 
             0.2   0.032989501953  0.032745361328 
      0.20002268   0.010986328125  0.010620117188 
      0.20004535  -0.012939453125 -0.013366699219 
      0.20006803  -0.034576416016 -0.034942626953 
       0.2000907  -0.050048828125 -0.050323486328 
      0.20011338  -0.056610107422 -0.056762695312 
      0.20013605  -0.053100585938 -0.053100585938 
      0.20015873  -0.040191650391   -0.0400390625 
      0.20018141  -0.020080566406 -0.019836425781 
      0.20020408  0.0035400390625 0.0038452148438 
      0.20022676   0.026550292969   0.02685546875 
      0.20024943   0.044830322266  0.045074462891 
      0.20027211   0.055084228516  0.055267333984 
      0.20029478   0.055572509766    0.0556640625 
      0.20031746   0.046234130859  0.046142578125 
      0.20034014   0.028625488281  0.028503417969 
      0.20036281  0.0059814453125 0.0057373046875 
      0.20038549  -0.017761230469 -0.017974853516 
      0.20040816  -0.038269042969 -0.038482666016 
      0.20043084  -0.052001953125 -0.052154541016 
      0.20045351  -0.056518554688 -0.056549072266 
      0.20047619  -0.050964355469 -0.050903320312 
      0.20049887  -0.036346435547 -0.036224365234 
      0.20052154  -0.015289306641 -0.015167236328 
      0.20054422  0.0084228515625 0.0085754394531 
      0.20056689   0.030639648438  0.030822753906 
      0.20058957   0.047454833984  0.047546386719 
      0.20061224   0.055755615234  0.055786132812 
      0.20063492    0.05419921875  0.054138183594 
       0.2006576   0.043029785156  0.042907714844 
      0.20068027   0.024200439453  0.024047851562 
      0.20070295  0.0010986328125    0.0009765625 
      0.20072562  -0.022186279297 -0.022277832031 
       0.2007483  -0.041473388672  -0.04150390625 
      0.20077098  -0.053405761719 -0.053375244141 
      0.20079365  -0.055847167969 -0.055755615234 
      0.20081633  -0.048370361328 -0.048217773438 
        0.200839  -0.032348632812 -0.032104492188 
      0.20086168  -0.010528564453 -0.010375976562 
      0.20088435   0.013092041016  0.013244628906 
      0.20090703   0.034332275391  0.034454345703 
      0.20092971   0.049530029297  0.049499511719 
      0.20095238   0.055877685547  0.055725097656 
      0.20097506   0.052276611328  0.052093505859 
      0.20099773   0.039428710938  0.039154052734 
      0.20102041   0.019592285156  0.019317626953 
      0.20104308  -0.0036926269531 -0.0039367675781 
      0.20106576  -0.026336669922 -0.026458740234 
      0.20108844  -0.044219970703 -0.044250488281 
      0.20111111  -0.054229736328 -0.054138183594 
      0.20113379  -0.054626464844 -0.054412841797 
      0.20115646  -0.045349121094 -0.045043945312 
      0.20117914  -0.027984619141 -0.027648925781 
      0.20120181  -0.0056762695312 -0.0053405761719 
      0.20122449      0.017578125  0.017883300781 
      0.20124717   0.037750244141  0.037902832031 
      0.20126984   0.051116943359  0.051147460938 
      0.20129252   0.055389404297  0.055267333984 
      0.20131519   0.049865722656  0.049591064453 
      0.20133787   0.035461425781  0.035125732422 
      0.20136054   0.014739990234  0.014404296875 
      0.20138322  -0.0085144042969 -0.0088500976562 
       0.2014059    -0.0302734375 -0.030517578125 
      0.20142857  -0.046600341797 -0.046722412109 
      0.20145125  -0.054626464844 -0.054626464844 
      0.20147392  -0.052947998047 -0.052795410156 
       0.2014966  -0.041870117188 -0.041564941406 
      0.20151927  -0.023315429688 -0.023010253906 
      0.20154195  -0.00070190429688 -0.00033569335938 
      0.20156463   0.022064208984  0.022430419922 
       0.2015873   0.040863037109  0.041137695312 
      0.20160998   0.052398681641  0.052520751953 
      0.20163265   0.054595947266  0.054565429688 
      0.20165533   0.047058105469  0.046905517578 
        0.201678   0.031188964844  0.030914306641 
      0.20170068      0.009765625 0.0094604492188 
      0.20172336  -0.013336181641 -0.013702392578 
      0.20174603  -0.034088134766 -0.034393310547 
      0.20176871  -0.048736572266 -0.048980712891 
      0.20179138       -0.0546875 -0.054840087891 
      0.20181406  -0.050964355469 -0.050964355469 
      0.20183673  -0.038146972656 -0.038055419922 
      0.20185941    -0.0185546875 -0.018341064453 
      0.20188209  0.0043334960938 0.0046081542969 
      0.20190476   0.026397705078  0.026702880859 
      0.20192744   0.043792724609  0.044067382812 
      0.20195011   0.053344726562  0.053588867188 
      0.20197279   0.053405761719  0.053558349609 
      0.20199546   0.044006347656  0.044067382812 
      0.20201814   0.026763916016  0.026733398438 
      0.20204082  0.0047607421875  0.004638671875 
      0.20206349  -0.018035888672 -0.018218994141 
      0.20208617  -0.037689208984 -0.037872314453 
      0.20210884  -0.050567626953     -0.05078125 
      0.20213152  -0.054443359375 -0.054656982422 
       0.2021542  -0.048675537109 -0.048858642578 
      0.20217687  -0.034210205078 -0.034301757812 
      0.20219955  -0.013702392578 -0.013732910156 
      0.20222222  0.0092163085938   0.00927734375 
       0.2022449   0.030517578125  0.030670166016 
      0.20226757   0.046356201172  0.046569824219 
      0.20229025   0.053955078125  0.054168701172 
      0.20231293   0.051971435547  0.052185058594 
       0.2023356   0.040710449219  0.040893554688 
      0.20235828   0.022247314453  0.022399902344 
      0.20238095  -0.00018310546875 -9.1552734375e-05 
      0.20240363  -0.022552490234 -0.022491455078 
       0.2024263  -0.040924072266 -0.040954589844 
      0.20244898  -0.052001953125 -0.052062988281 
      0.20247166  -0.053833007812 -0.053985595703 
      0.20249433  -0.046081542969 -0.046295166016 
      0.20251701  -0.030151367188 -0.030364990234 
      0.20253968  -0.0088806152344 -0.0090637207031 
      0.20256236   0.013977050781  0.013793945312 
      0.20258503   0.034332275391    0.0341796875 
      0.20260771   0.048583984375  0.048522949219 
      0.20263039   0.054168701172   0.05419921875 
      0.20265306   0.050109863281  0.050262451172 
      0.20267574   0.037200927734  0.037384033203 
      0.20269841   0.017669677734  0.017913818359 
      0.20272109  -0.0050048828125 -0.0047607421875 
      0.20274376  -0.026794433594 -0.026550292969 
      0.20276644  -0.043792724609 -0.043609619141 
      0.20278912  -0.052978515625 -0.052886962891 
      0.20281179  -0.052795410156 -0.052764892578 
      0.20283447  -0.043212890625 -0.043273925781 
      0.20285714  -0.025909423828 -0.026153564453 
      0.20287982  -0.0040588378906 -0.0043334960938 
      0.20290249   0.018524169922  0.018188476562 
      0.20292517   0.037750244141  0.037506103516 
      0.20294785    0.05029296875  0.050109863281 
      0.20297052   0.053924560547  0.053771972656 
       0.2029932   0.047912597656  0.047912597656 
      0.20301587   0.033447265625  0.033569335938 
      0.20303855   0.013000488281  0.013214111328 
      0.20306122  -0.0097351074219 -0.0094299316406 
       0.2030839  -0.030731201172 -0.030395507812 
      0.20310658  -0.046234130859 -0.045959472656 
      0.20312925  -0.053527832031 -0.053344726562 
      0.20315193   -0.05126953125 -0.051177978516 
       0.2031746  -0.039947509766 -0.039947509766 
      0.20319728  -0.021545410156 -0.021636962891 
      0.20321995   0.000732421875 0.00051879882812 
      0.20324263   0.022827148438  0.022521972656 
      0.20326531   0.040863037109  0.040557861328 
      0.20328798   0.051605224609  0.051361083984 
      0.20331066   0.053192138672  0.053039550781 
      0.20333333   0.045318603516  0.045257568359 
      0.20335601   0.029388427734  0.029479980469 
      0.20337868  0.0082702636719 0.0084533691406 
      0.20340136  -0.014343261719 -0.014038085938 
      0.20342404  -0.034332275391 -0.034057617188 
      0.20344671  -0.048278808594 -0.047973632812 
      0.20346939  -0.053588867188 -0.053344726562 
      0.20349206  -0.049407958984 -0.049255371094 
      0.20351474  -0.036437988281 -0.036407470703 
      0.20353741  -0.016967773438  -0.01708984375 
      0.20356009  0.0054931640625 0.0052490234375 
      0.20358277   0.026947021484  0.026672363281 
      0.20360544   0.043579101562  0.043273925781 
      0.20362812   0.052490234375  0.052215576172 
      0.20365079   0.052062988281  0.051910400391 
      0.20367347   0.042358398438  0.042327880859 
      0.20369615   0.025146484375  0.025238037109 
      0.20371882  0.0034790039062 0.0036926269531 
       0.2037415  -0.018798828125 -0.018524169922 
      0.20376417  -0.037719726562 -0.037414550781 
      0.20378685  -0.049926757812 -0.049652099609 
      0.20380952  -0.053283691406 -0.053039550781 
       0.2038322  -0.047119140625 -0.046997070312 
      0.20385488  -0.032623291016 -0.032653808594 
      0.20387755  -0.012298583984 -0.012481689453 
      0.20390023   0.010192871094 0.0099182128906 
       0.2039229   0.030853271484  0.030487060547 
      0.20394558   0.046020507812  0.045654296875 
      0.20396825   0.052978515625  0.052703857422 
      0.20399093   0.050567626953  0.050354003906 
      0.20401361   0.039154052734  0.039093017578 
      0.20403628   0.020751953125  0.020874023438 
      0.20405896  -0.0012817382812 -0.0010375976562 
      0.20408163  -0.023101806641 -0.022766113281 
      0.20410431  -0.040771484375 -0.040405273438 
      0.20412698  -0.051239013672 -0.050872802734 
      0.20414966  -0.052551269531  -0.05224609375 
      0.20417234  -0.044555664062 -0.044372558594 
      0.20419501  -0.028625488281 -0.028625488281 
      0.20421769  -0.0076599121094      -0.0078125 
      0.20424036   0.014709472656  0.014404296875 
      0.20426304   0.034423828125  0.034057617188 
      0.20428571   0.048034667969  0.047607421875 
      0.20430839   0.053070068359  0.052703857422 
      0.20433107   0.048706054688  0.048431396484 
      0.20435374    0.03564453125  0.035552978516 
      0.20437642   0.016296386719  0.016357421875 
      0.20439909  -0.0059204101562 -0.0057373046875 
      0.20442177  -0.027160644531 -0.026763916016 
      0.20444444   -0.04345703125 -0.043029785156 
      0.20446712  -0.052093505859 -0.051635742188 
       0.2044898  -0.051422119141 -0.051055908203 
      0.20451247  -0.041656494141 -0.041381835938 
      0.20453515  -0.024444580078 -0.024383544922 
      0.20455782  -0.0029907226562 -0.0030517578125 
       0.2045805   0.019073486328  0.018798828125 
      0.20460317   0.037689208984  0.037292480469 
      0.20462585   0.049621582031  0.049133300781 
      0.20464853   0.052703857422  0.052276611328 
       0.2046712   0.046447753906  0.046081542969 
      0.20469388   0.031921386719  0.031677246094 
      0.20471655   0.011749267578  0.011657714844 
      0.20473923  -0.010498046875 -0.010375976562 
       0.2047619  -0.030883789062 -0.030578613281 
      0.20478458  -0.045776367188 -0.045318603516 
      0.20480726  -0.052520751953 -0.052001953125 
      0.20482993  -0.049896240234 -0.049407958984 
      0.20485261  -0.038452148438 -0.038055419922 
      0.20487528  -0.020141601562 -0.019927978516 
      0.20489796   0.001708984375 0.0017395019531 
      0.20492063   0.023223876953  0.023071289062 
      0.20494331   0.040649414062  0.040313720703 
      0.20496599   0.050811767578  0.050354003906 
      0.20498866   0.051940917969  0.051422119141 
      0.20501134   0.043823242188  0.043395996094 
      0.20503401   0.027954101562  0.027557373047 
      0.20505669  0.0071105957031 0.0069274902344 
      0.20507937  -0.014984130859 -0.014984130859 
      0.20510204  -0.034393310547 -0.034210205078 
      0.20512472  -0.047698974609 -0.047302246094 
      0.20514739  -0.052490234375 -0.052001953125 
      0.20517007  -0.047973632812 -0.047454833984 
      0.20519274  -0.034912109375 -0.034484863281 
      0.20521542  -0.015686035156 -0.015319824219 
       0.2052381    0.00634765625 0.0065002441406 
      0.20526077   0.027252197266  0.027160644531 
      0.20528345   0.043243408203  0.043029785156 
      0.20530612   0.051574707031  0.051177978516 
       0.2053288   0.050750732422  0.050262451172 
      0.20535147   0.040924072266  0.040374755859 
      0.20537415   0.023773193359  0.023345947266 
      0.20539683    0.00244140625 0.0021362304688 
       0.2054195  -0.019348144531 -0.019439697266 
      0.20544218  -0.037658691406 -0.037536621094 
      0.20546485  -0.049255371094 -0.048980712891 
      0.20548753  -0.052124023438 -0.051666259766 
       0.2055102  -0.045715332031 -0.045196533203 
      0.20553288  -0.031158447266 -0.030700683594 
      0.20555556  -0.011108398438 -0.010681152344 
      0.20557823   0.010894775391  0.011199951172 
      0.20560091   0.031005859375  0.031066894531 
      0.20562358   0.045532226562   0.04541015625 
      0.20564626   0.052001953125  0.051696777344 
      0.20566893   0.049224853516  0.048797607422 
      0.20569161   0.037658691406  0.037170410156 
      0.20571429   0.019439697266  0.018951416016 
      0.20573696  -0.0022277832031 -0.0026245117188 
      0.20575964  -0.023529052734 -0.023742675781 
      0.20578231  -0.040588378906 -0.040649414062 
      0.20580499  -0.050445556641  -0.05029296875 
      0.20582766  -0.051330566406 -0.050994873047 
      0.20585034  -0.043121337891 -0.042694091797 
      0.20587302  -0.027191162109 -0.026733398438 
      0.20589569  -0.0064697265625 -0.0060119628906 
      0.20591837   0.015411376953  0.015747070312 
      0.20594104   0.034515380859  0.034698486328 
      0.20596372   0.047515869141  0.047515869141 
      0.20598639   0.052001953125  0.051879882812 
      0.20600907   0.047302246094  0.046997070312 
      0.20603175   0.034149169922  0.033782958984 
      0.20605442   0.014984130859  0.014526367188 
       0.2060771  -0.0068664550781 -0.0072937011719 
      0.20609977  -0.027465820312 -0.027801513672 
      0.20612245  -0.043212890625 -0.043365478516 
      0.20614512  -0.051239013672  -0.05126953125 
       0.2061678  -0.050170898438 -0.050018310547 
      0.20619048  -0.040191650391 -0.039855957031 
      0.20621315  -0.023040771484 -0.022644042969 
      0.20623583  -0.0018005371094 -0.0014038085938 
       0.2062585   0.019714355469  0.020080566406 
      0.20628118   0.037750244141  0.037994384766 
      0.20630385   0.049041748047  0.049224853516 
      0.20632653   0.051605224609  0.051605224609 
      0.20634921   0.045013427734  0.044891357422 
      0.20637188   0.030426025391  0.030181884766 
      0.20639456   0.010406494141  0.010101318359 
      0.20641723  -0.011413574219 -0.011779785156 
      0.20643991         -0.03125 -0.031555175781 
      0.20646259  -0.045471191406 -0.045745849609 
      0.20648526  -0.051605224609 -0.051788330078 
      0.20650794  -0.048583984375 -0.048614501953 
      0.20653061  -0.036926269531 -0.036804199219 
      0.20655329  -0.018707275391 -0.018463134766 
      0.20657596  0.0028381347656 0.0031433105469 
      0.20659864   0.023895263672  0.024200439453 
      0.20662132   0.040649414062  0.040924072266 
      0.20664399   0.050201416016  0.050415039062 
      0.20666667   0.050811767578  0.050964355469 
      0.20668934   0.042388916016  0.042419433594 
      0.20671202   0.026458740234  0.026336669922 
      0.20673469  0.0057983398438  0.005615234375 
      0.20675737  -0.015869140625 -0.016082763672 
      0.20678005  -0.034698486328 -0.035003662109 
      0.20680272   -0.04736328125 -0.047607421875 
       0.2068254  -0.051605224609 -0.051818847656 
      0.20684807  -0.046661376953 -0.046783447266 
      0.20687075  -0.033416748047 -0.033477783203 
      0.20689342  -0.014251708984 -0.014190673828 
       0.2069161  0.0074157714844  0.007568359375 
      0.20693878   0.027801513672  0.028015136719 
      0.20696145   0.043182373047   0.04345703125 
      0.20698413   0.050903320312  0.051177978516 
       0.2070068   0.049591064453    0.0498046875 
      0.20702948   0.039459228516  0.039581298828 
      0.20705215   0.022247314453  0.022338867188 
      0.20707483  0.0011596679688 0.0011291503906 
      0.20709751  -0.020141601562 -0.020294189453 
      0.20712018  -0.037872314453 -0.038024902344 
      0.20714286  -0.048858642578 -0.049102783203 
      0.20716553  -0.051147460938 -0.051391601562 
      0.20718821  -0.044342041016 -0.044525146484 
      0.20721088  -0.029663085938  -0.02978515625 
      0.20723356  -0.0097045898438 -0.0097351074219 
      0.20725624   0.011932373047  0.011993408203 
      0.20727891   0.031463623047  0.031616210938 
      0.20730159    0.04541015625  0.045593261719 
      0.20732426   0.051208496094  0.051483154297 
      0.20734694   0.047973632812  0.048187255859 
      0.20736961   0.036163330078  0.036315917969 
      0.20739229   0.017974853516  0.018035888672 
      0.20741497  -0.0034790039062 -0.0034484863281 
      0.20743764  -0.024230957031 -0.024353027344 
      0.20746032  -0.040710449219 -0.040893554688 
      0.20748299  -0.049926757812 -0.050170898438 
      0.20750567  -0.050262451172 -0.050506591797 
      0.20752834  -0.041656494141 -0.041839599609 
      0.20755102  -0.025634765625 -0.025787353516 
       0.2075737  -0.0050964355469 -0.0051574707031 
      0.20759637   0.016357421875  0.016418457031 
      0.20761905   0.034881591797  0.035034179688 
      0.20764172   0.047210693359  0.047424316406 
       0.2076644   0.051147460938  0.051391601562 
      0.20768707   0.045959472656  0.046203613281 
      0.20770975   0.032653808594  0.032806396484 
      0.20773243   0.013488769531  0.013580322266 
       0.2077551  -0.008056640625 -0.0080261230469 
      0.20777778  -0.028106689453 -0.028228759766 
      0.20780045  -0.043243408203 -0.043395996094 
      0.20782313  -0.050598144531 -0.050842285156 
       0.2078458  -0.049011230469 -0.049255371094 
      0.20786848  -0.038665771484 -0.038879394531 
      0.20789116  -0.021453857422 -0.021606445312 
      0.20791383  -0.00045776367188  -0.00048828125 
      0.20793651   0.020629882812  0.020690917969 
      0.20795918   0.038055419922  0.038208007812 
      0.20798186   0.048675537109  0.048919677734 
      0.20800454   0.050628662109  0.050903320312 
      0.20802721   0.043640136719  0.043914794922 
      0.20804989   0.028839111328  0.029022216797 
      0.20807256  0.0089721679688  0.009033203125 
      0.20809524  -0.012573242188 -0.012603759766 
      0.20811791  -0.031799316406 -0.031951904297 
      0.20814059   -0.04541015625 -0.045623779297 
      0.20816327  -0.050933837891 -0.051177978516 
      0.20818594  -0.047393798828 -0.047637939453 
      0.20820862  -0.035430908203 -0.035614013672 
      0.20823129  -0.017181396484 -0.017303466797 
      0.20825397  0.0041809082031 0.0041198730469 
      0.20827664   0.024688720703  0.024780273438 
      0.20829932   0.040893554688  0.041076660156 
        0.208322   0.049774169922  0.050018310547 
      0.20834467     0.0498046875  0.050048828125 
      0.20836735   0.040985107422  0.041198730469 
      0.20839002    0.02490234375  0.025024414062 
       0.2084127    0.00439453125 0.0044250488281 
      0.20843537  -0.016937255859 -0.017028808594 
      0.20845805  -0.035217285156 -0.035339355469 
      0.20848073  -0.047210693359 -0.047424316406 
       0.2085034  -0.050811767578 -0.051055908203 
      0.20852608  -0.045379638672 -0.045593261719 
      0.20854875  -0.031921386719 -0.032012939453 
      0.20857143  -0.012756347656 -0.012786865234 
       0.2085941  0.0086975097656 0.0087585449219 
      0.20861678   0.028564453125  0.028686523438 
      0.20863946   0.043334960938  0.043548583984 
      0.20866213   0.050415039062  0.050628662109 
      0.20868481   0.048522949219  0.048675537109 
      0.20870748   0.037994384766  0.038116455078 
      0.20873016   0.020690917969  0.020751953125 
      0.20875283  -0.000244140625 -0.00030517578125 
      0.20877551  -0.021148681641 -0.021270751953 
      0.20879819  -0.038330078125 -0.038452148438 
      0.20882086  -0.048614501953 -0.048797607422 
      0.20884354  -0.050323486328 -0.050445556641 
      0.20886621  -0.043029785156 -0.043090820312 
      0.20888889  -0.028137207031 -0.028106689453 
      0.20891156  -0.0081787109375 -0.0081176757812 
      0.20893424    0.01318359375  0.013305664062 
      0.20895692   0.032196044922  0.032379150391 
      0.20897959   0.045471191406  0.045654296875 
      0.20900227   0.050659179688      0.05078125 
      0.20902494   0.046844482422        0.046875 
      0.20904762   0.034698486328  0.034637451172 
      0.20907029   0.016357421875  0.016235351562 
      0.20909297  -0.0048522949219 -0.0050354003906 
      0.20911565  -0.025238037109 -0.025451660156 
      0.20913832  -0.041107177734 -0.041290283203 
        0.209161  -0.049652099609 -0.049774169922 
      0.20918367  -0.049346923828 -0.049407958984 
      0.20920635  -0.040283203125 -0.040252685547 
      0.20922902  -0.024047851562 -0.023895263672 
       0.2092517  -0.0035400390625 -0.0033569335938 
      0.20927438   0.017639160156  0.017852783203 
      0.20929705   0.035583496094  0.035827636719 
      0.20931973   0.047241210938  0.047424316406 
       0.2093424   0.050506591797  0.050598144531 
      0.20936508   0.044769287109  0.044738769531 
      0.20938776   0.031036376953  0.030944824219 
      0.20941043   0.011810302734  0.011627197266 
      0.20943311  -0.0094909667969 -0.0097351074219 
      0.20945578  -0.029113769531 -0.029388427734 
      0.20947846  -0.043579101562 -0.043762207031 
      0.20950113  -0.050262451172 -0.050354003906 
      0.20952381  -0.047973632812 -0.048004150391 
      0.20954649  -0.037170410156    -0.037109375 
      0.20956916  -0.019775390625 -0.019561767578 
      0.20959184  0.0011596679688 0.0014038085938 
      0.20961451   0.021911621094  0.022155761719 
      0.20963719   0.038726806641  0.038940429688 
      0.20965986   0.048614501953  0.048797607422 
      0.20968254   0.049896240234  0.049987792969 
      0.20970522   0.042297363281  0.042266845703 
      0.20972789   0.027160644531  0.027008056641 
      0.20975057  0.0071716308594 0.0069885253906 
      0.20977324  -0.014068603516 -0.014282226562 
      0.20979592  -0.032775878906 -0.033020019531 
      0.20981859  -0.045654296875 -0.045867919922 
      0.20984127  -0.050415039062 -0.050567626953 
      0.20986395  -0.046234130859 -0.046234130859 
      0.20988662  -0.033782958984  -0.03369140625 
       0.2099093  -0.015319824219 -0.015167236328 
      0.20993197      0.005859375 0.0060729980469 
      0.20995465   0.025970458984  0.026184082031 
      0.20997732   0.041473388672  0.041656494141 
            0.21   0.049591064453  0.049713134766 
      0.21002268   0.048858642578  0.048950195312 
      0.21004535   0.039459228516  0.039459228516 
      0.21006803   0.023010253906  0.022918701172 
       0.2100907  0.0025024414062 0.0023498535156 
      0.21011338  -0.018463134766 -0.018676757812 
      0.21013605    -0.0361328125 -0.036315917969 
      0.21015873   -0.04736328125 -0.047515869141 
      0.21018141  -0.050140380859 -0.050262451172 
      0.21020408  -0.044006347656 -0.044097900391 
      0.21022676  -0.030059814453 -0.030029296875 
      0.21024943    -0.0107421875 -0.010681152344 
      0.21027211   0.010498046875  0.010589599609 
      0.21029478   0.029846191406  0.029968261719 
      0.21031746   0.043823242188  0.044006347656 
      0.21034014   0.050079345703  0.050201416016 
      0.21036281    0.04736328125  0.047424316406 
      0.21038549   0.036254882812  0.036285400391 
      0.21040816   0.018676757812  0.018646240234 
      0.21043084  -0.0022277832031 -0.0022583007812 
      0.21045351  -0.022735595703 -0.022796630859 
      0.21047619  -0.039184570312 -0.039276123047 
      0.21049887  -0.048645019531 -0.048736572266 
      0.21052154  -0.049438476562 -0.049530029297 
      0.21054422  -0.041442871094  -0.04150390625 
      0.21056689  -0.026092529297 -0.026092529297 
      0.21058957  -0.0060424804688 -0.0060729980469 
      0.21061224   0.015045166016  0.015045166016 
      0.21063492   0.033447265625  0.033477783203 
       0.2106576     0.0458984375  0.045959472656 
      0.21068027   0.050170898438  0.050231933594 
      0.21070295   0.045501708984  0.045562744141 
      0.21072562   0.032775878906  0.032836914062 
       0.2107483   0.014190673828  0.014251708984 
      0.21077098  -0.0069274902344 -0.0068969726562 
      0.21079365  -0.026824951172 -0.026763916016 
      0.21081633  -0.041931152344 -0.041900634766 
        0.210839  -0.049560546875 -0.049560546875 
      0.21086168  -0.048370361328 -0.048431396484 
      0.21088435   -0.03857421875 -0.038665771484 
      0.21090703  -0.021942138672 -0.022033691406 
      0.21092971  -0.0013732910156  -0.00146484375 
      0.21095238   0.019470214844  0.019378662109 
      0.21097506   0.036834716797  0.036712646484 
      0.21099773   0.047576904297  0.047546386719 
      0.21102041   0.049926757812  0.049896240234 
      0.21104308   0.043395996094  0.043395996094 
      0.21106576   0.029083251953  0.029144287109 
      0.21108844  0.0096435546875     0.009765625 
      0.21111111  -0.011535644531 -0.011383056641 
      0.21113379  -0.030639648438 -0.030487060547 
      0.21115646  -0.044342041016 -0.044158935547 
      0.21117914  -0.050140380859 -0.050018310547 
      0.21120181  -0.046997070312 -0.046936035156 
      0.21122449  -0.035522460938 -0.035552978516 
      0.21124717  -0.017700195312 -0.017791748047 
      0.21126984  0.0032043457031 0.0030822753906 
      0.21129252   0.023620605469       0.0234375 
      0.21131519   0.039825439453  0.039581298828 
      0.21133787   0.048889160156  0.048706054688 
      0.21136054    0.04931640625  0.049163818359 
      0.21138322   0.040985107422  0.040863037109 
       0.2114059   0.025329589844  0.025329589844 
      0.21142857  0.0051879882812 0.0052795410156 
      0.21145125  -0.015899658203 -0.015716552734 
      0.21147392  -0.034118652344 -0.033874511719 
       0.2114966  -0.046295166016 -0.046051025391 
      0.21151927  -0.050231933594 -0.049987792969 
      0.21154195  -0.045288085938 -0.045074462891 
      0.21156463    -0.0322265625 -0.032135009766 
       0.2115873  -0.013519287109 -0.013519287109 
      0.21160998  0.0076599121094 0.0075378417969 
      0.21163265   0.027404785156  0.027221679688 
      0.21165533   0.042327880859  0.042053222656 
        0.211678   0.049713134766  0.049377441406 
      0.21170068   0.048248291016  0.047973632812 
      0.21172336   0.038177490234  0.037994384766 
      0.21174603   0.021392822266  0.021270751953 
      0.21176871  0.00079345703125 0.00079345703125 
      0.21179138  -0.019958496094 -0.019836425781 
      0.21181406  -0.037139892578 -0.036926269531 
      0.21183673  -0.047698974609 -0.047424316406 
      0.21185941  -0.049835205078 -0.049499511719 
      0.21188209  -0.043029785156 -0.042724609375 
      0.21190476  -0.028656005859 -0.028381347656 
      0.21192744  -0.0091857910156 -0.009033203125 
      0.21195011   0.011932373047  0.011932373047 
      0.21197279   0.030883789062  0.030792236328 
      0.21199546   0.044372558594  0.044128417969 
      0.21201814   0.049926757812  0.049621582031 
      0.21204082   0.046600341797  0.046264648438 
      0.21206349   0.035034179688  0.034698486328 
      0.21208617   0.017242431641  0.016967773438 
      0.21210884  -0.0036010742188 -0.0038146972656 
      0.21213152  -0.023803710938 -0.023864746094 
       0.2121542  -0.039733886719 -0.039672851562 
      0.21217687  -0.048583984375 -0.048431396484 
      0.21219955  -0.048797607422 -0.048522949219 
      0.21222222  -0.040344238281 -0.040008544922 
       0.2122449  -0.024688720703 -0.024383544922 
      0.21226757  -0.0046997070312 -0.0044250488281 
      0.21229025    0.01611328125  0.016357421875 
      0.21231293   0.034057617188    0.0341796875 
       0.2123356   0.045928955078    0.0458984375 
      0.21235828   0.049591064453  0.049468994141 
      0.21238095    0.04443359375  0.044250488281 
      0.21240363   0.031372070312  0.031097412109 
       0.2124263   0.012786865234  0.012451171875 
      0.21244898  -0.0081176757812 -0.0083923339844 
      0.21247166  -0.027526855469 -0.027801513672 
      0.21249433  -0.042022705078 -0.042205810547 
      0.21251701  -0.049041748047 -0.049102783203 
      0.21253968  -0.047302246094 -0.047271728516 
      0.21256236     -0.037109375 -0.037017822266 
      0.21258503  -0.020385742188 -0.020202636719 
      0.21260771  -3.0517578125e-05  0.000244140625 
      0.21263039   0.020355224609  0.020629882812 
      0.21265306   0.037078857422  0.037322998047 
      0.21267574   0.047180175781  0.047393798828 
      0.21269841   0.048858642578  0.049041748047 
      0.21272109   0.041839599609  0.041931152344 
      0.21274376   0.027404785156  0.027374267578 
      0.21276644  0.0080871582031 0.0079650878906 
      0.21278912  -0.012664794922 -0.012878417969 
      0.21281179  -0.031188964844 -0.031433105469 
      0.21283447  -0.044097900391 -0.044403076172 
      0.21285714  -0.049133300781 -0.049438476562 
      0.21287982  -0.045440673828 -0.045684814453 
      0.21290249  -0.033630371094 -0.033813476562 
      0.21292517  -0.015838623047 -0.015960693359 
      0.21294785  0.0047912597656 0.0047607421875 
      0.21297052   0.024536132812  0.024627685547 
       0.2129932   0.039916992188  0.040100097656 
      0.21301587   0.048156738281  0.048461914062 
      0.21303855     0.0478515625  0.048156738281 
      0.21306122   0.039001464844  0.039337158203 
       0.2130839   0.023193359375  0.023498535156 
      0.21310658  0.0032958984375 0.0034484863281 
      0.21312925  -0.017211914062 -0.017150878906 
      0.21315193  -0.034637451172 -0.034729003906 
       0.2131746  -0.045928955078 -0.046112060547 
      0.21319728  -0.048980712891 -0.049285888672 
      0.21321995  -0.043334960938 -0.043670654297 
      0.21324263  -0.029968261719 -0.030334472656 
      0.21326531  -0.011260986328 -0.011596679688 
      0.21328798  0.0094299316406 0.0092163085938 
      0.21331066   0.028442382812  0.028350830078 
      0.21333333   0.042419433594  0.042449951172 
      0.21335601      0.048828125  0.049011230469 
      0.21337868   0.046539306641  0.046783447266 
      0.21340136   0.035949707031  0.036315917969 
      0.21342404   0.018951416016  0.019317626953 
      0.21344671  -0.0014038085938 -0.0010681152344 
      0.21346939     -0.021484375 -0.021240234375 
      0.21349206  -0.037780761719 -0.037628173828 
      0.21351474  -0.047302246094 -0.047302246094 
      0.21353741  -0.048461914062 -0.048583984375 
      0.21356009  -0.040985107422 -0.041168212891 
      0.21358277  -0.026214599609 -0.026489257812 
      0.21360544  -0.0067443847656 -0.0070495605469 
      0.21362812   0.013885498047  0.013610839844 
      0.21365079   0.032043457031  0.031829833984 
      0.21367347   0.044525146484  0.044372558594 
      0.21369615   0.049041748047  0.048980712891 
      0.21371882   0.044860839844     0.044921875 
       0.2137415   0.032684326172  0.032806396484 
      0.21376417   0.014739990234  0.014892578125 
      0.21378685     -0.005859375 -0.0056762695312 
      0.21380952     -0.025390625 -0.025238037109 
       0.2138322  -0.040405273438 -0.040283203125 
      0.21385488  -0.048248291016 -0.048126220703 
      0.21387755  -0.047424316406 -0.047393798828 
      0.21390023  -0.038238525391 -0.038269042969 
       0.2139229  -0.022247314453 -0.022247314453 
      0.21394558  -0.0022888183594 -0.0023193359375 
      0.21396825   0.018096923828  0.018005371094 
      0.21399093   0.035217285156      0.03515625 
      0.21401361   0.046051025391  0.046020507812 
      0.21403628   0.048706054688  0.048675537109 
      0.21405896   0.042694091797  0.042633056641 
      0.21408163   0.029083251953  0.029022216797 
      0.21410431   0.010345458984  0.010284423828 
      0.21412698  -0.010284423828 -0.010314941406 
      0.21414966  -0.029022216797 -0.029083251953 
      0.21417234  -0.042602539062 -0.042633056641 
      0.21419501  -0.048583984375 -0.048614501953 
      0.21421769  -0.045928955078   -0.0458984375 
      0.21424036  -0.035095214844 -0.035034179688 
      0.21426304  -0.018005371094 -0.017913818359 
      0.21428571  0.0022277832031 0.0023803710938 
      0.21430839   0.022064208984  0.022308349609 
      0.21433107   0.038024902344  0.038208007812 
      0.21435374   0.047149658203  0.047332763672 
      0.21437642   0.047882080078  0.048004150391 
      0.21439909   0.040100097656  0.040100097656 
      0.21442177   0.025207519531  0.025115966797 
      0.21444444      0.005859375 0.0056457519531 
      0.21446712  -0.014556884766 -0.014831542969 
       0.2144898  -0.032348632812 -0.032684326172 
      0.21451247  -0.044372558594 -0.044677734375 
      0.21453515  -0.048492431641 -0.048706054688 
      0.21455782  -0.044006347656 -0.044097900391 
       0.2145805  -0.031646728516 -0.031646728516 
      0.21460317     -0.013671875 -0.013519287109 
      0.21462585  0.0067138671875 0.0069885253906 
      0.21464853   0.025909423828  0.026245117188 
       0.2146712   0.040435791016  0.040802001953 
      0.21469388   0.047760009766  0.048126220703 
      0.21471655   0.046600341797        0.046875 
      0.21473923   0.037170410156  0.037322998047 
       0.2147619   0.021087646484  0.021087646484 
      0.21478458  0.0012817382812 0.0010986328125 
      0.21480726  -0.018737792969  -0.01904296875 
      0.21482993  -0.035430908203 -0.035797119141 
      0.21485261  -0.045776367188 -0.046173095703 
      0.21487528  -0.047973632812 -0.048309326172 
      0.21489796  -0.041656494141 -0.041900634766 
      0.21492063  -0.027862548828 -0.027984619141 
      0.21494331  -0.0091552734375 -0.0091552734375 
      0.21496599   0.011169433594  0.011322021484 
      0.21498866   0.029449462891  0.029754638672 
      0.21501134   0.042510986328  0.042938232422 
      0.21503401   0.048004150391  0.048400878906 
      0.21505669      0.044921875  0.045288085938 
      0.21507937   0.033874511719  0.034088134766 
      0.21510204   0.016754150391  0.016845703125 
      0.21512472  -0.0032958984375 -0.0033569335938 
      0.21514739  -0.022766113281  -0.02294921875 
      0.21517007  -0.038146972656 -0.038452148438 
      0.21519274  -0.046722412109 -0.047119140625 
      0.21521542  -0.047027587891  -0.04736328125 
       0.2152381  -0.038909912109 -0.039184570312 
      0.21526077  -0.023864746094 -0.024078369141 
      0.21528345  -0.0045776367188 -0.0046691894531 
      0.21530612   0.015502929688  0.015563964844 
       0.2153288   0.032806396484  0.032989501953 
      0.21535147   0.044250488281  0.044525146484 
      0.21537415     0.0478515625  0.048095703125 
      0.21539683   0.042877197266  0.043151855469 
       0.2154195   0.030303955078  0.030517578125 
      0.21544218   0.012298583984  0.012451171875 
      0.21546485  -0.0078430175781      -0.0078125 
      0.21548753  -0.026580810547 -0.026672363281 
       0.2155102  -0.040588378906 -0.040740966797 
      0.21553288  -0.047393798828 -0.047576904297 
      0.21555556  -0.045684814453 -0.045928955078 
      0.21557823  -0.035858154297 -0.036071777344 
      0.21560091  -0.019683837891 -0.019805908203 
      0.21562358  3.0517578125e-05 -6.103515625e-05 
      0.21564626   0.019744873047  0.019683837891 
      0.21566893   0.035858154297  0.035919189453 
      0.21569161   0.045654296875  0.045745849609 
      0.21571429   0.047271728516  0.047424316406 
      0.21573696   0.040466308594  0.040618896484 
      0.21575964   0.026489257812  0.026611328125 
      0.21578231  0.0077819824219 0.0078735351562 
      0.21580499  -0.012329101562 -0.012237548828 
      0.21582766  -0.030212402344 -0.030181884766 
      0.21585034  -0.042724609375 -0.042724609375 
      0.21587302  -0.047637939453 -0.047637939453 
      0.21589569  -0.044036865234 -0.044036865234 
      0.21591837  -0.032562255859 -0.032623291016 
      0.21594104  -0.015380859375 -0.015411376953 
      0.21596372  0.0046081542969 0.0045776367188 
      0.21598639   0.023712158203  0.023681640625 
      0.21600907   0.038635253906   0.03857421875 
      0.21603175   0.046661376953  0.046600341797 
      0.21605442    0.04638671875  0.046295166016 
       0.2160771   0.037841796875  0.037780761719 
      0.21609977   0.022521972656  0.022491455078 
      0.21612245  0.0032653808594 0.0032043457031 
      0.21614512    -0.0166015625   -0.0166015625 
       0.2161678  -0.033508300781 -0.033477783203 
      0.21619048  -0.044464111328 -0.044372558594 
      0.21621315  -0.047454833984 -0.047302246094 
      0.21623583  -0.042083740234 -0.041900634766 
       0.2162585  -0.029144287109 -0.028930664062 
      0.21628118  -0.011047363281 -0.010864257812 
      0.21630385  0.0090026855469 0.0091552734375 
      0.21632653   0.027435302734  0.027526855469 
      0.21634921   0.040985107422  0.040954589844 
      0.21637188   0.047241210938  0.047119140625 
      0.21639456   0.045104980469  0.044860839844 
      0.21641723   0.034942626953  0.034606933594 
      0.21643991   0.018585205078  0.018218994141 
      0.21646259  -0.0011291503906  -0.00146484375 
      0.21648526  -0.020599365234 -0.020843505859 
      0.21650794  -0.036407470703 -0.036499023438 
      0.21653061  -0.045715332031 -0.045684814453 
      0.21655329        -0.046875 -0.046691894531 
      0.21657596  -0.039733886719 -0.039398193359 
      0.21659864  -0.025482177734 -0.025085449219 
      0.21662132  -0.0067443847656 -0.0062866210938 
      0.21664399    0.01318359375  0.013641357422 
      0.21666667   0.030792236328  0.031097412109 
      0.21668934   0.042846679688  0.043029785156 
      0.21671202   0.047332763672  0.047271728516 
      0.21673469   0.043365478516  0.043121337891 
      0.21675737   0.031707763672  0.031280517578 
      0.21678005   0.014404296875  0.013885498047 
      0.21680272  -0.0054626464844 -0.0059814453125 
       0.2168254  -0.024322509766 -0.024841308594 
      0.21684807  -0.038848876953 -0.039184570312 
      0.21687075  -0.046417236328 -0.046600341797 
      0.21689342  -0.045715332031 -0.045745849609 
       0.2169161  -0.036956787109 -0.036682128906 
      0.21693878  -0.021545410156 -0.021118164062 
      0.21696145  -0.0023803710938 -0.0018310546875 
      0.21698413   0.017211914062  0.017822265625 
       0.2170068   0.033721923828  0.034301757812 
      0.21702948   0.044219970703  0.044616699219 
      0.21705215   0.046813964844  0.047027587891 
      0.21707483   0.041107177734  0.041076660156 
      0.21709751   0.028045654297  0.027801513672 
      0.21712018   0.010070800781 0.0095825195312 
      0.21714286  -0.0097351074219 -0.010345458984 
      0.21716553  -0.027770996094 -0.028411865234 
      0.21718821  -0.040832519531 -0.041412353516 
      0.21721088  -0.046600341797 -0.047058105469 
      0.21723356  -0.044097900391 -0.044311523438 
      0.21725624  -0.033721923828  -0.03369140625 
      0.21727891  -0.017364501953 -0.017059326172 
      0.21730159  0.0021057128906 0.0025329589844 
      0.21732426   0.021118164062  0.021759033203 
      0.21734694   0.036407470703  0.037017822266 
      0.21736961   0.045166015625  0.045745849609 
      0.21739229   0.045867919922  0.046325683594 
      0.21741497   0.038421630859  0.038635253906 
      0.21743764   0.024078369141  0.024139404297 
      0.21746032  0.0055236816406 0.0053100585938 
      0.21748299  -0.014007568359 -0.014434814453 
      0.21750567  -0.031036376953 -0.031585693359 
      0.21752834  -0.042541503906 -0.043090820312 
      0.21755102  -0.046447753906 -0.046966552734 
       0.2175737  -0.042053222656 -0.042419433594 
      0.21759637  -0.030181884766 -0.030364990234 
      0.21761905  -0.012908935547 -0.012969970703 
      0.21764172  0.0066223144531 0.0067749023438 
       0.2176644   0.024963378906  0.025238037109 
      0.21768707   0.038848876953  0.039276123047 
      0.21770975   0.045806884766  0.046264648438 
      0.21773243   0.044555664062  0.044982910156 
       0.2177551   0.035400390625  0.035766601562 
      0.21777778   0.019958496094  0.020202636719 
      0.21780045  0.00091552734375 0.0010070800781 
      0.21782313  -0.018249511719 -0.018280029297 
       0.2178458  -0.034149169922 -0.034332275391 
      0.21786848  -0.044006347656 -0.044219970703 
      0.21789116  -0.045959472656 -0.046234130859 
      0.21791383  -0.039733886719   -0.0400390625 
      0.21793651  -0.026428222656 -0.026733398438 
      0.21795918  -0.0084228515625 -0.0086669921875 
      0.21798186   0.011047363281  0.010894775391 
      0.21800454   0.028625488281  0.028503417969 
      0.21802721   0.041046142578  0.041046142578 
      0.21804989   0.046142578125  0.046234130859 
      0.21807256   0.043029785156  0.043151855469 
      0.21809524   0.032257080078  0.032470703125 
      0.21811791   0.015747070312  0.015960693359 
      0.21814059  -0.0035705566406 -0.0033569335938 
      0.21816327  -0.022277832031 -0.022033691406 
      0.21818594  -0.036987304688 -0.036743164062 
      0.21820862  -0.045104980469 -0.044952392578 
      0.21823129  -0.045166015625 -0.045104980469 
      0.21825397  -0.037231445312 -0.037231445312 
      0.21827664  -0.022674560547 -0.022735595703 
      0.21829932  -0.0040588378906 -0.0042114257812 
        0.218322   0.015258789062  0.015045166016 
      0.21834467   0.031890869141  0.031616210938 
      0.21836735   0.042816162109  0.042541503906 
      0.21839002   0.046112060547  0.045837402344 
       0.2184127   0.041198730469  0.040985107422 
      0.21843537   0.028961181641  0.028839111328 
      0.21845805   0.011566162109  0.011566162109 
      0.21848073  -0.0078735351562 -0.0077819824219 
       0.2185034  -0.025909423828 -0.025695800781 
      0.21852608  -0.039337158203 -0.039031982422 
      0.21854875  -0.045776367188 -0.045379638672 
      0.21857143  -0.044036865234 -0.043670654297 
       0.2185941  -0.034484863281 -0.034149169922 
      0.21861678  -0.018798828125   -0.0185546875 
      0.21863946   0.000244140625 0.00033569335938 
      0.21866213   0.019195556641  0.019165039062 
      0.21868481   0.034729003906  0.034545898438 
      0.21870748   0.044097900391  0.043762207031 
      0.21873016   0.045623779297  0.045227050781 
      0.21875283   0.038970947266  0.038604736328 
      0.21877551   0.025451660156  0.025054931641 
      0.21879819  0.0073852539062  0.007080078125 
      0.21882086  -0.011962890625 -0.012145996094 
      0.21884354  -0.029144287109 -0.029205322266 
      0.21886621  -0.041198730469 -0.041076660156 
      0.21888889    -0.0458984375 -0.045593261719 
      0.21891156  -0.042358398438 -0.042022705078 
      0.21893424  -0.031372070312 -0.030914306641 
      0.21895692  -0.014801025391 -0.014343261719 
      0.21897959  0.0044250488281 0.0048217773438 
      0.21900227   0.022827148438  0.023071289062 
      0.21902494   0.037139892578  0.037261962891 
      0.21904762   0.044860839844  0.044769287109 
      0.21907029   0.044586181641  0.044372558594 
      0.21909297   0.036376953125  0.036010742188 
      0.21911565   0.021697998047  0.021270751953 
      0.21913832   0.003173828125 0.0027160644531 
        0.219161  -0.015838623047 -0.016296386719 
      0.21918367  -0.032104492188 -0.032409667969 
      0.21920635  -0.042572021484 -0.042755126953 
      0.21922902  -0.045501708984 -0.045532226562 
       0.2192517  -0.040313720703 -0.040161132812 
      0.21927438  -0.027954101562 -0.027648925781 
      0.21929705  -0.010650634766 -0.010223388672 
      0.21931973   0.008544921875 0.0090026855469 
       0.2193424   0.026214599609  0.026641845703 
      0.21936508   0.039154052734   0.03955078125 
      0.21938776   0.045135498047   0.04541015625 
      0.21941043   0.043090820312  0.043182373047 
      0.21943311   0.033386230469  0.033294677734 
      0.21945578   0.017730712891  0.017456054688 
      0.21947846  -0.0010681152344  -0.00146484375 
      0.21950113  -0.019622802734 -0.020080566406 
      0.21952381  -0.034698486328 -0.035186767578 
      0.21954649  -0.043548583984 -0.044006347656 
      0.21956916  -0.044647216797 -0.044982910156 
      0.21959184  -0.037841796875 -0.037994384766 
      0.21961451  -0.024230957031 -0.024200439453 
      0.21963719  -0.0063781738281 -0.0061950683594 
      0.21965986   0.012603759766  0.012969970703 
      0.21968254   0.029327392578   0.02978515625 
      0.21970522   0.040802001953  0.041320800781 
      0.21972789   0.044982910156  0.045471191406 
      0.21975057   0.041198730469  0.041564941406 
      0.21977324   0.030029296875    0.0302734375 
      0.21979592   0.013580322266  0.013580322266 
      0.21981859  -0.0052795410156 -0.0054626464844 
      0.21984127  -0.023162841797 -0.023559570312 
      0.21986395  -0.036926269531 -0.037445068359 
      0.21988662  -0.044097900391 -0.044647216797 
       0.2199093  -0.043395996094 -0.043884277344 
      0.21993197  -0.034973144531 -0.035369873047 
      0.21995465  -0.020355224609 -0.020538330078 
      0.21997732  -0.0021057128906 -0.0021057128906 
            0.22   0.016510009766  0.016693115234 
      0.22002268   0.032135009766  0.032531738281 
      0.22004535   0.042022705078  0.042510986328 
      0.22006803   0.044403076172  0.044952392578 
       0.2200907   0.038909912109  0.039428710938 
      0.22011338   0.026458740234   0.02685546875 
      0.22013605  0.0093078613281  0.009521484375 
      0.22015873  -0.0094299316406 -0.0094604492188 
      0.22018141  -0.026519775391 -0.026763916016 
      0.22020408  -0.038818359375 -0.039245605469 
      0.22022676  -0.044189453125 -0.044738769531 
      0.22024943  -0.041748046875 -0.042297363281 
      0.22027211  -0.031799316406 -0.032287597656 
      0.22029478  -0.016204833984   -0.0166015625 
      0.22031746   0.002197265625 0.0020446777344 
      0.22034014   0.020263671875  0.020324707031 
      0.22036281   0.034637451172  0.034912109375 
      0.22038549   0.042877197266  0.043304443359 
      0.22040816   0.043426513672  0.043975830078 
      0.22043084   0.036254882812  0.036834716797 
      0.22045351   0.022613525391  0.023101806641 
      0.22047619  0.0050048828125 0.0053100585938 
      0.22049887  -0.013488769531 -0.013397216797 
      0.22052154  -0.029602050781 -0.029724121094 
      0.22054422  -0.040374755859 -0.040679931641 
      0.22056689  -0.043975830078 -0.044464111328 
      0.22058957  -0.039703369141 -0.040252685547 
      0.22061224  -0.028350830078 -0.028930664062 
      0.22063492  -0.011993408203 -0.012420654297 
       0.2206576  0.0065002441406 0.0062561035156 
      0.22068027   0.023803710938  0.023742675781 
      0.22070295   0.036895751953  0.037017822266 
      0.22072562   0.043365478516  0.043701171875 
       0.2207483   0.042114257812  0.042602539062 
      0.22077098   0.033325195312  0.033874511719 
      0.22079365   0.018615722656  0.019134521484 
      0.22081633  0.0006103515625 0.0010375976562 
        0.220839  -0.017486572266 -0.017272949219 
      0.22086168  -0.032440185547 -0.032440185547 
      0.22088435  -0.041595458984 -0.041839599609 
      0.22090703  -0.043365478516 -0.043762207031 
      0.22092971  -0.037322998047 -0.037872314453 
      0.22095238  -0.024719238281 -0.025268554688 
      0.22097506  -0.0076599121094 -0.0081787109375 
      0.22099773     0.0107421875  0.010345458984 
      0.22102041   0.027160644531  0.027008056641 
      0.22104308   0.038787841797  0.038848876953 
      0.22106576   0.043487548828  0.043731689453 
      0.22108844   0.040405273438  0.040863037109 
      0.22111111   0.030151367188  0.030670166016 
      0.22113379   0.014495849609  0.015045166016 
      0.22115646  -0.0037231445312 -0.0032348632812 
      0.22117914  -0.021240234375 -0.020935058594 
      0.22120181  -0.035003662109 -0.034881591797 
      0.22122449   -0.04248046875 -0.042572021484 
      0.22124717  -0.042419433594 -0.042724609375 
      0.22126984  -0.034759521484 -0.035186767578 
      0.22129252  -0.020935058594 -0.021423339844 
      0.22131519   -0.00341796875 -0.0038757324219 
      0.22133787   0.014739990234  0.014343261719 
      0.22136054   0.030242919922  0.030029296875 
      0.22138322   0.040344238281  0.040313720703 
       0.2214059   0.043273925781  0.043426513672 
      0.22142857   0.038482666016  0.038787841797 
      0.22145125   0.026824951172  0.027252197266 
      0.22147392   0.010437011719  0.010894775391 
       0.2214966  -0.0078430175781 -0.0074157714844 
      0.22151927  -0.024658203125 -0.024383544922 
      0.22154195     -0.037109375 -0.036987304688 
      0.22156463  -0.042938232422 -0.042999267578 
       0.2215873  -0.041107177734 -0.041351318359 
      0.22160998  -0.031982421875 -0.032318115234 
      0.22163265  -0.017150878906 -0.017547607422 
      0.22165533   0.000732421875 0.00033569335938 
        0.221678   0.018432617188  0.018127441406 
      0.22170068   0.032867431641  0.032684326172 
      0.22172336   0.041412353516  0.041412353516 
      0.22174603   0.042602539062  0.042755126953 
      0.22176871   0.036193847656  0.036468505859 
      0.22179138   0.023376464844  0.023742675781 
      0.22181406  0.0063781738281 0.0067749023438 
      0.22183673  -0.011749267578 -0.011413574219 
      0.22185941  -0.027740478516 -0.027526855469 
      0.22188209  -0.038818359375 -0.038726806641 
      0.22190476  -0.042938232422     -0.04296875 
      0.22192744  -0.039428710938 -0.039642333984 
      0.22195011  -0.028900146484 -0.029205322266 
      0.22197279  -0.013275146484 -0.013610839844 
      0.22199546  0.0047302246094 0.0044555664062 
      0.22201814   0.021850585938  0.021636962891 
      0.22204082   0.035095214844  0.034973144531 
      0.22206349   0.042053222656  0.042114257812 
      0.22208617    0.04150390625  0.041656494141 
      0.22210884   0.033599853516  0.033905029297 
      0.22213152   0.019714355469   0.02001953125 
       0.2221542  0.0023193359375 0.0026550292969 
      0.22217687  -0.015441894531 -0.015197753906 
      0.22219955  -0.030426025391 -0.030334472656 
      0.22222222  -0.040008544922 -0.040008544922 
       0.2222449  -0.042449951172 -0.042602539062 
      0.22226757  -0.037353515625 -0.037567138672 
      0.22229025  -0.025573730469  -0.02587890625 
      0.22231293   -0.00927734375 -0.0095825195312 
       0.2223356  0.0086669921875 0.0084228515625 
      0.22235828   0.024993896484  0.024871826172 
      0.22238095   0.036926269531  0.036895751953 
      0.22240363   0.042236328125  0.042297363281 
       0.2224263   0.040008544922  0.040222167969 
      0.22244898   0.030670166016  0.030975341797 
      0.22247166   0.015899658203  0.016204833984 
      0.22249433  -0.0016784667969 -0.0014343261719 
      0.22251701  -0.018951416016 -0.018768310547 
      0.22253968  -0.032867431641 -0.032806396484 
      0.22256236  -0.040863037109 -0.040924072266 
      0.22258503  -0.041625976562 -0.041778564453 
      0.22260771  -0.034942626953 -0.035186767578 
      0.22263039  -0.022064208984 -0.022338867188 
      0.22265306  -0.0052490234375 -0.0054931640625 
      0.22267574   0.012451171875  0.012268066406 
      0.22269841   0.027954101562  0.027862548828 
      0.22272109   0.038452148438  0.038452148438 
      0.22274376   0.042083740234  0.042205810547 
      0.22276644   0.038238525391  0.038421630859 
      0.22278912   0.027587890625   0.02783203125 
      0.22281179   0.012054443359  0.012268066406 
      0.22283447  -0.0056457519531 -0.0054626464844 
      0.22285714  -0.022308349609 -0.022216796875 
      0.22287982  -0.034973144531 -0.035003662109 
      0.22290249  -0.041442871094  -0.04150390625 
      0.22292517  -0.040466308594 -0.040649414062 
      0.22294785  -0.032318115234 -0.032531738281 
      0.22297052  -0.018432617188 -0.018646240234 
       0.2229932  -0.0012512207031 -0.0014038085938 
      0.22301587    0.01611328125  0.016021728516 
      0.22303855   0.030609130859  0.030609130859 
      0.22306122   0.039642333984  0.039764404297 
       0.2230839   0.041595458984  0.041809082031 
      0.22310658     0.0361328125  0.036376953125 
      0.22312925   0.024291992188  0.024505615234 
      0.22315193  0.0081176757812 0.0082702636719 
       0.2231746  -0.0094909667969 -0.0094299316406 
      0.22319728     -0.025390625 -0.025451660156 
      0.22321995  -0.036773681641 -0.036956787109 
      0.22324263  -0.041595458984 -0.041809082031 
      0.22326531  -0.039001464844 -0.039276123047 
      0.22328798  -0.029449462891 -0.029754638672 
      0.22331066  -0.014709472656 -0.014953613281 
      0.22333333   0.002685546875 0.0025634765625 
      0.22335601   0.019592285156  0.019561767578 
      0.22337868   0.032928466797  0.033111572266 
      0.22340136   0.040466308594  0.040740966797 
      0.22342404   0.040802001953  0.041168212891 
      0.22344671   0.033813476562  0.034210205078 
      0.22346939   0.020843505859  0.021209716797 
      0.22349206  0.0041809082031 0.0044250488281 
      0.22351474  -0.013214111328 -0.013122558594 
      0.22353741  -0.028228759766 -0.028350830078 
      0.22356009  -0.038269042969 -0.038513183594 
      0.22358277  -0.041442871094 -0.041839599609 
      0.22360544  -0.037231445312 -0.037719726562 
      0.22362812  -0.026397705078 -0.026885986328 
      0.22365079  -0.010894775391 -0.011291503906 
      0.22367347  0.0065307617188 0.0062866210938 
      0.22369615   0.022796630859  0.022766113281 
      0.22371882   0.035003662109      0.03515625 
       0.2237415   0.040924072266  0.041320800781 
      0.22376417   0.039611816406  0.040100097656 
      0.22378685   0.031219482422  0.031799316406 
      0.22380952   0.017272949219  0.017822265625 
       0.2238322  0.00027465820312 0.00067138671875 
      0.22385488  -0.016784667969 -0.016540527344 
      0.22387755  -0.030822753906 -0.030822753906 
      0.22390023  -0.039367675781 -0.039611816406 
       0.2239229  -0.040893554688 -0.041381835938 
      0.22394558  -0.035186767578 -0.035736083984 
      0.22396825  -0.023162841797 -0.023834228516 
      0.22399093  -0.0070495605469 -0.0076293945312 
      0.22401361   0.010314941406 0.0098571777344 
      0.22403628   0.025817871094  0.025573730469 
      0.22405896   0.036712646484  0.036743164062 
      0.22408163   0.041107177734  0.041381835938 
      0.22410431   0.038177490234  0.038665771484 
      0.22412698   0.028442382812  0.029052734375 
      0.22414966      0.013671875  0.014343261719 
      0.22417234  -0.0035400390625 -0.0028991699219 
      0.22419501  -0.020111083984 -0.019683837891 
      0.22421769  -0.033081054688 -0.032867431641 
      0.22424036  -0.040130615234 -0.040252685547 
      0.22426304  -0.040100097656 -0.040435791016 
      0.22428571  -0.032867431641 -0.033447265625 
      0.22430839  -0.019866943359 -0.020538330078 
      0.22433107  -0.0032653808594 -0.0039978027344 
      0.22435374   0.013824462891  0.013275146484 
      0.22437642   0.028533935547  0.028106689453 
      0.22439909     0.0380859375  0.037963867188 
      0.22442177   0.040954589844  0.041046142578 
      0.22444444   0.036437988281  0.036834716797 
      0.22446712   0.025482177734  0.026062011719 
       0.2244898   0.010040283203  0.010711669922 
      0.22451247  -0.0072326660156 -0.0065612792969 
      0.22453515  -0.023162841797 -0.022613525391 
      0.22455782  -0.034973144531 -0.034637451172 
       0.2245805  -0.040588378906 -0.040466308594 
      0.22460317  -0.038970947266 -0.039123535156 
      0.22462585  -0.030426025391 -0.030792236328 
      0.22464853  -0.016448974609 -0.016998291016 
       0.2246712  0.00042724609375 -0.00021362304688 
      0.22469388   0.017181396484  0.016571044922 
      0.22471655   0.030853271484  0.030395507812 
      0.22473923   0.039123535156  0.038787841797 
       0.2247619   0.040344238281  0.040313720703 
      0.22478458   0.034454345703  0.034606933594 
      0.22480726   0.022430419922  0.022796630859 
      0.22482993  0.0064086914062 0.0069274902344 
      0.22485261  -0.010681152344 -0.010131835938 
      0.22487528   -0.02587890625 -0.025421142578 
      0.22489796  -0.036499023438 -0.036102294922 
      0.22492063  -0.040588378906 -0.040344238281 
      0.22494331  -0.037475585938 -0.037414550781 
      0.22496599  -0.027679443359 -0.027893066406 
      0.22498866  -0.013031005859 -0.013336181641 
      0.22501134  0.0039672851562 0.0035705566406 
      0.22503401   0.020202636719  0.019775390625 
      0.22505669   0.032867431641  0.032440185547 
      0.22507937   0.039672851562  0.039367675781 
      0.22510204   0.039398193359  0.039215087891 
      0.22512472   0.032135009766  0.032135009766 
      0.22514739   0.019165039062  0.019348144531 
      0.22517007  0.0028076171875 0.0030822753906 
      0.22519274  -0.014038085938 -0.013641357422 
      0.22521542  -0.028350830078 -0.028015136719 
       0.2252381  -0.037628173828 -0.037292480469 
      0.22526077  -0.040222167969 -0.039978027344 
      0.22528345   -0.03564453125 -0.035522460938 
      0.22530612  -0.024749755859 -0.024749755859 
       0.2253288  -0.0094604492188 -0.0095825195312 
      0.22535147  0.0075073242188 0.0072631835938 
      0.22537415   0.023071289062  0.022827148438 
      0.22539683   0.034576416016  0.034301757812 
       0.2254195   0.039855957031  0.039642333984 
      0.22544218     0.0380859375  0.037933349609 
      0.22546485   0.029571533203  0.029510498047 
      0.22548753   0.015777587891  0.015777587891 
       0.2255102  -0.00079345703125 -0.000732421875 
      0.22553288  -0.017211914062  -0.01708984375 
      0.22555556  -0.030578613281 -0.030364990234 
      0.22557823  -0.038482666016 -0.038269042969 
      0.22560091   -0.03955078125 -0.039337158203 
      0.22562358  -0.033538818359 -0.033416748047 
      0.22564626  -0.021636962891 -0.021514892578 
      0.22566893  -0.0058898925781 -0.0058288574219 
      0.22569161   0.010925292969  0.010864257812 
      0.22571429   0.025787353516  0.025634765625 
      0.22573696   0.036010742188  0.035858154297 
      0.22575964   0.039825439453  0.039642333984 
      0.22578231   0.036560058594  0.036407470703 
      0.22580499   0.026824951172  0.026672363281 
      0.22582766   0.012329101562   0.01220703125 
      0.22585034  -0.0043640136719 -0.0044250488281 
      0.22587302  -0.020263671875 -0.020233154297 
      0.22589569  -0.032562255859 -0.032440185547 
      0.22591837  -0.039031982422 -0.038879394531 
      0.22594104  -0.038604736328 -0.038391113281 
      0.22596372  -0.031311035156 -0.031097412109 
      0.22598639  -0.018432617188 -0.018249511719 
      0.22600907  -0.0022888183594 -0.0021667480469 
      0.22603175   0.014221191406  0.014282226562 
      0.22605442   0.028198242188  0.028198242188 
       0.2260771   0.037170410156  0.037048339844 
      0.22609977   0.039489746094  0.039306640625 
      0.22612245   0.034820556641  0.034576416016 
      0.22614512   0.023986816406  0.023742675781 
       0.2261678  0.0089111328125 0.0086669921875 
      0.22619048  -0.0077514648438 -0.0079650878906 
      0.22621315  -0.023010253906 -0.023101806641 
      0.22623583    -0.0341796875 -0.034149169922 
       0.2262585  -0.039245605469 -0.039093017578 
      0.22628118  -0.037353515625 -0.037139892578 
      0.22630385   -0.02880859375 -0.028503417969 
      0.22632653  -0.015167236328 -0.014862060547 
      0.22634921  0.0011901855469 0.0014343261719 
      0.22637188   0.017242431641  0.017456054688 
      0.22639456     0.0302734375  0.030364990234 
      0.22641723   0.037872314453  0.037841796875 
      0.22643991   0.038757324219  0.038604736328 
      0.22646259   0.032745361328  0.032440185547 
      0.22648526   0.020935058594  0.020599365234 
      0.22650794  0.0054016113281 0.0050354003906 
      0.22653061  -0.011047363281 -0.011352539062 
      0.22655329  -0.025512695312 -0.025695800781 
      0.22657596  -0.035461425781 -0.035491943359 
      0.22659864       -0.0390625 -0.038970947266 
      0.22662132  -0.035705566406 -0.035461425781 
      0.22664399  -0.026062011719 -0.025695800781 
      0.22666667  -0.011749267578 -0.011352539062 
      0.22668934  0.0046081542969 0.0049743652344 
      0.22671202   0.020141601562  0.020446777344 
      0.22673469   0.032043457031    0.0322265625 
      0.22675737   0.038238525391  0.038269042969 
      0.22678005    0.03759765625  0.037506103516 
      0.22680272   0.030303955078  0.030059814453 
       0.2268254   0.017639160156  0.017272949219 
      0.22684807  0.0018310546875 0.0014038085938 
      0.22687075  -0.014282226562   -0.0146484375 
      0.22689342  -0.027801513672 -0.028106689453 
       0.2269161  -0.036407470703 -0.036529541016 
      0.22693878  -0.038452148438 -0.038452148438 
      0.22696145   -0.03369140625 -0.033538818359 
      0.22698413   -0.02294921875 -0.022644042969 
       0.2270068  -0.0081176757812 -0.0077514648438 
      0.22702948  0.0081481933594  0.008544921875 
      0.22705215   0.022888183594  0.023284912109 
      0.22707483   0.033599853516  0.033843994141 
      0.22709751   0.038269042969  0.038391113281 
      0.22712018     0.0361328125  0.036102294922 
      0.22714286   0.027557373047  0.027374267578 
      0.22716553   0.014068603516  0.013763427734 
      0.22718821  -0.0018615722656 -0.0022583007812 
      0.22721088  -0.017456054688 -0.017883300781 
      0.22723356  -0.029968261719 -0.030303955078 
      0.22725624  -0.037078857422 -0.037322998047 
      0.22727891  -0.037567138672 -0.037689208984 
      0.22730159  -0.031402587891 -0.031341552734 
      0.22732426  -0.019622802734 -0.019409179688 
      0.22734694   -0.00439453125 -0.0040588378906 
      0.22736961   0.011657714844  0.012054443359 
      0.22739229   0.025604248047  0.025970458984 
      0.22741497   0.034942626953  0.035278320312 
      0.22743764     0.0380859375  0.038299560547 
      0.22746032   0.034423828125  0.034515380859 
      0.22748299   0.024627685547  0.024566650391 
      0.22750567   0.010467529297   0.01025390625 
      0.22752834  -0.0055541992188 -0.0058898925781 
      0.22755102  -0.020599365234 -0.020935058594 
       0.2275737  -0.031982421875 -0.032287597656 
      0.22759637  -0.037658691406 -0.037902832031 
      0.22761905  -0.036590576172 -0.036743164062 
      0.22764172  -0.029022216797 -0.029052734375 
       0.2276644  -0.016296386719 -0.016204833984 
      0.22768707  -0.00067138671875 -0.00045776367188 
      0.22770975   0.015075683594  0.015350341797 
      0.22773243   0.028137207031  0.028442382812 
       0.2277551   0.036163330078  0.036468505859 
      0.22777778   0.037780761719  0.037994384766 
      0.22780045   0.032653808594  0.032775878906 
      0.22782313   0.021728515625  0.021728515625 
       0.2278458  0.0069274902344 0.0068054199219 
      0.22786848  -0.0091247558594 -0.0093078613281 
      0.22789116  -0.023529052734 -0.023773193359 
      0.22791383  -0.033782958984 -0.034027099609 
      0.22793651  -0.037933349609 -0.038238525391 
      0.22795918  -0.035430908203 -0.035583496094 
      0.22798186  -0.026580810547 -0.026702880859 
      0.22800454  -0.013000488281 -0.013031005859 
      0.22802721  0.0028686523438    0.0029296875 
      0.22804989   0.018249511719  0.018402099609 
      0.22807256   0.030364990234  0.030578613281 
      0.22809524   0.037078857422  0.037322998047 
      0.22811791   0.037200927734  0.037414550781 
      0.22814059    0.03076171875  0.030883789062 
      0.22816327   0.018798828125  0.018890380859 
      0.22818594  0.0035095214844 0.0035095214844 
      0.22820862  -0.012420654297 -0.012481689453 
      0.22823129  -0.026123046875 -0.026214599609 
      0.22825397      -0.03515625 -0.035308837891 
      0.22827664  -0.037994384766 -0.038116455078 
      0.22829932  -0.034057617188   -0.0341796875 
        0.228322  -0.024047851562 -0.024169921875 
      0.22834467  -0.0097961425781 -0.0098571777344 
      0.22836735  0.0062255859375 0.0061645507812 
      0.22839002   0.021087646484  0.021087646484 
       0.2284127   0.032257080078  0.032257080078 
      0.22843537   0.037658691406  0.037689208984 
      0.22845805   0.036346435547  0.036437988281 
      0.22848073   0.028594970703  0.028686523438 
       0.2285034   0.015838623047  0.015930175781 
      0.22852608  0.00021362304688 0.00027465820312 
      0.22854875  -0.015441894531 -0.015350341797 
      0.22857143  -0.028350830078 -0.028289794922 
       0.2285941  -0.036224365234 -0.036163330078 
      0.22861678  -0.037628173828  -0.03759765625 
      0.22863946  -0.032348632812 -0.032348632812 
      0.22866213  -0.021392822266 -0.021392822266 
      0.22868481  -0.0065612792969 -0.0066223144531 
      0.22870748  0.0093688964844 0.0092468261719 
      0.22873016   0.023651123047  0.023498535156 
      0.22875283   0.033721923828  0.033569335938 
      0.22877551   0.037780761719  0.037628173828 
      0.22879819       0.03515625  0.035034179688 
      0.22882086   0.026245117188  0.026184082031 
      0.22884354   0.012725830078    0.0126953125 
      0.22886621  -0.0030517578125 -0.0029907226562 
      0.22888889  -0.018280029297 -0.018157958984 
      0.22891156  -0.030242919922 -0.030090332031 
      0.22893424  -0.036834716797 -0.036651611328 
      0.22895692  -0.036865234375 -0.036651611328 
      0.22897959  -0.030364990234 -0.030181884766 
      0.22900227  -0.018493652344 -0.018310546875 
      0.22902494  -0.0033264160156 -0.0032348632812 
      0.22904762   0.012390136719  0.012390136719 
      0.22907029   0.025909423828  0.025817871094 
      0.22909297   0.034820556641  0.034637451172 
      0.22911565   0.037506103516  0.037261962891 
      0.22913832   0.033569335938  0.033294677734 
        0.229161   0.023620605469  0.023376464844 
      0.22918367   0.009521484375 0.0093078613281 
      0.22920635  -0.0062561035156 -0.0063781738281 
      0.22922902  -0.020904541016 -0.020904541016 
       0.2292517  -0.031829833984 -0.031707763672 
      0.22927438  -0.037078857422 -0.036865234375 
      0.22929705  -0.035736083984 -0.035461425781 
      0.22931973  -0.028015136719 -0.027740478516 
       0.2293424  -0.015380859375 -0.015075683594 
      0.22936508                0  0.000244140625 
      0.22938776   0.015350341797  0.015563964844 
      0.22941043   0.027954101562  0.028015136719 
      0.22943311   0.035583496094  0.035522460938 
      0.22945578   0.036865234375  0.036682128906 
      0.22947846   0.031616210938  0.031341552734 
      0.22950113   0.020721435547  0.020385742188 
      0.22952381  0.0061645507812 0.0058288574219 
      0.22954649  -0.0094909667969    -0.009765625 
      0.22956916  -0.023376464844 -0.023620605469 
      0.22959184  -0.033142089844 -0.033264160156 
      0.22961451  -0.037017822266 -0.037017822266 
      0.22963719  -0.034271240234 -0.034118652344 
      0.22965986  -0.025421142578 -0.025177001953 
      0.22968254  -0.012115478516 -0.011810302734 
      0.22970522  0.0033874511719 0.0037231445312 
      0.22972789   0.018280029297  0.018585205078 
      0.22975057   0.029846191406  0.030120849609 
      0.22977324     0.0361328125  0.036285400391 
      0.22979592   0.035949707031  0.036041259766 
      0.22981859   0.029388427734  0.029327392578 
      0.22984127   0.017608642578  0.017425537109 
      0.22986395   0.002685546875 0.0024108886719 
      0.22988662  -0.012664794922 -0.013000488281 
       0.2299093  -0.025756835938 -0.026123046875 
      0.22993197  -0.034301757812 -0.034576416016 
      0.22995465  -0.036682128906 -0.036895751953 
      0.22997732  -0.032562255859 -0.032623291016 
            0.23  -0.022613525391 -0.022613525391 
      0.23002268  -0.0086975097656 -0.0085144042969 
      0.23004535  0.0067749023438 0.0070495605469 
      0.23006803   0.021057128906  0.021392822266 
       0.2300907   0.031585693359  0.031890869141 
      0.23011338   0.036468505859  0.036773681641 
      0.23013605   0.034851074219  0.035095214844 
      0.23015873   0.027038574219  0.027160644531 
      0.23018141   0.014404296875  0.014434814453 
      0.23020408  -0.00076293945312 -0.00088500976562 
      0.23022676  -0.015777587891 -0.016021728516 
      0.23024943  -0.028015136719 -0.028289794922 
      0.23027211  -0.035217285156 -0.035552978516 
      0.23029478  -0.036193847656 -0.036499023438 
      0.23031746  -0.030700683594 -0.030944824219 
      0.23034014  -0.019744873047 -0.019897460938 
      0.23036281  -0.0052795410156 -0.0053100585938 
      0.23038549   0.010162353516  0.010223388672 
      0.23040816   0.023712158203  0.023864746094 
      0.23043084   0.033081054688  0.033325195312 
      0.23045351   0.036590576172  0.036865234375 
      0.23047619   0.033569335938  0.033813476562 
      0.23049887   0.024536132812  0.024810791016 
      0.23052154   0.011169433594  0.011322021484 
      0.23054422  -0.0042114257812 -0.0041198730469 
      0.23056689  -0.018798828125 -0.018798828125 
      0.23058957  -0.030029296875 -0.030181884766 
      0.23061224  -0.035980224609 -0.036163330078 
      0.23063492  -0.035461425781 -0.035705566406 
       0.2306576  -0.028656005859 -0.028900146484 
      0.23068027  -0.016754150391 -0.016998291016 
      0.23070295  -0.0018920898438 -0.0020446777344 
      0.23072562   0.013336181641  0.013244628906 
       0.2307483   0.026184082031  0.026184082031 
      0.23077098   0.034362792969  0.034484863281 
      0.23079365   0.036468505859   0.03662109375 
      0.23081633   0.032012939453    0.0322265625 
        0.230839   0.021942138672  0.022155761719 
      0.23086168  0.0079040527344 0.0080871582031 
      0.23088435  -0.0075073242188 -0.0073547363281 
      0.23090703  -0.021575927734    -0.021484375 
      0.23092971  -0.031829833984 -0.031799316406 
      0.23095238  -0.036437988281 -0.036468505859 
      0.23097506  -0.034515380859 -0.034637451172 
      0.23099773  -0.026519775391 -0.026641845703 
      0.23102041  -0.013732910156 -0.013946533203 
      0.23104308  0.0014343261719 0.0012817382812 
      0.23106576   0.016357421875  0.016204833984 
      0.23108844   0.028411865234  0.028259277344 
      0.23111111   0.035369873047  0.035278320312 
      0.23113379   0.036071777344  0.036041259766 
      0.23115646   0.030334472656  0.030364990234 
      0.23117914   0.019226074219  0.019348144531 
      0.23120181  0.0046997070312 0.0048217773438 
      0.23122449  -0.010650634766 -0.010528564453 
      0.23124717  -0.024108886719 -0.024017333984 
      0.23126984  -0.033294677734    -0.033203125 
      0.23129252  -0.036560058594 -0.036499023438 
      0.23131519  -0.033355712891 -0.033294677734 
      0.23133787  -0.024139404297 -0.024139404297 
      0.23136054  -0.010711669922   -0.0107421875 
      0.23138322   0.004638671875 0.0045776367188 
       0.2314059   0.019134521484  0.019073486328 
      0.23142857   0.030303955078  0.030181884766 
      0.23145125   0.036010742188  0.035919189453 
      0.23147392   0.035339355469  0.035247802734 
       0.2314966   0.028411865234  0.028350830078 
      0.23151927   0.016418457031  0.016357421875 
      0.23154195  0.0014953613281 0.0014953613281 
      0.23156463  -0.013641357422 -0.013610839844 
       0.2315873  -0.026397705078 -0.026336669922 
      0.23160998  -0.034423828125 -0.034332275391 
      0.23163265  -0.036376953125 -0.036254882812 
      0.23165533  -0.031799316406 -0.031707763672 
        0.231678  -0.021606445312 -0.021514892578 
      0.23170068  -0.0075988769531 -0.0075073242188 
      0.23172336  0.0077819824219       0.0078125 
      0.23174603   0.021759033203  0.021759033203 
      0.23176871   0.031890869141  0.031860351562 
      0.23179138   0.036315917969  0.036254882812 
      0.23181406   0.034271240234    0.0341796875 
      0.23183673   0.026184082031  0.026123046875 
      0.23185941   0.013427734375  0.013336181641 
      0.23188209  -0.001708984375 -0.0017700195312 
      0.23190476  -0.016540527344   -0.0166015625 
      0.23192744  -0.028411865234 -0.028411865234 
      0.23195011  -0.035217285156 -0.035217285156 
      0.23197279  -0.035797119141 -0.035736083984 
      0.23199546  -0.029968261719 -0.029907226562 
      0.23201814  -0.018859863281 -0.018737792969 
      0.23204082  -0.0043640136719 -0.0042724609375 
      0.23206349   0.010894775391  0.010986328125 
      0.23208617   0.024200439453  0.024261474609 
      0.23210884   0.033233642578     0.033203125 
      0.23213152   0.036315917969  0.036254882812 
       0.2321542   0.032958984375  0.032867431641 
      0.23217687   0.023742675781  0.023651123047 
      0.23219955   0.010314941406  0.010223388672 
      0.23222222  -0.0049743652344 -0.0050354003906 
       0.2322449  -0.019317626953 -0.019348144531 
      0.23226757  -0.030242919922 -0.030242919922 
      0.23229025  -0.035797119141 -0.035766601562 
      0.23231293  -0.034973144531 -0.034881591797 
       0.2323356  -0.027923583984 -0.027862548828 
      0.23235828  -0.015930175781 -0.015838623047 
      0.23238095  -0.0010986328125 -0.0010070800781 
      0.23240363   0.013916015625  0.013946533203 
       0.2324263   0.026519775391  0.026458740234 
      0.23244898   0.034332275391  0.034271240234 
      0.23247166   0.036041259766  0.035949707031 
      0.23249433   0.031372070312         0.03125 
      0.23251701   0.021118164062  0.021026611328 
      0.23253968   0.007080078125 0.0070495605469 
      0.23256236  -0.0081787109375 -0.0081787109375 
      0.23258503  -0.022003173828 -0.021942138672 
      0.23260771  -0.031921386719 -0.031799316406 
      0.23263039    -0.0361328125 -0.035980224609 
      0.23265306  -0.033905029297 -0.033752441406 
      0.23267574  -0.025726318359 -0.025573730469 
      0.23269841  -0.012939453125 -0.012817382812 
      0.23272109  0.0021667480469 0.0022277832031 
      0.23274376   0.016845703125  0.016845703125 
      0.23276644   0.028564453125  0.028472900391 
      0.23278912   0.035186767578  0.035003662109 
      0.23281179   0.035522460938  0.035339355469 
      0.23283447   0.029571533203  0.029418945312 
      0.23285714   0.018402099609  0.018249511719 
      0.23287982  0.0038757324219 0.0038146972656 
      0.23290249  -0.011260986328 -0.011291503906 
      0.23292517  -0.024383544922 -0.024322509766 
      0.23294785     -0.033203125 -0.033111572266 
      0.23297052  -0.036102294922 -0.035919189453 
       0.2329932  -0.032592773438 -0.032379150391 
      0.23301587  -0.023284912109 -0.023101806641 
      0.23303855  -0.0098571777344 -0.0097045898438 
      0.23306122  0.0053405761719 0.0054321289062 
       0.2330839       0.01953125  0.019592285156 
      0.23310658   0.030303955078  0.030242919922 
      0.23312925   0.035675048828  0.035552978516 
      0.23315193    0.03466796875  0.034484863281 
       0.2331746   0.027526855469  0.027313232422 
      0.23319728   0.015502929688  0.015319824219 
      0.23321995  0.00070190429688 0.00057983398438 
      0.23324263  -0.014190673828 -0.014251708984 
      0.23326531  -0.026550292969 -0.026550292969 
      0.23328798    -0.0341796875 -0.034118652344 
      0.23331066  -0.035736083984  -0.03564453125 
      0.23333333  -0.030914306641 -0.030792236328 
      0.23335601  -0.020629882812   -0.0205078125 
      0.23337868  -0.0066528320312 -0.0065307617188 
      0.23340136  0.0084838867188 0.0085754394531 
      0.23342404   0.022125244141  0.022186279297 
      0.23344671   0.031799316406  0.031829833984 
      0.23346939   0.035827636719  0.035797119141 
      0.23349206   0.033477783203  0.033416748047 
      0.23351474   0.025146484375  0.025085449219 
      0.23353741   0.012359619141  0.012329101562 
      0.23356009  -0.0026245117188 -0.002685546875 
      0.23358277   -0.01708984375 -0.017150878906 
      0.23360544  -0.028564453125 -0.028594970703 
      0.23362812  -0.034912109375 -0.034973144531 
      0.23365079  -0.035064697266 -0.035125732422 
      0.23367347  -0.028961181641 -0.029022216797 
      0.23369615  -0.017730712891 -0.017730712891 
      0.23371882  -0.0033264160156 -0.0033569335938 
       0.2337415   0.011657714844  0.011688232422 
      0.23376417   0.024566650391  0.024597167969 
      0.23378685   0.033111572266  0.033142089844 
      0.23380952   0.035736083984  0.035797119141 
       0.2338322   0.031982421875  0.032104492188 
      0.23385488   0.022583007812  0.022705078125 
      0.23387755  0.0091247558594 0.0092468261719 
      0.23390023  -0.0059509277344 -0.0058288574219 
       0.2339229  -0.019927978516 -0.019866943359 
      0.23394558  -0.030395507812 -0.030426025391 
      0.23396825  -0.035430908203 -0.035522460938 
      0.23399093    -0.0341796875 -0.034332275391 
      0.23401361  -0.026824951172 -0.027008056641 
      0.23403628  -0.014678955078 -0.014892578125 
      0.23405896  6.103515625e-05 -0.00018310546875 
      0.23408163   0.014770507812    0.0146484375 
      0.23410431   0.026885986328  0.026794433594 
      0.23412698     0.0341796875  0.034210205078 
      0.23414966   0.035430908203  0.035552978516 
      0.23417234   0.030334472656  0.030578613281 
      0.23419501   0.019836425781  0.020141601562 
      0.23421769  0.0058288574219 0.0061340332031 
      0.23424036  -0.0092163085938 -0.0089721679688 
      0.23426304  -0.022644042969   -0.0224609375 
      0.23428571  -0.032043457031 -0.031982421875 
      0.23430839  -0.035736083984 -0.035797119141 
      0.23433107  -0.033050537109 -0.033264160156 
      0.23435374  -0.024505615234 -0.024841308594 
      0.23437642  -0.011566162109 -0.011993408203 
      0.23439909  0.0033874511719 0.0030517578125 
      0.23442177   0.017761230469  0.017486572266 
      0.23444444   0.028961181641  0.028839111328 
      0.23446712   0.035064697266  0.035034179688 
       0.2344898   0.034881591797  0.035003662109 
      0.23451247   0.028472900391   0.02880859375 
      0.23453515   0.017028808594  0.017395019531 
      0.23455782  0.0025329589844 0.0029602050781 
       0.2345805  -0.012420654297 -0.012054443359 
      0.23460317  -0.025177001953 -0.024871826172 
      0.23462585  -0.033416748047 -0.033294677734 
      0.23464853  -0.035705566406 -0.035797119141 
       0.2346712  -0.031707763672 -0.031921386719 
      0.23469388  -0.022003173828 -0.022369384766 
      0.23471655  -0.0083923339844 -0.0088500976562 
      0.23473923  0.0067138671875 0.0062255859375 
       0.2347619   0.020568847656  0.020233154297 
      0.23478458   0.030822753906  0.030578613281 
      0.23480726   0.035583496094  0.035552978516 
      0.23482993   0.034027099609    0.0341796875 
      0.23485261     0.0263671875  0.026702880859 
      0.23487528   0.014068603516  0.014495849609 
      0.23489796  -0.00079345703125 -0.00030517578125 
      0.23492063  -0.015472412109 -0.015045166016 
      0.23494331  -0.027435302734 -0.027099609375 
      0.23496599  -0.034484863281 -0.034332275391 
      0.23498866  -0.035400390625 -0.035461425781 
      0.23501134  -0.030029296875 -0.030242919922 
      0.23503401  -0.019287109375 -0.019653320312 
      0.23505669  -0.0051574707031 -0.0055541992188 
      0.23507937  0.0099182128906 0.0094909667969 
      0.23510204   0.023223876953  0.022857666016 
      0.23512472   0.032409667969  0.032196044922 
      0.23514739   0.035858154297  0.035766601562 
      0.23517007   0.032867431641  0.032989501953 
      0.23519274   0.024078369141  0.024322509766 
      0.23521542   0.010955810547  0.011322021484 
       0.2352381  -0.0040893554688 -0.0036926269531 
      0.23526077  -0.018432617188 -0.018035888672 
      0.23528345  -0.029479980469 -0.029174804688 
      0.23530612  -0.035308837891 -0.035125732422 
       0.2353288  -0.034820556641 -0.034820556641 
      0.23535147  -0.028137207031   -0.0283203125 
      0.23537415  -0.016479492188 -0.016754150391 
      0.23539683  -0.0018615722656 -0.002197265625 
       0.2354195   0.013092041016  0.012756347656 
      0.23544218   0.025695800781  0.025421142578 
      0.23546485   0.033752441406  0.033538818359 
      0.23548753   0.035827636719  0.035736083984 
       0.2355102   0.031463623047  0.031524658203 
      0.23553288   0.021575927734  0.021697998047 
      0.23555556  0.0077514648438 0.0079956054688 
      0.23557823  -0.0073852539062 -0.0071105957031 
      0.23560091  -0.021209716797  -0.02099609375 
      0.23562358  -0.031311035156 -0.031097412109 
      0.23564626  -0.035797119141 -0.035675048828 
      0.23566893  -0.033935546875 -0.033935546875 
      0.23569161  -0.026062011719 -0.026123046875 
      0.23571429  -0.013519287109 -0.013641357422 
      0.23573696  0.0014343261719 0.0012817382812 
      0.23575964    0.01611328125  0.015930175781 
      0.23578231   0.027923583984  0.027770996094 
      0.23580499   0.034759521484  0.034698486328 
      0.23582766   0.035461425781  0.035400390625 
      0.23585034   0.029815673828  0.029815673828 
      0.23587302   0.018859863281  0.018920898438 
      0.23589569  0.0045471191406  0.004638671875 
      0.23591837  -0.010559082031 -0.010498046875 
      0.23594104  -0.023803710938 -0.023742675781 
      0.23596372  -0.032806396484 -0.032775878906 
      0.23598639  -0.035980224609 -0.035980224609 
      0.23600907  -0.032745361328 -0.032745361328 
      0.23603175  -0.023681640625 -0.023712158203 
      0.23605442  -0.010437011719 -0.010437011719 
       0.2360771  0.0046997070312 0.0047302246094 
      0.23609977   0.018981933594   0.01904296875 
      0.23612245   0.029907226562  0.029937744141 
      0.23614512   0.035522460938  0.035552978516 
       0.2361678   0.034759521484  0.034820556641 
      0.23619048    0.02783203125  0.027862548828 
      0.23621315   0.015960693359  0.015991210938 
      0.23623583  0.0012512207031  0.001220703125 
       0.2362585     -0.013671875 -0.013763427734 
      0.23628118  -0.026184082031 -0.026306152344 
      0.23630385  -0.034027099609 -0.034149169922 
      0.23632653  -0.035827636719 -0.035919189453 
      0.23634921  -0.031219482422 -0.031311035156 
      0.23637188  -0.021087646484 -0.021118164062 
      0.23639456  -0.0072021484375 -0.0071411132812 
      0.23641723  0.0079956054688 0.0080871582031 
      0.23643991   0.021728515625  0.021881103516 
      0.23646259   0.031646728516  0.031799316406 
      0.23648526   0.035858154297  0.036071777344 
      0.23650794   0.033752441406  0.033874511719 
      0.23653061   0.025604248047  0.025665283203 
      0.23655329   0.012908935547  0.012908935547 
      0.23657596  -0.0021057128906 -0.0021667480469 
      0.23659864  -0.016723632812 -0.016845703125 
      0.23662132  -0.028350830078 -0.028564453125 
      0.23664399  -0.034942626953     -0.03515625 
      0.23666667  -0.035308837891 -0.035491943359 
      0.23668934  -0.029418945312 -0.029510498047 
      0.23671202  -0.018249511719 -0.018280029297 
      0.23673469  -0.0038452148438 -0.0038146972656 
      0.23675737   0.011260986328  0.011352539062 
      0.23678005   0.024322509766  0.024536132812 
      0.23680272   0.033081054688  0.033294677734 
       0.2368254   0.035919189453    0.0361328125 
      0.23684807   0.032409667969  0.032531738281 
      0.23687075   0.023071289062  0.023132324219 
      0.23689342  0.0096435546875 0.0096435546875 
       0.2369161  -0.0055236816406 -0.0055847167969 
      0.23693878  -0.019683837891 -0.019836425781 
      0.23696145  -0.030334472656 -0.030517578125 
      0.23698413  -0.035552978516 -0.035797119141 
       0.2370068  -0.034484863281  -0.03466796875 
      0.23702948  -0.027252197266 -0.027404785156 
      0.23705215  -0.015167236328 -0.015228271484 
      0.23707483  -0.0003662109375 -0.00033569335938 
      0.23709751   0.014526367188  0.014617919922 
      0.23712018   0.026794433594  0.026947021484 
      0.23714286   0.034301757812  0.034484863281 
      0.23716553   0.035705566406  0.035858154297 
      0.23718821    0.03076171875  0.030853271484 
      0.23721088   0.020294189453  0.020355224609 
      0.23723356  0.0062255859375 0.0062255859375 
      0.23725624  -0.0089416503906 -0.0090026855469 
      0.23727891  -0.022521972656 -0.022674560547 
      0.23730159  -0.032104492188 -0.032257080078 
      0.23732426  -0.035949707031 -0.036102294922 
      0.23734694  -0.033416748047 -0.033538818359 
      0.23736961  -0.024932861328 -0.024932861328 
      0.23739229  -0.011962890625 -0.011932373047 
      0.23741497  0.0031127929688 0.0032043457031 
      0.23743764   0.017669677734  0.017761230469 
      0.23746032   0.029052734375  0.029174804688 
      0.23748299   0.035308837891  0.035400390625 
      0.23750567   0.035247802734  0.035308837891 
      0.23752834   0.028900146484  0.028900146484 
      0.23755102   0.017395019531  0.017364501953 
       0.2375737  0.0028076171875 0.0027465820312 
      0.23759637  -0.012298583984 -0.012420654297 
      0.23761905  -0.025238037109 -0.025360107422 
      0.23764172  -0.033660888672 -0.033752441406 
       0.2376644  -0.036102294922 -0.036163330078 
      0.23768707  -0.032135009766 -0.032104492188 
      0.23770975  -0.022430419922 -0.022369384766 
      0.23773243  -0.0086975097656 -0.0086059570312 
       0.2377551  0.0065612792969 0.0066833496094 
      0.23777778   0.020690917969  0.020782470703 
      0.23780045   0.031097412109  0.031188964844 
      0.23782313   0.036010742188  0.036041259766 
       0.2378458   0.034484863281  0.034484863281 
      0.23786848   0.026885986328  0.026763916016 
      0.23789116   0.014434814453  0.014312744141 
      0.23791383  -0.0006103515625 -0.000732421875 
      0.23793651  -0.015502929688 -0.015655517578 
      0.23795918  -0.027679443359 -0.027770996094 
      0.23798186  -0.034912109375 -0.034942626953 
      0.23800454  -0.035949707031 -0.035888671875 
      0.23802721  -0.030548095703 -0.030517578125 
      0.23804989  -0.019775390625 -0.019622802734 
      0.23807256  -0.0054321289062 -0.0053100585938 
      0.23809524  0.0098571777344  0.010009765625 
      0.23811791   0.023376464844  0.023529052734 
      0.23814059   0.032806396484  0.032867431641 
      0.23816327   0.036346435547  0.036346435547 
      0.23818594   0.033477783203  0.033355712891 
      0.23820862   0.024597167969  0.024444580078 
      0.23823129   0.011383056641  0.011199951172 
      0.23825397  -0.0038757324219 -0.0040588378906 
      0.23827664  -0.018463134766 -0.018585205078 
      0.23829932  -0.029724121094 -0.029815673828 
        0.238322  -0.035705566406 -0.035705566406 
      0.23834467  -0.035339355469 -0.035247802734 
      0.23836735  -0.028686523438 -0.028564453125 
      0.23839002  -0.016937255859 -0.016723632812 
       0.2384127  -0.002197265625 -0.0019836425781 
      0.23843537   0.012969970703  0.013153076172 
      0.23845805   0.025817871094  0.025939941406 
      0.23848073   0.034057617188  0.034088134766 
       0.2385034   0.036254882812  0.036163330078 
      0.23852608   0.031982421875  0.031829833984 
      0.23854875   0.022064208984  0.021820068359 
      0.23857143  0.0081481933594 0.0079345703125 
       0.2385941  -0.0071411132812  -0.00732421875 
      0.23861678  -0.021179199219 -0.021301269531 
      0.23863946  -0.031433105469 -0.031494140625 
      0.23866213  -0.036102294922 -0.036071777344 
      0.23868481  -0.034301757812 -0.034210205078 
      0.23870748  -0.026458740234 -0.026275634766 
      0.23873016  -0.013854980469    -0.013671875 
      0.23875283  0.0011901855469 0.0013732910156 
      0.23877551   0.016021728516   0.01611328125 
      0.23879819   0.027954101562  0.028045654297 
      0.23882086   0.034942626953  0.034912109375 
      0.23884354   0.035705566406  0.035552978516 
      0.23886621   0.030090332031  0.029907226562 
      0.23888889   0.019104003906  0.018951416016 
      0.23891156  0.0047607421875 0.0045776367188 
      0.23893424  -0.010406494141 -0.010528564453 
      0.23895692  -0.023773193359 -0.023834228516 
      0.23897959  -0.032836914062 -0.032806396484 
      0.23900227  -0.036071777344 -0.035949707031 
      0.23902494  -0.032867431641  -0.03271484375 
      0.23904762  -0.023834228516 -0.023651123047 
      0.23907029  -0.010528564453 -0.010345458984 
      0.23909297  0.0046691894531 0.0047607421875 
      0.23911565   0.018951416016   0.01904296875 
      0.23913832   0.029907226562  0.029876708984 
        0.239161   0.035491943359  0.035369873047 
      0.23918367   0.034759521484  0.034606933594 
      0.23920635   0.027862548828  0.027648925781 
      0.23922902   0.015930175781  0.015777587891 
       0.2392517   0.001220703125 0.0010681152344 
      0.23927438  -0.013732910156 -0.013793945312 
      0.23929705  -0.026214599609 -0.026153564453 
      0.23931973  -0.034027099609 -0.033905029297 
       0.2393424  -0.035736083984 -0.035552978516 
      0.23936508  -0.031097412109 -0.030883789062 
      0.23938776  -0.020935058594 -0.020690917969 
      0.23941043  -0.0070190429688   -0.0068359375 
      0.23943311  0.0081481933594 0.0082397460938 
      0.23945578   0.021850585938  0.021850585938 
      0.23947846   0.031677246094  0.031555175781 
      0.23950113   0.035827636719  0.035583496094 
      0.23952381   0.033599853516  0.033355712891 
      0.23954649   0.025360107422  0.025085449219 
      0.23956916   0.012603759766  0.012390136719 
      0.23959184  -0.0024108886719 -0.0025329589844 
      0.23961451  -0.016998291016 -0.016967773438 
      0.23963719  -0.028533935547 -0.028411865234 
      0.23965986  -0.034973144531 -0.034790039062 
      0.23968254  -0.035217285156 -0.034942626953 
      0.23970522  -0.029144287109 -0.028839111328 
      0.23972789  -0.017883300781 -0.017639160156 
      0.23975057  -0.0034484863281 -0.0032653808594 
      0.23977324   0.011627197266  0.011688232422 
      0.23979592   0.024597167969  0.024566650391 
      0.23981859   0.033233642578  0.033020019531 
      0.23984127   0.035919189453  0.035614013672 
      0.23986395   0.032196044922  0.031860351562 
      0.23988662   0.022735595703  0.022399902344 
       0.2399093  0.0092163085938 0.0089416503906 
      0.23993197  -0.0059509277344 -0.0060729980469 
      0.23995465  -0.020050048828 -0.020080566406 
      0.23997732  -0.030578613281 -0.030426025391 
            0.24  -0.035675048828 -0.035400390625 
      0.24002268  -0.034393310547 -0.034027099609 
      0.24004535  -0.026977539062 -0.026641845703 
      0.24006803  -0.014831542969 -0.014434814453 
       0.2400907  6.103515625e-05 0.00030517578125 
      0.24011338   0.014892578125  0.015014648438 
      0.24013605   0.027069091797  0.027038574219 
      0.24015873   0.034393310547  0.034271240234 
      0.24018141    0.03564453125  0.035369873047 
      0.24020408   0.030548095703  0.030212402344 
      0.24022676   0.019989013672  0.019622802734 
      0.24024943      0.005859375 0.0055541992188 
      0.24027211   -0.00927734375 -0.009521484375 
      0.24029478  -0.022796630859 -0.022888183594 
      0.24031746    -0.0322265625 -0.032196044922 
      0.24034014  -0.035888671875 -0.035766601562 
      0.24036281     -0.033203125 -0.032958984375 
      0.24038549  -0.024597167969 -0.024261474609 
      0.24040816  -0.011657714844 -0.011291503906 
      0.24043084    0.00341796875 0.0037231445312 
      0.24045351   0.017852783203   0.01806640625 
      0.24047619   0.029083251953  0.029205322266 
      0.24049887       0.03515625  0.035125732422 
      0.24052154   0.034942626953  0.034820556641 
      0.24054422   0.028503417969    0.0283203125 
      0.24056689   0.016998291016  0.016723632812 
      0.24058957  0.0025024414062 0.0021667480469 
      0.24061224  -0.012451171875 -0.012786865234 
      0.24063492  -0.025146484375 -0.025421142578 
       0.2406576  -0.033386230469 -0.033538818359 
      0.24068027   -0.03564453125 -0.035675048828 
      0.24070295  -0.031555175781 -0.031494140625 
      0.24072562  -0.021850585938 -0.021697998047 
       0.2407483  -0.0082702636719 -0.0080261230469 
      0.24077098  0.0067749023438 0.0070495605469 
      0.24079365   0.020599365234  0.020904541016 
      0.24081633   0.030731201172  0.031005859375 
        0.240839   0.035369873047  0.035583496094 
      0.24086168    0.03369140625  0.033782958984 
      0.24088435   0.026031494141  0.026000976562 
      0.24090703   0.013702392578  0.013641357422 
      0.24092971  -0.0010070800781 -0.001220703125 
      0.24095238  -0.015563964844 -0.015808105469 
      0.24097506      -0.02734375 -0.027587890625 
      0.24099773    -0.0341796875 -0.034454345703 
      0.24102041  -0.034942626953     -0.03515625 
      0.24104308  -0.029449462891 -0.029602050781 
      0.24106576  -0.018707275391 -0.018798828125 
      0.24108844  -0.004638671875 -0.004638671875 
      0.24111111   0.010223388672  0.010345458984 
      0.24113379   0.023315429688  0.023468017578 
      0.24115646   0.032135009766  0.032379150391 
      0.24117914   0.035278320312  0.035522460938 
      0.24120181   0.032104492188  0.032348632812 
      0.24122449   0.023162841797  0.023406982422 
      0.24124717   0.010131835938  0.010284423828 
      0.24126984  -0.0047302246094 -0.004638671875 
      0.24129252  -0.018737792969 -0.018737792969 
      0.24131519  -0.029388427734 -0.029449462891 
      0.24133787  -0.034759521484 -0.034942626953 
      0.24136054  -0.033935546875   -0.0341796875 
      0.24138322  -0.027069091797     -0.02734375 
       0.2414059  -0.015380859375 -0.015594482422 
      0.24142857  -0.00088500976562 -0.0010986328125 
      0.24145125   0.013732910156  0.013580322266 
      0.24147392   0.025939941406  0.025817871094 
       0.2414966   0.033447265625  0.033477783203 
      0.24151927   0.035034179688  0.035125732422 
      0.24154195   0.030334472656  0.030487060547 
      0.24156463   0.020233154297  0.020416259766 
       0.2415873  0.0065002441406 0.0067443847656 
      0.24160998  -0.0083923339844 -0.0081481933594 
      0.24163265  -0.021789550781 -0.021575927734 
      0.24165533  -0.031280517578 -0.031127929688 
        0.241678  -0.035247802734     -0.03515625 
      0.24170068  -0.032867431641 -0.032867431641 
      0.24172336  -0.024627685547 -0.024719238281 
      0.24174603  -0.011993408203 -0.012145996094 
      0.24176871  0.0027770996094 0.0025329589844 
      0.24179138   0.017059326172  0.016815185547 
      0.24181406   0.028289794922  0.028076171875 
      0.24183673   0.034515380859  0.034301757812 
      0.24185941   0.034576416016  0.034454345703 
      0.24188209   0.028472900391  0.028411865234 
      0.24190476   0.017272949219  0.017303466797 
      0.24192744  0.0029907226562 0.0031127929688 
      0.24195011  -0.011810302734 -0.011627197266 
      0.24197279  -0.024536132812 -0.024291992188 
      0.24199546  -0.032897949219 -0.032653808594 
      0.24201814  -0.035369873047     -0.03515625 
      0.24204082  -0.031524658203 -0.031341552734 
      0.24206349  -0.022094726562 -0.022003173828 
      0.24208617  -0.0087280273438 -0.0086975097656 
      0.24210884  0.0061950683594 0.0061340332031 
      0.24213152    0.02001953125  0.019897460938 
       0.2421542     0.0302734375  0.030090332031 
      0.24217687   0.035186767578  0.034912109375 
      0.24219955   0.033782958984  0.033508300781 
      0.24222222   0.026336669922  0.026123046875 
       0.2422449   0.014251708984  0.014099121094 
      0.24226757  -0.00039672851562 -0.00045776367188 
      0.24229025  -0.014923095703 -0.014953613281 
      0.24231293  -0.026885986328 -0.026763916016 
       0.2423356  -0.033996582031 -0.033843994141 
      0.24235828  -0.035003662109 -0.034851074219 
      0.24238095  -0.029846191406 -0.029632568359 
      0.24240363  -0.019348144531 -0.019165039062 
       0.2424263  -0.0054016113281 -0.0052795410156 
      0.24244898  0.0094604492188 0.0095520019531 
      0.24247166   0.022644042969  0.022674560547 
      0.24249433   0.031799316406  0.031768798828 
      0.24251701   0.035278320312  0.035217285156 
      0.24253968   0.032470703125  0.032379150391 
      0.24256236   0.023864746094  0.023712158203 
      0.24258503   0.011016845703  0.010925292969 
      0.24260771  -0.0038146972656 -0.0038757324219 
      0.24263039  -0.017883300781 -0.017974853516 
      0.24265306   -0.02880859375 -0.028869628906 
      0.24267574  -0.034576416016 -0.034606933594 
      0.24269841  -0.034149169922   -0.0341796875 
      0.24272109  -0.027648925781 -0.027679443359 
      0.24274376  -0.016265869141 -0.016235351562 
      0.24276644  -0.0019226074219 -0.0018920898438 
      0.24278912     0.0126953125  0.012756347656 
      0.24281179   0.025085449219  0.025146484375 
      0.24283447   0.032989501953  0.033050537109 
      0.24285714   0.034942626953  0.035034179688 
      0.24287982   0.030700683594  0.030822753906 
      0.24290249   0.020935058594  0.021087646484 
      0.24292517  0.0075073242188 0.0076293945312 
      0.24294785  -0.0072631835938 -0.0071716308594 
      0.24297052  -0.020751953125 -0.020721435547 
       0.2429932  -0.030548095703 -0.030548095703 
      0.24301587  -0.034851074219 -0.034912109375 
      0.24303855  -0.032897949219 -0.033081054688 
      0.24306122  -0.025115966797 -0.025360107422 
       0.2430839  -0.012847900391 -0.013122558594 
      0.24310658   0.001708984375 0.0014953613281 
      0.24312925   0.015991210938  0.015777587891 
      0.24315193   0.027374267578  0.027221679688 
       0.2431746   0.033874511719  0.033843994141 
      0.24319728   0.034332275391  0.034423828125 
      0.24321995   0.028656005859  0.028839111328 
      0.24324263   0.017852783203  0.018127441406 
      0.24326531  0.0038757324219 0.0042114257812 
      0.24328798  -0.010833740234 -0.010467529297 
      0.24331066  -0.023529052734 -0.023254394531 
      0.24333333  -0.032073974609 -0.031860351562 
      0.24335601  -0.034851074219 -0.034820556641 
      0.24337868  -0.031463623047 -0.031524658203 
      0.24340136  -0.022430419922 -0.022613525391 
      0.24342404  -0.0093994140625 -0.0097045898438 
      0.24344671  0.0053100585938 0.0049438476562 
      0.24346939   0.019073486328  0.018707275391 
      0.24349206   0.029479980469  0.029113769531 
      0.24351474   0.034545898438  0.034332275391 
      0.24353741   0.033508300781  0.033386230469 
      0.24356009   0.026428222656  0.026489257812 
      0.24358277     0.0146484375  0.014862060547 
      0.24360544  0.00030517578125 0.0006103515625 
      0.24362812  -0.014129638672 -0.013763427734 
      0.24365079  -0.026062011719 -0.025634765625 
      0.24367347  -0.033325195312 -0.032958984375 
      0.24369615   -0.03466796875 -0.034393310547 
      0.24371882   -0.02978515625 -0.029663085938 
       0.2437415  -0.019622802734 -0.019653320312 
      0.24376417  -0.0059509277344 -0.0061340332031 
      0.24378685     0.0087890625 0.0085144042969 
      0.24380952    0.02197265625  0.021606445312 
       0.2438322   0.031188964844  0.030853271484 
      0.24385488   0.034881591797  0.034576416016 
      0.24387755   0.032348632812  0.032135009766 
      0.24390023   0.024047851562  0.023895263672 
       0.2439229   0.011505126953  0.011474609375 
      0.24394558  -0.0031433105469 -0.0030212402344 
      0.24396825  -0.017242431641 -0.017028808594 
      0.24399093  -0.028198242188 -0.027954101562 
      0.24401361  -0.034149169922 -0.033874511719 
      0.24403628  -0.033996582031 -0.033752441406 
      0.24405896   -0.02783203125 -0.027618408203 
      0.24408163  -0.016662597656 -0.016540527344 
      0.24410431  -0.0025634765625 -0.0025329589844 
      0.24412698   0.012023925781  0.011993408203 
      0.24414966   0.024444580078  0.024353027344 
      0.24417234   0.032501220703  0.032348632812 
      0.24419501   0.034790039062  0.034576416016 
      0.24421769   0.030822753906  0.030670166016 
      0.24424036   0.021423339844  0.021270751953 
      0.24426304  0.0081481933594  0.008056640625 
      0.24428571  -0.0065307617188 -0.006591796875 
      0.24430839   -0.02001953125 -0.020050048828 
      0.24433107  -0.029968261719 -0.029968261719 
      0.24435374  -0.034545898438 -0.034484863281 
      0.24437642  -0.032958984375 -0.032928466797 
      0.24439909  -0.025543212891 -0.025451660156 
      0.24442177  -0.013519287109 -0.013427734375 
      0.24444444  0.0008544921875 0.00094604492188 
      0.24446712    0.01513671875  0.015197753906 
       0.2444898   0.026672363281  0.026733398438 
      0.24451247   0.033447265625  0.033508300781 
      0.24453515   0.034271240234  0.034271240234 
      0.24455782   0.028961181641  0.028961181641 
       0.2445805   0.018524169922  0.018493652344 
      0.24460317  0.0047607421875 0.0047302246094 
      0.24462585  -0.0098571777344 -0.0098876953125 
      0.24464853  -0.022644042969 -0.022705078125 
       0.2446712  -0.031402587891 -0.031494140625 
      0.24469388  -0.034576416016 -0.034729003906 
      0.24471655  -0.031616210938 -0.031707763672 
      0.24473923  -0.022979736328 -0.023040771484 
       0.2447619   -0.01025390625 -0.010284423828 
      0.24478458  0.0042724609375 0.0043029785156 
      0.24480726   0.018035888672  0.018127441406 
      0.24482993   0.028594970703  0.028686523438 
      0.24485261   0.034027099609  0.034118652344 
      0.24487528   0.033416748047  0.033477783203 
      0.24489796   0.026824951172  0.026916503906 
      0.24492063   0.015441894531  0.015472412109 
      0.24494331  0.0013732910156 0.0013732910156 
      0.24496599  -0.012969970703 -0.013031005859 
      0.24498866  -0.024993896484 -0.025024414062 
      0.24501134  -0.032562255859 -0.032623291016 
      0.24503401  -0.034301757812 -0.034393310547 
      0.24505669  -0.029937744141 -0.029998779297 
      0.24507937  -0.020263671875 -0.020263671875 
      0.24510204  -0.0069580078125 -0.0069274902344 
      0.24512472   0.007568359375 0.0075988769531 
      0.24514739   0.020751953125  0.020812988281 
      0.24517007   0.030212402344    0.0302734375 
      0.24519274   0.034271240234  0.034301757812 
      0.24521542     0.0322265625  0.032257080078 
       0.2452381     0.0244140625    0.0244140625 
      0.24526077   0.012298583984  0.012237548828 
      0.24528345  -0.0020141601562 -0.0020751953125 
      0.24530612  -0.015960693359 -0.016052246094 
       0.2453288  -0.027038574219 -0.027099609375 
      0.24535147  -0.033264160156 -0.033325195312 
      0.24537415  -0.033569335938 -0.033630371094 
      0.24539683  -0.027923583984 -0.027893066406 
       0.2454195  -0.017272949219 -0.017181396484 
      0.24544218  -0.0035400390625 -0.0034484863281 
      0.24546485   0.010772705078  0.010955810547 
      0.24548753   0.023193359375  0.023315429688 
       0.2455102   0.031433105469  0.031555175781 
      0.24553288   0.034057617188  0.034118652344 
      0.24555556   0.030609130859  0.030609130859 
      0.24557823   0.021728515625  0.021636962891 
      0.24560091  0.0089416503906 0.0088500976562 
      0.24562358  -0.0054016113281 -0.0055847167969 
      0.24564626  -0.018768310547 -0.018981933594 
      0.24566893  -0.028747558594 -0.028961181641 
      0.24569161  -0.033630371094 -0.033782958984 
      0.24571429  -0.032501220703 -0.032562255859 
      0.24573696  -0.025512695312 -0.025512695312 
      0.24575964  -0.014007568359 -0.013946533203 
      0.24578231  -3.0517578125e-05 0.0001220703125 
      0.24580499   0.013977050781   0.01416015625 
      0.24582766   0.025451660156  0.025695800781 
      0.24585034   0.032348632812  0.032592773438 
      0.24587302   0.033508300781   0.03369140625 
      0.24589569   0.028656005859  0.028747558594 
      0.24591837   0.018707275391  0.018707275391 
      0.24594104  0.0054016113281 0.0053100585938 
      0.24596372  -0.0088500976562 -0.009033203125 
      0.24598639  -0.021514892578 -0.021759033203 
      0.24600907    -0.0302734375 -0.030578613281 
      0.24603175  -0.033721923828 -0.033935546875 
      0.24605442  -0.031066894531 -0.031219482422 
       0.2460771  -0.022857666016  -0.02294921875 
      0.24609977  -0.010589599609 -0.010589599609 
      0.24612245  0.0035705566406 0.0036926269531 
      0.24614512    0.01708984375  0.017303466797 
       0.2461678   0.027526855469  0.027801513672 
      0.24619048   0.033081054688  0.033355712891 
      0.24621315    0.03271484375  0.032958984375 
      0.24623583   0.026489257812  0.026641845703 
       0.2462585   0.015502929688  0.015594482422 
      0.24628118  0.0017700195312 0.0017700195312 
      0.24630385  -0.012237548828 -0.012390136719 
      0.24632653  -0.024108886719 -0.024322509766 
      0.24634921  -0.031707763672 -0.031890869141 
      0.24637188  -0.033538818359 -0.033813476562 
      0.24639456  -0.029479980469 -0.029632568359 
      0.24641723  -0.020080566406 -0.020233154297 
      0.24643991  -0.0071411132812 -0.0071716308594 
      0.24646259   0.007080078125 0.0071411132812 
      0.24648526   0.020080566406  0.020202636719 
      0.24650794   0.029479980469  0.029632568359 
      0.24653061   0.033599853516  0.033782958984 
      0.24655329   0.031707763672  0.031890869141 
      0.24657596   0.024169921875  0.024353027344 
      0.24659864   0.012359619141  0.012390136719 
      0.24662132  -0.0017395019531 -0.001708984375 
      0.24664399  -0.015502929688 -0.015533447266 
      0.24666667  -0.026428222656 -0.026611328125 
      0.24668934   -0.03271484375 -0.032897949219 
      0.24671202  -0.033142089844 -0.033355712891 
      0.24673469  -0.027648925781  -0.02783203125 
      0.24675737  -0.017242431641 -0.017333984375 
      0.24678005  -0.0037231445312 -0.0037841796875 
      0.24680272   0.010437011719  0.010467529297 
       0.2468254   0.022735595703  0.022827148438 
      0.24684807   0.030975341797  0.031158447266 
      0.24687075    0.03369140625  0.033874511719 
      0.24689342   0.030426025391  0.030609130859 
       0.2469161   0.021697998047  0.021850585938 
      0.24693878  0.0091247558594 0.0091857910156 
      0.24696145  -0.0050964355469 -0.0050659179688 
      0.24698413  -0.018371582031 -0.018432617188 
       0.2470068  -0.028350830078 -0.028533935547 
      0.24702948  -0.033325195312 -0.033538818359 
      0.24705215  -0.032318115234 -0.032501220703 
      0.24707483  -0.025573730469 -0.025756835938 
      0.24709751  -0.014221191406 -0.014373779297 
      0.24712018  -0.0003662109375 -0.00045776367188 
      0.24714286   0.013519287109  0.013549804688 
      0.24716553   0.024993896484  0.025146484375 
      0.24718821   0.032012939453    0.0322265625 
      0.24721088   0.033325195312  0.033569335938 
      0.24723356   0.028686523438  0.028961181641 
      0.24725624   0.018920898438  0.019165039062 
      0.24727891  0.0057678222656 0.0059814453125 
      0.24730159  -0.0083923339844  -0.00830078125 
      0.24732426   -0.02099609375 -0.021057128906 
      0.24734694  -0.029876708984 -0.030059814453 
      0.24736961  -0.033447265625 -0.033660888672 
      0.24739229  -0.031005859375 -0.031311035156 
      0.24741497  -0.023040771484 -0.023376464844 
      0.24743764  -0.010955810547 -0.011260986328 
      0.24746032  0.0030517578125 0.0028381347656 
      0.24748299   0.016510009766  0.016418457031 
      0.24750567   0.027008056641  0.027069091797 
      0.24752834   0.032684326172  0.032867431641 
      0.24755102   0.032501220703  0.032806396484 
       0.2475737   0.026519775391  0.026947021484 
      0.24759637   0.015808105469  0.016204833984 
      0.24761905  0.0022888183594 0.0026550292969 
      0.24764172  -0.011627197266 -0.011352539062 
       0.2476644  -0.023468017578 -0.023345947266 
      0.24768707  -0.031066894531 -0.031158447266 
      0.24770975  -0.033172607422 -0.033416748047 
      0.24773243  -0.029327392578 -0.029693603516 
       0.2477551  -0.020202636719 -0.020660400391 
      0.24777778  -0.0075378417969 -0.0079956054688 
      0.24780045  0.0065002441406 0.0060729980469 
      0.24782313   0.019348144531   0.01904296875 
       0.2478458   0.028747558594  0.028625488281 
      0.24786848   0.033020019531  0.033081054688 
      0.24789116   0.031372070312  0.031585693359 
      0.24791383   0.024108886719  0.024505615234 
      0.24793651   0.012512207031  0.013061523438 
      0.24795918  -0.0012817382812 -0.00070190429688 
      0.24798186  -0.014801025391 -0.014343261719 
      0.24800454  -0.025726318359    -0.025390625 
      0.24802721  -0.032043457031 -0.031860351562 
      0.24804989  -0.032623291016 -0.032684326172 
      0.24807256  -0.027374267578 -0.027618408203 
      0.24809524  -0.017242431641 -0.017669677734 
      0.24811791  -0.0040283203125 -0.0045776367188 
      0.24814059  0.0098876953125 0.0093383789062 
      0.24816327   0.022064208984  0.021575927734 
      0.24818594     0.0302734375  0.029876708984 
      0.24820862   0.033081054688  0.032897949219 
      0.24823129   0.029968261719  0.029998779297 
      0.24825397   0.021545410156  0.021789550781 
      0.24827664  0.0092468261719 0.0096435546875 
      0.24829932  -0.0046997070312 -0.0041809082031 
        0.248322  -0.017761230469 -0.017211914062 
      0.24834467  -0.027709960938 -0.027191162109 
      0.24836735  -0.032684326172 -0.032287597656 
      0.24839002  -0.031799316406 -0.031585693359 
       0.2484127  -0.025268554688 -0.025299072266 
      0.24843537  -0.014221191406 -0.014434814453 
      0.24845805  -0.00064086914062 -0.0010070800781 
      0.24848073   0.013031005859  0.012542724609 
       0.2485034   0.024383544922  0.023895263672 
      0.24852608   0.031372070312  0.030944824219 
      0.24854875    0.03271484375  0.032440185547 
      0.24857143     0.0283203125  0.028137207031 
       0.2485941   0.018768310547  0.018829345703 
      0.24861678  0.0059509277344 0.0061645507812 
      0.24863946  -0.0079650878906 -0.0075988769531 
      0.24866213  -0.020446777344 -0.019989013672 
      0.24868481  -0.029235839844 -0.028778076172 
      0.24870748  -0.032836914062 -0.032440185547 
      0.24873016  -0.030578613281   -0.0302734375 
      0.24875283  -0.022857666016 -0.022705078125 
      0.24877551  -0.011077880859 -0.011108398438 
      0.24879819   0.002685546875 0.0024719238281 
      0.24882086   0.015960693359  0.015655517578 
      0.24884354   0.026336669922  0.025970458984 
      0.24886621   0.032012939453  0.031646728516 
      0.24888889   0.032012939453  0.031646728516 
      0.24891156   0.026245117188  0.026031494141 
      0.24893424   0.015838623047  0.015686035156 
      0.24895692  0.0025634765625 0.0026245117188 
      0.24897959  -0.011108398438 -0.010925292969 
      0.24900227  -0.022796630859 -0.022521972656 
      0.24902494  -0.030395507812 -0.030059814453 
      0.24904762  -0.032592773438 -0.032257080078 
      0.24907029  -0.028930664062 -0.028686523438 
      0.24909297  -0.020141601562 -0.019958496094 
      0.24911565  -0.0077514648438 -0.0076599121094 
      0.24913832  0.0060424804688 0.0059509277344 
        0.249161   0.018707275391  0.018524169922 
      0.24918367   0.028015136719  0.027770996094 
      0.24920635   0.032348632812  0.032012939453 
      0.24922902   0.030883789062  0.030578613281 
       0.2492517    0.02392578125  0.023651123047 
      0.24927438   0.012664794922  0.012481689453 
      0.24929705  -0.00082397460938 -0.00091552734375 
      0.24931973   -0.01416015625 -0.014099121094 
       0.2493424  -0.024932861328 -0.024810791016 
      0.24936508  -0.031280517578 -0.031036376953 
      0.24938776  -0.032012939453  -0.03173828125 
      0.24941043  -0.027038574219 -0.026763916016 
      0.24943311  -0.017242431641 -0.016998291016 
      0.24945578  -0.0043640136719 -0.0042114257812 
      0.24947846  0.0092468261719 0.0093383789062 
      0.24950113   0.021240234375  0.021179199219 
      0.24952381   0.029418945312  0.029235839844 
      0.24954649   0.032379150391  0.032073974609 
      0.24956916   0.029479980469  0.029174804688 
      0.24959184   0.021362304688  0.021057128906 
      0.24961451  0.0094604492188 0.0091857910156 
      0.24963719  -0.0041809082031 -0.0043334960938 
      0.24965986  -0.016998291016 -0.017059326172 
      0.24968254  -0.026824951172 -0.026733398438 
      0.24970522  -0.031829833984 -0.031616210938 
      0.24972789  -0.031188964844 -0.030853271484 
      0.24975057  -0.024932861328 -0.024566650391 
      0.24977324  -0.014282226562 -0.013916015625 
      0.24979592  -0.0010375976562 -0.000732421875 
      0.24981859   0.012359619141  0.012542724609 
      0.24984127   0.023529052734  0.023559570312 
      0.24986395   0.030517578125  0.030364990234 
      0.24988662   0.032043457031  0.031768798828 
       0.2499093    0.02783203125  0.027435302734 
      0.24993197   0.018707275391  0.018218994141 
      0.24995465  0.0061950683594 0.0057678222656 
      0.24997732  -0.0073547363281 -0.0077209472656 
            0.25  -0.019622802734 -0.019805908203 
      0.25002268  -0.028381347656 -0.028411865234 
      0.25004535  -0.032043457031 -0.031890869141 
      0.25006803  -0.029998779297 -0.029632568359 
       0.2500907  -0.022613525391 -0.022155761719 
      0.25011338  -0.011199951172 -0.010620117188 
      0.25013605   0.002197265625 0.0027160644531 
      0.25015873   0.015197753906  0.015594482422 
      0.25018141   0.025512695312  0.025695800781 
      0.25020408   0.031188964844  0.031158447266 
      0.25022676   0.031341552734  0.031097412109 
      0.25024943    0.02587890625  0.025421142578 
      0.25027211   0.015838623047  0.015228271484 
      0.25029478  0.0029602050781 0.0023498535156 
      0.25031746  -0.010437011719 -0.010955810547 
      0.25034014   -0.02197265625 -0.022338867188 
      0.25036281  -0.029510498047 -0.029693603516 
      0.25038549  -0.031860351562  -0.03173828125 
      0.25040816  -0.028472900391 -0.028137207031 
      0.25043084   -0.02001953125 -0.019470214844 
      0.25045351  -0.0079956054688 -0.0073547363281 
      0.25047619  0.0054626464844 0.0060424804688 
      0.25049887   0.017913818359  0.018432617188 
      0.25052154   0.027130126953  0.027465820312 
      0.25054422   0.031524658203  0.031585693359 
      0.25056689     0.0302734375  0.030090332031 
      0.25058957   0.023620605469  0.023193359375 
      0.25061224   0.012786865234  0.012176513672 
      0.25063492  -0.0003662109375 -0.0010070800781 
       0.2506576  -0.013427734375 -0.014007568359 
      0.25068027  -0.024078369141 -0.024536132812 
      0.25070295  -0.030395507812 -0.030639648438 
      0.25072562  -0.031280517578        -0.03125 
       0.2507483  -0.026611328125 -0.026306152344 
      0.25077098  -0.017181396484 -0.016632080078 
      0.25079365  -0.0046691894531 -0.0040283203125 
      0.25081633  0.0086669921875 0.0093078613281 
        0.250839   0.020446777344  0.020965576172 
      0.25086168   0.028533935547  0.028869628906 
      0.25088435   0.031555175781  0.031646728516 
      0.25090703   0.028930664062  0.028717041016 
      0.25092971   0.021148681641  0.020721435547 
      0.25095238  0.0095825195312 0.0089721679688 
      0.25097506  -0.0036926269531 -0.0043640136719 
      0.25099773  -0.016235351562 -0.016876220703 
      0.25102041  -0.025939941406   -0.0263671875 
      0.25104308  -0.030975341797 -0.031219482422 
      0.25106576  -0.030456542969 -0.030426025391 
      0.25108844  -0.024536132812 -0.024200439453 
      0.25111111  -0.014190673828 -0.013702392578 
      0.25113379  -0.0013732910156 -0.000732421875 
      0.25115646       0.01171875  0.012359619141 
      0.25117914   0.022705078125  0.023223876953 
      0.25120181   0.029602050781  0.029937744141 
      0.25122449          0.03125  0.031311035156 
      0.25124717   0.027252197266  0.027099609375 
      0.25126984   0.018432617188   0.01806640625 
      0.25129252    0.00634765625 0.0057678222656 
      0.25131519  -0.0068969726562 -0.0075073242188 
      0.25133787  -0.018890380859 -0.019470214844 
      0.25136054  -0.027526855469 -0.027923583984 
      0.25138322  -0.031188964844 -0.031433105469 
       0.2514059     -0.029296875 -0.029266357422 
      0.25142857  -0.022186279297 -0.021942138672 
      0.25145125  -0.011108398438 -0.010681152344 
      0.25147392  0.0018920898438 0.0025024414062 
       0.2514966   0.014617919922  0.015197753906 
      0.25151927   0.024658203125  0.025177001953 
      0.25154195   0.030303955078  0.030670166016 
      0.25156463   0.030548095703  0.030670166016 
       0.2515873   0.025329589844  0.025207519531 
      0.25160998   0.015563964844  0.015258789062 
      0.25163265  0.0030822753906 0.0026245117188 
      0.25165533  -0.010009765625 -0.010498046875 
        0.251678  -0.021209716797 -0.021728515625 
      0.25170068  -0.028656005859 -0.029113769531 
      0.25172336  -0.031005859375        -0.03125 
      0.25174603  -0.027770996094  -0.02783203125 
      0.25176871  -0.019561767578 -0.019439697266 
      0.25179138  -0.0079345703125 -0.0076293945312 
      0.25181406  0.0051574707031 0.0055847167969 
      0.25183673   0.017272949219  0.017791748047 
      0.25185941   0.026306152344  0.026763916016 
      0.25188209   0.030639648438  0.030975341797 
      0.25190476   0.029479980469  0.029693603516 
      0.25192744   0.023010253906  0.023101806641 
      0.25195011   0.012481689453  0.012390136719 
      0.25197279  -0.000244140625 -0.00051879882812 
      0.25199546  -0.012969970703 -0.013275146484 
      0.25201814  -0.023315429688 -0.023712158203 
      0.25204082  -0.029510498047 -0.029907226562 
      0.25206349  -0.030426025391 -0.030731201172 
      0.25208617   -0.02587890625 -0.026092529297 
      0.25210884  -0.016723632812 -0.016815185547 
      0.25213152  -0.0046081542969 -0.0045166015625 
       0.2521542  0.0083618164062 0.0085144042969 
      0.25217687   0.019744873047  0.020050048828 
      0.25219955   0.027648925781  0.028015136719 
      0.25222222   0.030578613281  0.030914306641 
       0.2522449   0.028045654297    0.0283203125 
      0.25226757     0.0205078125  0.020721435547 
      0.25229025  0.0093078613281 0.0093994140625 
      0.25231293  -0.0035705566406 -0.0035705566406 
       0.2523356  -0.015777587891 -0.015930175781 
      0.25235828  -0.025146484375    -0.025390625 
      0.25238095  -0.030059814453 -0.030303955078 
      0.25240363  -0.029541015625  -0.02978515625 
       0.2524263  -0.023773193359 -0.024017333984 
      0.25244898  -0.013763427734 -0.013916015625 
      0.25247166  -0.0012817382812 -0.0013732910156 
      0.25249433   0.011383056641  0.011413574219 
      0.25251701   0.022064208984  0.022155761719 
      0.25253968   0.028747558594  0.028900146484 
      0.25256236     0.0302734375  0.030487060547 
      0.25258503   0.026397705078  0.026672363281 
      0.25260771   0.017822265625   0.01806640625 
      0.25263039   0.006103515625 0.0062255859375 
      0.25265306  -0.0067443847656 -0.0066833496094 
      0.25267574  -0.018371582031 -0.018402099609 
      0.25269841  -0.026702880859 -0.026794433594 
      0.25272109    -0.0302734375 -0.030456542969 
      0.25274376  -0.028381347656 -0.028625488281 
      0.25276644     -0.021484375 -0.021697998047 
      0.25278912    -0.0107421875 -0.010894775391 
      0.25281179      0.001953125 0.0018005371094 
      0.25283447   0.014251708984  0.014221191406 
      0.25285714   0.023986816406  0.024078369141 
      0.25287982   0.029449462891  0.029602050781 
      0.25290249   0.029663085938  0.029846191406 
      0.25292517   0.024566650391  0.024780273438 
      0.25294785   0.015045166016  0.015258789062 
      0.25297052  0.0028991699219 0.0030517578125 
       0.2529932  -0.0097961425781 -0.0097351074219 
      0.25301587  -0.020660400391 -0.020751953125 
      0.25303855  -0.027893066406 -0.028045654297 
      0.25306122  -0.030151367188 -0.030334472656 
       0.2530839  -0.026977539062 -0.027221679688 
      0.25310658  -0.018981933594 -0.019226074219 
      0.25312925  -0.0076599121094 -0.0078430175781 
      0.25315193  0.0050354003906 0.0049743652344 
       0.2531746   0.016845703125  0.016876220703 
      0.25319728   0.025634765625  0.025726318359 
      0.25321995   0.029815673828  0.029998779297 
      0.25324263   0.028686523438  0.028930664062 
      0.25326531   0.022430419922  0.022705078125 
      0.25328798   0.012176513672  0.012420654297 
      0.25331066  -0.00021362304688 -9.1552734375e-05 
      0.25333333  -0.012573242188 -0.012573242188 
      0.25335601  -0.022674560547 -0.022766113281 
      0.25337868  -0.028747558594 -0.028930664062 
      0.25340136  -0.029632568359 -0.029937744141 
      0.25342404  -0.025238037109 -0.025604248047 
      0.25344671  -0.016357421875 -0.016632080078 
      0.25346939  -0.0045776367188 -0.0047912597656 
      0.25349206   0.008056640625 0.0079345703125 
      0.25351474   0.019226074219  0.019256591797 
      0.25353741   0.026916503906  0.027099609375 
      0.25356009   0.029815673828  0.030151367188 
      0.25358277   0.027435302734  0.027801513672 
      0.25360544   0.020111083984  0.020477294922 
      0.25362812  0.0092163085938  0.009521484375 
      0.25365079  -0.0033264160156 -0.0031127929688 
      0.25367347  -0.015289306641 -0.015197753906 
      0.25369615  -0.024475097656 -0.024536132812 
      0.25371882  -0.029266357422 -0.029510498047 
       0.2537415  -0.028900146484 -0.029174804688 
      0.25376417  -0.023315429688 -0.023712158203 
      0.25378685  -0.013610839844 -0.014007568359 
      0.25380952   -0.00146484375 -0.0017700195312 
       0.2538322   0.010925292969  0.010711669922 
      0.25385488   0.021392822266  0.021301269531 
      0.25387755   0.028015136719  0.028076171875 
      0.25390023   0.029632568359  0.029815673828 
       0.2539229   0.025939941406  0.026306152344 
      0.25394558   0.017669677734  0.018035888672 
      0.25396825  0.0062255859375  0.006591796875 
      0.25399093  -0.0063171386719 -0.0060119628906 
      0.25401361  -0.017761230469 -0.017517089844 
      0.25403628  -0.025970458984 -0.025909423828 
      0.25405896  -0.029602050781 -0.029693603516 
      0.25408163  -0.027893066406 -0.028137207031 
      0.25410431  -0.021240234375 -0.021575927734 
      0.25412698  -0.010833740234 -0.011169433594 
      0.25414966  0.0015869140625 0.0011901855469 
      0.25417234   0.013641357422  0.013305664062 
      0.25419501   0.023315429688  0.023071289062 
      0.25421769   0.028778076172  0.028717041016 
      0.25424036   0.029144287109  0.029205322266 
      0.25426304   0.024322509766  0.024505615234 
      0.25428571    0.01513671875  0.015441894531 
      0.25430839  0.0032958984375 0.0036315917969 
      0.25433107  -0.0091857910156 -0.0088195800781 
      0.25435374  -0.019958496094 -0.019683837891 
      0.25437642  -0.027221679688 -0.026977539062 
      0.25439909  -0.029602050781 -0.029479980469 
      0.25442177  -0.026702880859 -0.026733398438 
      0.25444444   -0.01904296875 -0.019195556641 
      0.25446712  -0.0080261230469 -0.0082702636719 
       0.2544898  0.0044555664062 0.0041198730469 
      0.25451247   0.016082763672  0.015777587891 
      0.25453515    0.02490234375  0.024597167969 
      0.25455782   0.029205322266  0.028961181641 
       0.2545805   0.028350830078  0.028198242188 
      0.25460317   0.022430419922    0.0224609375 
      0.25462585   0.012542724609  0.012634277344 
      0.25464853  0.00042724609375 0.00064086914062 
       0.2546712  -0.011749267578 -0.011474609375 
      0.25469388  -0.021850585938 -0.021514892578 
      0.25471655  -0.028045654297 -0.027740478516 
      0.25473923  -0.029205322266 -0.028961181641 
       0.2547619  -0.025146484375 -0.025054931641 
      0.25478458  -0.016662597656 -0.016632080078 
      0.25480726  -0.0052185058594 -0.0053100585938 
      0.25482993  0.0071716308594 0.0069580078125 
      0.25485261   0.018218994141  0.017944335938 
      0.25487528   0.026031494141  0.025726318359 
      0.25489796   0.029205322266  0.028961181641 
      0.25492063   0.027130126953  0.026947021484 
      0.25494331   0.020294189453  0.020172119141 
      0.25496599  0.0098266601562     0.009765625 
      0.25498866  -0.0023803710938 -0.0023193359375 
      0.25501134   -0.01416015625 -0.013977050781 
      0.25503401  -0.023376464844 -0.023132324219 
      0.25505669  -0.028381347656 -0.028137207031 
      0.25507937  -0.028381347656 -0.028106689453 
      0.25510204  -0.023254394531 -0.023101806641 
      0.25512472  -0.014038085938 -0.013977050781 
      0.25514739  -0.0023193359375 -0.0023498535156 
      0.25517007      0.009765625 0.0096740722656 
      0.25519274   0.020080566406  0.019927978516 
      0.25521542   0.026824951172  0.026580810547 
       0.2552381   0.028747558594  0.028564453125 
      0.25526077   0.025573730469  0.025360107422 
      0.25528345   0.017822265625  0.017669677734 
      0.25530612  0.0068969726562    0.0068359375 
       0.2553288  -0.0051879882812 -0.0052185058594 
      0.25535147  -0.016387939453 -0.016265869141 
      0.25537415  -0.024566650391 -0.024444580078 
      0.25539683  -0.028411865234 -0.028228759766 
       0.2554195  -0.027130126953 -0.026977539062 
      0.25544218   -0.02099609375 -0.020874023438 
      0.25546485  -0.011169433594 -0.011077880859 
      0.25548753  0.0006103515625 0.00070190429688 
       0.2555102   0.012329101562  0.012268066406 
      0.25553288   0.021759033203  0.021728515625 
      0.25555556   0.027313232422  0.027221679688 
      0.25557823   0.027984619141   0.02783203125 
      0.25560091   0.023590087891  0.023529052734 
      0.25562358   0.015045166016  0.014984130859 
      0.25564626  0.0038757324219 0.0037841796875 
      0.25566893  -0.008056640625 -0.0080261230469 
      0.25569161  -0.018463134766 -0.018463134766 
      0.25571429  -0.025573730469 -0.025573730469 
      0.25573696  -0.028076171875 -0.028076171875 
      0.25575964  -0.025573730469 -0.025573730469 
      0.25578231  -0.018493652344 -0.018493652344 
      0.25580499  -0.0081176757812 -0.0081481933594 
      0.25582766   0.003662109375  0.003662109375 
      0.25585034   0.014770507812  0.014801025391 
      0.25587302   0.023254394531  0.023284912109 
      0.25589569   0.027557373047  0.027587890625 
      0.25591837   0.026885986328  0.026947021484 
      0.25594104   0.021453857422  0.021514892578 
      0.25596372   0.012176513672  0.012237548828 
      0.25598639  0.00076293945312 0.00079345703125 
      0.25600907  -0.010803222656 -0.010772705078 
      0.25603175  -0.020446777344 -0.020446777344 
      0.25605442    -0.0263671875 -0.026397705078 
       0.2560771  -0.027587890625 -0.027709960938 
      0.25609977  -0.023864746094 -0.024017333984 
      0.25612245  -0.015899658203 -0.016052246094 
      0.25614512  -0.0050659179688 -0.0052185058594 
       0.2561678  0.0066528320312 0.0065307617188 
      0.25619048   0.017120361328  0.017120361328 
      0.25621315   0.024566650391  0.024597167969 
      0.25623583   0.027618408203  0.027709960938 
       0.2562585   0.025726318359   0.02587890625 
      0.25628118   0.019195556641  0.019439697266 
      0.25630385    0.00927734375 0.0095520019531 
      0.25632653  -0.0022888183594 -0.0020751953125 
      0.25634921  -0.013458251953 -0.013305664062 
      0.25637188  -0.022186279297 -0.022155761719 
      0.25639456  -0.026977539062 -0.027038574219 
      0.25641723  -0.026916503906 -0.027099609375 
      0.25643991  -0.022064208984 -0.022338867188 
      0.25646259  -0.013275146484 -0.013580322266 
      0.25648526  -0.0021362304688 -0.0024108886719 
      0.25650794  0.0093994140625 0.0091857910156 
      0.25653061   0.019256591797  0.019104003906 
      0.25655329   0.025634765625  0.025634765625 
      0.25657596   0.027496337891  0.027557373047 
      0.25659864     0.0244140625  0.024597167969 
      0.25662132   0.016937255859  0.017272949219 
      0.25664399  0.0065002441406    0.0068359375 
      0.25666667  -0.0050964355469 -0.0047912597656 
      0.25668934  -0.015777587891 -0.015533447266 
      0.25671202  -0.023681640625 -0.023529052734 
      0.25673469  -0.027313232422 -0.027282714844 
      0.25675737  -0.026092529297 -0.026184082031 
      0.25678005  -0.020202636719 -0.020416259766 
      0.25680272    -0.0107421875 -0.011077880859 
       0.2568254  0.00067138671875 0.00030517578125 
      0.25684807   0.011901855469  0.011535644531 
      0.25687075   0.021026611328  0.020751953125 
      0.25689342   0.026397705078  0.026245117188 
       0.2569161   0.027038574219  0.027038574219 
      0.25693878   0.022888183594  0.023040771484 
      0.25696145   0.014678955078  0.014953613281 
      0.25698413  0.0038146972656 0.0041809082031 
       0.2570068  -0.0076904296875  -0.00732421875 
      0.25702948  -0.017761230469 -0.017486572266 
      0.25705215  -0.024749755859 -0.024505615234 
      0.25707483  -0.027252197266 -0.027160644531 
      0.25709751  -0.024932861328 -0.024932861328 
      0.25712018  -0.018188476562 -0.018310546875 
      0.25714286  -0.0081787109375 -0.0084533691406 
      0.25716553  0.0032653808594    0.0029296875 
      0.25718821   0.014099121094  0.013732910156 
      0.25721088   0.022430419922  0.022094726562 
      0.25723356   0.026702880859  0.026458740234 
      0.25725624   0.026275634766  0.026153564453 
      0.25727891   0.021179199219  0.021148681641 
      0.25730159   0.012268066406  0.012390136719 
      0.25732426  0.0012512207031   0.00146484375 
      0.25734694  -0.010040283203 -0.0097351074219 
      0.25736961  -0.019470214844 -0.019165039062 
      0.25739229  -0.025451660156 -0.025115966797 
      0.25741497   -0.02685546875 -0.026641845703 
      0.25743764  -0.023498535156 -0.023376464844 
      0.25746032  -0.015960693359 -0.015930175781 
      0.25748299  -0.0055847167969 -0.0056762695312 
      0.25750567  0.0057678222656 0.0055236816406 
      0.25752834   0.016082763672  0.015777587891 
      0.25755102   0.023498535156  0.023162841797 
       0.2575737   0.026733398438  0.026428222656 
      0.25759637   0.025207519531  0.024963378906 
      0.25761905   0.019195556641   0.01904296875 
      0.25764172      0.009765625 0.0097351074219 
       0.2576644  -0.0013427734375 -0.0012817382812 
      0.25768707  -0.012237548828 -0.012054443359 
      0.25770975  -0.020904541016 -0.020660400391 
      0.25773243  -0.025848388672 -0.025543212891 
       0.2577551  -0.026184082031 -0.025848388672 
      0.25777778  -0.021850585938 -0.021575927734 
      0.25780045  -0.013641357422 -0.013427734375 
      0.25782313  -0.0030212402344 -0.0028991699219 
       0.2578458  0.0081176757812 0.0080871582031 
      0.25786848   0.017791748047  0.017639160156 
      0.25789116   0.024261474609  0.024017333984 
      0.25791383   0.026428222656  0.026092529297 
      0.25793651   0.023864746094  0.023529052734 
      0.25795918   0.017059326172  0.016723632812 
      0.25798186  0.0072631835938 0.0069580078125 
      0.25800454  -0.0038452148438 -0.0039978027344 
      0.25802721  -0.014221191406 -0.014251708984 
      0.25804989  -0.022064208984 -0.021942138672 
      0.25807256  -0.025939941406 -0.025695800781 
      0.25809524  -0.025207519531 -0.024871826172 
      0.25811791  -0.019958496094 -0.019592285156 
      0.25814059  -0.011169433594 -0.010833740234 
      0.25816327  -0.00045776367188 -0.00015258789062 
      0.25818594   0.010345458984  0.010559082031 
      0.25820862   0.019256591797  0.019348144531 
      0.25823129   0.024719238281  0.024688720703 
      0.25825397   0.025787353516  0.025573730469 
      0.25827664   0.022247314453  0.021942138672 
      0.25829932   0.014801025391  0.014373779297 
        0.258322  0.0046691894531 0.0042724609375 
      0.25834467  -0.0062561035156 -0.006591796875 
      0.25836735  -0.016021728516 -0.016265869141 
      0.25839002  -0.022918701172 -0.023010253906 
       0.2584127  -0.025695800781 -0.025665283203 
      0.25843537  -0.023895263672 -0.023742675781 
      0.25845805  -0.017852783203 -0.017547607422 
      0.25848073  -0.0086364746094 -0.0082397460938 
       0.2585034  0.0021057128906 0.0025024414062 
      0.25852608   0.012420654297  0.012786865234 
      0.25854875     0.0205078125  0.020812988281 
      0.25857143    0.02490234375  0.025085449219 
       0.2585941   0.024871826172  0.024932861328 
      0.25861678   0.020416259766  0.020294189453 
      0.25863946   0.012298583984  0.012023925781 
      0.25866213  0.0020141601562 0.0016784667969 
      0.25868481  -0.0086059570312 -0.0089721679688 
      0.25870748  -0.017669677734 -0.018005371094 
      0.25873016  -0.023498535156 -0.023864746094 
      0.25875283  -0.025207519531    -0.025390625 
      0.25877551  -0.022338867188   -0.0224609375 
      0.25879819  -0.015502929688 -0.015502929688 
      0.25882086  -0.0059509277344 -0.0057983398438 
      0.25884354  0.0046691894531 0.0049133300781 
      0.25886621   0.014434814453  0.014801025391 
      0.25888889   0.021575927734   0.02197265625 
      0.25891156   0.024871826172  0.025207519531 
      0.25893424   0.023712158203  0.024017333984 
      0.25895692   0.018341064453  0.018524169922 
      0.25897959  0.0096740722656 0.0097351074219 
      0.25900227  -0.00067138671875 -0.00076293945312 
      0.25902494  -0.010925292969 -0.011138916016 
      0.25904762  -0.019195556641 -0.019500732422 
      0.25907029  -0.024017333984 -0.024383544922 
      0.25909297  -0.024505615234  -0.02490234375 
      0.25911565  -0.020690917969  -0.02099609375 
      0.25913832  -0.013122558594 -0.013366699219 
        0.259161  -0.0032348632812  -0.00341796875 
      0.25918367  0.0071716308594 0.0071716308594 
      0.25920635   0.016326904297  0.016479492188 
      0.25922902   0.022583007812  0.022827148438 
       0.2592517   0.024749755859  0.025115966797 
      0.25927438   0.022521972656  0.022918701172 
      0.25929705   0.016265869141  0.016632080078 
      0.25931973  0.0071105957031 0.0074462890625 
       0.2593424  -0.0032653808594 -0.0031127929688 
      0.25936508  -0.013122558594 -0.013031005859 
      0.25938776  -0.020568847656 -0.020690917969 
      0.25941043  -0.024383544922 -0.024627685547 
      0.25943311  -0.023834228516 -0.024169921875 
      0.25945578  -0.019012451172 -0.019439697266 
      0.25947846  -0.010833740234 -0.011260986328 
      0.25950113  -0.000732421875 -0.0010986328125 
      0.25952381  0.0094909667969   0.00927734375 
      0.25954649   0.018035888672  0.017944335938 
      0.25956916   0.023345947266  0.023406982422 
      0.25959184   0.024475097656  0.024749755859 
      0.25961451   0.021270751953  0.021636962891 
      0.25963719   0.014251708984  0.014709472656 
      0.25965986  0.0046997070312 0.0051879882812 
      0.25968254  -0.0056457519531 -0.0052490234375 
      0.25970522  -0.015014648438 -0.014739990234 
      0.25972789  -0.021697998047 -0.021575927734 
      0.25975057  -0.024505615234 -0.024597167969 
      0.25977324   -0.02294921875 -0.023223876953 
      0.25979592  -0.017333984375 -0.017730712891 
      0.25981859  -0.0086364746094 -0.0090942382812 
      0.25984127  0.0015869140625 0.0010986328125 
      0.25986395   0.011535644531  0.011138916016 
      0.25988662   0.019409179688  0.019134521484 
       0.2599093   0.023864746094  0.023773193359 
      0.25993197   0.023986816406  0.024108886719 
      0.25995465   0.019927978516  0.020202636719 
      0.25997732   0.012298583984    0.0126953125 
            0.26  0.0025329589844 0.0029602050781 
      0.26002268  -0.0077514648438 -0.0072631835938 
      0.26004535  -0.016540527344 -0.016235351562 
      0.26006803    -0.0224609375 -0.022247314453 
       0.2600907  -0.024353027344 -0.024322509766 
      0.26011338  -0.021911621094 -0.022094726562 
      0.26013605  -0.015594482422 -0.015899658203 
      0.26015873  -0.0065307617188 -0.0068969726562 
      0.26018141  0.0036926269531 0.0032653808594 
      0.26020408   0.013244628906  0.012817382812 
      0.26022676   0.020416259766  0.020111083984 
      0.26024943   0.023956298828  0.023834228516 
      0.26027211   0.023223876953  0.023254394531 
      0.26029478   0.018402099609    0.0185546875 
      0.26031746   0.010314941406  0.010589599609 
      0.26034014  0.00039672851562 0.00076293945312 
      0.26036281  -0.0095520019531 -0.0092163085938 
      0.26038549  -0.017822265625 -0.017486572266 
      0.26040816  -0.022857666016 -0.022644042969 
      0.26043084  -0.023864746094 -0.023803710938 
      0.26045351  -0.020599365234 -0.020660400391 
      0.26047619  -0.013702392578 -0.013916015625 
      0.26049887   -0.00439453125 -0.0046691894531 
      0.26052154  0.0056762695312 0.0054016113281 
      0.26054422   0.014678955078  0.014434814453 
      0.26056689   0.021087646484  0.020904541016 
      0.26058957   0.023742675781  0.023620605469 
      0.26061224   0.022155761719  0.022186279297 
      0.26063492   0.016662597656  0.016723632812 
       0.2606576  0.0081787109375 0.0083618164062 
      0.26068027  -0.0016784667969 -0.0014953613281 
      0.26070295  -0.011260986328 -0.011047363281 
      0.26072562  -0.018798828125 -0.018615722656 
       0.2607483   -0.02294921875 -0.022857666016 
      0.26077098  -0.023040771484 -0.023040771484 
      0.26079365   -0.01904296875 -0.019073486328 
      0.26081633  -0.011688232422 -0.011749267578 
        0.260839  -0.0022277832031 -0.0023498535156 
      0.26086168   0.007568359375 0.0074462890625 
      0.26088435   0.015991210938  0.015899658203 
      0.26090703   0.021514892578  0.021514892578 
      0.26092971   0.023223876953  0.023284912109 
      0.26095238   0.020812988281  0.020874023438 
      0.26097506   0.014678955078  0.014770507812 
      0.26099773  0.0059509277344 0.0060729980469 
      0.26102041  -0.0037841796875 -0.0037231445312 
      0.26104308  -0.012847900391 -0.012817382812 
      0.26106576  -0.019592285156 -0.019653320312 
      0.26108844  -0.022827148438 -0.022888183594 
      0.26111111  -0.022033691406 -0.022155761719 
      0.26113379  -0.017272949219 -0.017364501953 
      0.26115646  -0.0094909667969 -0.0095520019531 
      0.26117914                0 -3.0517578125e-05 
      0.26120181  0.0094299316406 0.0094909667969 
      0.26122449   0.017150878906  0.017272949219 
      0.26124717   0.021850585938  0.022003173828 
      0.26126984   0.022583007812  0.022735595703 
      0.26129252   0.019348144531  0.019470214844 
      0.26131519   0.012634277344  0.012725830078 
      0.26133787  0.0036926269531 0.0037231445312 
      0.26136054  -0.0058898925781 -0.0059204101562 
      0.26138322  -0.014404296875 -0.014526367188 
       0.2614059  -0.020324707031 -0.020477294922 
      0.26142857  -0.022583007812 -0.022827148438 
      0.26145125  -0.020874023438 -0.021087646484 
      0.26147392  -0.015411376953 -0.015563964844 
       0.2614966  -0.0072326660156 -0.0072937011719 
      0.26151927  0.0022277832031 0.0022583007812 
      0.26154195   0.011260986328  0.011383056641 
      0.26156463   0.018249511719  0.018493652344 
       0.2615873   0.022033691406  0.022308349609 
      0.26160998   0.021850585938  0.022094726562 
      0.26163265   0.017791748047  0.018005371094 
      0.26165533   0.010559082031  0.010650634766 
        0.261678    0.00146484375 0.0014343261719 
      0.26170068  -0.0079040527344 -0.008056640625 
      0.26172336  -0.015777587891 -0.016052246094 
      0.26174603  -0.020935058594 -0.021179199219 
      0.26176871  -0.022308349609 -0.022552490234 
      0.26179138  -0.019653320312 -0.019927978516 
      0.26181406  -0.013580322266 -0.013732910156 
      0.26183673  -0.0050354003906 -0.0050964355469 
      0.26185941  0.0043334960938 0.0044555664062 
      0.26188209   0.012939453125   0.01318359375 
      0.26190476   0.019226074219      0.01953125 
      0.26192744   0.022125244141  0.022430419922 
      0.26195011   0.021057128906  0.021301269531 
      0.26197279   0.016235351562  0.016418457031 
      0.26199546  0.0085144042969 0.0086059570312 
      0.26201814  -0.00067138671875 -0.00076293945312 
      0.26204082  -0.0097351074219 -0.0099487304688 
      0.26206349  -0.017059326172 -0.017364501953 
      0.26208617  -0.021331787109 -0.021697998047 
      0.26210884  -0.021820068359 -0.022155761719 
      0.26213152  -0.018402099609 -0.018646240234 
       0.2621542      -0.01171875 -0.011871337891 
      0.26217687  -0.0029907226562 -0.0029602050781 
      0.26219955  0.0062866210938 0.0065002441406 
      0.26222222   0.014404296875  0.014709472656 
       0.2622449   0.019927978516  0.020324707031 
      0.26226757    0.02197265625  0.022369384766 
      0.26229025   0.020050048828  0.020385742188 
      0.26231293   0.014587402344  0.014770507812 
       0.2623356  0.0065307617188  0.006591796875 
      0.26235828  -0.0026550292969 -0.0028076171875 
      0.26238095  -0.011352539062 -0.011657714844 
      0.26240363  -0.018035888672 -0.018463134766 
       0.2624263  -0.021453857422 -0.021942138672 
      0.26244898  -0.021087646484 -0.021514892578 
      0.26247166  -0.016967773438 -0.017272949219 
      0.26249433  -0.0098266601562 -0.0099792480469 
      0.26251701  -0.00094604492188 -0.00091552734375 
      0.26253968   0.008056640625   0.00830078125 
      0.26256236         0.015625  0.016021728516 
      0.26258503   0.020385742188  0.020904541016 
      0.26260771   0.021545410156  0.022033691406 
      0.26263039   0.018829345703  0.019256591797 
      0.26265306   0.012817382812  0.013061523438 
      0.26267574  0.0044860839844 0.0045776367188 
      0.26269841  -0.0045776367188 -0.0046997070312 
      0.26272109  -0.012817382812  -0.01318359375 
      0.26274376  -0.018798828125 -0.019256591797 
      0.26276644  -0.021331787109 -0.021911621094 
      0.26278912  -0.020141601562 -0.020690917969 
      0.26281179  -0.015319824219 -0.015777587891 
      0.26283447  -0.0077819824219 -0.0080261230469 
      0.26285714  0.0010986328125 0.0010681152344 
      0.26287982      0.009765625 0.0099792480469 
      0.26290249   0.016693115234  0.017150878906 
      0.26292517   0.020629882812  0.021179199219 
      0.26294785   0.020843505859  0.021453857422 
      0.26297052   0.017395019531  0.017944335938 
       0.2629932   0.010833740234  0.011260986328 
      0.26301587  0.0023193359375 0.0025329589844 
      0.26303855  -0.0065612792969 -0.0066223144531 
      0.26306122  -0.014251708984 -0.014526367188 
       0.2630839  -0.019409179688 -0.019866943359 
      0.26310658  -0.021087646484 -0.021667480469 
      0.26312925  -0.019012451172 -0.019622802734 
      0.26315193  -0.013549804688 -0.014038085938 
       0.2631746  -0.0056762695312 -0.0060729980469 
      0.26319728  0.0032043457031 0.0030212402344 
      0.26321995   0.011505126953  0.011566162109 
      0.26324263   0.017730712891   0.01806640625 
      0.26326531   0.020782470703  0.021270751953 
      0.26328798   0.020172119141  0.020721435547 
      0.26331066   0.015899658203  0.016479492188 
      0.26333333  0.0088195800781 0.0093078613281 
      0.26335601  0.00015258789062 0.00051879882812 
      0.26337868  -0.0085144042969 -0.0083618164062 
      0.26340136  -0.015655517578 -0.015747070312 
      0.26342404   -0.02001953125 -0.020294189453 
      0.26344671  -0.020782470703 -0.021209716797 
      0.26346939  -0.017852783203 -0.018371582031 
      0.26349206  -0.011749267578 -0.012298583984 
      0.26351474  -0.0035400390625 -0.0039978027344 
      0.26353741  0.0052490234375 0.0050048828125 
      0.26356009   0.013122558594  0.013061523438 
      0.26358277   0.018676757812  0.018798828125 
      0.26360544   0.020874023438  0.021209716797 
      0.26362812   0.019378662109  0.019805908203 
      0.26365079   0.014434814453  0.014892578125 
      0.26367347  0.0068664550781 0.0073547363281 
      0.26369615  -0.0018920898438 -0.0014953613281 
      0.26371882  -0.010284423828 -0.010040283203 
       0.2637415  -0.016876220703 -0.016815185547 
      0.26376417  -0.020416259766 -0.020538330078 
      0.26378685  -0.020355224609 -0.020660400391 
      0.26380952  -0.016723632812 -0.017059326172 
       0.2638322  -0.010040283203 -0.010467529297 
      0.26385488  -0.0016479492188 -0.0020141601562 
      0.26387755   0.007080078125 0.0068054199219 
      0.26390023   0.014526367188  0.014404296875 
       0.2639229   0.019409179688  0.019409179688 
      0.26394558   0.020782470703  0.020935058594 
      0.26396825   0.018493652344  0.018737792969 
      0.26399093   0.012939453125  0.013214111328 
      0.26401361  0.0050659179688 0.0054016113281 
      0.26403628  -0.003662109375 -0.0033874511719 
      0.26405896  -0.011779785156 -0.011596679688 
      0.26408163  -0.017761230469 -0.017669677734 
      0.26410431  -0.020599365234 -0.020629882812 
      0.26412698  -0.019775390625 -0.019866943359 
      0.26414966  -0.015441894531       -0.015625 
      0.26417234  -0.0083618164062 -0.0085754394531 
      0.26419501  0.00018310546875 -3.0517578125e-05 
      0.26421769  0.0086975097656 0.0085144042969 
      0.26424036         0.015625  0.015502929688 
      0.26426304   0.019775390625  0.019744873047 
      0.26428571   0.020385742188  0.020416259766 
      0.26430839   0.017425537109  0.017517089844 
      0.26433107   0.011322021484  0.011474609375 
      0.26435374  0.0032653808594   0.00341796875 
      0.26437642  -0.0054016113281 -0.0052490234375 
      0.26439909  -0.013061523438 -0.012939453125 
      0.26442177  -0.018402099609 -0.018341064453 
      0.26444444  -0.020446777344 -0.020416259766 
      0.26446712  -0.018859863281 -0.018920898438 
       0.2644898  -0.013946533203 -0.014007568359 
      0.26451247  -0.0065612792969 -0.0066223144531 
      0.26453515      0.001953125 0.0019226074219 
      0.26455782   0.010162353516  0.010070800781 
       0.2645805   0.016479492188  0.016448974609 
      0.26460317   0.019897460938  0.019866943359 
      0.26462585   0.019744873047  0.019775390625 
      0.26464853    0.01611328125  0.016082763672 
       0.2646712  0.0096130371094 0.0095825195312 
      0.26469388  0.0014038085938 0.0014038085938 
      0.26471655  -0.0070190429688 -0.0070190429688 
      0.26473923   -0.01416015625 -0.014190673828 
       0.2647619  -0.018768310547 -0.018798828125 
      0.26478458  -0.020080566406 -0.020080566406 
      0.26480726  -0.017730712891 -0.017730712891 
      0.26482993  -0.012268066406 -0.012268066406 
      0.26485261  -0.004638671875 -0.004638671875 
      0.26487528  0.0037841796875 0.0038452148438 
      0.26489796   0.011535644531  0.011596679688 
      0.26492063   0.017211914062  0.017272949219 
      0.26494331   0.019805908203  0.019836425781 
      0.26496599   0.018890380859  0.018890380859 
      0.26498866   0.014587402344  0.014556884766 
      0.26501134  0.0076904296875 0.0076599121094 
      0.26503401  -0.00051879882812 -0.0006103515625 
      0.26505669  -0.0086364746094 -0.0087585449219 
      0.26507937  -0.015197753906 -0.015319824219 
      0.26510204   -0.01904296875 -0.019134521484 
      0.26512472  -0.019500732422     -0.01953125 
      0.26514739  -0.016418457031 -0.016418457031 
      0.26517007  -0.010498046875 -0.010437011719 
      0.26519274  -0.002685546875 -0.0025939941406 
      0.26521542  0.0055847167969 0.0057373046875 
       0.2652381   0.012847900391  0.013000488281 
      0.26526077   0.017791748047  0.017944335938 
      0.26528345   0.019592285156  0.019683837891 
      0.26530612   0.017883300781  0.017913818359 
       0.2653288   0.012969970703  0.012908935547 
      0.26535147  0.0057678222656 0.0056762695312 
      0.26537415   -0.00244140625 -0.0025939941406 
      0.26539683  -0.010223388672 -0.010375976562 
       0.2654195  -0.016143798828 -0.016296386719 
      0.26544218  -0.019195556641 -0.019317626953 
      0.26546485  -0.018798828125 -0.018890380859 
      0.26548753  -0.015075683594 -0.015075683594 
       0.2655102  -0.0086669921875 -0.0085754394531 
      0.26553288  -0.00070190429688 -0.00057983398438 
      0.26555556  0.0073547363281 0.0075073242188 
      0.26557823   0.014068603516  0.014282226562 
      0.26560091   0.018280029297  0.018493652344 
      0.26562358   0.019226074219  0.019378662109 
      0.26564626   0.016754150391  0.016845703125 
      0.26566893   0.011291503906  0.011260986328 
      0.26569161  0.0038452148438 0.0037536621094 
      0.26571429  -0.0043029785156 -0.0044555664062 
      0.26573696  -0.011688232422 -0.011840820312 
      0.26575964  -0.016906738281 -0.017150878906 
      0.26578231  -0.019165039062 -0.019378662109 
      0.26580499  -0.018005371094 -0.018157958984 
      0.26582766  -0.013641357422 -0.013702392578 
      0.26585034    -0.0068359375 -0.0067749023438 
      0.26587302  0.0011901855469 0.0012817382812 
      0.26589569  0.0089416503906 0.0091552734375 
      0.26591837   0.015106201172  0.015380859375 
      0.26594104   0.018615722656  0.018829345703 
      0.26596372   0.018768310547  0.018981933594 
      0.26598639   0.015594482422  0.015686035156 
      0.26600907  0.0096435546875 0.0096740722656 
      0.26603175  0.0019836425781 0.0019226074219 
      0.26605442  -0.0060119628906 -0.0061645507812 
       0.2660771  -0.012969970703 -0.013153076172 
      0.26609977  -0.017547607422 -0.017761230469 
      0.26612245  -0.019012451172 -0.019226074219 
      0.26614512   -0.01708984375 -0.017303466797 
       0.2661678  -0.012145996094 -0.012268066406 
      0.26619048  -0.0050354003906 -0.0050964355469 
      0.26621315  0.0029602050781 0.0030212402344 
      0.26623583   0.010437011719  0.010528564453 
       0.2662585   0.015991210938  0.016204833984 
      0.26628118   0.018737792969  0.018981933594 
      0.26630385   0.018127441406  0.018341064453 
      0.26632653   0.014312744141  0.014495849609 
      0.26634921  0.0079040527344  0.008056640625 
      0.26637188  0.00018310546875 0.00021362304688 
      0.26639456  -0.0075988769531 -0.0076599121094 
      0.26641723  -0.014038085938  -0.01416015625 
      0.26643991  -0.017944335938 -0.018096923828 
      0.26646259  -0.018646240234 -0.018859863281 
      0.26648526  -0.016021728516 -0.016265869141 
      0.26650794  -0.010589599609 -0.010772705078 
      0.26653061  -0.0032653808594  -0.00341796875 
      0.26655329  0.0046081542969 0.0045776367188 
      0.26657596   0.011657714844      0.01171875 
      0.26659864   0.016632080078  0.016723632812 
      0.26662132   0.018646240234  0.018737792969 
      0.26664399   0.017333984375  0.017486572266 
      0.26666667   0.012908935547  0.013122558594 
      0.26668934  0.0062255859375 0.0063781738281 
      0.26671202  -0.0015563964844 -0.0014343261719 
      0.26673469  -0.0090637207031 -0.0090026855469 
      0.26675737  -0.014892578125 -0.014923095703 
      0.26678005  -0.018096923828 -0.018157958984 
      0.26680272  -0.018096923828 -0.018188476562 
       0.2668254  -0.014862060547 -0.014984130859 
      0.26684807  -0.0089721679688 -0.0090942382812 
      0.26687075  -0.0015258789062 -0.0016174316406 
      0.26689342  0.0061950683594 0.0060729980469 
       0.2669161   0.012786865234    0.0126953125 
      0.26693878    0.01708984375  0.017059326172 
      0.26696145   0.018341064453  0.018341064453 
      0.26698413   0.016326904297  0.016387939453 
       0.2670068   0.011413574219  0.011505126953 
      0.26702948  0.0044860839844 0.0045776367188 
      0.26705215  -0.0032348632812 -0.0031127929688 
      0.26707483  -0.010375976562  -0.01025390625 
      0.26709751  -0.015655517578 -0.015563964844 
      0.26712018  -0.018157958984 -0.018035888672 
      0.26714286  -0.017364501953 -0.017333984375 
      0.26716553  -0.013519287109 -0.013519287109 
      0.26718821  -0.0072937011719  -0.00732421875 
      0.26721088   0.000244140625 0.00018310546875 
      0.26723356  0.0077209472656 0.0075988769531 
      0.26725624   0.013824462891     0.013671875 
      0.26727891   0.017425537109  0.017272949219 
      0.26730159   0.017944335938  0.017822265625 
      0.26732426   0.015228271484  0.015167236328 
      0.26734694  0.0098266601562 0.0098266601562 
      0.26736961   0.002685546875 0.0027160644531 
      0.26739229  -0.0049133300781 -0.0048217773438 
      0.26741497  -0.011657714844 -0.011505126953 
      0.26743764  -0.016326904297 -0.016082763672 
      0.26746032  -0.018035888672 -0.017822265625 
      0.26748299  -0.016571044922 -0.016387939453 
      0.26750567  -0.012115478516 -0.012023925781 
      0.26752834  -0.0055541992188 -0.0055236816406 
      0.26755102  0.0020141601562 0.0019226074219 
       0.2675737  0.0092163085938  0.009033203125 
      0.26759637   0.014801025391  0.014526367188 
      0.26761905   0.017700195312  0.017425537109 
      0.26764172   0.017456054688  0.017181396484 
       0.2676644   0.014129638672  0.013885498047 
      0.26768707  0.0082702636719 0.0081481933594 
      0.26770975  0.00094604492188 0.00094604492188 
      0.26773243  -0.0065307617188 -0.0064086914062 
       0.2677551  -0.012847900391 -0.012603759766 
      0.26777778  -0.016876220703 -0.016540527344 
      0.26780045  -0.017883300781 -0.017486572266 
      0.26782313  -0.015716552734 -0.015350341797 
       0.2678458    -0.0107421875 -0.010498046875 
      0.26786848  -0.0038757324219 -0.0037536621094 
      0.26789116   0.003662109375 0.0036010742188 
      0.26791383   0.010589599609  0.010345458984 
      0.26793651   0.015594482422  0.015197753906 
      0.26795918   0.017822265625  0.017364501953 
      0.26798186   0.016876220703  0.016418457031 
      0.26800454   0.012939453125  0.012542724609 
      0.26802721  0.0067138671875 0.0064392089844 
      0.26804989  -0.00067138671875 -0.00079345703125 
      0.26807256  -0.0079956054688 -0.0078735351562 
      0.26809524  -0.013854980469 -0.013519287109 
      0.26811791  -0.017272949219 -0.016754150391 
      0.26814059  -0.017608642578 -0.016998291016 
      0.26816327  -0.014801025391 -0.014251708984 
      0.26818594  -0.0093994140625 -0.0089416503906 
      0.26820862  -0.0023193359375 -0.0020141601562 
      0.26823129  0.0051879882812 0.0052185058594 
      0.26825397       0.01171875  0.011535644531 
      0.26827664   0.016174316406  0.015747070312 
      0.26829932   0.017761230469  0.017181396484 
        0.268322   0.016204833984  0.015533447266 
      0.26834467   0.011749267578  0.011108398438 
      0.26836735  0.0052490234375 0.0047302246094 
      0.26839002  -0.0021667480469 -0.0024719238281 
       0.2684127  -0.0092163085938  -0.00927734375 
      0.26843537  -0.014587402344 -0.014343261719 
      0.26845805  -0.017364501953 -0.016876220703 
      0.26848073  -0.017059326172 -0.016418457031 
       0.2685034  -0.013732910156 -0.013031005859 
      0.26852608  -0.0079650878906 -0.0072937011719 
      0.26854875  -0.00082397460938 -0.00030517578125 
      0.26857143  0.0064697265625 0.0067749023438 
       0.2685941   0.012603759766  0.012603759766 
      0.26861678   0.016448974609  0.016174316406 
      0.26863946   0.017364501953  0.016906738281 
      0.26866213   0.015228271484  0.014587402344 
      0.26868481   0.010375976562 0.0096740722656 
      0.26870748  0.0036926269531 0.0030517578125 
      0.26873016  -0.0036315917969 -0.0040893554688 
      0.26875283   -0.01025390625 -0.010498046875 
      0.26877551  -0.015075683594 -0.015045166016 
      0.26879819  -0.017150878906 -0.016876220703 
      0.26882086  -0.016204833984 -0.015747070312 
      0.26884354  -0.012390136719 -0.011810302734 
      0.26886621  -0.0064086914062 -0.0057678222656 
      0.26888889   0.000732421875 0.0012817382812 
      0.26891156  0.0077209472656 0.0081176757812 
      0.26893424   0.013305664062  0.013488769531 
      0.26895692   0.016479492188  0.016448974609 
      0.26897959   0.016723632812  0.016479492188 
      0.26900227   0.014007568359  0.013580322266 
      0.26902494     0.0087890625   0.00830078125 
      0.26904762  0.0020141601562 0.0015258789062 
      0.26907029  -0.0050354003906 -0.0054931640625 
      0.26909297   -0.01123046875 -0.011535644531 
      0.26911565  -0.015380859375 -0.015533447266 
      0.26913832  -0.016754150391 -0.016754150391 
        0.269161  -0.015167236328 -0.015014648438 
      0.26918367  -0.010864257812 -0.010559082031 
      0.26920635  -0.0046691894531 -0.0042419433594 
      0.26922902  0.0023803710938 0.0027465820312 
       0.2692517  0.0089721679688 0.0093078613281 
      0.26927438   0.013885498047  0.014129638672 
      0.26929705   0.016387939453  0.016448974609 
      0.26931973   0.015899658203  0.015869140625 
       0.2693424   0.012634277344  0.012481689453 
      0.26936508   0.007080078125    0.0068359375 
      0.26938776  0.00027465820312 3.0517578125e-05 
      0.26941043  -0.0065307617188 -0.0067443847656 
      0.26943311  -0.012145996094 -0.012390136719 
      0.26945578        -0.015625 -0.015716552734 
      0.26947846  -0.016235351562 -0.016296386719 
      0.26950113  -0.013977050781 -0.013946533203 
      0.26952381  -0.0092468261719 -0.0091552734375 
      0.26954649  -0.0028686523438 -0.0027160644531 
      0.26956916  0.0039978027344 0.0041198730469 
      0.26959184   0.010162353516  0.010284423828 
      0.26961451   0.014465332031  0.014556884766 
      0.26963719   0.016174316406  0.016235351562 
      0.26965986   0.015014648438  0.015045166016 
      0.26968254   0.011138916016  0.011138916016 
      0.26970522  0.0053405761719 0.0052795410156 
      0.26972789  -0.0014343261719 -0.0015258789062 
      0.26975057  -0.0079650878906 -0.0080261230469 
      0.26977324  -0.013031005859 -0.013061523438 
      0.26979592  -0.015777587891 -0.015808105469 
      0.26981859  -0.015686035156 -0.015686035156 
      0.26984127  -0.012786865234 -0.012756347656 
      0.26986395  -0.0076599121094 -0.0075988769531 
      0.26988662  -0.0011291503906 -0.0010986328125 
       0.2699093  0.0055847167969 0.0055847167969 
      0.26993197   0.011260986328  0.011260986328 
      0.26995465   0.014984130859  0.014923095703 
      0.26997732   0.015930175781  0.015930175781 
            0.27   0.014099121094  0.014068603516 
      0.27002268      0.009765625 0.0096740722656 
      0.27004535   0.003662109375 0.0036010742188 
      0.27006803  -0.0030517578125 -0.0030822753906 
       0.2700907  -0.0092468261719  -0.00927734375 
      0.27011338  -0.013763427734 -0.013763427734 
      0.27013605  -0.015808105469 -0.015777587891 
      0.27015873  -0.015045166016 -0.015014648438 
      0.27018141  -0.011596679688 -0.011535644531 
      0.27020408  -0.006103515625 -0.0060424804688 
      0.27022676    0.00048828125 0.00054931640625 
      0.27024943  0.0069885253906 0.0070190429688 
      0.27027211   0.012176513672  0.012237548828 
      0.27029478   0.015258789062  0.015289306641 
      0.27031746   0.015563964844  0.015594482422 
      0.27034014   0.013122558594  0.013122558594 
      0.27036281  0.0083618164062 0.0083312988281 
      0.27038549  0.0020751953125 0.0020446777344 
      0.27040816  -0.0045166015625 -0.0045776367188 
      0.27043084  -0.010345458984 -0.010375976562 
      0.27045351  -0.014282226562 -0.014343261719 
      0.27047619  -0.015686035156 -0.015747070312 
      0.27049887  -0.014282226562 -0.014312744141 
      0.27052154  -0.010375976562 -0.010375976562 
      0.27054422  -0.0046081542969 -0.0045776367188 
      0.27056689  0.0019836425781 0.0020141601562 
      0.27058957  0.0082092285156 0.0082397460938 
      0.27061224   0.012939453125  0.012969970703 
      0.27063492   0.015380859375  0.015411376953 
       0.2706576   0.015045166016  0.015075683594 
      0.27068027   0.012084960938  0.012115478516 
      0.27070295  0.0069580078125 0.0069885253906 
      0.27072562  0.0006103515625 0.00064086914062 
       0.2707483  -0.0058288574219    -0.005859375 
      0.27077098  -0.011260986328 -0.011260986328 
      0.27079365  -0.014617919922   -0.0146484375 
      0.27081633  -0.015380859375 -0.015411376953 
        0.270839  -0.013427734375 -0.013488769531 
      0.27086168  -0.0090637207031 -0.0091247558594 
      0.27088435  -0.0031127929688 -0.0032043457031 
      0.27090703  0.0033874511719 0.0032958984375 
      0.27092971  0.0092163085938 0.0091857910156 
      0.27095238   0.013458251953  0.013427734375 
      0.27097506   0.015258789062  0.015289306641 
      0.27099773   0.014373779297  0.014373779297 
      0.27102041   0.010925292969  0.010986328125 
      0.27104308  0.0055236816406  0.005615234375 
      0.27106576  -0.00082397460938 -0.000732421875 
      0.27108844  -0.0070495605469 -0.0069274902344 
      0.27111111  -0.011932373047 -0.011871337891 
      0.27113379  -0.014770507812 -0.014678955078 
      0.27115646  -0.014923095703 -0.014831542969 
      0.27117914  -0.012451171875 -0.012390136719 
      0.27120181  -0.0077514648438 -0.0077514648438 
      0.27122449  -0.001708984375 -0.0017700195312 
      0.27124717  0.0046081542969 0.0045471191406 
      0.27126984   0.010131835938 0.0099792480469 
      0.27129252   0.013793945312     0.013671875 
      0.27131519   0.015014648438  0.014892578125 
      0.27133787   0.013580322266  0.013458251953 
      0.27136054  0.0097351074219 0.0096435546875 
      0.27138322   0.004150390625 0.0040893554688 
       0.2714059  -0.0021362304688 -0.0021667480469 
      0.27142857  -0.0080261230469 -0.0079956054688 
      0.27145125  -0.012512207031 -0.012359619141 
      0.27147392  -0.014709472656 -0.014526367188 
       0.2714966  -0.014282226562 -0.014129638672 
      0.27151927  -0.011352539062 -0.011169433594 
      0.27154195  -0.0064086914062 -0.0062561035156 
      0.27156463  -0.0003662109375 -0.00021362304688 
       0.2715873  0.0057678222656 0.0058288574219 
      0.27160998   0.010833740234  0.010833740234 
      0.27163265   0.013946533203  0.013854980469 
      0.27165533   0.014617919922  0.014404296875 
        0.271678   0.012634277344  0.012420654297 
      0.27170068  0.0084838867188 0.0081787109375 
      0.27172336  0.0028076171875 0.0025329589844 
      0.27174603  -0.0033569335938 -0.0035705566406 
      0.27176871  -0.0088806152344 -0.009033203125 
      0.27179138  -0.012817382812 -0.012878417969 
      0.27181406  -0.014465332031 -0.014404296875 
      0.27183673  -0.013549804688 -0.013366699219 
      0.27185941  -0.010192871094 -0.0099487304688 
      0.27188209  -0.0050964355469 -0.0047912597656 
      0.27190476  0.00091552734375 0.0012817382812 
      0.27192744  0.0067138671875 0.0070495605469 
      0.27195011   0.011322021484  0.011566162109 
      0.27197279   0.013885498047  0.014007568359 
      0.27199546   0.013946533203  0.013977050781 
      0.27201814   0.011566162109  0.011444091797 
      0.27204082  0.0071716308594 0.0068969726562 
      0.27206349  0.0014953613281 0.0010986328125 
      0.27208617  -0.0044555664062   -0.0048828125 
      0.27210884  -0.009521484375 -0.0099487304688 
      0.27213152  -0.012939453125 -0.013244628906 
       0.2721542  -0.013977050781  -0.01416015625 
      0.27217687  -0.012573242188 -0.012603759766 
      0.27219955  -0.0089111328125   -0.0087890625 
      0.27222222  -0.0037231445312 -0.0034484863281 
       0.2722449  0.0021362304688 0.0025329589844 
      0.27226757   0.007568359375 0.0080261230469 
      0.27229025   0.011627197266  0.012084960938 
      0.27231293   0.013610839844  0.013977050781 
       0.2723356   0.013153076172  0.013427734375 
      0.27235828   0.010345458984  0.010437011719 
      0.27238095  0.0057067871094 0.0056457519531 
      0.27240363  0.0001220703125 -0.00015258789062 
       0.2724263  -0.0054931640625 -0.0058898925781 
      0.27244898  -0.010070800781 -0.010559082031 
      0.27247166  -0.012847900391 -0.013366699219 
      0.27249433  -0.013336181641 -0.013763427734 
      0.27251701  -0.011413574219 -0.011749267578 
      0.27253968  -0.0075378417969 -0.0076599121094 
      0.27256236  -0.0022583007812 -0.0021667480469 
      0.27258503  0.0033569335938 0.0036010742188 
      0.27260771  0.0083618164062 0.0087585449219 
      0.27263039   0.011840820312  0.012329101562 
      0.27265306    0.01318359375  0.013702392578 
      0.27267574   0.012145996094  0.012634277344 
      0.27269841  0.0090026855469 0.0093383789062 
      0.27272109  0.0042114257812   0.00439453125 
      0.27274376  -0.0012512207031 -0.0012817382812 
      0.27276644  -0.0065002441406 -0.0067138671875 
      0.27278912  -0.010559082031 -0.010925292969 
      0.27281179  -0.012725830078 -0.013153076172 
      0.27283447  -0.012603759766 -0.013092041016 
      0.27285714  -0.010223388672 -0.010650634766 
      0.27287982  -0.0060119628906 -0.0063781738281 
      0.27290249  -0.00079345703125 -0.00094604492188 
      0.27292517  0.0046081542969 0.0046081542969 
      0.27294785  0.0091552734375   0.00927734375 
      0.27297052   0.011993408203  0.012329101562 
       0.2729932   0.012725830078  0.013153076172 
      0.27301587   0.011199951172  0.011627197266 
      0.27303855  0.0076599121094 0.0080261230469 
      0.27306122  0.0027465820312 0.0030517578125 
       0.2730839  -0.0026245117188  -0.00244140625 
      0.27310658  -0.0075378417969 -0.0074768066406 
      0.27312925  -0.011077880859 -0.011138916016 
      0.27315193  -0.012603759766 -0.012786865234 
       0.2731746  -0.011932373047 -0.012176513672 
      0.27319728  -0.0090942382812 -0.0093994140625 
      0.27321995  -0.0046081542969 -0.0049743652344 
      0.27324263  0.0006103515625 0.00033569335938 
      0.27326531  0.0057678222656 0.0055541992188 
      0.27328798  0.0098571777344     0.009765625 
      0.27331066    0.01220703125   0.01220703125 
      0.27333333   0.012329101562  0.012481689453 
      0.27335601   0.010314941406  0.010528564453 
      0.27337868  0.0064392089844 0.0066833496094 
      0.27340136  0.0014343261719 0.0016784667969 
      0.27342404  -0.0038452148438 -0.0036315917969 
      0.27344671  -0.0083618164062 -0.0082092285156 
      0.27346939  -0.011444091797 -0.011352539062 
      0.27349206  -0.012451171875 -0.012420654297 
      0.27351474   -0.01123046875 -0.011322021484 
      0.27353741  -0.008056640625 -0.0081481933594 
      0.27356009   -0.00341796875 -0.0035705566406 
      0.27358277  0.0018310546875 0.0016174316406 
      0.27360544  0.0067138671875 0.0065002441406 
      0.27362812   0.010375976562  0.010223388672 
      0.27365079   0.012237548828  0.012115478516 
      0.27367347   0.011871337891  0.011840820312 
      0.27369615  0.0094299316406 0.0094299316406 
      0.27371882  0.0053405761719 0.0053405761719 
       0.2737415  0.00027465820312 0.00039672851562 
      0.27376417  -0.0047912597656 -0.0046997070312 
      0.27378685  -0.0090026855469 -0.0088806152344 
      0.27380952  -0.011627197266 -0.011505126953 
       0.2738322  -0.012115478516 -0.012054443359 
      0.27385488  -0.010528564453 -0.010467529297 
      0.27387755  -0.0070190429688 -0.0070190429688 
      0.27390023  -0.0023193359375 -0.0023193359375 
       0.2739229  0.0027770996094 0.0027465820312 
      0.27394558  0.0073852539062 0.0073547363281 
      0.27396825   0.010681152344  0.010589599609 
      0.27399093   0.012023925781  0.011962890625 
      0.27401361   0.011260986328   0.01123046875 
      0.27403628  0.0084838867188 0.0084533691406 
      0.27405896  0.0042724609375 0.0042419433594 
      0.27408163  -0.000732421875 -0.00076293945312 
      0.27410431  -0.0055541992188 -0.005615234375 
      0.27412698  -0.0093994140625 -0.0094299316406 
      0.27414966  -0.011535644531 -0.011566162109 
      0.27417234  -0.011627197266 -0.011657714844 
      0.27419501  -0.0096740722656 -0.0097045898438 
      0.27421769  -0.0059814453125 -0.0060119628906 
      0.27424036  -0.0012817382812 -0.0012512207031 
      0.27426304  0.0036315917969 0.0036926269531 
      0.27428571  0.0079040527344 0.0079650878906 
      0.27430839     0.0107421875  0.010833740234 
      0.27433107   0.011657714844  0.011749267578 
      0.27435374   0.010528564453  0.010589599609 
      0.27437642  0.0075073242188  0.007568359375 
      0.27439909  0.0032043457031 0.0032348632812 
      0.27442177  -0.0016479492188 -0.0016479492188 
      0.27444444  -0.0061950683594 -0.0062561035156 
      0.27446712  -0.0096130371094 -0.0097351074219 
       0.2744898  -0.011291503906 -0.011505126953 
      0.27451247  -0.011016845703 -0.011199951172 
      0.27453515  -0.0087280273438 -0.0089416503906 
      0.27455782  -0.0049438476562 -0.0050964355469 
       0.2745805  -0.00027465820312 -0.0003662109375 
      0.27460317    0.00439453125   0.00439453125 
      0.27462585  0.0082702636719 0.0083312988281 
      0.27464853   0.010650634766  0.010803222656 
       0.2746712   0.011138916016  0.011383056641 
      0.27469388  0.0096435546875 0.0099182128906 
      0.27471655  0.0065002441406 0.0067443847656 
      0.27473923  0.0021667480469 0.0023803710938 
       0.2747619  -0.0025024414062 -0.0023803710938 
      0.27478458  -0.0067138671875 -0.0067138671875 
      0.27480726  -0.0097351074219 -0.0098266601562 
      0.27482993  -0.010986328125 -0.011199951172 
      0.27485261   -0.01025390625 -0.010559082031 
      0.27487528  -0.0077819824219 -0.0080871582031 
      0.27489796      -0.00390625 -0.0042114257812 
      0.27492063  0.00064086914062 0.00039672851562 
      0.27494331  0.0050354003906 0.0049133300781 
      0.27496599  0.0085144042969 0.0085144042969 
      0.27498866   0.010498046875  0.010589599609 
      0.27501134   0.010559082031  0.010803222656 
      0.27503401     0.0087890625 0.0091247558594 
      0.27505669  0.0054321289062 0.0058288574219 
      0.27507937  0.0011596679688 0.0015258789062 
      0.27510204  -0.0032653808594 -0.0030212402344 
      0.27512472  -0.0071716308594 -0.0069580078125 
      0.27514739  -0.0097045898438 -0.0096740722656 
      0.27517007  -0.010559082031 -0.010650634766 
      0.27519274  -0.009521484375    -0.009765625 
      0.27521542  -0.0068054199219 -0.0071411132812 
       0.2752381  -0.0028686523438 -0.0032653808594 
      0.27526077  0.0015258789062 0.0011291503906 
      0.27528345  0.0055541992188 0.0053100585938 
      0.27530612  0.0086669921875 0.0085144042969 
       0.2753288   0.010192871094  0.010192871094 
      0.27535147  0.0099487304688  0.010070800781 
      0.27537415  0.0078430175781 0.0081176757812 
      0.27539683  0.0044555664062 0.0047912597656 
       0.2754195  0.00027465820312 0.0006103515625 
      0.27544218  -0.0039672851562 -0.0035705566406 
      0.27546485  -0.0074462890625 -0.0071411132812 
      0.27548753  -0.0096130371094 -0.0093994140625 
       0.2755102  -0.010009765625 -0.010009765625 
      0.27553288  -0.0086975097656 -0.0088195800781 
      0.27555556  -0.0058288574219 -0.0060424804688 
      0.27557823  -0.0019226074219 -0.0022277832031 
      0.27560091  0.0022888183594 0.0018920898438 
      0.27562358  0.0060424804688 0.0057067871094 
      0.27564626  0.0087280273438 0.0084533691406 
      0.27566893  0.0098571777344 0.0097045898438 
      0.27569161  0.0092163085938 0.0091857910156 
      0.27571429  0.0069580078125 0.0070495605469 
      0.27573696  0.0034790039062 0.0036926269531 
      0.27575964  -0.0006103515625 -0.00030517578125 
      0.27578231  -0.0045471191406 -0.0042114257812 
      0.27580499  -0.0076599121094 -0.0073547363281 
      0.27582766  -0.0094299316406 -0.0091552734375 
      0.27585034  -0.0094909667969 -0.0093383789062 
      0.27587302  -0.0078430175781      -0.0078125 
      0.27589569  -0.0048522949219 -0.0049438476562 
      0.27591837  -0.0010681152344 -0.001220703125 
      0.27594104  0.0029602050781  0.002685546875 
      0.27596372  0.0064086914062 0.0061340332031 
      0.27598639  0.0086975097656 0.0084228515625 
      0.27600907  0.0094299316406 0.0092163085938 
      0.27603175  0.0084838867188 0.0083618164062 
      0.27605442  0.0060729980469 0.0060119628906 
       0.2760771  0.0025634765625 0.0026245117188 
      0.27609977  -0.0013427734375 -0.0012512207031 
      0.27612245  -0.0049743652344 -0.0048217773438 
      0.27614512  -0.0077514648438 -0.007568359375 
       0.2761678  -0.0091247558594 -0.0089416503906 
      0.27619048  -0.0088806152344 -0.0087280273438 
      0.27621315  -0.0070495605469 -0.0068969726562 
      0.27623583  -0.0039672851562 -0.0039367675781 
       0.2762585  -0.000244140625 -0.000244140625 
      0.27628118  0.0035095214844 0.0034790039062 
      0.27630385  0.0066223144531 0.0065307617188 
      0.27632653  0.0085754394531 0.0084533691406 
      0.27634921  0.0090026855469 0.0088195800781 
      0.27637188  0.0077819824219 0.0076293945312 
      0.27639456  0.0052490234375 0.0050964355469 
      0.27641723  0.0018005371094 0.0016784667969 
      0.27643991  -0.0019836425781 -0.0020141601562 
      0.27646259  -0.0053405761719  -0.00537109375 
      0.27648526  -0.0077819824219 -0.0077514648438 
      0.27650794  -0.0088195800781 -0.0087585449219 
      0.27653061  -0.0082702636719 -0.0081787109375 
      0.27655329  -0.0062561035156 -0.0061950683594 
      0.27657596  -0.0032043457031 -0.0030822753906 
      0.27659864  0.00045776367188 0.00054931640625 
      0.27662132  0.0039367675781 0.0040588378906 
      0.27664399  0.0067443847656    0.0068359375 
      0.27666667  0.0083618164062 0.0083923339844 
      0.27668934  0.0084533691406 0.0085144042969 
      0.27671202   0.007080078125  0.007080078125 
      0.27673469  0.0044555664062 0.0044250488281 
      0.27675737  0.0010681152344 0.0010070800781 
      0.27678005  -0.0024719238281 -0.0026245117188 
      0.27680272  -0.0055541992188 -0.0057067871094 
       0.2768254  -0.0076599121094      -0.0078125 
      0.27684807  -0.0083618164062 -0.008544921875 
      0.27687075  -0.0075988769531 -0.0077209472656 
      0.27689342  -0.0055236816406 -0.005615234375 
       0.2769161  -0.0025024414062  -0.00244140625 
      0.27693878  0.00094604492188 0.0010986328125 
      0.27696145  0.0042419433594 0.0044250488281 
      0.27698413  0.0067749023438 0.0069885253906 
       0.2770068   0.008056640625   0.00830078125 
      0.27702948  0.0079345703125 0.0081481933594 
      0.27705215  0.0064086914062 0.0065612792969 
      0.27707483  0.0037841796875 0.0038757324219 
      0.27709751    0.00048828125 0.00045776367188 
      0.27712018  -0.0028686523438 -0.0029602050781 
      0.27714286  -0.0056457519531    -0.005859375 
      0.27716553  -0.0074462890625 -0.0077209472656 
      0.27718821  -0.0079345703125 -0.0082397460938 
      0.27721088  -0.0070190429688 -0.0072937011719 
      0.27723356  -0.0048522949219 -0.0050659179688 
      0.27725624  -0.0018615722656 -0.0020141601562 
      0.27727891  0.0014343261719 0.0014343261719 
      0.27730159  0.0044250488281 0.0045471191406 
      0.27732426  0.0066528320312 0.0068664550781 
      0.27734694  0.0076904296875 0.0079956054688 
      0.27736961  0.0074157714844 0.0076599121094 
      0.27739229  0.0057678222656 0.0060424804688 
      0.27741497  0.0031433105469 0.0033874511719 
      0.27743764  3.0517578125e-05 0.00015258789062 
      0.27746032  -0.0031127929688 -0.0031127929688 
      0.27748299  -0.0056762695312 -0.0057983398438 
      0.27750567  -0.0072326660156 -0.0074157714844 
      0.27752834  -0.0075073242188 -0.0077819824219 
      0.27755102  -0.0064392089844 -0.0067443847656 
       0.2775737  -0.0043029785156 -0.0045471191406 
      0.27759637  -0.0014038085938 -0.0015869140625 
      0.27761905  0.0017395019531 0.0016174316406 
      0.27764172  0.0045471191406 0.0045471191406 
       0.2776644  0.0065307617188 0.0066528320312 
      0.27768707  0.0073547363281  0.007568359375 
      0.27770975  0.0069274902344 0.0071411132812 
      0.27773243  0.0052490234375 0.0054931640625 
       0.2777551   0.002685546875 0.0028686523438 
      0.27777778  -0.00033569335938 -0.00018310546875 
      0.27780045  -0.0032653808594 -0.003173828125 
      0.27782313  -0.0056457519531 -0.0055847167969 
       0.2778458  -0.0069885253906 -0.0070495605469 
      0.27786848  -0.0071105957031 -0.0072326660156 
      0.27789116  -0.0059509277344 -0.0061340332031 
      0.27791383  -0.0038452148438 -0.0039978027344 
      0.27793651  -0.0010375976562 -0.0011901855469 
      0.27795918  0.0019226074219 0.0018005371094 
      0.27798186  0.0045166015625 0.0044860839844 
      0.27800454  0.0063171386719 0.0063171386719 
      0.27802721  0.0070190429688 0.0070190429688 
      0.27804989  0.0064392089844 0.0065307617188 
      0.27807256  0.0048217773438    0.0048828125 
      0.27809524  0.0022888183594 0.0023803710938 
      0.27811791  -0.00057983398438 -0.00051879882812 
      0.27814059  -0.0033264160156 -0.0032958984375 
      0.27816327  -0.0054931640625 -0.0054626464844 
      0.27818594  -0.0066833496094 -0.0066528320312 
      0.27820862  -0.0066833496094 -0.0066528320312 
      0.27823129  -0.0055541992188 -0.0054931640625 
      0.27825397  -0.0034484863281  -0.00341796875 
      0.27827664  -0.00076293945312 -0.000732421875 
      0.27829932  0.0020141601562 0.0020446777344 
        0.278322  0.0044555664062 0.0044555664062 
      0.27834467   0.006103515625 0.0060729980469 
      0.27836735  0.0066528320312  0.006591796875 
      0.27839002  0.0060424804688 0.0059509277344 
       0.2784127    0.00439453125 0.0042724609375 
      0.27843537  0.0020141601562 0.0018920898438 
      0.27845805  -0.000732421875 -0.0008544921875 
      0.27848073  -0.0032958984375  -0.00341796875 
       0.2785034  -0.0053100585938 -0.0053405761719 
      0.27852608   -0.00634765625  -0.00634765625 
      0.27854875  -0.0063171386719 -0.0062255859375 
      0.27857143  -0.0051879882812 -0.0049743652344 
       0.2785941  -0.0031433105469   -0.0029296875 
      0.27861678  -0.00057983398438 -0.00033569335938 
      0.27863946  0.0020751953125 0.0022888183594 
      0.27866213  0.0043029785156 0.0044860839844 
      0.27868481  0.0058288574219 0.0058898925781 
      0.27870748  0.0062866210938 0.0062561035156 
      0.27873016  0.0057067871094 0.0055236816406 
      0.27875283  0.0040588378906 0.0038757324219 
      0.27877551  0.0018005371094 0.0014953613281 
      0.27879819  -0.00079345703125 -0.0011291503906 
      0.27882086  -0.0032348632812 -0.0035095214844 
      0.27884354  -0.0050659179688 -0.0052795410156 
      0.27886621  -0.0060424804688 -0.0061340332031 
      0.27888889  -0.0059204101562 -0.0059204101562 
      0.27891156  -0.0048217773438 -0.0046691894531 
      0.27893424  -0.0028686523438 -0.0025329589844 
      0.27895692  -0.00045776367188 -6.103515625e-05 
      0.27897959  0.0020751953125   0.00244140625 
      0.27900227  0.0041809082031 0.0045166015625 
      0.27902494  0.0055541992188 0.0057983398438 
      0.27904762  0.0059814453125 0.0060424804688 
      0.27907029  0.0053100585938 0.0052795410156 
      0.27909297  0.0037841796875 0.0035400390625 
      0.27911565  0.0015869140625  0.001220703125 
      0.27913832  -0.00088500976562 -0.0013122558594 
        0.279161  -0.0031433105469 -0.0036010742188 
      0.27918367  -0.0048522949219 -0.0052795410156 
      0.27920635  -0.0057373046875 -0.0060119628906 
      0.27922902  -0.005615234375 -0.0057067871094 
       0.2792517  -0.0045166015625 -0.0044250488281 
      0.27927438  -0.0025939941406 -0.0023803710938 
      0.27929705  -0.00027465820312 6.103515625e-05 
      0.27931973  0.0020446777344 0.0025329589844 
       0.2793424  0.0040283203125 0.0045166015625 
      0.27936508  0.0053100585938 0.0057373046875 
      0.27938776  0.0056762695312 0.0059814453125 
      0.27941043  0.0050354003906 0.0051574707031 
      0.27943311  0.0035400390625 0.0034484863281 
      0.27945578  0.0014343261719 0.0011291503906 
      0.27947846  -0.00091552734375 -0.0013427734375 
      0.27950113  -0.0031127929688 -0.0035705566406 
      0.27952381  -0.0046997070312 -0.0052185058594 
      0.27954649  -0.0055236816406 -0.0059814453125 
      0.27956916  -0.0053405761719 -0.0056762695312 
      0.27959184  -0.0042724609375  -0.00439453125 
      0.27961451   -0.00244140625 -0.0023803710938 
      0.27963719  -0.000244140625 3.0517578125e-05 
      0.27965986  0.0020446777344   0.00244140625 
      0.27968254  0.0039367675781 0.0044555664062 
      0.27970522  0.0051574707031 0.0056457519531 
      0.27972789  0.0054626464844 0.0059204101562 
      0.27975057  0.0048522949219 0.0051574707031 
      0.27977324  0.0033569335938 0.0035095214844 
      0.27979592  0.0013122558594 0.0012817382812 
      0.27981859  -0.00094604492188 -0.0011901855469 
      0.27984127  -0.0030517578125 -0.0034790039062 
      0.27986395  -0.0046081542969 -0.005126953125 
      0.27988662   -0.00537109375 -0.0059204101562 
       0.2799093  -0.0052185058594 -0.0056762695312 
      0.27993197  -0.004150390625 -0.0044860839844 
      0.27995465  -0.0023803710938 -0.0025329589844 
      0.27997732  -0.00018310546875 -0.00015258789062 
            0.28  0.0020446777344 0.0022583007812 
      0.28002268       0.00390625 0.0042724609375 
      0.28004535  0.0050964355469 0.0055847167969 
      0.28006803  0.0054016113281 0.0059204101562 
       0.2800907  0.0047607421875 0.0052490234375 
      0.28011338  0.0032958984375  0.003662109375 
      0.28013605  0.0013122558594   0.00146484375 
      0.28015873  -0.00091552734375 -0.00094604492188 
      0.28018141  -0.0030517578125 -0.0032348632812 
      0.28020408  -0.0046081542969 -0.0049438476562 
      0.28022676  -0.0054016113281 -0.0058288574219 
      0.28024943  -0.0052185058594 -0.0056762695312 
      0.28027211  -0.0041809082031 -0.0046081542969 
      0.28029478  -0.0024108886719 -0.0027160644531 
      0.28031746  -0.00021362304688 -0.00039672851562 
      0.28034014  0.0020141601562 0.0020141601562 
      0.28036281  0.0039367675781 0.0040588378906 
      0.28038549  0.0051574707031 0.0054321289062 
      0.28040816  0.0054931640625     0.005859375 
      0.28043084  0.0049133300781 0.0052795410156 
      0.28045351  0.0034484863281 0.0038146972656 
      0.28047619  0.0014038085938  0.001708984375 
      0.28049887  -0.00088500976562 -0.00070190429688 
      0.28052154  -0.0030517578125 -0.0029907226562 
      0.28054422  -0.0047302246094 -0.0047912597656 
      0.28056689  -0.0055541992188 -0.0057067871094 
      0.28058957  -0.0054321289062 -0.0056762695312 
      0.28061224   -0.00439453125 -0.0046691894531 
      0.28063492  -0.0025939941406 -0.0028686523438 
       0.2806576  -0.00033569335938 -0.00057983398438 
      0.28068027  0.0019836425781 0.0018005371094 
      0.28070295  0.0039978027344      0.00390625 
      0.28072562  0.0053100585938 0.0053405761719 
       0.2807483  0.0057373046875 0.0058288574219 
      0.28077098  0.0051879882812 0.0053405761719 
      0.28079365  0.0037536621094 0.0039367675781 
      0.28081633  0.0016174316406 0.0018310546875 
        0.280839  -0.00079345703125 -0.00054931640625 
      0.28086168  -0.0030822753906 -0.0028686523438 
      0.28088435  -0.0048522949219 -0.0046997070312 
      0.28090703  -0.0057983398438 -0.0057678222656 
      0.28092971  -0.0057678222656 -0.0057678222656 
      0.28095238  -0.0047607421875 -0.0047912597656 
      0.28097506  -0.0028991699219 -0.0030212402344 
      0.28099773  -0.00054931640625 -0.00070190429688 
      0.28102041  0.0019226074219 0.0017395019531 
      0.28104308  0.0040893554688 0.0039367675781 
      0.28106576  0.0055847167969 0.0054016113281 
      0.28108844   0.006103515625 0.0059509277344 
      0.28111111  0.0055847167969 0.0054931640625 
      0.28113379  0.0041198730469 0.0040893554688 
      0.28115646  0.0019226074219 0.0019226074219 
      0.28117914  -0.0006103515625 -0.00054931640625 
      0.28120181  -0.0030517578125   -0.0029296875 
      0.28122449  -0.0050048828125 -0.0048522949219 
      0.28124717  -0.006103515625 -0.0059509277344 
      0.28126984  -0.0061950683594 -0.0059814453125 
      0.28129252  -0.0051879882812 -0.0050048828125 
      0.28131519  -0.0032958984375 -0.003173828125 
      0.28133787  -0.00082397460938 -0.000732421875 
      0.28136054  0.0018615722656 0.0018310546875 
      0.28138322  0.0041809082031 0.0040893554688 
       0.2814059  0.0057983398438 0.0056762695312 
      0.28142857  0.0064697265625 0.0062866210938 
      0.28145125  0.0060119628906 0.0058288574219 
      0.28147392  0.0045776367188 0.0043334960938 
       0.2814966  0.0022888183594 0.0021057128906 
      0.28151927  -0.00042724609375 -0.00054931640625 
      0.28154195  -0.0030517578125 -0.0031433105469 
      0.28156463  -0.0051879882812 -0.0051879882812 
       0.2815873  -0.0064392089844  -0.00634765625 
      0.28160998  -0.0065612792969 -0.0064392089844 
      0.28163265  -0.0055847167969 -0.0054016113281 
      0.28165533  -0.0036315917969  -0.00341796875 
        0.281678  -0.0010375976562 -0.00082397460938 
      0.28170068  0.0017700195312     0.001953125 
      0.28172336  0.0042724609375 0.0043640136719 
      0.28174603  0.0060729980469  0.006103515625 
      0.28176871     0.0068359375 0.0067749023438 
      0.28179138  0.0064086914062 0.0062866210938 
      0.28181406  0.0048522949219 0.0046997070312 
      0.28183673  0.0024719238281 0.0022583007812 
      0.28185941  -0.0003662109375 -0.00057983398438 
      0.28188209  -0.0031433105469 -0.0033569335938 
      0.28190476  -0.0054321289062 -0.0055541992188 
      0.28192744  -0.0067749023438   -0.0068359375 
      0.28195011  -0.0069274902344 -0.0069274902344 
      0.28197279  -0.0059509277344 -0.0058288574219 
      0.28199546  -0.0038757324219 -0.0037231445312 
      0.28201814  -0.0010986328125 -0.00091552734375 
      0.28204082  0.0018615722656 0.0020751953125 
      0.28206349  0.0045471191406 0.0047302246094 
      0.28208617  0.0064392089844  0.006591796875 
      0.28210884  0.0072021484375 0.0072937011719 
      0.28213152  0.0067443847656 0.0067749023438 
       0.2821542  0.0050964355469 0.0050964355469 
      0.28217687  0.0025329589844 0.0024108886719 
      0.28219955   -0.00048828125 -0.0006103515625 
      0.28222222   -0.00341796875 -0.0036315917969 
       0.2822449  -0.0058288574219 -0.0059814453125 
      0.28226757  -0.0072021484375 -0.0073547363281 
      0.28229025   -0.00732421875 -0.0074462890625 
      0.28231293  -0.0061645507812 -0.0062561035156 
       0.2823356  -0.0039367675781 -0.0039672851562 
      0.28235828    -0.0009765625 -0.00094604492188 
      0.28238095  0.0021667480469 0.0022583007812 
      0.28240363  0.0049743652344 0.0050964355469 
       0.2824263  0.0069274902344  0.007080078125 
      0.28244898  0.0076904296875       0.0078125 
      0.28247166  0.0071105957031 0.0072326660156 
      0.28249433  0.0052795410156   0.00537109375 
      0.28251701  0.0024719238281 0.0025329589844 
      0.28253968  -0.00076293945312 -0.00076293945312 
      0.28256236      -0.00390625 -0.0039367675781 
      0.28258503  -0.0064086914062 -0.0064697265625 
      0.28260771  -0.0077514648438 -0.0079040527344 
      0.28263039       -0.0078125 -0.0079650878906 
      0.28265306  -0.0064697265625 -0.0065612792969 
      0.28267574  -0.0039672851562 -0.0040893554688 
      0.28269841  -0.00076293945312 -0.00082397460938 
      0.28272109  0.0026550292969 0.0025939941406 
      0.28274376  0.0055847167969  0.005615234375 
      0.28276644  0.0075988769531 0.0076599121094 
      0.28278912    0.00830078125 0.0083618164062 
      0.28281179  0.0075073242188 0.0076293945312 
      0.28283447  0.0054321289062 0.0055236816406 
      0.28285714  0.0023193359375   0.00244140625 
      0.28287982  -0.0011596679688 -0.0010986328125 
      0.28290249  -0.0045166015625 -0.0044860839844 
      0.28292517  -0.0071105957031 -0.0071105957031 
      0.28294785  -0.0084838867188 -0.0084838867188 
      0.28297052  -0.0083618164062 -0.0083923339844 
       0.2829932  -0.0067749023438 -0.0068054199219 
      0.28301587  -0.0039672851562 -0.0040283203125 
      0.28303855  -0.00042724609375  -0.00048828125 
      0.28306122  0.0032043457031  0.003173828125 
       0.2830839  0.0063171386719 0.0062866210938 
      0.28310658  0.0083312988281 0.0083312988281 
      0.28312925  0.0089111328125 0.0089111328125 
      0.28315193  0.0079650878906 0.0079650878906 
       0.2831746  0.0055541992188 0.0055541992188 
      0.28319728  0.0021362304688 0.0021362304688 
      0.28321995  -0.0016479492188 -0.0016784667969 
      0.28324263  -0.0052185058594 -0.0052490234375 
      0.28326531  -0.0079040527344 -0.0079040527344 
      0.28328798  -0.0091857910156 -0.0091857910156 
      0.28331066  -0.0088806152344 -0.0089111328125 
      0.28333333  -0.0070190429688 -0.0070190429688 
      0.28335601  -0.0038757324219 -0.0038452148438 
      0.28337868  -3.0517578125e-05               0 
      0.28340136  0.0038757324219 0.0038757324219 
      0.28342404  0.0071105957031 0.0071411132812 
      0.28344671  0.0091552734375 0.0091552734375 
      0.28346939  0.0095520019531 0.0095825195312 
      0.28349206    0.00830078125   0.00830078125 
      0.28351474  0.0055847167969 0.0055541992188 
      0.28353741  0.0018310546875 0.0017700195312 
      0.28356009  -0.0022583007812 -0.0023498535156 
      0.28358277  -0.0060119628906 -0.0060729980469 
      0.28360544  -0.0086975097656   -0.0087890625 
      0.28362812  -0.0098876953125 -0.0099792480469 
      0.28365079  -0.0093383789062 -0.0093994140625 
      0.28367347  -0.0071411132812 -0.0071105957031 
      0.28369615  -0.003662109375 -0.0036010742188 
      0.28371882  0.00051879882812 0.0006103515625 
       0.2837415   0.004638671875 0.0047302246094 
      0.28376417  0.0079650878906 0.0080871582031 
      0.28378685  0.0099182128906  0.010009765625 
      0.28380952   0.010131835938  0.010192871094 
       0.2838322   0.008544921875 0.0086059570312 
      0.28385488  0.0054321289062 0.0054626464844 
      0.28387755  0.0013122558594 0.0013122558594 
      0.28390023  -0.0030212402344 -0.0031127929688 
       0.2839229  -0.0068969726562 -0.0069885253906 
      0.28394558  -0.0095825195312 -0.0096740722656 
      0.28396825  -0.010589599609 -0.010711669922 
      0.28399093  -0.0097045898438 -0.0098266601562 
      0.28401361  -0.0071105957031 -0.0071716308594 
      0.28403628  -0.0032348632812 -0.0032348632812 
      0.28405896  0.0012512207031 0.0012817382812 
      0.28408163  0.0055236816406 0.0056457519531 
      0.28410431  0.0088806152344  0.009033203125 
      0.28412698   0.010681152344  0.010833740234 
      0.28414966   0.010589599609    0.0107421875 
      0.28417234  0.0086364746094 0.0087585449219 
      0.28419501  0.0050964355469 0.0052185058594 
      0.28421769  0.00064086914062 0.00067138671875 
      0.28424036  -0.0039367675781 -0.0039672851562 
      0.28426304  -0.0079040527344 -0.0079650878906 
      0.28428571  -0.010467529297 -0.010559082031 
      0.28430839  -0.011169433594 -0.011322021484 
      0.28433107  -0.0099487304688 -0.010070800781 
      0.28435374  -0.0068969726562 -0.0070190429688 
      0.28437642  -0.0026550292969 -0.0027160644531 
      0.28439909  0.0021667480469 0.0021057128906 
      0.28442177  0.0065612792969  0.006591796875 
      0.28444444  0.0098571777344 0.0099487304688 
      0.28446712   0.011413574219  0.011535644531 
       0.2844898   0.010955810547  0.011108398438 
      0.28451247   0.008544921875 0.0087280273438 
      0.28453515  0.0045776367188 0.0047302246094 
      0.28455782  -0.00021362304688 -9.1552734375e-05 
       0.2845805  -0.0050354003906 -0.0049438476562 
      0.28460317  -0.0089416503906 -0.0089721679688 
      0.28462585  -0.011291503906 -0.011383056641 
      0.28464853  -0.011688232422 -0.011810302734 
       0.2846712  -0.0099792480469 -0.010162353516 
      0.28469388  -0.0065002441406 -0.0066528320312 
      0.28471655  -0.0018005371094 -0.0019836425781 
      0.28473923  0.0032348632812 0.0031127929688 
       0.2847619  0.0077209472656 0.0076599121094 
      0.28478458   0.010894775391  0.010894775391 
      0.28480726   0.012115478516  0.012176513672 
      0.28482993   0.011169433594  0.011322021484 
      0.28485261  0.0082702636719 0.0084533691406 
      0.28487528  0.0038452148438 0.0040588378906 
      0.28489796  -0.0012817382812 -0.0011291503906 
      0.28492063  -0.0061950683594 -0.006103515625 
      0.28494331  -0.010070800781 -0.010040283203 
      0.28496599  -0.012145996094  -0.01220703125 
      0.28498866  -0.012115478516 -0.012268066406 
      0.28501134  -0.0098876953125 -0.010070800781 
      0.28503401  -0.0059204101562 -0.006103515625 
      0.28505669  -0.00082397460938 -0.0010070800781 
      0.28507937  0.0044555664062 0.0043029785156 
      0.28510204  0.0089721679688 0.0088806152344 
      0.28512472   0.011901855469  0.011901855469 
      0.28514739   0.012725830078  0.012817382812 
      0.28517007   0.011352539062  0.011474609375 
      0.28519274  0.0078735351562  0.008056640625 
      0.28521542  0.0029907226562  0.003173828125 
       0.2852381   -0.00244140625 -0.0022888183594 
      0.28526077  -0.0075073242188 -0.0073852539062 
      0.28528345  -0.011291503906 -0.011199951172 
      0.28530612  -0.013031005859 -0.013061523438 
       0.2853288  -0.012481689453 -0.012634277344 
      0.28535147  -0.0097045898438 -0.0099182128906 
      0.28537415  -0.0051879882812 -0.0054016113281 
      0.28539683  0.00027465820312 6.103515625e-05 
       0.2854195  0.0057678222656  0.005615234375 
      0.28544218   0.010223388672  0.010162353516 
      0.28546485   0.012939453125  0.012939453125 
      0.28548753   0.013366699219  0.013458251953 
       0.2855102   0.011383056641  0.011566162109 
      0.28553288  0.0073547363281 0.0075988769531 
      0.28555556  0.0020141601562 0.0022583007812 
      0.28557823  -0.0037536621094 -0.0035400390625 
      0.28560091  -0.0088806152344 -0.0087280273438 
      0.28562358  -0.012481689453 -0.012420654297 
      0.28564626  -0.013854980469 -0.013916015625 
      0.28566893  -0.012786865234 -0.012969970703 
      0.28569161  -0.0094604492188 -0.0096740722656 
      0.28571429   -0.00439453125 -0.004638671875 
      0.28573696  0.0014953613281 0.0012817382812 
      0.28575964  0.0071411132812 0.0069580078125 
      0.28578231   0.011566162109  0.011474609375 
      0.28580499   0.013946533203  0.013977050781 
      0.28582766   0.013885498047  0.014007568359 
      0.28585034   0.011322021484  0.011535644531 
      0.28587302  0.0067443847656 0.0069885253906 
      0.28589569  0.00091552734375  0.001220703125 
      0.28591837  -0.0050964355469   -0.0048828125 
      0.28594104   -0.01025390625 -0.010101318359 
      0.28596372  -0.013610839844 -0.013580322266 
      0.28598639  -0.014587402344   -0.0146484375 
      0.28600907  -0.012969970703 -0.013122558594 
      0.28603175  -0.0090637207031  -0.00927734375 
      0.28605442  -0.0034790039062 -0.0037536621094 
       0.2860771  0.0027770996094 0.0025024414062 
      0.28609977   0.008544921875 0.0083618164062 
      0.28612245   0.012817382812  0.012725830078 
      0.28614512   0.014892578125  0.014892578125 
       0.2861678   0.014282226562  0.014404296875 
      0.28619048   0.011138916016  0.011322021484 
      0.28621315  0.0060119628906 0.0062561035156 
      0.28623583  -0.00027465820312 3.0517578125e-05 
       0.2862585  -0.0065002441406 -0.0062561035156 
      0.28628118  -0.011627197266 -0.011444091797 
      0.28630385  -0.014739990234   -0.0146484375 
      0.28632653  -0.015228271484 -0.015258789062 
      0.28634921  -0.013000488281 -0.013122558594 
      0.28637188  -0.0084533691406 -0.0086669921875 
      0.28639456  -0.0023498535156 -0.0026245117188 
      0.28641723   0.004150390625      0.00390625 
      0.28643991   0.010009765625 0.0097961425781 
      0.28646259   0.014129638672  0.013977050781 
      0.28648526   0.015716552734  0.015655517578 
      0.28650794   0.014526367188  0.014587402344 
      0.28653061     0.0107421875  0.010894775391 
      0.28655329  0.0050048828125 0.0052490234375 
      0.28657596  -0.0016174316406 -0.0013732910156 
      0.28659864  -0.0079956054688 -0.0077819824219 
      0.28662132  -0.013031005859 -0.012847900391 
      0.28664399  -0.015777587891       -0.015625 
      0.28666667  -0.015686035156 -0.015655517578 
      0.28668934  -0.012817382812 -0.012878417969 
      0.28671202  -0.0076293945312 -0.0077819824219 
      0.28673469  -0.0010986328125 -0.0012817382812 
      0.28675737  0.0057067871094 0.0054626464844 
      0.28678005   0.011535644531  0.011291503906 
      0.28680272   0.015350341797  0.015167236328 
       0.2868254   0.016418457031  0.016326904297 
      0.28684807   0.014617919922  0.014556884766 
      0.28687075   0.010162353516  0.010223388672 
      0.28689342  0.0038757324219 0.0039672851562 
       0.2869161  -0.0031433105469 -0.0029602050781 
      0.28693878  -0.0096435546875 -0.0094299316406 
      0.28696145  -0.014434814453 -0.014221191406 
      0.28698413  -0.016723632812 -0.016510009766 
       0.2870068  -0.016021728516 -0.015899658203 
      0.28702948  -0.012451171875 -0.012420654297 
      0.28705215  -0.0066223144531 -0.0066833496094 
      0.28707483  0.00039672851562  0.000244140625 
      0.28709751  0.0073852539062 0.0072021484375 
      0.28712018   0.013122558594  0.012878417969 
      0.28714286   0.016571044922  0.016326904297 
      0.28716553   0.017028808594  0.016876220703 
      0.28718821   0.014495849609  0.014404296875 
      0.28721088  0.0093688964844 0.0093078613281 
      0.28723356  0.0025329589844 0.0025329589844 
      0.28725624  -0.0048217773438 -0.0046997070312 
      0.28727891  -0.011352539062 -0.011169433594 
      0.28730159  -0.015899658203 -0.015686035156 
      0.28732426  -0.017608642578 -0.017395019531 
      0.28734694  -0.016204833984 -0.016021728516 
      0.28736961  -0.011901855469 -0.011810302734 
      0.28739229  -0.0054626464844 -0.0054016113281 
      0.28741497  0.0019836425781     0.001953125 
      0.28743764  0.0091552734375  0.009033203125 
      0.28746032   0.014678955078  0.014556884766 
      0.28748299   0.017669677734  0.017517089844 
      0.28750567   0.017517089844  0.017333984375 
      0.28752834   0.014221191406  0.014068603516 
      0.28755102  0.0083923339844   0.00830078125 
       0.2875737  0.0010375976562    0.0009765625 
      0.28759637  -0.0065612792969 -0.0065612792969 
      0.28761905  -0.013000488281 -0.012939453125 
      0.28764172  -0.017181396484 -0.017059326172 
       0.2876644  -0.018310546875 -0.018218994141 
      0.28768707  -0.016204833984 -0.016082763672 
      0.28770975  -0.011169433594 -0.011047363281 
      0.28773243  -0.0041809082031 -0.0040588378906 
       0.2877551  0.0036315917969 0.0037231445312 
      0.28777778   0.010833740234  0.010833740234 
      0.28780045   0.016143798828  0.016143798828 
      0.28782313   0.018615722656  0.018585205078 
       0.2878458   0.017761230469  0.017669677734 
      0.28786848   0.013732910156     0.013671875 
      0.28789116  0.0072631835938 0.0071716308594 
      0.28791383  -0.00051879882812 -0.0006103515625 
      0.28793651  -0.0082702636719 -0.0083312988281 
      0.28795918  -0.014587402344 -0.014617919922 
      0.28798186  -0.018310546875 -0.018310546875 
      0.28800454  -0.018768310547 -0.018798828125 
      0.28802721  -0.015930175781 -0.015930175781 
      0.28804989  -0.010223388672  -0.01025390625 
      0.28807256  -0.002685546875 -0.002685546875 
      0.28809524  0.0054016113281 0.0054016113281 
      0.28811791   0.012481689453  0.012542724609 
      0.28814059   0.017395019531  0.017486572266 
      0.28816327   0.019226074219  0.019378662109 
      0.28818594   0.017669677734  0.017791748047 
      0.28820862   0.012908935547  0.013061523438 
      0.28823129      0.005859375 0.0059814453125 
      0.28825397  -0.0022583007812 -0.0021667480469 
      0.28827664  -0.010009765625 -0.0099792480469 
      0.28829932  -0.016021728516 -0.016052246094 
        0.288322  -0.019165039062 -0.019287109375 
      0.28834467  -0.018890380859 -0.019073486328 
      0.28836735  -0.015258789062 -0.015502929688 
      0.28839002  -0.0088806152344 -0.0091552734375 
       0.2884127  -0.00091552734375 -0.0011901855469 
      0.28843537  0.0072326660156 0.0070190429688 
      0.28845805   0.014129638672  0.014038085938 
      0.28848073     0.0185546875  0.018585205078 
       0.2885034   0.019653320312  0.019805908203 
      0.28852608   0.017242431641  0.017517089844 
      0.28854875   0.011749267578  0.012115478516 
      0.28857143  0.0041198730469 0.0045471191406 
       0.2885941  -0.0042724609375 -0.0038757324219 
      0.28861678  -0.011901855469 -0.011627197266 
      0.28863946  -0.017425537109 -0.017272949219 
      0.28866213  -0.019897460938 -0.019927978516 
      0.28868481  -0.018737792969 -0.019012451172 
      0.28870748  -0.014312744141 -0.014678955078 
      0.28873016  -0.0072631835938 -0.0077514648438 
      0.28875283  0.0011291503906 0.00057983398438 
      0.28877551  0.0093078613281    0.0087890625 
      0.28879819   0.015838623047  0.015472412109 
      0.28882086   0.019622802734  0.019409179688 
      0.28884354   0.019897460938  0.019927978516 
      0.28886621     0.0166015625  0.016845703125 
      0.28888889   0.010314941406  0.010772705078 
      0.28891156  0.0021362304688 0.0027160644531 
      0.28893424  -0.0064392089844 -0.0057983398438 
      0.28895692  -0.013885498047 -0.013275146484 
      0.28897959  -0.018890380859 -0.018432617188 
      0.28900227  -0.020538330078 -0.020294189453 
      0.28902494  -0.018524169922   -0.0185546875 
      0.28904762   -0.01318359375 -0.013427734375 
      0.28907029  -0.0054626464844 -0.0059814453125 
      0.28909297  0.0032958984375 0.0026245117188 
      0.28911565   0.011505126953  0.010772705078 
      0.28913832   0.017669677734  0.016998291016 
        0.289161   0.020690917969  0.020202636719 
      0.28918367   0.020080566406  0.019805908203 
      0.28920635   0.015808105469  0.015869140625 
      0.28922902  0.0087280273438  0.009033203125 
       0.2892517  6.103515625e-05 0.0006103515625 
      0.28927438  -0.0086669921875 -0.0079345703125 
      0.28929705  -0.015899658203  -0.01513671875 
      0.28931973  -0.020324707031 -0.019653320312 
       0.2893424  -0.021087646484 -0.020629882812 
      0.28936508  -0.018127441406 -0.017913818359 
      0.28938776  -0.011932373047 -0.011962890625 
      0.28941043  -0.0035400390625     -0.00390625 
      0.28943311  0.0054931640625 0.0049133300781 
      0.28945578   0.013610839844  0.012878417969 
      0.28947846   0.019348144531  0.018585205078 
      0.28950113   0.021575927734  0.020965576172 
      0.28952381   0.020050048828  0.019622802734 
      0.28954649   0.014953613281  0.014678955078 
      0.28956916  0.0071105957031 0.0071716308594 
      0.28959184  -0.0020141601562 -0.0016784667969 
      0.28961451  -0.010803222656 -0.010284423828 
      0.28963719  -0.017700195312 -0.017059326172 
      0.28965986  -0.021514892578 -0.020843505859 
      0.28968254  -0.021453857422 -0.020874023438 
      0.28970522     -0.017578125 -0.017181396484 
      0.28972789  -0.010559082031 -0.010406494141 
      0.28975057  -0.0016174316406 -0.0017395019531 
      0.28977324  0.0076293945312 0.0072937011719 
      0.28979592   0.015563964844  0.015045166016 
      0.28981859   0.020751953125  0.020141601562 
      0.28984127   0.022247314453  0.021667480469 
      0.28986395   0.019805908203  0.019348144531 
      0.28988662   0.013793945312  0.013519287109 
       0.2899093  0.0053100585938 0.0052490234375 
      0.28993197  -0.0041198730469 -0.0039672851562 
      0.28995465  -0.012878417969 -0.012512207031 
      0.28997732  -0.019348144531 -0.018890380859 
            0.29  -0.022430419922 -0.021911621094 
      0.29002268     -0.021484375  -0.02099609375 
      0.29004535  -0.016723632812 -0.016387939453 
      0.29006803  -0.0089721679688   -0.0087890625 
       0.2900907  0.00039672851562 0.0003662109375 
      0.29011338  0.0097351074219  0.009521484375 
      0.29013605   0.017364501953  0.016998291016 
      0.29015873   0.021911621094     0.021484375 
      0.29018141   0.022583007812  0.022155761719 
      0.29020408   0.019195556641  0.018890380859 
      0.29022676   0.012390136719   0.01220703125 
      0.29024943  0.0033874511719 0.0033569335938 
      0.29027211  -0.0062561035156 -0.006103515625 
      0.29029478  -0.014831542969 -0.014556884766 
      0.29031746  -0.020751953125 -0.020416259766 
      0.29034014  -0.023040771484 -0.022644042969 
      0.29036281  -0.021179199219 -0.020843505859 
      0.29038549  -0.015533447266 -0.015350341797 
      0.29040816  -0.0071411132812 -0.007080078125 
      0.29043084  0.0025634765625 0.0024108886719 
      0.29045351   0.011810302734  0.011566162109 
      0.29047619   0.019012451172  0.018615722656 
      0.29049887   0.022796630859  0.022430419922 
      0.29052154   0.022583007812  0.022216796875 
      0.29054422   0.018310546875   0.01806640625 
      0.29056689   0.010772705078  0.010681152344 
      0.29058957  0.0012817382812 0.0013732910156 
      0.29061224  -0.0084228515625 -0.0082092285156 
      0.29063492  -0.016662597656 -0.016296386719 
       0.2906576  -0.021942138672 -0.021514892578 
      0.29068027  -0.023376464844  -0.02294921875 
      0.29070295  -0.020599365234 -0.020233154297 
      0.29072562  -0.014129638672 -0.013977050781 
       0.2907483  -0.005126953125 -0.0051574707031 
      0.29077098  0.0047607421875 0.0045471191406 
      0.29079365   0.013854980469  0.013488769531 
      0.29081633   0.020477294922  0.019989013672 
        0.290839   0.023468017578  0.022979736328 
      0.29086168   0.022277832031  0.021850585938 
      0.29088435   0.017120361328  0.016845703125 
      0.29090703  0.0089111328125 0.0088195800781 
      0.29092971  -0.00094604492188 -0.00082397460938 
      0.29095238  -0.010620117188 -0.010284423828 
      0.29097506  -0.018371582031 -0.017944335938 
      0.29099773  -0.022918701172 -0.022399902344 
      0.29102041  -0.023376464844 -0.022827148438 
      0.29104308  -0.019653320312 -0.019195556641 
      0.29106576  -0.012451171875 -0.012176513672 
      0.29108844  -0.0029907226562   -0.0029296875 
      0.29111111  0.0069885253906    0.0068359375 
      0.29113379   0.015747070312  0.015380859375 
      0.29115646   0.021728515625  0.021209716797 
      0.29117914   0.023834228516  0.023254394531 
      0.29120181   0.021697998047  0.021118164062 
      0.29122449   0.015655517578  0.015228271484 
      0.29124717     0.0068359375  0.006591796875 
      0.29126984  -0.0032043457031 -0.0032348632812 
      0.29129252    -0.0126953125 -0.012481689453 
      0.29131519  -0.019927978516 -0.019500732422 
      0.29133787  -0.023620605469 -0.023071289062 
      0.29136054  -0.023071289062 -0.022521972656 
      0.29138322  -0.018463134766 -0.017883300781 
       0.2914059  -0.010528564453 -0.010101318359 
      0.29142857  -0.000732421875  -0.00048828125 
      0.29145125  0.0092468261719 0.0092468261719 
      0.29147392   0.017547607422  0.017303466797 
       0.2914966   0.022735595703  0.022338867188 
      0.29151927   0.023895263672  0.023345947266 
      0.29154195   0.020782470703  0.020202636719 
      0.29156463   0.013916015625  0.013427734375 
       0.2915873   0.004638671875 0.0042114257812 
      0.29160998  -0.0055236816406 -0.0057373046875 
      0.29163265  -0.014709472656 -0.014739990234 
      0.29165533  -0.021240234375 -0.021057128906 
        0.291678  -0.024017333984 -0.023620605469 
      0.29170068  -0.022521972656 -0.022033691406 
      0.29172336  -0.016967773438 -0.016448974609 
      0.29174603  -0.0083923339844 -0.0079345703125 
      0.29176871  0.0016479492188 0.0020446777344 
      0.29179138   0.011413574219  0.011657714844 
      0.29181406   0.019195556641  0.019195556641 
      0.29183673   0.023498535156  0.023345947266 
      0.29185941   0.023620605469  0.023345947266 
      0.29188209   0.019561767578  0.019165039062 
      0.29190476   0.012023925781  0.011535644531 
      0.29192744  0.0022888183594 0.0018310546875 
      0.29195011  -0.0078430175781 -0.0082092285156 
      0.29197279  -0.016571044922 -0.016784667969 
      0.29199546  -0.022369384766 -0.022430419922 
      0.29201814  -0.024200439453 -0.024078369141 
      0.29204082  -0.021667480469 -0.021423339844 
      0.29206349  -0.015289306641 -0.014923095703 
      0.29208617  -0.0061340332031 -0.0057678222656 
      0.29210884  0.0040588378906 0.0044250488281 
      0.29213152   0.013549804688  0.013885498047 
       0.2921542   0.020660400391  0.020874023438 
      0.29217687   0.024047851562  0.024169921875 
      0.29219955   0.023193359375  0.023101806641 
      0.29222222   0.018157958984  0.017974853516 
       0.2922449  0.0098876953125 0.0096130371094 
      0.29226757  -0.0001220703125  -0.00048828125 
      0.29229025  -0.010131835938 -0.010467529297 
      0.29231293  -0.018341064453 -0.018646240234 
       0.2923356  -0.023284912109 -0.023529052734 
      0.29235828  -0.024078369141 -0.024169921875 
      0.29238095  -0.020599365234 -0.020568847656 
      0.29240363  -0.013397216797 -0.013244628906 
       0.2924263  -0.0038146972656 -0.0036010742188 
      0.29244898  0.0064086914062 0.0067138671875 
      0.29247166   0.015563964844  0.015899658203 
      0.29249433   0.021942138672  0.022216796875 
      0.29251701     0.0244140625  0.024597167969 
      0.29253968   0.022491455078  0.022583007812 
      0.29256236   0.016571044922  0.016571044922 
      0.29258503  0.0077514648438  0.007568359375 
      0.29260771  -0.0025024414062 -0.0027465820312 
      0.29263039  -0.012329101562 -0.012603759766 
      0.29265306  -0.019958496094 -0.020233154297 
      0.29267574  -0.024017333984 -0.024291992188 
      0.29269841  -0.023803710938 -0.023986816406 
      0.29272109  -0.019348144531 -0.019439697266 
      0.29274376  -0.011444091797 -0.011383056641 
      0.29276644  -0.0014953613281 -0.0013427734375 
      0.29278912  0.0087585449219 0.0089416503906 
      0.29281179   0.017425537109  0.017669677734 
      0.29283447    0.02294921875  0.023254394531 
      0.29285714   0.024444580078  0.024658203125 
      0.29287982   0.021575927734  0.021728515625 
      0.29290249   0.014831542969  0.014862060547 
      0.29292517  0.0054626464844 0.0054016113281 
      0.29294785  -0.0048522949219 -0.0050048828125 
      0.29297052  -0.014373779297 -0.014587402344 
       0.2929932  -0.021301269531 -0.021545410156 
      0.29301587  -0.024444580078 -0.024688720703 
      0.29303855  -0.023223876953 -0.023406982422 
      0.29306122  -0.017852783203 -0.017944335938 
       0.2930839  -0.0093383789062 -0.0093383789062 
      0.29310658  0.0008544921875    0.0009765625 
      0.29312925   0.010894775391  0.011108398438 
      0.29315193   0.019012451172  0.019287109375 
       0.2931746   0.023712158203  0.024017333984 
      0.29319728   0.024200439453  0.024444580078 
      0.29321995   0.020385742188  0.020538330078 
      0.29324263   0.012939453125  0.012969970703 
      0.29326531  0.0032043457031 0.0031127929688 
      0.29328798  -0.0071411132812  -0.00732421875 
      0.29331066  -0.016174316406 -0.016448974609 
      0.29333333  -0.022338867188 -0.022644042969 
      0.29335601  -0.024536132812 -0.024841308594 
      0.29337868  -0.022338867188 -0.022583007812 
      0.29340136  -0.016174316406 -0.016296386719 
      0.29342404  -0.0071105957031 -0.0071105957031 
      0.29344671  0.0032043457031 0.0033264160156 
      0.29346939   0.012939453125  0.013214111328 
      0.29349206   0.020385742188  0.020690917969 
      0.29351474   0.024200439453  0.024505615234 
      0.29353741   0.023681640625  0.023956298828 
      0.29356009   0.018920898438  0.019165039062 
      0.29358277   0.010833740234  0.010925292969 
      0.29360544  0.00079345703125  0.000732421875 
      0.29362812  -0.0093688964844 -0.0095520019531 
      0.29365079  -0.017883300781 -0.018157958984 
      0.29367347  -0.023193359375 -0.023529052734 
      0.29369615  -0.024353027344 -0.024719238281 
      0.29371882  -0.021179199219 -0.021514892578 
       0.2937415  -0.014251708984 -0.014465332031 
      0.29376417  -0.0047912597656 -0.0048217773438 
      0.29378685  0.0055236816406  0.005615234375 
      0.29380952   0.014923095703   0.01513671875 
       0.2938322   0.021575927734  0.021911621094 
      0.29385488     0.0244140625  0.024810791016 
      0.29387755   0.022888183594  0.023254394531 
      0.29390023   0.017303466797     0.017578125 
       0.2939229  0.0086364746094    0.0087890625 
      0.29394558  -0.0015869140625 -0.0015869140625 
      0.29396825  -0.011535644531 -0.011657714844 
      0.29399093  -0.019409179688 -0.019653320312 
      0.29401361  -0.023803710938 -0.024169921875 
      0.29403628  -0.023986816406 -0.024353027344 
      0.29405896  -0.019897460938 -0.020233154297 
      0.29408163  -0.012237548828 -0.012512207031 
      0.29410431  -0.0024108886719 -0.0025634765625 
      0.29412698  0.0078430175781 0.0078735351562 
      0.29414966   0.016723632812  0.016845703125 
      0.29417234   0.022613525391  0.022827148438 
      0.29419501   0.024444580078  0.024749755859 
      0.29421769   0.021942138672  0.022277832031 
      0.29424036   0.015563964844  0.015838623047 
      0.29426304    0.00634765625  0.006591796875 
      0.29428571  -0.0039367675781 -0.0038146972656 
      0.29430839  -0.013549804688 -0.013549804688 
      0.29433107  -0.020751953125 -0.020843505859 
      0.29435374  -0.024200439453 -0.024475097656 
      0.29437642  -0.023406982422 -0.023681640625 
      0.29439909  -0.018402099609 -0.018737792969 
      0.29442177  -0.010162353516 -0.010437011719 
      0.29444444  -9.1552734375e-05 -0.00027465820312 
      0.29446712  0.0099792480469 0.0098876953125 
       0.2944898   0.018280029297  0.018280029297 
      0.29451247   0.023315429688       0.0234375 
      0.29453515   0.024200439453  0.024444580078 
      0.29455782   0.020782470703  0.021057128906 
       0.2945805      0.013671875  0.013946533203 
      0.29460317  0.0041198730469 0.0043640136719 
      0.29462585  -0.0061340332031 -0.0059509277344 
      0.29464853  -0.015289306641 -0.015228271484 
       0.2946712  -0.021697998047 -0.021789550781 
      0.29469388  -0.024261474609 -0.024444580078 
      0.29471655  -0.022552490234 -0.022766113281 
      0.29473923  -0.016754150391 -0.017028808594 
       0.2947619  -0.0079956054688 -0.0082702636719 
      0.29478458  0.0021362304688 0.0019226074219 
      0.29480726   0.011901855469  0.011779785156 
      0.29482993       0.01953125  0.019500732422 
      0.29485261   0.023681640625  0.023742675781 
      0.29487528   0.023590087891  0.023803710938 
      0.29489796   0.019348144531  0.019592285156 
      0.29492063   0.011627197266  0.011901855469 
      0.29494331  0.0018615722656 0.0021362304688 
      0.29496599  -0.0082092285156 -0.0080261230469 
      0.29498866  -0.016845703125 -0.016723632812 
      0.29501134  -0.022430419922 -0.022430419922 
      0.29503401  -0.024017333984 -0.024108886719 
      0.29505669  -0.021331787109 -0.021575927734 
      0.29507937  -0.014892578125  -0.01513671875 
      0.29510204  -0.0057678222656 -0.0060119628906 
      0.29512472  0.0043334960938 0.0041198730469 
      0.29514739      0.013671875  0.013488769531 
      0.29517007   0.020568847656    0.0205078125 
      0.29519274   0.023773193359  0.023803710938 
      0.29521542   0.022766113281  0.022888183594 
       0.2952381   0.017669677734  0.017913818359 
      0.29526077  0.0094604492188 0.0097351074219 
      0.29528345  -0.00039672851562 -0.00015258789062 
      0.29530612  -0.010192871094 -0.0099792480469 
       0.2953288  -0.018157958984 -0.018035888672 
      0.29535147  -0.022888183594 -0.022857666016 
      0.29537415  -0.023529052734 -0.023590087891 
      0.29539683  -0.019989013672 -0.020141601562 
       0.2954195  -0.012878417969 -0.013092041016 
      0.29544218  -0.0035095214844 -0.0037536621094 
      0.29546485  0.0065002441406 0.0062255859375 
      0.29548753   0.015289306641  0.015106201172 
       0.2955102   0.021392822266  0.021301269531 
      0.29553288   0.023651123047  0.023651123047 
      0.29555556   0.021697998047  0.021820068359 
      0.29557823   0.015899658203  0.016082763672 
      0.29560091  0.0072631835938 0.0075073242188 
      0.29562358  -0.0026245117188 -0.0023803710938 
      0.29564626  -0.012054443359 -0.011840820312 
      0.29566893  -0.019317626953 -0.019165039062 
      0.29569161  -0.023162841797 -0.023101806641 
      0.29571429  -0.022857666016 -0.022918701172 
      0.29573696  -0.018463134766 -0.018615722656 
      0.29575964  -0.010864257812 -0.011047363281 
      0.29578231  -0.0012817382812 -0.0015258789062 
      0.29580499  0.0084533691406 0.0082702636719 
      0.29582766   0.016723632812  0.016571044922 
      0.29585034    0.02197265625  0.021881103516 
      0.29587302   0.023345947266  0.023315429688 
      0.29589569   0.020538330078  0.020629882812 
      0.29591837   0.014099121094  0.014221191406 
      0.29594104  0.0051574707031 0.0053100585938 
      0.29596372  -0.0046691894531 -0.0044860839844 
      0.29598639     -0.013671875 -0.013519287109 
      0.29600907  -0.020233154297 -0.020111083984 
      0.29603175  -0.023162841797 -0.023132324219 
      0.29605442   -0.02197265625 -0.022003173828 
       0.2960771  -0.016937255859 -0.017028808594 
      0.29609977  -0.0088195800781 -0.0090026855469 
      0.29612245  0.00079345703125 0.0006103515625 
      0.29614512    0.01025390625  0.010101318359 
       0.2961678   0.017883300781  0.017791748047 
      0.29619048   0.022308349609  0.022277832031 
      0.29621315   0.022796630859  0.022827148438 
      0.29623583   0.019195556641  0.019317626953 
       0.2962585    0.01220703125  0.012359619141 
      0.29628118  0.0030517578125 0.0032348632812 
      0.29630385  -0.006591796875 -0.0064392089844 
      0.29632653  -0.015075683594 -0.014953613281 
      0.29634921  -0.020874023438 -0.020812988281 
      0.29637188   -0.02294921875  -0.02294921875 
      0.29639456  -0.020935058594  -0.02099609375 
      0.29641723  -0.015258789062 -0.015380859375 
      0.29643991  -0.0068054199219 -0.0070190429688 
      0.29646259  0.0028076171875 0.0026245117188 
      0.29648526   0.011901855469  0.011749267578 
      0.29650794   0.018890380859  0.018737792969 
      0.29653061     0.0224609375  0.022430419922 
      0.29655329   0.022064208984  0.022125244141 
      0.29657596   0.017761230469  0.017883300781 
      0.29659864   0.010314941406  0.010437011719 
      0.29662132  0.0010375976562  0.001220703125 
      0.29664399  -0.0083923339844 -0.0082397460938 
      0.29666667  -0.016357421875 -0.016174316406 
      0.29668934  -0.021331787109 -0.021270751953 
      0.29671202  -0.022583007812 -0.022583007812 
      0.29673469  -0.019775390625 -0.019836425781 
      0.29675737  -0.013458251953 -0.013610839844 
      0.29678005  -0.0047912597656 -0.0050048828125 
      0.29680272  0.0046997070312 0.0044860839844 
       0.2968254   0.013366699219   0.01318359375 
      0.29684807   0.019622802734      0.01953125 
      0.29687075   0.022430419922  0.022369384766 
      0.29689342   0.021209716797  0.021270751953 
       0.2969161   0.016235351562  0.016357421875 
      0.29693878  0.0084228515625 0.0086059570312 
      0.29696145  -0.00091552734375 -0.00067138671875 
      0.29698413  -0.010009765625 -0.0098266601562 
       0.2970068  -0.017333984375 -0.017211914062 
      0.29702948  -0.021606445312 -0.021514892578 
      0.29705215  -0.022033691406 -0.022003173828 
      0.29707483  -0.018524169922 -0.018615722656 
      0.29709751  -0.011749267578 -0.011901855469 
      0.29712018  -0.0028991699219 -0.0031127929688 
      0.29714286  0.0064086914062 0.0062255859375 
      0.29716553   0.014587402344  0.014404296875 
      0.29718821   0.020202636719  0.020080566406 
      0.29721088   0.022216796875  0.022125244141 
      0.29723356   0.020263671875  0.020263671875 
      0.29725624   0.014739990234  0.014801025391 
      0.29727891   0.006591796875 0.0067443847656 
      0.29730159  -0.0026550292969  -0.00244140625 
      0.29732426  -0.011413574219  -0.01123046875 
      0.29734694  -0.018157958984 -0.018005371094 
      0.29736961  -0.021697998047 -0.021575927734 
      0.29739229  -0.021362304688 -0.021301269531 
      0.29741497  -0.017211914062 -0.017272949219 
      0.29743764  -0.010101318359 -0.010223388672 
      0.29746032  -0.0011596679688 -0.0013122558594 
      0.29748299  0.0079345703125 0.0077514648438 
      0.29750567   0.015594482422  0.015441894531 
      0.29752834     0.0205078125  0.020355224609 
      0.29755102   0.021759033203  0.021667480469 
       0.2975737   0.019165039062  0.019165039062 
      0.29759637    0.01318359375  0.013275146484 
      0.29761905  0.0049133300781 0.0050354003906 
      0.29764172  -0.0042419433594 -0.0040588378906 
       0.2976644  -0.012573242188 -0.012420654297 
      0.29768707  -0.018707275391   -0.0185546875 
      0.29770975  -0.021514892578 -0.021392822266 
      0.29773243  -0.020477294922 -0.020477294922 
       0.2977551  -0.015869140625 -0.015899658203 
      0.29777778  -0.0084533691406 -0.008544921875 
      0.29780045  0.00042724609375 0.00030517578125 
      0.29782313  0.0092468261719 0.0090637207031 
       0.2978458   0.016357421875  0.016204833984 
      0.29786848   0.020599365234  0.020446777344 
      0.29789116   0.021118164062  0.021057128906 
      0.29791383   0.017974853516  0.017974853516 
      0.29793651   0.011657714844  0.011688232422 
      0.29795918  0.0032958984375 0.0033264160156 
      0.29798186  -0.0056457519531 -0.0055236816406 
      0.29800454  -0.013549804688 -0.013397216797 
      0.29802721  -0.019012451172 -0.018920898438 
      0.29804989  -0.021087646484 -0.021026611328 
      0.29807256  -0.019470214844 -0.019439697266 
      0.29809524  -0.014404296875 -0.014404296875 
      0.29811791  -0.0068054199219   -0.0068359375 
      0.29814059  0.0019836425781 0.0019226074219 
      0.29816327   0.010375976562  0.010284423828 
      0.29818594   0.016906738281  0.016815185547 
      0.29820862   0.020416259766  0.020355224609 
      0.29823129   0.020324707031  0.020294189453 
      0.29825397     0.0166015625  0.016632080078 
      0.29827664  0.0099792480469  0.010009765625 
      0.29829932  0.0016174316406  0.001708984375 
        0.298322  -0.0069885253906 -0.0069580078125 
      0.29834467  -0.014404296875 -0.014312744141 
      0.29836735  -0.019165039062 -0.019104003906 
      0.29839002  -0.020538330078   -0.0205078125 
       0.2984127  -0.018280029297 -0.018310546875 
      0.29843537  -0.012817382812 -0.012847900391 
      0.29845805  -0.005126953125 -0.0051574707031 
      0.29848073  0.0035095214844   0.00341796875 
       0.2985034   0.011474609375  0.011413574219 
      0.29852608   0.017364501953  0.017333984375 
      0.29854875   0.020233154297  0.020172119141 
      0.29857143   0.019439697266  0.019439697266 
       0.2985941   0.015228271484  0.015289306641 
      0.29861678  0.0083312988281 0.0084228515625 
      0.29863946  3.0517578125e-05 9.1552734375e-05 
      0.29866213   -0.00830078125 -0.0082397460938 
      0.29868481  -0.015167236328 -0.015106201172 
      0.29870748  -0.019287109375 -0.019256591797 
      0.29873016   -0.02001953125 -0.019989013672 
      0.29875283  -0.017181396484 -0.017242431641 
      0.29877551  -0.011322021484 -0.011383056641 
      0.29879819  -0.0034790039062 -0.0035705566406 
      0.29882086  0.0049743652344 0.0048522949219 
      0.29884354   0.012512207031  0.012451171875 
      0.29886621   0.017822265625  0.017761230469 
      0.29888889   0.019989013672  0.019958496094 
      0.29891156   0.018585205078  0.018646240234 
      0.29893424   0.013946533203  0.014007568359 
      0.29895692     0.0068359375 0.0069274902344 
      0.29897959  -0.0014953613281 -0.0013427734375 
      0.29900227  -0.009521484375 -0.0093994140625 
      0.29902494  -0.015869140625 -0.015747070312 
      0.29904762  -0.019409179688 -0.019287109375 
      0.29907029  -0.019470214844 -0.019470214844 
      0.29909297   -0.01611328125 -0.016174316406 
      0.29911565  -0.0099487304688 -0.010040283203 
      0.29913832  -0.0020446777344 -0.0021667480469 
        0.299161  0.0062255859375 0.0060729980469 
      0.29918367   0.013427734375  0.013214111328 
      0.29920635   0.018188476562  0.018035888672 
      0.29922902   0.019744873047  0.019653320312 
       0.2992517   0.017822265625  0.017822265625 
      0.29927438   0.012756347656  0.012878417969 
      0.29929705  0.0054626464844 0.0056457519531 
      0.29931973  -0.0028076171875 -0.0025939941406 
       0.2993424  -0.010528564453 -0.010284423828 
      0.29936508  -0.016387939453 -0.016174316406 
      0.29938776  -0.019378662109 -0.019195556641 
      0.29941043  -0.018920898438 -0.018829345703 
      0.29943311  -0.015167236328 -0.015167236328 
      0.29945578  -0.0087280273438 -0.0088195800781 
      0.29947846  -0.00079345703125   -0.0009765625 
      0.29950113    0.00732421875 0.0070190429688 
      0.29952381   0.014068603516  0.013793945312 
      0.29954649   0.018371582031   0.01806640625 
      0.29956916   0.019409179688  0.019195556641 
      0.29959184   0.017059326172  0.016906738281 
      0.29961451   0.011688232422  0.011688232422 
      0.29963719  0.0043029785156 0.0044250488281 
      0.29965986  -0.0038452148438 -0.0036010742188 
      0.29968254  -0.011291503906 -0.010925292969 
      0.29970522  -0.016754150391 -0.016357421875 
      0.29972789  -0.019226074219 -0.018859863281 
      0.29975057  -0.018310546875 -0.018035888672 
      0.29977324  -0.014221191406 -0.014068603516 
      0.29979592  -0.0076599121094 -0.0076293945312 
      0.29981859  0.00027465820312 0.0001220703125 
      0.29984127  0.0081176757812 0.0078430175781 
      0.29986395   0.014495849609  0.014129638672 
      0.29988662   0.018341064453  0.017944335938 
       0.2999093   0.018951416016    0.0185546875 
      0.29993197   0.016204833984  0.015930175781 
      0.29995465   0.010650634766  0.010467529297 
      0.29997732  0.0032348632812 0.0032043457031 
             0.3  -0.0047302246094 -0.0045776367188 
      0.30002268  -0.011840820312 -0.011535644531 
      0.30004535  -0.016815185547 -0.016448974609 
      0.30006803  -0.018890380859 -0.018432617188 
       0.3000907     -0.017578125 -0.017181396484 
      0.30011338  -0.013244628906 -0.012939453125 
      0.30013605  -0.006591796875 -0.0063781738281 
      0.30015873   0.001220703125 0.0012512207031 
      0.30018141     0.0087890625 0.0086364746094 
      0.30020408   0.014770507812  0.014495849609 
      0.30022676   0.018127441406  0.017761230469 
      0.30024943   0.018371582031  0.017913818359 
      0.30027211   0.015319824219  0.014892578125 
      0.30029478  0.0096130371094 0.0092468261719 
      0.30031746  0.0022277832031 0.0020141601562 
      0.30034014  -0.0054931640625 -0.0055847167969 
      0.30036281  -0.012237548828 -0.012145996094 
      0.30038549  -0.016815185547 -0.016571044922 
      0.30040816  -0.018432617188 -0.018096923828 
      0.30043084  -0.016784667969 -0.016387939453 
      0.30045351  -0.012237548828 -0.011840820312 
      0.30047619  -0.0055236816406 -0.0051879882812 
      0.30049887  0.0021362304688 0.0023498535156 
      0.30052154  0.0093688964844 0.0094604492188 
      0.30054422   0.014953613281  0.014923095703 
      0.30056689   0.017883300781  0.017700195312 
      0.30058957   0.017669677734  0.017425537109 
      0.30061224   0.014373779297  0.014007568359 
      0.30063492  0.0085144042969 0.0081787109375 
       0.3006576  0.0012512207031 0.00091552734375 
      0.30068027  -0.0062561035156 -0.0065002441406 
      0.30070295  -0.012634277344 -0.012756347656 
      0.30072562  -0.016784667969 -0.016815185547 
       0.3007483  -0.017974853516 -0.017852783203 
      0.30077098  -0.015991210938 -0.015777587891 
      0.30079365   -0.01123046875 -0.010955810547 
      0.30081633  -0.0044860839844 -0.0041809082031 
        0.300839  0.0029907226562 0.0032958984375 
      0.30086168  0.0099792480469  0.010223388672 
      0.30088435    0.01513671875  0.015289306641 
      0.30090703   0.017669677734  0.017730712891 
      0.30092971   0.017059326172  0.017028808594 
      0.30095238   0.013488769531  0.013305664062 
      0.30097506  0.0075073242188   0.00732421875 
      0.30099773  0.00027465820312               0 
      0.30102041  -0.0070190429688  -0.00732421875 
      0.30104308  -0.013031005859 -0.013336181641 
      0.30106576  -0.016815185547 -0.016998291016 
      0.30108844     -0.017578125 -0.017669677734 
      0.30111111  -0.015258789062 -0.015258789062 
      0.30113379  -0.010284423828 -0.010192871094 
      0.30115646  -0.0034790039062 -0.0033569335938 
      0.30117914       0.00390625 0.0040893554688 
      0.30120181   0.010620117188  0.010803222656 
      0.30122449   0.015411376953        0.015625 
      0.30124717   0.017517089844  0.017700195312 
      0.30126984   0.016510009766  0.016662597656 
      0.30129252   0.012634277344  0.012725830078 
      0.30131519  0.0065307617188 0.0065612792969 
      0.30133787  -0.00070190429688 -0.000732421875 
      0.30136054       -0.0078125 -0.0079345703125 
      0.30138322  -0.013519287109 -0.013732910156 
       0.3014059  -0.016906738281  -0.01708984375 
      0.30142857  -0.017242431641 -0.017425537109 
      0.30145125  -0.014617919922 -0.014770507812 
      0.30147392  -0.0093688964844 -0.0094909667969 
       0.3014966  -0.0025024414062 -0.0025939941406 
      0.30151927  0.0047912597656 0.0047912597656 
      0.30154195   0.011260986328  0.011322021484 
      0.30156463   0.015716552734  0.015838623047 
       0.3015873   0.017456054688     0.017578125 
      0.30160998   0.016082763672  0.016235351562 
      0.30163265   0.011932373047  0.012084960938 
      0.30165533   0.005615234375 0.0057678222656 
        0.301678  -0.0016174316406 -0.0014953613281 
      0.30170068  -0.0085754394531 -0.0085144042969 
      0.30172336  -0.014068603516 -0.014038085938 
      0.30174603  -0.017059326172  -0.01708984375 
      0.30176871  -0.017059326172 -0.017120361328 
      0.30179138  -0.014068603516  -0.01416015625 
      0.30181406  -0.0085754394531 -0.0086975097656 
      0.30183673  -0.0015869140625 -0.0017700195312 
      0.30185941  0.0056762695312 0.0055236816406 
      0.30188209   0.011932373047  0.011810302734 
      0.30190476   0.016082763672  0.015991210938 
      0.30192744   0.017456054688  0.017364501953 
      0.30195011   0.015716552734  0.015716552734 
      0.30197279    0.01123046875  0.011322021484 
      0.30199546  0.0047912597656    0.0048828125 
      0.30201814  -0.0025329589844 -0.0023498535156 
      0.30204082  -0.0093994140625 -0.0091857910156 
      0.30206349  -0.014587402344 -0.014373779297 
      0.30208617  -0.017242431641 -0.017059326172 
      0.30210884  -0.016906738281 -0.016754150391 
      0.30213152  -0.013580322266 -0.013488769531 
       0.3021542       -0.0078125 -0.0078430175781 
      0.30217687  -0.00076293945312 -0.00079345703125 
      0.30219955  0.0065307617188 0.0063171386719 
      0.30222222   0.012603759766  0.012390136719 
       0.3022449   0.016448974609  0.016235351562 
      0.30226757   0.017456054688  0.017242431641 
      0.30229025   0.015380859375  0.015197753906 
      0.30231293   0.010589599609  0.010498046875 
       0.3023356  0.0039367675781      0.00390625 
      0.30235828  -0.0033874511719 -0.0033264160156 
      0.30238095  -0.010131835938 -0.0099792480469 
      0.30240363   -0.01513671875 -0.014923095703 
       0.3024263  -0.017456054688 -0.017181396484 
      0.30244898  -0.016693115234 -0.016448974609 
      0.30247166  -0.013000488281 -0.012817382812 
      0.30249433  -0.007080078125 -0.0069274902344 
      0.30251701  0.0001220703125 0.00015258789062 
      0.30253968  0.0073547363281 0.0072937011719 
      0.30256236   0.013244628906  0.013061523438 
      0.30258503   0.016815185547    0.0166015625 
      0.30260771   0.017456054688  0.017211914062 
      0.30263039   0.015014648438  0.014770507812 
      0.30265306  0.0099487304688     0.009765625 
      0.30267574  0.0031127929688 0.0029602050781 
      0.30269841  -0.0042724609375 -0.0043029785156 
      0.30272109  -0.010925292969 -0.010864257812 
      0.30274376  -0.015655517578 -0.015502929688 
      0.30276644  -0.017639160156 -0.017425537109 
      0.30278912  -0.016540527344 -0.016265869141 
      0.30281179  -0.012512207031 -0.012268066406 
      0.30283447  -0.0062866210938 -0.006103515625 
      0.30285714  0.0010681152344 0.0011596679688 
      0.30287982  0.0082092285156 0.0082092285156 
      0.30290249   0.013946533203  0.013854980469 
      0.30292517   0.017242431641  0.017028808594 
      0.30294785   0.017517089844  0.017272949219 
      0.30297052     0.0146484375  0.014465332031 
       0.3029932    0.00927734375 0.0090637207031 
      0.30301587  0.0022277832031 0.0021057128906 
      0.30303855  -0.0052185058594 -0.0052490234375 
      0.30306122  -0.011749267578     -0.01171875 
       0.3030839  -0.016265869141 -0.016143798828 
      0.30310658  -0.017883300781 -0.017730712891 
      0.30312925  -0.016387939453 -0.016174316406 
      0.30315193  -0.011962890625 -0.011779785156 
       0.3031746  -0.0054931640625 -0.0053405761719 
      0.30319728  0.0020141601562 0.0020751953125 
      0.30321995  0.0091552734375 0.0091247558594 
      0.30324263   0.014678955078    0.0146484375 
      0.30326531   0.017669677734  0.017547607422 
      0.30328798   0.017517089844  0.017395019531 
      0.30331066   0.014343261719  0.014190673828 
      0.30333333  0.0086059570312 0.0084838867188 
      0.30335601  0.0013427734375 0.0012512207031 
      0.30337868  -0.0061645507812 -0.0061950683594 
      0.30340136  -0.012603759766 -0.012603759766 
      0.30342404  -0.016876220703 -0.016784667969 
      0.30344671  -0.018157958984 -0.018035888672 
      0.30346939  -0.016235351562 -0.016143798828 
      0.30349206  -0.011505126953 -0.011383056641 
      0.30351474  -0.0046997070312 -0.004638671875 
      0.30353741     0.0029296875 0.0029907226562 
      0.30356009   0.010070800781  0.010070800781 
      0.30358277   0.015441894531  0.015441894531 
      0.30360544   0.018127441406   0.01806640625 
      0.30362812   0.017608642578     0.017578125 
      0.30365079   0.014038085938  0.013946533203 
      0.30367347  0.0079345703125 0.0078735351562 
      0.30369615  0.00045776367188 0.00039672851562 
      0.30371882  -0.0071411132812 -0.0071411132812 
       0.3037415  -0.013519287109 -0.013488769531 
      0.30376417  -0.017517089844 -0.017486572266 
      0.30378685  -0.018432617188 -0.018402099609 
      0.30380952   -0.01611328125  -0.01611328125 
       0.3038322  -0.010986328125 -0.010986328125 
      0.30385488      -0.00390625 -0.0038757324219 
      0.30387755  0.0039367675781 0.0039367675781 
      0.30390023   0.011047363281  0.011047363281 
       0.3039229   0.016265869141  0.016296386719 
      0.30394558   0.018615722656  0.018646240234 
      0.30396825   0.017730712891  0.017761230469 
      0.30399093   0.013702392578  0.013732910156 
      0.30401361  0.0072937011719 0.0072937011719 
      0.30403628   -0.00048828125  -0.00048828125 
      0.30405896  -0.0081481933594 -0.0081787109375 
      0.30408163  -0.014434814453 -0.014465332031 
      0.30410431  -0.018188476562 -0.018249511719 
      0.30412698  -0.018737792969 -0.018829345703 
      0.30414966  -0.016021728516  -0.01611328125 
      0.30417234  -0.010467529297 -0.010559082031 
      0.30419501  -0.0030822753906 -0.0030822753906 
      0.30421769     0.0048828125 0.0049133300781 
      0.30424036   0.012054443359  0.012084960938 
      0.30426304    0.01708984375  0.017150878906 
      0.30428571   0.019165039062  0.019256591797 
      0.30430839   0.017883300781  0.017974853516 
      0.30433107   0.013397216797  0.013519287109 
      0.30435374   0.006591796875 0.0066833496094 
      0.30437642  -0.0014038085938 -0.0013732910156 
      0.30439909  -0.0091857910156 -0.0091857910156 
      0.30442177  -0.015380859375 -0.015472412109 
      0.30444444  -0.018890380859 -0.019012451172 
      0.30446712  -0.019073486328 -0.019226074219 
       0.3044898  -0.015930175781 -0.016082763672 
      0.30451247  -0.0099487304688 -0.010101318359 
      0.30453515  -0.0022583007812 -0.0022888183594 
      0.30455782  0.0059509277344 0.0059204101562 
       0.3045805   0.013061523438  0.013122558594 
      0.30460317   0.017944335938  0.018035888672 
      0.30462585   0.019683837891  0.019836425781 
      0.30464853   0.017944335938  0.018127441406 
       0.3046712   0.013031005859  0.013244628906 
      0.30469388      0.005859375 0.0060119628906 
      0.30471655  -0.0023803710938 -0.0022888183594 
      0.30473923   -0.01025390625 -0.010223388672 
       0.3047619  -0.016357421875 -0.016357421875 
      0.30478458  -0.019561767578 -0.019683837891 
      0.30480726  -0.019348144531     -0.01953125 
      0.30482993  -0.015716552734 -0.015930175781 
      0.30485261  -0.0093383789062 -0.009521484375 
      0.30487528  -0.0012817382812  -0.00146484375 
      0.30489796  0.0070495605469 0.0069274902344 
      0.30492063   0.014129638672  0.014099121094 
      0.30494331   0.018768310547  0.018798828125 
      0.30496599   0.020111083984  0.020233154297 
      0.30498866   0.017913818359   0.01806640625 
      0.30501134   0.012573242188  0.012786865234 
      0.30503401  0.0049438476562 0.0051574707031 
      0.30505669  -0.0035095214844 -0.0033264160156 
      0.30507937  -0.011413574219 -0.011291503906 
      0.30510204  -0.017303466797 -0.017272949219 
      0.30512472  -0.020172119141 -0.020202636719 
      0.30514739  -0.019500732422 -0.019622802734 
      0.30517007  -0.015380859375 -0.015533447266 
      0.30519274  -0.008544921875 -0.0087280273438 
      0.30521542  -0.00015258789062 -0.0003662109375 
       0.3052381  0.0082702636719 0.0081176757812 
      0.30526077   0.015289306641   0.01513671875 
      0.30528345   0.019622802734  0.019500732422 
      0.30530612   0.020477294922  0.020446777344 
       0.3053288   0.017761230469  0.017791748047 
      0.30535147   0.011871337891  0.011993408203 
      0.30537415  0.0038757324219 0.0040283203125 
      0.30539683  -0.0048217773438 -0.004638671875 
       0.3054195    -0.0126953125 -0.012542724609 
      0.30544218  -0.018371582031 -0.018218994141 
      0.30546485  -0.020812988281 -0.020690917969 
      0.30548753  -0.019592285156     -0.01953125 
       0.3055102  -0.014892578125 -0.014862060547 
      0.30553288  -0.0075378417969 -0.007568359375 
      0.30555556  0.0011596679688 0.0010986328125 
      0.30557823  0.0097045898438 0.0095825195312 
      0.30560091   0.016540527344  0.016387939453 
      0.30562358   0.020477294922  0.020355224609 
      0.30564626   0.020843505859  0.020660400391 
      0.30566893   0.017486572266  0.017333984375 
      0.30569161   0.011016845703  0.010925292969 
      0.30571429  0.0026245117188 0.0025329589844 
      0.30573696  -0.0063171386719  -0.00634765625 
      0.30575964   -0.01416015625 -0.014129638672 
      0.30578231      -0.01953125 -0.019409179688 
      0.30580499  -0.021453857422 -0.021270751953 
      0.30582766  -0.019592285156 -0.019378662109 
      0.30585034  -0.014282226562 -0.014038085938 
      0.30587302   -0.00634765625 -0.0061950683594 
      0.30589569   0.002685546875 0.0028381347656 
      0.30591837   0.011291503906  0.011383056641 
      0.30594104   0.017944335938  0.017944335938 
      0.30596372   0.021453857422  0.021362304688 
      0.30598639   0.021179199219   0.02099609375 
      0.30600907   0.017120361328  0.016876220703 
      0.30603175   0.010070800781     0.009765625 
      0.30605442  0.0011596679688 0.00088500976562 
       0.3060771  -0.0079650878906 -0.0082092285156 
      0.30609977  -0.015747070312 -0.015930175781 
      0.30612245  -0.020751953125 -0.020843505859 
      0.30614512  -0.022094726562 -0.022064208984 
       0.3061678      -0.01953125 -0.019378662109 
      0.30619048  -0.013519287109 -0.013244628906 
      0.30621315  -0.0050659179688 -0.0046997070312 
      0.30623583  0.0043029785156 0.0046997070312 
       0.3062585   0.012969970703  0.013366699219 
      0.30628118   0.019409179688  0.019683837891 
      0.30630385   0.022399902344  0.022583007812 
      0.30632653   0.021453857422  0.021453857422 
      0.30634921   0.016693115234  0.016510009766 
      0.30637188  0.0089416503906 0.0086669921875 
      0.30639456  -0.00039672851562 -0.00082397460938 
      0.30641723     -0.009765625 -0.010223388672 
      0.30643991  -0.017425537109 -0.017852783203 
      0.30646259  -0.022033691406 -0.022338867188 
      0.30648526  -0.022735595703 -0.022979736328 
      0.30650794  -0.019439697266 -0.019500732422 
      0.30653061    -0.0126953125 -0.012512207031 
      0.30655329  -0.0036315917969 -0.0032958984375 
      0.30657596   0.006103515625  0.006591796875 
      0.30659864   0.014801025391  0.015319824219 
      0.30662132   0.020904541016  0.021453857422 
      0.30664399   0.023345947266  0.023773193359 
      0.30666667   0.021697998047  0.021911621094 
      0.30668934   0.016143798828  0.016174316406 
      0.30671202  0.0077209472656 0.0075378417969 
      0.30673469  -0.0021057128906 -0.0025024414062 
      0.30675737  -0.011657714844 -0.012145996094 
      0.30678005  -0.019134521484 -0.019714355469 
      0.30680272  -0.023223876953 -0.023834228516 
       0.3068254  -0.023284912109 -0.023712158203 
      0.30684807  -0.019195556641 -0.019439697266 
      0.30687075  -0.011688232422 -0.011688232422 
      0.30689342  -0.0020446777344 -0.0018310546875 
       0.3069161  0.0079650878906 0.0083923339844 
      0.30693878   0.016662597656  0.017181396484 
      0.30696145   0.022430419922  0.023010253906 
      0.30698413   0.024230957031  0.024749755859 
       0.3070068   0.021728515625  0.022125244141 
      0.30702948   0.015411376953  0.015594482422 
      0.30705215  0.0063171386719 0.0062866210938 
      0.30707483  -0.0039367675781 -0.0042419433594 
      0.30709751  -0.013580322266 -0.014038085938 
      0.30712018  -0.020782470703 -0.021392822266 
      0.30714286  -0.024383544922 -0.024993896484 
      0.30716553  -0.023681640625 -0.024169921875 
      0.30718821  -0.018768310547 -0.019073486328 
      0.30721088  -0.010498046875 -0.010620117188 
      0.30723356  -0.00033569335938 -0.00018310546875 
      0.30725624  0.0099792480469  0.010284423828 
      0.30727891   0.018524169922  0.018981933594 
      0.30730159   0.023834228516  0.024383544922 
      0.30732426   0.024932861328  0.025482177734 
      0.30734694   0.021575927734  0.022033691406 
      0.30736961   0.014465332031    0.0146484375 
      0.30739229  0.0046997070312 0.0046997070312 
      0.30741497  -0.0059204101562 -0.0061950683594 
      0.30743764  -0.015533447266 -0.015991210938 
      0.30746032    -0.0224609375 -0.022979736328 
      0.30748299     -0.025390625 -0.025939941406 
      0.30750567  -0.023834228516 -0.024353027344 
      0.30752834   -0.01806640625 -0.018371582031 
      0.30755102  -0.0090637207031 -0.0091247558594 
       0.3075737  0.0016174316406 0.0017700195312 
      0.30759637   0.012023925781  0.012390136719 
      0.30761905   0.020385742188  0.020874023438 
      0.30764172   0.025085449219  0.025695800781 
       0.3076644   0.025421142578  0.025939941406 
      0.30768707   0.021179199219  0.021575927734 
      0.30770975   0.013244628906  0.013366699219 
      0.30773243  0.0028686523438 0.0027465820312 
       0.3077551  -0.008056640625 -0.0083923339844 
      0.30777778     -0.017578125 -0.018127441406 
      0.30780045  -0.024017333984 -0.024627685547 
      0.30782313  -0.026214599609 -0.026824951172 
       0.3078458  -0.023773193359 -0.024230957031 
      0.30786848  -0.017059326172 -0.017303466797 
      0.30789116   -0.00732421875  -0.00732421875 
      0.30791383  0.0037536621094 0.0040283203125 
      0.30793651   0.014251708984  0.014709472656 
      0.30795918   0.022216796875  0.022857666016 
      0.30798186   0.026245117188  0.026885986328 
      0.30800454   0.025665283203  0.026275634766 
      0.30802721     0.0205078125  0.020874023438 
      0.30804989   0.011688232422  0.011810302734 
      0.30807256   0.000732421875 0.00057983398438 
      0.30809524  -0.010406494141 -0.010803222656 
      0.30811791  -0.019683837891 -0.020294189453 
      0.30814059  -0.025543212891 -0.026214599609 
      0.30816327   -0.02685546875 -0.027526855469 
      0.30818594  -0.023406982422  -0.02392578125 
      0.30820862  -0.015747070312 -0.016052246094 
      0.30823129  -0.0052795410156 -0.0052795410156 
      0.30825397  0.0061645507812 0.0064392089844 
      0.30827664   0.016540527344  0.017059326172 
      0.30829932   0.024078369141  0.024749755859 
        0.308322       0.02734375  0.028015136719 
      0.30834467   0.025726318359  0.026306152344 
      0.30836735       0.01953125  0.019958496094 
      0.30839002  0.0098571777344  0.010040283203 
       0.3084127  -0.0016479492188 -0.001708984375 
      0.30843537  -0.012878417969 -0.013244628906 
      0.30845805  -0.021911621094 -0.022399902344 
      0.30848073  -0.027008056641 -0.027648925781 
       0.3085034      -0.02734375 -0.028015136719 
      0.30852608  -0.022857666016 -0.023345947266 
      0.30854875  -0.014251708984 -0.014526367188 
      0.30857143  -0.0030212402344 -0.0031433105469 
       0.3085941  0.0087280273438 0.0088806152344 
      0.30861678   0.019012451172  0.019378662109 
      0.30863946   0.025939941406  0.026428222656 
      0.30866213   0.028289794922  0.028839111328 
      0.30868481   0.025573730469  0.026123046875 
      0.30870748   0.018341064453  0.018737792969 
      0.30873016  0.0077819824219 0.0079956054688 
      0.30875283  -0.004150390625 -0.0041809082031 
      0.30877551  -0.015441894531 -0.015655517578 
      0.30879819  -0.024017333984   -0.0244140625 
      0.30882086  -0.028381347656 -0.028839111328 
      0.30884354  -0.027679443359 -0.028167724609 
      0.30886621  -0.022033691406 -0.022430419922 
      0.30888889  -0.012481689453 -0.012756347656 
      0.30891156  -0.00067138671875 -0.00076293945312 
      0.30893424   0.011352539062  0.011413574219 
      0.30895692   0.021362304688  0.021606445312 
      0.30897959   0.027618408203  0.027954101562 
      0.30900227   0.029022216797  0.029388427734 
      0.30902494   0.025268554688  0.025573730469 
      0.30904762   0.016967773438  0.017211914062 
      0.30907029  0.0056457519531 0.0057373046875 
      0.30909297  -0.0067138671875 -0.0067749023438 
      0.30911565  -0.017944335938 -0.018096923828 
      0.30913832  -0.026031494141 -0.026245117188 
        0.309161  -0.029479980469  -0.02978515625 
      0.30918367  -0.027740478516 -0.027984619141 
      0.30920635  -0.021057128906 -0.021240234375 
      0.30922902  -0.010559082031 -0.010711669922 
       0.3092517  0.0018005371094 0.0018005371094 
      0.30927438   0.013885498047  0.013977050781 
      0.30929705   0.023590087891  0.023742675781 
      0.30931973   0.029083251953  0.029327392578 
       0.3093424   0.029418945312  0.029663085938 
      0.30936508   0.024536132812  0.024719238281 
      0.30938776   0.015289306641  0.015350341797 
      0.30941043  0.0032958984375 0.0032653808594 
      0.30943311  -0.0093078613281 -0.0094299316406 
      0.30945578  -0.020324707031   -0.0205078125 
      0.30947846  -0.027740478516 -0.028015136719 
      0.30950113    -0.0302734375 -0.030456542969 
      0.30952381  -0.027404785156 -0.027557373047 
      0.30954649  -0.019653320312 -0.019744873047 
      0.30956916  -0.0083618164062 -0.0083618164062 
      0.30959184    0.00439453125 0.0045166015625 
      0.30961451   0.016448974609  0.016632080078 
      0.30963719   0.025543212891  0.025787353516 
      0.30965986   0.030151367188  0.030395507812 
      0.30968254   0.029449462891  0.029663085938 
      0.30970522        0.0234375  0.023559570312 
      0.30972789   0.013244628906  0.013336181641 
      0.30975057  0.00070190429688 0.00064086914062 
      0.30977324  -0.011993408203 -0.012145996094 
      0.30979592  -0.022583007812 -0.022827148438 
      0.30981859  -0.029205322266 -0.029449462891 
      0.30984127  -0.030639648438 -0.030883789062 
      0.30986395  -0.026611328125 -0.026824951172 
      0.30988662  -0.017822265625 -0.017944335938 
       0.3099093  -0.0058898925781 -0.0058898925781 
      0.30993197  0.0071716308594 0.0072631835938 
      0.30995465   0.018981933594  0.019134521484 
      0.30997732   0.027374267578  0.027648925781 
            0.31   0.030975341797         0.03125 
      0.31002268   0.029022216797     0.029296875 
      0.31004535   0.021911621094  0.022094726562 
      0.31006803   0.010894775391  0.011016845703 
       0.3100907  -0.0021057128906 -0.0020751953125 
      0.31011338  -0.014739990234 -0.014862060547 
      0.31013605  -0.024810791016 -0.024993896484 
      0.31015873  -0.030456542969 -0.030700683594 
      0.31018141  -0.030670166016 -0.030944824219 
      0.31020408  -0.025451660156 -0.025695800781 
      0.31022676  -0.015655517578 -0.015899658203 
      0.31024943  -0.0030517578125 -0.003173828125 
      0.31027211   0.010162353516  0.010101318359 
      0.31029478   0.021514892578  0.021606445312 
      0.31031746   0.029113769531     0.029296875 
      0.31034014   0.031494140625   0.03173828125 
      0.31036281     0.0283203125  0.028594970703 
      0.31038549    0.02001953125  0.020324707031 
      0.31040816  0.0081787109375 0.0083923339844 
      0.31043084  -0.0051574707031 -0.0050354003906 
      0.31045351  -0.017608642578    -0.017578125 
      0.31047619  -0.026977539062 -0.027038574219 
      0.31049887  -0.031524658203 -0.031677246094 
      0.31052154  -0.030487060547 -0.030700683594 
      0.31054422  -0.023986816406 -0.024261474609 
      0.31056689   -0.01318359375 -0.013458251953 
      0.31058957                0 -0.000244140625 
      0.31061224    0.01318359375  0.013031005859 
      0.31063492   0.024047851562  0.024017333984 
       0.3106576   0.030700683594  0.030731201172 
      0.31068027   0.031860351562  0.031982421875 
      0.31070295   0.027374267578  0.027557373047 
      0.31072562   0.017974853516  0.018218994141 
       0.3107483  0.0053405761719 0.0055847167969 
      0.31077098   -0.00830078125 -0.008056640625 
      0.31079365  -0.020477294922 -0.020294189453 
      0.31081633  -0.029022216797 -0.028900146484 
        0.310839  -0.032440185547 -0.032440185547 
      0.31086168  -0.030059814453 -0.030151367188 
      0.31088435  -0.022338867188 -0.022491455078 
      0.31090703  -0.010620117188 -0.010833740234 
      0.31092971  0.0030517578125 0.0028076171875 
      0.31095238   0.016204833984  0.015991210938 
      0.31097506   0.026489257812  0.026306152344 
      0.31099773   0.032104492188  0.031951904297 
      0.31102041   0.032012939453  0.031951904297 
      0.31104308   0.026214599609  0.026245117188 
      0.31106576   0.015716552734  0.015838623047 
      0.31108844    0.00244140625 0.0025939941406 
      0.31111111  -0.011352539062 -0.011138916016 
      0.31113379  -0.023132324219 -0.022918701172 
      0.31115646  -0.030792236328 -0.030639648438 
      0.31117914  -0.033050537109 -0.032897949219 
      0.31120181  -0.029388427734 -0.029327392578 
      0.31122449    -0.0205078125   -0.0205078125 
      0.31124717  -0.0079345703125 -0.0079956054688 
      0.31126984  0.0060424804688 0.0059509277344 
      0.31129252   0.019012451172  0.018829345703 
      0.31131519   0.028594970703  0.028472900391 
      0.31133787   0.033142089844  0.032958984375 
      0.31136054   0.031799316406  0.031616210938 
      0.31138322   0.024780273438  0.024688720703 
       0.3114059   0.013336181641  0.013305664062 
      0.31142857   -0.00048828125  -0.00048828125 
      0.31145125  -0.014251708984  -0.01416015625 
      0.31147392  -0.025482177734 -0.025421142578 
       0.3114966    -0.0322265625 -0.032135009766 
      0.31151927  -0.033294677734 -0.033111572266 
      0.31154195  -0.028381347656 -0.028228759766 
      0.31156463  -0.018402099609 -0.018280029297 
       0.3115873  -0.0052185058594 -0.0050659179688 
      0.31160998  0.0089721679688 0.0090637207031 
      0.31163265   0.021545410156  0.021606445312 
      0.31165533   0.030364990234  0.030364990234 
        0.311678   0.033752441406   0.03369140625 
      0.31170068   0.031158447266  0.031066894531 
      0.31172336   0.023010253906  0.022857666016 
      0.31174603   0.010803222656  0.010589599609 
      0.31176871  -0.0033874511719 -0.0035705566406 
      0.31179138  -0.016967773438 -0.017120361328 
      0.31181406  -0.027526855469 -0.027679443359 
      0.31183673  -0.033233642578 -0.033264160156 
      0.31185941  -0.032989501953 -0.032989501953 
      0.31188209  -0.026947021484 -0.026824951172 
      0.31190476  -0.016082763672 -0.015869140625 
      0.31192744  -0.0023193359375 -0.0021057128906 
      0.31195011   0.011810302734  0.012115478516 
      0.31197279   0.023895263672  0.024169921875 
      0.31199546   0.031707763672  0.031921386719 
      0.31201814   0.033905029297  0.034027099609 
      0.31204082   0.030059814453  0.030090332031 
      0.31206349   0.020874023438  0.020751953125 
      0.31208617  0.0079650878906 0.0077819824219 
      0.31210884   -0.00634765625 -0.0066528320312 
      0.31213152  -0.019592285156 -0.019897460938 
       0.3121542     -0.029296875 -0.029632568359 
      0.31217687  -0.033782958984 -0.034057617188 
      0.31219955  -0.032318115234 -0.032440185547 
      0.31222222  -0.025054931641 -0.025115966797 
       0.3122449  -0.013366699219 -0.013305664062 
      0.31226757  0.00070190429688    0.0009765625 
      0.31229025   0.014678955078  0.015014648438 
      0.31231293   0.026031494141    0.0263671875 
       0.3123356   0.032775878906  0.033111572266 
      0.31235828   0.033660888672  0.033935546875 
      0.31238095   0.028533935547  0.028717041016 
      0.31240363   0.018341064453  0.018402099609 
       0.3124263  0.0049133300781 0.0047912597656 
      0.31244898  -0.0094299316406 -0.0096435546875 
      0.31247166  -0.022094726562 -0.022399902344 
      0.31249433  -0.030792236328 -0.031158447266 
      0.31251701  -0.034057617188 -0.034393310547 
      0.31253968         -0.03125 -0.031494140625 
      0.31256236  -0.022857666016 -0.023010253906 
      0.31258503  -0.010375976562 -0.010406494141 
      0.31260771  0.0039367675781 0.0040588378906 
      0.31263039   0.017547607422  0.017730712891 
      0.31265306   0.028045654297  0.028289794922 
      0.31267574   0.033538818359  0.033813476562 
      0.31269841   0.033050537109  0.033325195312 
      0.31272109   0.026672363281  0.026916503906 
      0.31274376   0.015563964844  0.015686035156 
      0.31276644  0.0016479492188 0.0016784667969 
      0.31278912  -0.012573242188 -0.012603759766 
      0.31281179  -0.024505615234 -0.024658203125 
      0.31283447  -0.032135009766 -0.032348632812 
      0.31285714  -0.034027099609 -0.034210205078 
      0.31287982  -0.029876708984 -0.030029296875 
      0.31290249  -0.020355224609 -0.020446777344 
      0.31292517  -0.0072326660156 -0.0072631835938 
      0.31294785  0.0072021484375 0.0072021484375 
      0.31297052   0.020355224609  0.020416259766 
       0.3129932   0.029876708984  0.029998779297 
      0.31301587   0.034088134766    0.0341796875 
      0.31303855     0.0322265625  0.032287597656 
      0.31306122   0.024627685547  0.024658203125 
       0.3130839   0.012603759766  0.012634277344 
      0.31310658  -0.0016174316406 -0.0016174316406 
      0.31312925        -0.015625 -0.015594482422 
      0.31315193  -0.026794433594 -0.026794433594 
       0.3131746  -0.033233642578 -0.033233642578 
      0.31319728  -0.033752441406 -0.033721923828 
      0.31321995  -0.028259277344 -0.028167724609 
      0.31324263  -0.017700195312 -0.017639160156 
      0.31326531  -0.0040283203125 -0.0039367675781 
      0.31328798   0.010406494141  0.010437011719 
      0.31331066   0.022979736328  0.022979736328 
      0.31333333   0.031494140625  0.031372070312 
      0.31335601   0.034362792969  0.034240722656 
      0.31337868   0.031127929688  0.030914306641 
      0.31340136   0.022369384766  0.022155761719 
      0.31342404  0.0096435546875 0.0093994140625 
      0.31344671  -0.0048522949219 -0.0050354003906 
      0.31346939  -0.018493652344 -0.018585205078 
      0.31349206  -0.028778076172  -0.02880859375 
      0.31351474  -0.033966064453 -0.033874511719 
      0.31353741  -0.033142089844 -0.032897949219 
      0.31356009  -0.026428222656 -0.026092529297 
      0.31358277  -0.014984130859 -0.014617919922 
      0.31360544  -0.0008544921875 -0.00051879882812 
      0.31362812   0.013397216797  0.013641357422 
      0.31365079   0.025268554688     0.025390625 
      0.31367347   0.032653808594  0.032623291016 
      0.31369615   0.034240722656  0.034027099609 
      0.31371882   0.029693603516  0.029388427734 
       0.3137415   0.019897460938  0.019500732422 
      0.31376417   0.006591796875 0.0061340332031 
      0.31378685  -0.0079345703125 -0.0083312988281 
      0.31380952  -0.021057128906 -0.021331787109 
       0.3138322  -0.030364990234 -0.030517578125 
      0.31385488  -0.034332275391 -0.034271240234 
      0.31387755  -0.032135009766 -0.031951904297 
      0.31390023  -0.024291992188  -0.02392578125 
       0.3139229  -0.012084960938 -0.011596679688 
      0.31394558  0.0022583007812 0.0027465820312 
      0.31396825   0.016204833984    0.0166015625 
      0.31399093   0.027252197266  0.027496337891 
      0.31401361   0.033447265625  0.033538818359 
      0.31403628    0.03369140625  0.033599853516 
      0.31405896   0.027923583984  0.027679443359 
      0.31408163   0.017242431641  0.016815185547 
      0.31410431  0.0034484863281 0.0029907226562 
      0.31412698  -0.010925292969 -0.011383056641 
      0.31414966  -0.023315429688 -0.023742675781 
      0.31417234  -0.031616210938 -0.031860351562 
      0.31419501  -0.034240722656 -0.034301757812 
      0.31421769   -0.03076171875 -0.030670166016 
      0.31424036  -0.021850585938 -0.021606445312 
      0.31426304  -0.009033203125 -0.0086669921875 
      0.31428571  0.0054016113281 0.0057983398438 
      0.31430839   0.018829345703  0.019195556641 
      0.31433107   0.028900146484  0.029235839844 
      0.31435374   0.033843994141  0.034027099609 
      0.31437642    0.03271484375  0.032806396484 
      0.31439909   0.025848388672  0.025726318359 
      0.31442177   0.014312744141  0.014099121094 
      0.31444444  0.00030517578125 -3.0517578125e-05 
      0.31446712  -0.013793945312 -0.014099121094 
       0.3144898     -0.025390625 -0.025695800781 
      0.31451247  -0.032470703125  -0.03271484375 
      0.31453515  -0.033752441406 -0.033905029297 
      0.31455782  -0.029083251953 -0.029083251953 
       0.3145805  -0.019195556641 -0.019104003906 
      0.31460317  -0.0059204101562 -0.0057678222656 
      0.31462585  0.0083923339844 0.0086059570312 
      0.31464853   0.021209716797  0.021423339844 
       0.3146712   0.030212402344  0.030395507812 
      0.31469388   0.033874511719  0.033996582031 
      0.31471655   0.031463623047  0.031524658203 
      0.31473923   0.023498535156  0.023468017578 
       0.3147619   0.011352539062  0.011291503906 
      0.31478458  -0.0028076171875   -0.0029296875 
      0.31480726  -0.016448974609 -0.016571044922 
      0.31482993  -0.027130126953 -0.027282714844 
      0.31485261  -0.032989501953 -0.033111572266 
      0.31487528  -0.033020019531 -0.033020019531 
      0.31489796  -0.027130126953 -0.027069091797 
      0.31492063  -0.016418457031 -0.016357421875 
      0.31494331  -0.0028381347656 -0.0027465820312 
      0.31496599    0.01123046875  0.011291503906 
      0.31498866   0.023284912109  0.023376464844 
      0.31501134   0.031158447266  0.031219482422 
      0.31503401   0.033538818359  0.033538818359 
      0.31505669   0.029907226562  0.029846191406 
      0.31507937   0.021026611328  0.020904541016 
      0.31510204  0.0083618164062 0.0082702636719 
      0.31512472  -0.0057373046875 -0.0058288574219 
      0.31514739  -0.018768310547 -0.018829345703 
      0.31517007  -0.028503417969 -0.028472900391 
      0.31519274  -0.033081054688 -0.033050537109 
      0.31521542  -0.031829833984 -0.031707763672 
       0.3152381  -0.024932861328 -0.024780273438 
      0.31526077  -0.013610839844 -0.013397216797 
      0.31528345  0.0001220703125  0.000244140625 
      0.31530612   0.013763427734  0.013885498047 
       0.3153288   0.024993896484  0.025024414062 
      0.31535147   0.031677246094  0.031677246094 
      0.31537415   0.032775878906  0.032684326172 
      0.31539683   0.028045654297  0.027862548828 
       0.3154195   0.018310546875  0.018127441406 
      0.31544218  0.0054016113281 0.0051574707031 
      0.31546485  -0.0084533691406 -0.0086975097656 
      0.31548753  -0.020812988281 -0.020935058594 
       0.3155102  -0.029388427734 -0.029418945312 
      0.31553288  -0.032775878906  -0.03271484375 
      0.31555556  -0.030303955078 -0.030151367188 
      0.31557823    -0.0224609375 -0.022216796875 
      0.31560091  -0.010650634766 -0.010345458984 
      0.31562358  0.0030212402344 0.0033264160156 
      0.31564626    0.01611328125  0.016357421875 
      0.31566893   0.026306152344  0.026489257812 
      0.31569161   0.031799316406  0.031860351562 
      0.31571429   0.031646728516  0.031555175781 
      0.31573696    0.02587890625  0.025665283203 
      0.31575964   0.015533447266  0.015197753906 
      0.31578231    0.00244140625 0.0020751953125 
      0.31580499  -0.011016845703 -0.011383056641 
      0.31582766  -0.022521972656 -0.022796630859 
      0.31585034  -0.029968261719 -0.030151367188 
      0.31587302  -0.032073974609 -0.032104492188 
      0.31589569  -0.028472900391 -0.028350830078 
      0.31591837  -0.019836425781 -0.019561767578 
      0.31594104  -0.0077209472656  -0.00732421875 
      0.31596372  0.0057678222656 0.0061950683594 
      0.31598639   0.018188476562  0.018585205078 
      0.31600907   0.027313232422  0.027648925781 
      0.31603175   0.031585693359  0.031768798828 
      0.31605442   0.030242919922  0.030212402344 
       0.3160771   0.023529052734  0.023345947266 
      0.31609977   0.012634277344  0.012329101562 
      0.31612245  -0.00045776367188 -0.00088500976562 
      0.31614512  -0.013427734375 -0.013885498047 
       0.3161678  -0.023986816406 -0.024383544922 
      0.31619048  -0.030242919922 -0.030517578125 
      0.31621315  -0.031127929688        -0.03125 
      0.31623583  -0.026458740234 -0.026397705078 
       0.3162585  -0.017150878906 -0.016906738281 
      0.31628118  -0.0047912597656 -0.0044250488281 
      0.31630385  0.0083312988281 0.0088195800781 
      0.31632653   0.019989013672  0.020446777344 
      0.31634921   0.028045654297  0.028472900391 
      0.31637188   0.031066894531  0.031372070312 
      0.31639456   0.028625488281  0.028717041016 
      0.31641723   0.021057128906  0.020965576172 
      0.31643991  0.0098266601562 0.0094909667969 
      0.31646259  -0.0031433105469 -0.0036010742188 
      0.31648526  -0.015533447266 -0.016052246094 
      0.31650794  -0.025115966797 -0.025573730469 
      0.31653061  -0.030151367188 -0.030578613281 
      0.31655329  -0.029907226562 -0.030120849609 
      0.31657596  -0.024322509766 -0.024353027344 
      0.31659864  -0.014434814453 -0.014251708984 
      0.31662132  -0.0020446777344 -0.0016784667969 
      0.31664399   0.010681152344  0.011169433594 
      0.31666667      0.021484375  0.022003173828 
      0.31668934   0.028411865234  0.028900146484 
      0.31671202   0.030303955078  0.030670166016 
      0.31673469   0.026824951172  0.027008056641 
      0.31675737   0.018585205078  0.018524169922 
      0.31678005   0.007080078125 0.0068054199219 
      0.31680272  -0.0056762695312 -0.0060729980469 
       0.3168254  -0.017333984375 -0.017822265625 
      0.31684807   -0.02587890625 -0.026428222656 
      0.31687075  -0.029815673828 -0.030303955078 
      0.31689342  -0.028442382812  -0.02880859375 
       0.3169161  -0.022033691406 -0.022186279297 
      0.31693878  -0.011779785156 -0.011688232422 
      0.31696145  0.00054931640625 0.0008544921875 
      0.31698413   0.012756347656   0.01318359375 
       0.3170068   0.022644042969  0.023193359375 
      0.31702948   0.028472900391  0.029052734375 
      0.31705215   0.029235839844  0.029724121094 
      0.31707483   0.024810791016  0.025146484375 
      0.31709751   0.016021728516  0.016174316406 
      0.31712018    0.00439453125 0.0043334960938 
      0.31714286  -0.0079345703125 -0.0082397460938 
      0.31716553  -0.018829345703 -0.019287109375 
      0.31718821    -0.0263671875 -0.026916503906 
      0.31721088  -0.029144287109 -0.029754638672 
      0.31723356  -0.026824951172 -0.027313232422 
      0.31725624  -0.019714355469  -0.02001953125 
      0.31727891  -0.0091247558594 -0.0093078613281 
      0.31730159  0.0029907226562 0.0030822753906 
      0.31732426   0.014556884766  0.014862060547 
      0.31734694   0.023498535156  0.023986816406 
      0.31736961   0.028259277344   0.02880859375 
      0.31739229   0.028015136719  0.028564453125 
      0.31741497   0.022766113281  0.023223876953 
      0.31743764   0.013519287109  0.013854980469 
      0.31746032  0.0019226074219 0.0020446777344 
      0.31748299  -0.0099487304688 -0.010070800781 
      0.31750567  -0.020050048828 -0.020324707031 
      0.31752834  -0.026550292969 -0.026977539062 
      0.31755102    -0.0283203125  -0.02880859375 
       0.3175737  -0.025054931641 -0.025604248047 
      0.31759637  -0.017395019531 -0.017852783203 
      0.31761905  -0.0067138671875 -0.0070190429688 
      0.31764172  0.0051879882812 0.0050354003906 
       0.3176644   0.016052246094   0.01611328125 
      0.31768707   0.024047851562  0.024322509766 
      0.31770975   0.027801513672  0.028228759766 
      0.31773243   0.026580810547  0.027069091797 
       0.3177551   0.020690917969  0.021179199219 
      0.31777778   0.011169433594  0.011627197266 
      0.31780045  -0.00030517578125               0 
      0.31782313  -0.011657714844 -0.011505126953 
       0.3178458  -0.020874023438 -0.020965576172 
      0.31786848  -0.026428222656 -0.026641845703 
      0.31789116  -0.027221679688 -0.027587890625 
      0.31791383  -0.023254394531 -0.023712158203 
      0.31793651  -0.015197753906 -0.015655517578 
      0.31795918  -0.0044860839844 -0.0048522949219 
      0.31798186  0.0069885253906 0.0067138671875 
      0.31800454   0.017120361328  0.017028808594 
      0.31802721   0.024200439453  0.024291992188 
      0.31804989   0.027008056641  0.027191162109 
      0.31807256   0.024993896484  0.025329589844 
      0.31809524   0.018585205078  0.018951416016 
      0.31811791  0.0089416503906 0.0093383789062 
      0.31814059  -0.002197265625 -0.0019226074219 
      0.31816327  -0.012908935547 -0.012756347656 
      0.31818594  -0.021301269531 -0.021301269531 
      0.31820862   -0.02587890625 -0.025970458984 
      0.31823129   -0.02587890625 -0.026092529297 
      0.31825397  -0.021301269531 -0.021606445312 
      0.31827664  -0.013031005859 -0.013305664062 
      0.31829932  -0.0024719238281 -0.0027465820312 
        0.318322  0.0084838867188 0.0082397460938 
      0.31834467   0.017822265625  0.017700195312 
      0.31836735   0.023986816406  0.023956298828 
      0.31839002   0.025909423828  0.026000976562 
       0.3184127   0.023223876953  0.023376464844 
      0.31843537   0.016448974609  0.016662597656 
      0.31845805  0.0068664550781  0.007080078125 
      0.31848073  -0.0038757324219 -0.0037231445312 
       0.3185034  -0.013885498047 -0.013763427734 
      0.31852608  -0.021392822266 -0.021362304688 
      0.31854875  -0.025024414062 -0.025085449219 
      0.31857143  -0.024261474609 -0.024383544922 
       0.3185941  -0.019226074219 -0.019409179688 
      0.31861678  -0.010833740234 -0.010986328125 
      0.31863946  -0.00057983398438 -0.00070190429688 
      0.31866213  0.0097045898438 0.0096130371094 
      0.31868481   0.018218994141  0.018188476562 
      0.31870748   0.023468017578  0.023529052734 
      0.31873016   0.024536132812  0.024627685547 
      0.31875283   0.021270751953  0.021392822266 
      0.31877551   0.014282226562  0.014404296875 
      0.31879819  0.0048217773438 0.0049133300781 
      0.31882086  -0.0054321289062  -0.00537109375 
      0.31884354  -0.014678955078   -0.0146484375 
      0.31886621  -0.021270751953 -0.021270751953 
      0.31888889  -0.024078369141 -0.024108886719 
      0.31891156  -0.022613525391 -0.022705078125 
      0.31893424  -0.017150878906 -0.017242431641 
      0.31895692  -0.0087280273438 -0.0088195800781 
      0.31897959  0.0011901855469 0.0011291503906 
      0.31900227   0.010864257812  0.010772705078 
      0.31902494   0.018524169922  0.018524169922 
      0.31904762   0.022918701172  0.022918701172 
      0.31907029   0.023193359375  0.023254394531 
      0.31909297   0.019409179688  0.019470214844 
      0.31911565   0.012237548828  0.012298583984 
      0.31913832     0.0029296875 0.0030212402344 
        0.319161    -0.0068359375 -0.0068054199219 
      0.31918367  -0.015350341797 -0.015289306641 
      0.31920635  -0.021118164062 -0.021057128906 
      0.31922902  -0.023132324219 -0.023101806641 
       0.3192517  -0.021057128906 -0.021026611328 
      0.31927438  -0.015289306641 -0.015289306641 
      0.31929705  -0.0068664550781 -0.0069274902344 
      0.31931973  0.0027160644531  0.002685546875 
       0.3193424   0.011779785156  0.011688232422 
      0.31936508   0.018707275391  0.018615722656 
      0.31938776   0.022338867188  0.022247314453 
      0.31941043   0.022003173828  0.021911621094 
      0.31943311   0.017822265625  0.017730712891 
      0.31945578   0.010528564453  0.010467529297 
      0.31947846  0.0014038085938 0.0014038085938 
      0.31950113  -0.0079040527344 -0.0078430175781 
      0.31952381  -0.015777587891 -0.015686035156 
      0.31954649  -0.020874023438 -0.020721435547 
      0.31956916  -0.022247314453 -0.022094726562 
      0.31959184  -0.019744873047 -0.019592285156 
      0.31961451  -0.013793945312 -0.013641357422 
      0.31963719  -0.0054321289062  -0.00537109375 
      0.31965986  0.0038146972656 0.0038146972656 
      0.31968254   0.012359619141  0.012268066406 
      0.31970522   0.018676757812    0.0185546875 
      0.31972789   0.021728515625  0.021514892578 
      0.31975057   0.020935058594  0.020690917969 
      0.31977324   0.016510009766  0.016265869141 
      0.31979592  0.0092163085938  0.009033203125 
      0.31981859  0.00033569335938 0.00021362304688 
      0.31984127  -0.0085144042969 -0.008544921875 
      0.31986395  -0.015869140625 -0.015777587891 
      0.31988662  -0.020446777344 -0.020233154297 
       0.3199093  -0.021362304688 -0.021087646484 
      0.31993197  -0.018585205078 -0.018280029297 
      0.31995465  -0.012573242188 -0.012268066406 
      0.31997732  -0.0044250488281 -0.004150390625 
            0.32  0.0044555664062 0.0046081542969 
      0.32002268   0.012542724609  0.012542724609 
      0.32004535   0.018341064453  0.018218994141 
      0.32006803   0.020935058594  0.020721435547 
       0.3200907   0.019866943359  0.019561767578 
      0.32011338   0.015350341797  0.015014648438 
      0.32013605  0.0081787109375 0.0078430175781 
      0.32015873  -0.00033569335938 -0.0006103515625 
      0.32018141  -0.0087585449219 -0.0089416503906 
      0.32020408        -0.015625 -0.015655517578 
      0.32022676  -0.019714355469 -0.019561767578 
      0.32024943  -0.020324707031 -0.020111083984 
      0.32027211  -0.017425537109  -0.01708984375 
      0.32029478  -0.011474609375 -0.011169433594 
      0.32031746  -0.0036315917969 -0.0032958984375 
      0.32034014  0.0048217773438 0.0050964355469 
      0.32036281   0.012390136719  0.012542724609 
      0.32038549   0.017730712891  0.017761230469 
      0.32040816   0.019958496094  0.019836425781 
      0.32043084   0.018707275391  0.018493652344 
      0.32045351   0.014190673828  0.013916015625 
      0.32047619  0.0072937011719 0.0069580078125 
      0.32049887  -0.00088500976562 -0.0011596679688 
      0.32052154  -0.0088195800781 -0.0090637207031 
      0.32054422  -0.015197753906 -0.015319824219 
      0.32056689  -0.018859863281 -0.018859863281 
      0.32058957  -0.019195556641 -0.019134521484 
      0.32061224  -0.016235351562 -0.016082763672 
      0.32063492  -0.010467529297  -0.01025390625 
       0.3206576  -0.0028991699219 -0.0026550292969 
      0.32068027  0.0050964355469 0.0053100585938 
      0.32070295   0.012145996094  0.012359619141 
      0.32072562   0.017059326172  0.017181396484 
       0.3207483   0.018981933594  0.019012451172 
      0.32077098   0.017547607422  0.017547607422 
      0.32079365   0.013092041016  0.013061523438 
      0.32081633  0.0064392089844 0.0062866210938 
        0.320839  -0.0013732910156 -0.0015258789062 
      0.32086168  -0.0088500976562 -0.009033203125 
      0.32088435  -0.014739990234 -0.014892578125 
      0.32090703  -0.018035888672 -0.018157958984 
      0.32092971  -0.018188476562 -0.018280029297 
      0.32095238  -0.015167236328 -0.015228271484 
      0.32097506  -0.009521484375 -0.009521484375 
      0.32099773  -0.0022583007812 -0.0022277832031 
      0.32102041  0.0053405761719 0.0054321289062 
      0.32104308   0.011962890625  0.012084960938 
      0.32106576   0.016479492188  0.016632080078 
      0.32108844   0.018157958984  0.018249511719 
      0.32111111     0.0166015625  0.016723632812 
      0.32113379    0.01220703125  0.012298583984 
      0.32115646  0.0057067871094 0.0057678222656 
      0.32117914  -0.0017395019531 -0.001708984375 
      0.32120181  -0.0088500976562 -0.0088806152344 
      0.32122449  -0.014404296875 -0.014465332031 
      0.32124717  -0.017425537109 -0.017547607422 
      0.32126984  -0.017395019531    -0.017578125 
      0.32129252  -0.014343261719 -0.014495849609 
      0.32131519  -0.0088195800781 -0.0090026855469 
      0.32133787  -0.0018310546875 -0.0019226074219 
      0.32136054  0.0054931640625 0.0054016113281 
      0.32138322   0.011810302734  0.011779785156 
       0.3214059   0.016082763672   0.01611328125 
      0.32142857   0.017547607422  0.017639160156 
      0.32145125   0.015960693359  0.016082763672 
      0.32147392   0.011566162109  0.011779785156 
       0.3214966  0.0052490234375 0.0054626464844 
      0.32151927  -0.0019836425781 -0.0018005371094 
      0.32154195  -0.0088500976562 -0.0087280273438 
      0.32156463   -0.01416015625 -0.014099121094 
       0.3215873  -0.016998291016 -0.016998291016 
      0.32160998  -0.016876220703 -0.016967773438 
      0.32163265  -0.013854980469 -0.014007568359 
      0.32165533  -0.0084838867188 -0.0086364746094 
        0.321678  -0.0016174316406 -0.0017700195312 
      0.32170068  0.0054931640625 0.0053405761719 
      0.32172336   0.011627197266  0.011535644531 
      0.32174603   0.015777587891  0.015716552734 
      0.32176871   0.017120361328  0.017150878906 
      0.32179138   0.015563964844        0.015625 
      0.32181406   0.011291503906  0.011444091797 
      0.32183673  0.0050964355469 0.0052185058594 
      0.32185941     -0.001953125 -0.0018005371094 
      0.32188209  -0.0086669921875 -0.008544921875 
      0.32190476  -0.013854980469 -0.013793945312 
      0.32192744  -0.016662597656 -0.016662597656 
      0.32195011    -0.0166015625 -0.016632080078 
      0.32197279     -0.013671875 -0.013732910156 
      0.32199546  -0.0083923339844 -0.0084533691406 
      0.32201814  -0.001708984375 -0.0017700195312 
      0.32204082  0.0053100585938 0.0052490234375 
      0.32206349   0.011383056641  0.011322021484 
      0.32208617   0.015472412109  0.015411376953 
      0.32210884   0.016876220703  0.016906738281 
      0.32213152   0.015411376953  0.015441894531 
       0.3221542   0.011291503906  0.011322021484 
      0.32217687  0.0052185058594 0.0052185058594 
      0.32219955  -0.001708984375 -0.0017395019531 
      0.32222222  -0.0083618164062 -0.0084228515625 
       0.3222449  -0.013549804688 -0.013610839844 
      0.32226757  -0.016418457031 -0.016479492188 
      0.32229025  -0.016448974609 -0.016479492188 
      0.32231293  -0.013641357422    -0.013671875 
       0.3223356  -0.008544921875 -0.0084838867188 
      0.32235828  -0.0019226074219 -0.0018615722656 
      0.32238095  0.0050048828125 0.0050964355469 
      0.32240363   0.011047363281  0.011199951172 
       0.3224263   0.015228271484  0.015350341797 
      0.32244898   0.016723632812  0.016845703125 
      0.32247166   0.015411376953  0.015472412109 
      0.32249433   0.011413574219  0.011383056641 
      0.32251701  0.0054321289062   0.00537109375 
      0.32253968  -0.0014343261719 -0.0016174316406 
      0.32256236  -0.0080871582031 -0.0082702636719 
      0.32258503  -0.013305664062 -0.013549804688 
      0.32260771  -0.016296386719 -0.016510009766 
      0.32263039  -0.016448974609   -0.0166015625 
      0.32265306  -0.013763427734 -0.013854980469 
      0.32267574  -0.0087280273438 -0.0086975097656 
      0.32269841  -0.0021667480469 -0.0020141601562 
      0.32272109  0.0047302246094 0.0050048828125 
      0.32274376   0.010864257812  0.011169433594 
      0.32276644   0.015106201172  0.015441894531 
      0.32278912   0.016754150391  0.017028808594 
      0.32281179   0.015533447266  0.015716552734 
      0.32283447   0.011627197266  0.011657714844 
      0.32285714  0.0057067871094  0.005615234375 
      0.32287982  -0.001220703125 -0.0014343261719 
      0.32290249  -0.0079345703125 -0.0082702636719 
      0.32292517  -0.013275146484 -0.013641357422 
      0.32294785  -0.016326904297 -0.016723632812 
      0.32297052  -0.016571044922 -0.016906738281 
       0.3229932  -0.013977050781  -0.01416015625 
      0.32301587  -0.0089721679688 -0.0089721679688 
      0.32303855  -0.0023803710938 -0.0022277832031 
      0.32306122   0.004638671875 0.0049438476562 
       0.3230839   0.010864257812  0.011260986328 
      0.32310658   0.015197753906  0.015655517578 
      0.32312925   0.016967773438  0.017364501953 
      0.32315193   0.015777587891  0.016082763672 
       0.3231746   0.011871337891  0.012023925781 
      0.32319728  0.0058898925781     0.005859375 
      0.32321995  -0.0011291503906 -0.0013732910156 
      0.32324263  -0.0079650878906 -0.0083312988281 
      0.32326531  -0.013427734375 -0.013946533203 
      0.32328798  -0.016632080078 -0.017120361328 
      0.32331066  -0.016937255859 -0.017333984375 
      0.32333333  -0.014282226562 -0.014556884766 
      0.32335601  -0.0091857910156 -0.0092468261719 
      0.32337868   -0.00244140625 -0.0022888183594 
      0.32340136  0.0047302246094 0.0050354003906 
      0.32342404   0.011138916016  0.011566162109 
      0.32344671         0.015625   0.01611328125 
      0.32346939   0.017395019531  0.017913818359 
      0.32349206   0.016204833984  0.016571044922 
      0.32351474   0.012176513672  0.012359619141 
      0.32353741  0.0059814453125 0.0059814453125 
      0.32356009  -0.0012512207031  -0.00146484375 
      0.32358277   -0.00830078125 -0.0087280273438 
      0.32360544  -0.013916015625 -0.014465332031 
      0.32362812  -0.017211914062 -0.017730712891 
      0.32365079  -0.017456054688 -0.017944335938 
      0.32367347  -0.014709472656 -0.015045166016 
      0.32369615  -0.0093688964844 -0.0094604492188 
      0.32371882  -0.0023803710938 -0.0022583007812 
       0.3237415  0.0050964355469 0.0054016113281 
      0.32376417   0.011688232422  0.012176513672 
      0.32378685   0.016326904297  0.016845703125 
      0.32380952   0.018096923828  0.018646240234 
       0.3238322   0.016723632812  0.017211914062 
      0.32385488   0.012451171875    0.0126953125 
      0.32387755  0.0060119628906 0.0060119628906 
      0.32390023  -0.0015563964844 -0.0018005371094 
       0.3239229  -0.0089416503906 -0.0093383789062 
      0.32394558  -0.014739990234 -0.015289306641 
      0.32396825  -0.018035888672 -0.018615722656 
      0.32399093  -0.018188476562 -0.018737792969 
      0.32401361  -0.015167236328 -0.015563964844 
      0.32403628  -0.0094909667969 -0.0097045898438 
      0.32405896  -0.0020751953125 -0.0020751953125 
      0.32408163  0.0057067871094 0.0059814453125 
      0.32410431   0.012603759766  0.013031005859 
      0.32412698   0.017303466797  0.017852783203 
      0.32414966    0.01904296875  0.019592285156 
      0.32417234   0.017395019531  0.017944335938 
      0.32419501   0.012725830078  0.013092041016 
      0.32421769  0.0058288574219 0.0059509277344 
      0.32424036  -0.002197265625 -0.0022888183594 
      0.32426304  -0.0098571777344 -0.010192871094 
      0.32428571  -0.015899658203 -0.016326904297 
      0.32430839  -0.019165039062 -0.019714355469 
      0.32433107  -0.019104003906 -0.019653320312 
      0.32435374  -0.015716552734 -0.016143798828 
      0.32437642  -0.009521484375 -0.0097961425781 
      0.32439909  -0.0015869140625 -0.0016784667969 
      0.32442177  0.0066528320312 0.0067749023438 
      0.32444444   0.013793945312  0.014129638672 
      0.32446712   0.018585205078   0.01904296875 
       0.3244898   0.020172119141  0.020690917969 
      0.32451247   0.018188476562  0.018646240234 
      0.32453515   0.013031005859  0.013397216797 
      0.32455782  0.0055236816406 0.0057373046875 
       0.3245805  -0.0029907226562 -0.0029907226562 
      0.32460317  -0.011108398438 -0.011260986328 
      0.32462585  -0.017272949219 -0.017608642578 
      0.32464853    -0.0205078125 -0.020935058594 
       0.3246712  -0.020141601562 -0.020599365234 
      0.32469388  -0.016265869141 -0.016662597656 
      0.32471655  -0.0094604492188    -0.009765625 
      0.32473923  -0.00094604492188 -0.0010986328125 
       0.3247619  0.0077819824219 0.0077819824219 
      0.32478458   0.015228271484  0.015441894531 
      0.32480726   0.020050048828  0.020355224609 
      0.32482993   0.021453857422  0.021820068359 
      0.32485261    0.01904296875  0.019378662109 
      0.32487528   0.013244628906  0.013549804688 
      0.32489796  0.0050964355469 0.0053405761719 
      0.32492063  -0.0040283203125 -0.0039367675781 
      0.32494331  -0.012512207031 -0.012603759766 
      0.32496599  -0.018859863281  -0.01904296875 
      0.32498866  -0.021942138672 -0.022247314453 
      0.32501134  -0.021240234375 -0.021514892578 
      0.32503401  -0.016784667969 -0.017028808594 
      0.32505669  -0.0093078613281 -0.0094909667969 
      0.32507937  -0.00015258789062 -0.000244140625 
      0.32510204  0.0090942382812 0.0091247558594 
      0.32512472   0.016845703125  0.016937255859 
      0.32514739   0.021667480469  0.021881103516 
      0.32517007   0.022766113281  0.022979736328 
      0.32519274   0.019836425781   0.02001953125 
      0.32521542   0.013366699219  0.013519287109 
       0.3252381  0.0045166015625 0.0045776367188 
      0.32526077  -0.0052185058594 -0.0052185058594 
      0.32528345  -0.014038085938 -0.014190673828 
      0.32530612  -0.020538330078 -0.020721435547 
       0.3253288       -0.0234375 -0.023620605469 
      0.32535147  -0.022216796875 -0.022430419922 
      0.32537415  -0.017120361328 -0.017211914062 
      0.32539683  -0.0089416503906 -0.0089416503906 
       0.3254195  0.00088500976562    0.0009765625 
      0.32544218   0.010620117188  0.010803222656 
      0.32546485     0.0185546875  0.018798828125 
      0.32548753   0.023284912109  0.023529052734 
       0.3255102   0.023986816406  0.024139404297 
      0.32553288   0.020385742188  0.020477294922 
      0.32555556   0.013214111328  0.013214111328 
      0.32557823  0.0036315917969 0.0035095214844 
      0.32560091  -0.0066833496094 -0.0068664550781 
      0.32562358  -0.015869140625 -0.016143798828 
      0.32564626  -0.022308349609 -0.022644042969 
      0.32566893  -0.024871826172 -0.025146484375 
      0.32569161  -0.023071289062 -0.023223876953 
      0.32571429  -0.017150878906 -0.017242431641 
      0.32573696  -0.0082397460938 -0.0080871582031 
      0.32575964  0.0022888183594 0.0025329589844 
      0.32578231   0.012451171875  0.012786865234 
      0.32580499   0.020477294922  0.020874023438 
      0.32582766   0.024993896484  0.025360107422 
      0.32585034   0.025054931641     0.025390625 
      0.32587302   0.020721435547  0.020874023438 
      0.32589569   0.012664794922  0.012664794922 
      0.32591837  0.0023498535156 0.0021362304688 
      0.32594104  -0.0084838867188 -0.0088806152344 
      0.32596372  -0.017913818359 -0.018371582031 
      0.32598639  -0.024200439453 -0.024719238281 
      0.32600907  -0.026275634766 -0.026733398438 
      0.32603175  -0.023712158203 -0.024017333984 
      0.32605442  -0.016906738281  -0.01708984375 
       0.3260771  -0.007080078125 -0.0069885253906 
      0.32609977  0.0040588378906 0.0043334960938 
      0.32612245   0.014617919922  0.015045166016 
      0.32614512   0.022613525391  0.023162841797 
       0.3261678   0.026702880859  0.027252197266 
      0.32619048   0.026031494141  0.026519775391 
      0.32621315   0.020782470703  0.021118164062 
      0.32623583   0.011779785156  0.011901855469 
       0.3262585  0.00064086914062 0.00054931640625 
      0.32628118  -0.010711669922 -0.011016845703 
      0.32630385  -0.020233154297 -0.020721435547 
      0.32632653  -0.026245117188 -0.026824951172 
      0.32634921  -0.027618408203 -0.028228759766 
      0.32637188  -0.024139404297 -0.024627685547 
      0.32639456  -0.016326904297 -0.016632080078 
      0.32641723  -0.0055541992188 -0.0056457519531 
      0.32643991  0.0062561035156 0.0064086914062 
      0.32646259    0.01708984375  0.017456054688 
      0.32648526   0.024932861328  0.025451660156 
      0.32650794   0.028411865234  0.029022216797 
      0.32653061   0.026885986328  0.027465820312 
      0.32655329   0.020538330078  0.021026611328 
      0.32657596   0.010528564453  0.010803222656 
      0.32659864  -0.0014343261719 -0.0013732910156 
      0.32662132  -0.013244628906 -0.013397216797 
      0.32664399  -0.022796630859 -0.023132324219 
      0.32666667    -0.0283203125 -0.028839111328 
      0.32668934  -0.028900146484 -0.029479980469 
      0.32671202  -0.024322509766 -0.024871826172 
      0.32673469  -0.015380859375 -0.015838623047 
      0.32675737  -0.003662109375     -0.00390625 
      0.32678005  0.0088195800781 0.0087585449219 
      0.32680272   0.019805908203  0.019927978516 
       0.3268254   0.027374267578  0.027709960938 
      0.32684807   0.030090332031  0.030548095703 
      0.32687075   0.027496337891  0.028015136719 
      0.32689342    0.02001953125  0.020538330078 
       0.3269161  0.0088806152344   0.00927734375 
      0.32693878  -0.0038757324219 -0.0036010742188 
      0.32696145  -0.016052246094 -0.015991210938 
      0.32698413  -0.025451660156 -0.025604248047 
       0.3270068  -0.030395507812 -0.030700683594 
      0.32702948  -0.029968261719 -0.030395507812 
      0.32705215  -0.024200439453 -0.024658203125 
      0.32707483  -0.014099121094 -0.014526367188 
      0.32709751  -0.0014038085938 -0.0018005371094 
      0.32712018   0.011627197266  0.011383056641 
      0.32714286   0.022674560547  0.022583007812 
      0.32716553   0.029754638672  0.029846191406 
      0.32718821   0.031616210938  0.031829833984 
      0.32721088    0.02783203125  0.028198242188 
      0.32723356   0.019104003906  0.019500732422 
      0.32725624  0.0068969726562 0.0072937011719 
      0.32727891  -0.006591796875 -0.0062866210938 
      0.32730159  -0.019012451172 -0.018829345703 
      0.32732426  -0.028137207031 -0.028045654297 
      0.32734694  -0.032318115234 -0.032379150391 
      0.32736961  -0.030700683594 -0.030944824219 
      0.32739229  -0.023712158203 -0.023986816406 
      0.32741497  -0.012359619141 -0.012756347656 
      0.32743764  0.0011596679688 0.00082397460938 
      0.32746032   0.014617919922  0.014343261719 
      0.32748299   0.025573730469  0.025360107422 
      0.32750567   0.032012939453  0.031951904297 
      0.32752834   0.032806396484  0.032836914062 
      0.32755102   0.027740478516  0.027923583984 
       0.3275737   0.017700195312  0.018005371094 
      0.32759637  0.0044860839844 0.0048217773438 
      0.32761905  -0.0096435546875 -0.0093078613281 
      0.32764172  -0.022155761719 -0.021850585938 
       0.3276644  -0.030731201172 -0.030548095703 
      0.32768707  -0.033966064453 -0.033843994141 
      0.32770975  -0.031127929688 -0.031127929688 
      0.32773243  -0.022705078125 -0.022857666016 
       0.3277551   -0.01025390625 -0.010437011719 
      0.32777778   0.004150390625 0.0038452148438 
      0.32780045   0.017883300781  0.017608642578 
      0.32782313   0.028503417969  0.028228759766 
       0.3278458   0.034118652344  0.033935546875 
      0.32786848   0.033660888672  0.033599853516 
      0.32789116   0.027221679688  0.027282714844 
      0.32791383   0.015930175781  0.016021728516 
      0.32793651  0.0016784667969 0.0018615722656 
      0.32795918  -0.012939453125 -0.012664794922 
      0.32798186  -0.025360107422 -0.025054931641 
      0.32800454  -0.033294677734 -0.032989501953 
      0.32802721  -0.035339355469 -0.035125732422 
      0.32804989  -0.031127929688 -0.030975341797 
      0.32807256  -0.021301269531 -0.021301269531 
      0.32809524  -0.0076599121094 -0.0077514648438 
      0.32811791  0.0074462890625 0.0072326660156 
      0.32814059   0.021301269531  0.021057128906 
      0.32816327   0.031463623047  0.031158447266 
      0.32818594   0.036071777344  0.035766601562 
      0.32820862   0.034271240234  0.033996582031 
      0.32823129   0.026336669922  0.026184082031 
      0.32825397   0.013702392578  0.013641357422 
      0.32827664   -0.00146484375 -0.0014038085938 
      0.32829932  -0.016479492188 -0.016265869141 
        0.328322  -0.028625488281   -0.0283203125 
      0.32834467  -0.035705566406 -0.035369873047 
      0.32836735  -0.036499023438 -0.036193847656 
      0.32839002  -0.030792236328 -0.030487060547 
       0.3284127  -0.019561767578 -0.019348144531 
      0.32843537  -0.0048217773438 -0.0046997070312 
      0.32845805   0.010925292969  0.010864257812 
      0.32848073   0.024749755859  0.024597167969 
       0.3285034   0.034301757812  0.033996582031 
      0.32852608   0.037780761719  0.037384033203 
      0.32854875   0.034545898438  0.034118652344 
      0.32857143   0.025115966797  0.024749755859 
       0.3285941   0.011199951172  0.010925292969 
      0.32861678  -0.0048217773438 -0.0049743652344 
      0.32863946   -0.02001953125  -0.02001953125 
      0.32866213  -0.031768798828 -0.031585693359 
      0.32868481  -0.037902832031  -0.03759765625 
      0.32870748  -0.037322998047 -0.036895751953 
      0.32873016  -0.030090332031 -0.029632568359 
      0.32875283  -0.017456054688 -0.017059326172 
      0.32877551  -0.0016784667969 -0.0014038085938 
      0.32879819   0.014526367188    0.0146484375 
      0.32882086   0.028198242188  0.028137207031 
      0.32884354   0.036895751953  0.036682128906 
      0.32886621   0.039093017578  0.038726806641 
      0.32888889   0.034332275391  0.033874511719 
      0.32891156   0.023468017578  0.022979736328 
      0.32893424  0.0083312988281 0.0079040527344 
      0.32895692  -0.0083618164062 -0.0086364746094 
      0.32897959  -0.023590087891 -0.023742675781 
      0.32900227  -0.034698486328 -0.034698486328 
      0.32902494  -0.039703369141 -0.039459228516 
      0.32904762  -0.037658691406 -0.037261962891 
      0.32907029  -0.028869628906 -0.028411865234 
      0.32909297  -0.014953613281 -0.014434814453 
      0.32911565   0.001708984375 0.0021362304688 
      0.32913832   0.018157958984  0.018463134766 
        0.329161   0.031402587891  0.031555175781 
      0.32918367   0.039093017578       0.0390625 
      0.32920635   0.039886474609  0.039642333984 
      0.32922902   0.033569335938  0.033172607422 
       0.3292517   0.021209716797  0.020751953125 
      0.32927438  0.0050659179688 0.0045776367188 
      0.32929705  -0.012054443359 -0.012451171875 
      0.32931973  -0.027069091797 -0.027404785156 
       0.3293424  -0.037322998047 -0.037475585938 
      0.32936508  -0.040954589844 -0.040954589844 
      0.32938776  -0.037353515625 -0.037139892578 
      0.32941043  -0.027008056641 -0.026672363281 
      0.32943311  -0.011840820312 -0.011444091797 
      0.32945578  0.0054931640625 0.0059204101562 
      0.32947846   0.021881103516  0.022247314453 
      0.32950113   0.034423828125  0.034729003906 
      0.32952381   0.040863037109  0.041076660156 
      0.32954649   0.040069580078  0.040069580078 
      0.32956916   0.032073974609  0.031982421875 
      0.32959184   0.018371582031  0.018096923828 
      0.32961451  0.0013122558594    0.0009765625 
      0.32963719  -0.015991210938 -0.016387939453 
      0.32965986  -0.030548095703 -0.030883789062 
      0.32968254  -0.039703369141 -0.039978027344 
      0.32970522  -0.041748046875 -0.041931152344 
      0.32972789  -0.036376953125 -0.036468505859 
      0.32975057  -0.024444580078 -0.024444580078 
      0.32977324  -0.0081481933594 -0.008056640625 
      0.32979592  0.0096740722656 0.0098876953125 
      0.32981859   0.025817871094  0.026092529297 
      0.32984127   0.037384033203  0.037719726562 
      0.32986395   0.042358398438  0.042663574219 
      0.32988662   0.039733886719  0.040008544922 
       0.3299093   0.030029296875  0.030212402344 
      0.32993197   0.014892578125  0.015014648438 
      0.32995465  -0.0029602050781   -0.0029296875 
      0.32997732  -0.020324707031 -0.020416259766 
            0.33  -0.034118652344 -0.034301757812 
      0.33002268  -0.041870117188 -0.042114257812 
      0.33004535  -0.042144775391 -0.042449951172 
      0.33006803  -0.034912109375 -0.035247802734 
       0.3300907  -0.021392822266 -0.021697998047 
      0.33011338  -0.0039672851562 -0.0042419433594 
      0.33013605   0.014221191406  0.014007568359 
      0.33015873   0.029907226562  0.029876708984 
      0.33018141   0.040313720703  0.040405273438 
      0.33020408   0.043579101562  0.043792724609 
      0.33022676   0.039031982422  0.039367675781 
      0.33024943   0.027496337891  0.027893066406 
      0.33027211   0.010986328125  0.011444091797 
      0.33029478  -0.0075378417969 -0.0071411132812 
      0.33031746  -0.024841308594 -0.024444580078 
      0.33034014  -0.037689208984 -0.037506103516 
      0.33036281  -0.043914794922 -0.043884277344 
      0.33038549  -0.042266845703  -0.04248046875 
      0.33040816  -0.033111572266 -0.033477783203 
      0.33043084  -0.017944335938 -0.018432617188 
      0.33045351  0.00045776367188 -0.0001220703125 
      0.33047619   0.018859863281  0.018310546875 
      0.33049887   0.033966064453  0.033477783203 
      0.33052154   0.043090820312  0.042755126953 
      0.33054422   0.044525146484   0.04443359375 
      0.33056689   0.038024902344  0.038177490234 
      0.33058957   0.024658203125  0.025085449219 
      0.33061224  0.0068969726562 0.0074462890625 
      0.33063492   -0.01220703125 -0.011535644531 
       0.3306576  -0.029205322266 -0.028503417969 
      0.33068027  -0.041076660156 -0.040466308594 
      0.33070295  -0.045623779297 -0.045196533203 
      0.33072562  -0.042083740234 -0.041931152344 
       0.3307483  -0.030975341797 -0.031097412109 
      0.33077098  -0.014343261719 -0.014739990234 
      0.33079365  0.0049743652344 0.0043029785156 
      0.33081633        0.0234375  0.022705078125 
        0.330839   0.037811279297  0.037017822266 
      0.33086168   0.045471191406  0.044830322266 
      0.33088435   0.045074462891  0.044616699219 
      0.33090703   0.036651611328  0.036437988281 
      0.33092971   0.021606445312  0.021728515625 
      0.33095238   0.002685546875 0.0030822753906 
      0.33097506  -0.016784667969 -0.016143798828 
      0.33099773  -0.033294677734 -0.032531738281 
      0.33102041    -0.0439453125 -0.043182373047 
      0.33104308  -0.046844482422 -0.046142578125 
      0.33106576  -0.041381835938 -0.040863037109 
      0.33108844  -0.028472900391 -0.028259277344 
      0.33111111  -0.010498046875 -0.010620117188 
      0.33113379  0.0093994140625  0.009033203125 
      0.33115646   0.027679443359  0.027099609375 
      0.33117914   0.041107177734  0.040374755859 
      0.33120181   0.047210693359  0.046447753906 
      0.33122449   0.044982910156  0.044281005859 
      0.33124717    0.03466796875    0.0341796875 
      0.33126984   0.018157958984  0.017944335938 
      0.33129252  -0.0015869140625 -0.0015563964844 
      0.33131519  -0.021148681641 -0.020843505859 
      0.33133787  -0.036956787109 -0.036468505859 
      0.33136054  -0.046203613281 -0.045593261719 
      0.33138322  -0.047302246094 -0.046630859375 
       0.3314059  -0.039916992188 -0.039306640625 
      0.33142857  -0.025421142578 -0.024963378906 
      0.33145125   -0.00634765625 -0.006103515625 
      0.33147392   0.013885498047  0.013885498047 
       0.3314966   0.031707763672  0.031433105469 
      0.33151927   0.043884277344  0.043487548828 
      0.33154195   0.048278808594  0.047760009766 
      0.33156463   0.044067382812  0.043518066406 
       0.3315873   0.032012939453  0.031524658203 
      0.33160998   0.014221191406  0.013793945312 
      0.33163265  -0.0061340332031 -0.0064086914062 
      0.33165533  -0.025451660156 -0.025543212891 
        0.331678  -0.040252685547 -0.040130615234 
      0.33170068  -0.047912597656 -0.047637939453 
      0.33172336  -0.047027587891 -0.046630859375 
      0.33174603  -0.037780761719 -0.037322998047 
      0.33176871  -0.021728515625 -0.021301269531 
      0.33179138  -0.0018310546875 -0.0014343261719 
      0.33181406   0.018463134766  0.018707275391 
      0.33183673   0.035491943359   0.03564453125 
      0.33185941   0.046173095703  0.046203613281 
      0.33188209   0.048706054688  0.048553466797 
      0.33190476   0.042510986328  0.042266845703 
      0.33192744   0.028717041016  0.028381347656 
      0.33195011  0.0097961425781 0.0094299316406 
      0.33197279  -0.010894775391 -0.011322021484 
      0.33199546  -0.029724121094 -0.030029296875 
      0.33201814  -0.043243408203 -0.043426513672 
      0.33204082  -0.049072265625 -0.049163818359 
      0.33206349  -0.046142578125 -0.046142578125 
      0.33208617  -0.034973144531 -0.034820556641 
      0.33210884     -0.017578125 -0.017303466797 
      0.33213152  0.0030212402344 0.0033874511719 
       0.3321542   0.023132324219  0.023498535156 
      0.33217687   0.039093017578  0.039459228516 
      0.33219955   0.048156738281  0.048431396484 
      0.33222222   0.048583984375  0.048767089844 
       0.3322449   0.040374755859  0.040466308594 
      0.33226757   0.024932861328  0.024841308594 
      0.33229025  0.0050048828125 0.0047912597656 
      0.33231293  -0.015838623047 -0.016143798828 
       0.3323356  -0.033874511719 -0.034301757812 
      0.33235828    -0.0458984375 -0.046325683594 
      0.33238095  -0.049774169922 -0.050109863281 
      0.33240363  -0.044769287109 -0.045013427734 
       0.3324263  -0.031707763672 -0.031860351562 
      0.33244898  -0.013031005859 -0.012969970703 
      0.33247166   0.008056640625 0.0082397460938 
      0.33249433   0.027709960938  0.028045654297 
      0.33251701   0.042419433594  0.042877197266 
      0.33253968   0.049652099609  0.050109863281 
      0.33256236   0.047973632812  0.048400878906 
      0.33258503   0.037750244141    0.0380859375 
      0.33260771   0.020782470703  0.020904541016 
      0.33263039  6.103515625e-05               0 
      0.33265306  -0.020690917969 -0.020935058594 
      0.33267574  -0.037811279297 -0.038177490234 
      0.33269841  -0.048187255859 -0.048675537109 
      0.33272109  -0.050018310547 -0.050506591797 
      0.33274376  -0.042846679688 -0.043304443359 
      0.33276644  -0.028076171875 -0.028350830078 
      0.33278912  -0.0082702636719 -0.0083618164062 
      0.33281179   0.013061523438  0.013153076172 
      0.33283447   0.032073974609  0.032348632812 
      0.33285714   0.045379638672  0.045837402344 
      0.33287982   0.050659179688  0.051177978516 
      0.33290249   0.046844482422  0.047393798828 
      0.33292517   0.034729003906      0.03515625 
      0.33294785   0.016357421875  0.016632080078 
      0.33297052  -0.0049743652344   -0.0048828125 
       0.3329932  -0.025451660156 -0.025573730469 
      0.33301587  -0.041351318359 -0.041717529297 
      0.33303855  -0.049957275391 -0.050445556641 
      0.33306122  -0.049621582031 -0.050170898438 
       0.3330839  -0.040496826172    -0.041015625 
      0.33310658  -0.024078369141 -0.024475097656 
      0.33312925  -0.0033264160156 -0.0036010742188 
      0.33315193   0.018005371094  0.017944335938 
       0.3331746   0.036163330078  0.036315917969 
      0.33319728   0.047912597656  0.048278808594 
      0.33321995   0.051086425781  0.051574707031 
      0.33324263   0.045196533203  0.045715332031 
      0.33326531   0.031219482422   0.03173828125 
      0.33328798   0.011657714844  0.012054443359 
      0.33331066  -0.010009765625    -0.009765625 
      0.33333333  -0.029937744141 -0.029876708984 
      0.33335601  -0.044525146484 -0.044677734375 
      0.33337868  -0.051177978516 -0.051544189453 
      0.33340136  -0.048736572266 -0.049194335938 
      0.33342404   -0.03759765625 -0.038116455078 
      0.33344671  -0.019744873047 -0.020202636719 
      0.33346939  0.0016479492188 0.0013122558594 
      0.33349206   0.022766113281  0.022552490234 
      0.33351474   0.039855957031  0.039855957031 
      0.33353741   0.049835205078  0.050048828125 
      0.33356009   0.050964355469   0.05126953125 
      0.33358277       0.04296875  0.043426513672 
      0.33360544       0.02734375  0.027801513672 
      0.33362812  0.0068054199219 0.0072326660156 
      0.33365079  -0.014953613281   -0.0146484375 
      0.33367347  -0.034057617188 -0.033905029297 
      0.33369615  -0.047119140625 -0.047119140625 
      0.33371882  -0.051818847656 -0.051971435547 
       0.3337415  -0.047241210938 -0.047515869141 
      0.33376417  -0.034240722656 -0.034637451172 
      0.33378685   -0.01513671875 -0.015533447266 
      0.33380952  0.0066528320312 0.0062866210938 
       0.3338322   0.027313232422  0.027069091797 
      0.33385488   0.043090820312  0.042938232422 
      0.33387755   0.051239013672  0.051177978516 
      0.33390023   0.050231933594  0.050323486328 
       0.3339229   0.040252685547  0.040466308594 
      0.33394558   0.023101806641  0.023406982422 
      0.33396825  0.0018310546875 0.0021667480469 
      0.33399093  -0.019775390625 -0.019470214844 
      0.33401361  -0.037872314453 -0.037658691406 
      0.33403628  -0.049224853516 -0.049072265625 
      0.33405896  -0.051818847656   -0.0517578125 
      0.33408163  -0.045196533203 -0.045227050781 
      0.33410431  -0.030487060547 -0.030639648438 
      0.33412698  -0.010345458984 -0.010559082031 
      0.33414966   0.011657714844  0.011413574219 
      0.33417234   0.031585693359  0.031311035156 
      0.33419501     0.0458984375  0.045654296875 
      0.33421769   0.052032470703  0.051849365234 
      0.33424036   0.048858642578  0.048767089844 
      0.33426304   0.037048339844  0.037048339844 
      0.33428571   0.018585205078  0.018646240234 
      0.33430839  -0.003173828125 -0.0030822753906 
      0.33433107  -0.024383544922 -0.024200439453 
      0.33435374  -0.041259765625 -0.041046142578 
      0.33437642  -0.050750732422 -0.050567626953 
      0.33439909  -0.051239013672 -0.051086425781 
      0.33442177  -0.042572021484 -0.042449951172 
      0.33444444  -0.026336669922 -0.026275634766 
      0.33446712  -0.0054016113281 -0.0054016113281 
       0.3344898   0.016540527344  0.016479492188 
      0.33451247   0.035522460938  0.035369873047 
      0.33453515   0.048126220703  0.048004150391 
      0.33455782   0.052215576172  0.052062988281 
       0.3345805   0.046966552734  0.046813964844 
      0.33460317   0.033325195312  0.033233642578 
      0.33462585   0.013793945312  0.013732910156 
      0.33464853  -0.0082092285156 -0.0082397460938 
       0.3346712   -0.02880859375 -0.028747558594 
      0.33469388  -0.044189453125 -0.044128417969 
      0.33471655  -0.051727294922 -0.051635742188 
      0.33473923  -0.050079345703 -0.049957275391 
       0.3347619  -0.039459228516 -0.039398193359 
      0.33478458  -0.021850585938 -0.021789550781 
      0.33480726  -0.00033569335938 -0.00027465820312 
      0.33482993   0.021270751953  0.021301269531 
      0.33485261        0.0390625  0.039031982422 
      0.33487528   0.049896240234  0.049835205078 
      0.33489796   0.051818847656    0.0517578125 
      0.33492063   0.044525146484   0.04443359375 
      0.33494331   0.029266357422  0.029235839844 
      0.33496599  0.0088500976562 0.0088195800781 
      0.33498866   -0.01318359375  -0.01318359375 
      0.33501134  -0.032836914062 -0.032836914062 
      0.33503401  -0.046691894531 -0.046630859375 
      0.33505669  -0.052215576172 -0.052154541016 
      0.33507937  -0.048400878906 -0.048370361328 
      0.33510204  -0.035980224609 -0.035980224609 
      0.33512472  -0.017150878906 -0.017150878906 
      0.33514739  0.0047302246094 0.0046997070312 
      0.33517007   0.025756835938  0.025756835938 
      0.33519274   0.042175292969  0.042175292969 
      0.33521542   0.051116943359  0.051116943359 
       0.3352381   0.050903320312  0.050933837891 
      0.33526077   0.041687011719  0.041687011719 
      0.33528345   0.025024414062  0.025024414062 
      0.33530612       0.00390625 0.0039672851562 
       0.3353288  -0.017974853516 -0.017883300781 
      0.33535147  -0.036590576172 -0.036499023438 
      0.33537415  -0.048645019531 -0.048614501953 
      0.33539683  -0.052093505859 -0.052093505859 
       0.3354195  -0.046264648438 -0.046234130859 
      0.33544218  -0.032165527344 -0.032257080078 
      0.33546485  -0.012390136719 -0.012451171875 
      0.33548753  0.0096130371094 0.0094909667969 
       0.3355102   0.029907226562   0.02978515625 
      0.33553288   0.044830322266  0.044769287109 
      0.33555556   0.051818847656    0.0517578125 
      0.33557823   0.049560546875  0.049560546875 
      0.33560091   0.038452148438  0.038513183594 
      0.33562358   0.020599365234  0.020629882812 
      0.33564626    -0.0009765625 -0.00088500976562 
      0.33566893  -0.022369384766 -0.022247314453 
      0.33569161  -0.039733886719 -0.039642333984 
      0.33571429  -0.050048828125 -0.049957275391 
      0.33573696  -0.051452636719 -0.051391601562 
      0.33575964  -0.043701171875 -0.043701171875 
      0.33578231  -0.028137207031 -0.028198242188 
      0.33580499  -0.0075988769531 -0.0076904296875 
      0.33582766   0.014221191406  0.014129638672 
      0.33585034   0.033538818359  0.033447265625 
      0.33587302         0.046875  0.046783447266 
      0.33589569   0.051879882812  0.051788330078 
      0.33591837   0.047637939453  0.047607421875 
      0.33594104   0.034942626953  0.034912109375 
      0.33596372   0.016021728516  0.016052246094 
      0.33598639  -0.0057373046875 -0.0056457519531 
      0.33600907  -0.026428222656 -0.026336669922 
      0.33603175  -0.042419433594 -0.042327880859 
      0.33605442  -0.050811767578 -0.050750732422 
       0.3360771  -0.050201416016 -0.050140380859 
      0.33609977  -0.040649414062 -0.040618896484 
      0.33612245  -0.023895263672 -0.023895263672 
      0.33614512  -0.0028991699219 -0.0028991699219 
       0.3361678   0.018585205078  0.018585205078 
      0.33619048   0.036743164062  0.036712646484 
      0.33621315    0.04833984375  0.048309326172 
      0.33623583   0.051361083984  0.051361083984 
       0.3362585   0.045227050781  0.045227050781 
      0.33628118   0.031036376953  0.031036376953 
      0.33630385   0.011383056641  0.011383056641 
      0.33632653   -0.01025390625  -0.01025390625 
      0.33634921  -0.030059814453 -0.030090332031 
      0.33637188  -0.044494628906 -0.044525146484 
      0.33639456  -0.050964355469 -0.051055908203 
      0.33641723  -0.048400878906 -0.048461914062 
      0.33643991  -0.037231445312 -0.037261962891 
      0.33646259  -0.019470214844 -0.019470214844 
      0.33648526  0.0017395019531 0.0017700195312 
      0.33650794   0.022644042969  0.022674560547 
      0.33653061   0.039459228516  0.039520263672 
      0.33655329   0.049224853516  0.049346923828 
      0.33657596   0.050262451172  0.050384521484 
      0.33659864   0.042358398438  0.042388916016 
      0.33662132   0.026916503906  0.026947021484 
      0.33664399  0.0067138671875 0.0067138671875 
      0.33666667  -0.014617919922 -0.014678955078 
      0.33668934  -0.033355712891 -0.033447265625 
      0.33671202  -0.046142578125 -0.046203613281 
      0.33673469  -0.050659179688 -0.050811767578 
      0.33675737  -0.046173095703 -0.046295166016 
      0.33678005  -0.033538818359 -0.033630371094 
      0.33680272  -0.014892578125 -0.014953613281 
       0.3368254  0.0063171386719   0.00634765625 
      0.33684807   0.026397705078  0.026458740234 
      0.33687075   0.041748046875  0.041870117188 
      0.33689342   0.049652099609  0.049835205078 
       0.3369161   0.048736572266  0.048889160156 
      0.33693878   0.039123535156  0.039276123047 
      0.33696145   0.022613525391  0.022705078125 
      0.33698413  0.0021057128906 0.0021057128906 
       0.3370068  -0.018768310547 -0.018798828125 
      0.33702948  -0.036254882812 -0.036346435547 
      0.33705215  -0.047302246094 -0.047393798828 
      0.33707483  -0.049896240234 -0.050048828125 
      0.33709751  -0.043640136719 -0.043762207031 
      0.33712018  -0.029602050781 -0.029724121094 
      0.33714286  -0.010406494141 -0.010467529297 
      0.33716553   0.010681152344  0.010650634766 
      0.33718821    0.02978515625  0.029876708984 
      0.33721088   0.043609619141  0.043701171875 
      0.33723356   0.049621582031    0.0498046875 
      0.33725624         0.046875  0.046997070312 
      0.33727891   0.035736083984  0.035858154297 
      0.33730159   0.018280029297  0.018402099609 
      0.33732426  -0.0023498535156 -0.0023193359375 
      0.33734694  -0.022552490234 -0.022583007812 
      0.33736961  -0.038726806641 -0.038787841797 
      0.33739229  -0.048004150391 -0.048095703125 
      0.33741497  -0.048736572266    -0.048828125 
      0.33743764  -0.040802001953 -0.040924072266 
      0.33746032  -0.025665283203 -0.025756835938 
      0.33748299  -0.0059814453125 -0.0060424804688 
      0.33750567   0.014709472656  0.014709472656 
      0.33752834   0.032806396484  0.032775878906 
      0.33755102   0.045013427734  0.045043945312 
       0.3375737   0.049224853516  0.049285888672 
      0.33759637   0.044677734375  0.044769287109 
      0.33761905   0.032196044922  0.032287597656 
      0.33764172   0.014099121094  0.014129638672 
       0.3376644  -0.0065612792969 -0.0064697265625 
      0.33768707  -0.025970458984  -0.02587890625 
      0.33770975  -0.040740966797 -0.040710449219 
      0.33773243  -0.048278808594 -0.048248291016 
       0.3377551  -0.047241210938 -0.047210693359 
      0.33777778  -0.037811279297 -0.037811279297 
      0.33780045  -0.021697998047 -0.021728515625 
      0.33782313  -0.0017700195312 -0.0018310546875 
       0.3378458   0.018432617188  0.018371582031 
      0.33786848   0.035339355469  0.035247802734 
      0.33789116   0.045959472656  0.045837402344 
      0.33791383   0.048370361328  0.048278808594 
      0.33793651   0.042236328125  0.042175292969 
      0.33795918   0.028656005859  0.028564453125 
      0.33798186  0.0099487304688 0.0099792480469 
      0.33800454  -0.010437011719 -0.010345458984 
      0.33802721  -0.028930664062  -0.02880859375 
      0.33804989  -0.042266845703 -0.042083740234 
      0.33807256  -0.048095703125 -0.047882080078 
      0.33809524  -0.045379638672 -0.045166015625 
      0.33811791  -0.034637451172 -0.034454345703 
      0.33814059  -0.017761230469 -0.017669677734 
      0.33816327  0.0021667480469 0.0022277832031 
      0.33818594   0.021728515625  0.021606445312 
      0.33820862   0.037384033203  0.037170410156 
      0.33823129   0.046325683594  0.046051025391 
      0.33825397   0.047149658203  0.046813964844 
      0.33827664    0.03955078125  0.039245605469 
      0.33829932   0.024993896484  0.024749755859 
        0.338322  0.0060119628906     0.005859375 
      0.33834467  -0.013916015625 -0.013946533203 
      0.33836735  -0.031402587891 -0.031280517578 
      0.33839002  -0.043243408203 -0.042999267578 
       0.3384127  -0.047424316406 -0.047058105469 
      0.33843537  -0.043182373047 -0.042755126953 
      0.33845805  -0.031311035156 -0.030914306641 
      0.33848073  -0.013977050781 -0.013641357422 
       0.3385034  0.0058898925781 0.0060424804688 
      0.33852608   0.024566650391  0.024597167969 
      0.33854875   0.038879394531  0.038696289062 
      0.33857143   0.046295166016  0.045959472656 
       0.3385941   0.045471191406  0.045013427734 
      0.33861678   0.036651611328    0.0361328125 
      0.33863946   0.021301269531  0.020874023438 
      0.33866213  0.0022888183594     0.001953125 
      0.33868481   -0.01708984375 -0.017303466797 
      0.33870748  -0.033416748047 -0.033416748047 
      0.33873016  -0.043731689453 -0.043579101562 
      0.33875283  -0.046295166016 -0.045959472656 
      0.33877551  -0.040679931641 -0.040222167969 
      0.33879819  -0.027893066406 -0.027374267578 
      0.33882086  -0.010162353516 -0.0097045898438 
      0.33884354  0.0092468261719 0.0096130371094 
      0.33886621   0.026977539062  0.027221679688 
      0.33888889   0.039916992188  0.039947509766 
      0.33891156   0.045684814453  0.045593261719 
      0.33893424   0.043426513672  0.043121337891 
      0.33895692   0.033477783203  0.033020019531 
      0.33897959   0.017639160156  0.017120361328 
      0.33900227  -0.0012817382812 -0.0017395019531 
      0.33902494  -0.019897460938 -0.020294189453 
      0.33904762  -0.034942626953 -0.035186767578 
      0.33907029  -0.043731689453 -0.043823242188 
      0.33909297  -0.044799804688 -0.044677734375 
      0.33911565  -0.037933349609 -0.037628173828 
      0.33913832  -0.024353027344 -0.023956298828 
        0.339161  -0.0065307617188 -0.0060729980469 
      0.33918367   0.012359619141  0.012847900391 
      0.33920635   0.029022216797  0.029418945312 
      0.33922902   0.040496826172  0.040771484375 
       0.3392517   0.044738769531     0.044921875 
      0.33927438   0.041107177734  0.041076660156 
      0.33929705   0.030212402344  0.029998779297 
      0.33931973   0.013977050781  0.013641357422 
       0.3393424  -0.0046691894531 -0.0050354003906 
      0.33936508  -0.022369384766 -0.022857666016 
      0.33938776  -0.036102294922 -0.036499023438 
      0.33941043  -0.043365478516 -0.043731689453 
      0.33943311  -0.042999267578 -0.043243408203 
      0.33945578  -0.034973144531 -0.035064697266 
      0.33947846  -0.020843505859 -0.020751953125 
      0.33950113  -0.0030212402344 -0.0028076171875 
      0.33952381   0.015228271484  0.015594482422 
      0.33954649   0.030731201172  0.031158447266 
      0.33956916   0.040802001953  0.041229248047 
      0.33959184   0.043579101562    0.0439453125 
      0.33961451   0.038635253906  0.038940429688 
      0.33963719   0.026885986328  0.027069091797 
      0.33965986   0.010437011719  0.010467529297 
      0.33968254       -0.0078125 -0.0079345703125 
      0.33970522  -0.024566650391 -0.024871826172 
      0.33972789  -0.037017822266 -0.037384033203 
      0.33975057  -0.042816162109 -0.043243408203 
      0.33977324  -0.041076660156  -0.04150390625 
      0.33979592  -0.032073974609 -0.032409667969 
      0.33981859  -0.017425537109 -0.017669677734 
      0.33984127   0.000244140625 0.00015258789062 
      0.33986395   0.017791748047  0.017883300781 
      0.33988662   0.032165527344  0.032409667969 
       0.3399093   0.040832519531  0.041168212891 
      0.33993197   0.042266845703  0.042633056641 
      0.33995465   0.036163330078   0.03662109375 
      0.33997732   0.023742675781  0.024108886719 
            0.34  0.0071716308594 0.0074157714844 
      0.34002268  -0.010620117188 -0.010498046875 
      0.34004535  -0.026458740234 -0.026550292969 
      0.34006803  -0.037628173828 -0.037811279297 
       0.3400907  -0.042114257812 -0.042419433594 
      0.34011338  -0.039123535156 -0.039520263672 
      0.34013605  -0.029266357422 -0.029663085938 
      0.34015873  -0.014282226562 -0.014617919922 
      0.34018141  0.0031433105469    0.0029296875 
      0.34020408    0.02001953125  0.019927978516 
      0.34022676   0.033264160156  0.033294677734 
      0.34024943   0.040649414062  0.040771484375 
      0.34027211   0.040863037109  0.041076660156 
      0.34029478   0.033813476562  0.034088134766 
      0.34031746   0.020843505859  0.021179199219 
      0.34034014  0.0042724609375 0.0045471191406 
      0.34036281  -0.013031005859 -0.012817382812 
      0.34038549  -0.027984619141  -0.02783203125 
      0.34040816  -0.037933349609 -0.037933349609 
      0.34043084  -0.041229248047 -0.041320800781 
      0.34045351  -0.037200927734 -0.037353515625 
      0.34047619  -0.026672363281 -0.026885986328 
      0.34049887  -0.011474609375 -0.011657714844 
      0.34052154  0.0057373046875 0.0054931640625 
      0.34054422   0.021850585938  0.021636962891 
      0.34056689   0.034057617188  0.033905029297 
      0.34058957   0.040283203125  0.040191650391 
      0.34061224   0.039367675781  0.039337158203 
      0.34063492   0.031524658203  0.031555175781 
       0.3406576   0.018157958984  0.018280029297 
      0.34068027   0.001708984375 0.0018005371094 
      0.34070295  -0.015045166016 -0.014892578125 
      0.34072562  -0.029113769531 -0.028961181641 
       0.3407483  -0.037963867188 -0.037841796875 
      0.34077098  -0.040161132812 -0.040008544922 
      0.34079365  -0.035278320312     -0.03515625 
      0.34081633  -0.024230957031 -0.024108886719 
        0.340839  -0.0089111328125 -0.0088806152344 
      0.34086168  0.0078735351562 0.0078430175781 
      0.34088435   0.023223876953  0.023162841797 
      0.34090703   0.034454345703  0.034332275391 
      0.34092971   0.039611816406  0.039459228516 
      0.34095238   0.037780761719   0.03759765625 
      0.34097506   0.029327392578  0.029113769531 
      0.34099773   0.015716552734  0.015533447266 
      0.34102041  -0.00057983398438 -0.00076293945312 
      0.34104308  -0.016693115234 -0.016815185547 
      0.34106576  -0.029846191406 -0.029876708984 
      0.34108844  -0.037719726562 -0.037628173828 
      0.34111111  -0.038909912109 -0.038757324219 
      0.34113379  -0.033294677734 -0.033050537109 
      0.34115646  -0.021850585938 -0.021545410156 
      0.34117914  -0.0066223144531 -0.0062866210938 
      0.34120181      0.009765625  0.010040283203 
      0.34122449   0.024322509766  0.024505615234 
      0.34124717   0.034576416016   0.03466796875 
      0.34126984   0.038696289062  0.038665771484 
      0.34129252   0.036041259766  0.035858154297 
      0.34131519   0.027069091797  0.026763916016 
      0.34133787   0.013397216797  0.012969970703 
      0.34136054  -0.0026245117188 -0.0030212402344 
      0.34138322  -0.018096923828 -0.018463134766 
       0.3414059  -0.030334472656 -0.030609130859 
      0.34142857  -0.037200927734 -0.037322998047 
      0.34145125  -0.037567138672 -0.037506103516 
      0.34147392  -0.031280517578 -0.031036376953 
       0.3414966  -0.019561767578 -0.019165039062 
      0.34151927   -0.00439453125 -0.0039367675781 
      0.34154195   0.011444091797  0.011901855469 
      0.34156463   0.025207519531  0.025665283203 
       0.3415873   0.034515380859  0.034820556641 
      0.34160998   0.037750244141  0.037872314453 
      0.34163265   0.034332275391  0.034240722656 
      0.34165533   0.024841308594  0.024627685547 
        0.341678   0.011108398438  0.010681152344 
      0.34170068  -0.0045471191406 -0.0050659179688 
      0.34172336  -0.019378662109 -0.019897460938 
      0.34174603   -0.03076171875 -0.031188964844 
      0.34176871  -0.036682128906 -0.036956787109 
      0.34179138  -0.036163330078 -0.036285400391 
      0.34181406  -0.029266357422 -0.029174804688 
      0.34183673  -0.017303466797 -0.016998291016 
      0.34185941  -0.0022583007812 -0.0018920898438 
      0.34188209   0.013061523438  0.013549804688 
      0.34190476   0.026062011719  0.026550292969 
      0.34192744   0.034484863281  0.034851074219 
      0.34195011   0.036804199219  0.037017822266 
      0.34197279   0.032653808594   0.03271484375 
      0.34199546   0.022766113281  0.022644042969 
      0.34201814  0.0089111328125 0.0086364746094 
      0.34204082  -0.0064392089844   -0.0068359375 
      0.34206349  -0.020660400391 -0.021057128906 
      0.34208617  -0.031188964844 -0.031616210938 
      0.34210884  -0.036224365234 -0.036529541016 
      0.34213152  -0.034942626953 -0.035064697266 
       0.3421542  -0.027435302734 -0.027465820312 
      0.34217687  -0.015197753906 -0.015045166016 
      0.34219955  -0.00030517578125 -3.0517578125e-05 
      0.34222222   0.014617919922  0.014984130859 
       0.3422449   0.026947021484  0.027313232422 
      0.34226757   0.034545898438  0.034820556641 
      0.34229025   0.036010742188  0.036224365234 
      0.34231293   0.031219482422  0.031280517578 
       0.3423356   0.020904541016  0.020874023438 
      0.34235828  0.0069885253906 0.0068054199219 
      0.34238095  -0.0081481933594 -0.0084228515625 
      0.34240363  -0.021820068359 -0.022125244141 
       0.3424263  -0.031677246094 -0.031921386719 
      0.34244898  -0.035949707031   -0.0361328125 
      0.34247166  -0.033905029297 -0.033966064453 
      0.34249433   -0.02587890625  -0.02587890625 
      0.34251701  -0.013397216797 -0.013275146484 
      0.34253968  0.0014343261719 0.0016479492188 
      0.34256236   0.015991210938  0.016235351562 
      0.34258503   0.027740478516  0.027954101562 
      0.34260771   0.034606933594  0.034790039062 
      0.34263039   0.035400390625  0.035491943359 
      0.34265306   0.029998779297  0.029968261719 
      0.34267574   0.019317626953  0.019226074219 
      0.34269841  0.0053100585938  0.005126953125 
      0.34272109  -0.0096435546875 -0.0098571777344 
      0.34274376  -0.022827148438 -0.023071289062 
      0.34276644  -0.032043457031 -0.032257080078 
      0.34278912   -0.03564453125 -0.035736083984 
      0.34281179  -0.032958984375 -0.032958984375 
      0.34283447  -0.024566650391 -0.024475097656 
      0.34285714  -0.011840820312 -0.011657714844 
      0.34287982  0.0028991699219  0.003173828125 
      0.34290249   0.017150878906  0.017425537109 
      0.34292517   0.028350830078  0.028564453125 
      0.34294785   0.034606933594  0.034759521484 
      0.34297052   0.034790039062  0.034820556641 
       0.3429932   0.028869628906   0.02880859375 
      0.34301587   0.017944335938  0.017730712891 
      0.34303855  0.0038757324219 0.0036010742188 
      0.34306122  -0.010894775391 -0.011169433594 
       0.3430839  -0.023681640625 -0.023956298828 
      0.34310658  -0.032318115234 -0.032531738281 
      0.34312925  -0.035308837891 -0.035400390625 
      0.34315193  -0.032135009766 -0.032073974609 
       0.3431746  -0.023315429688 -0.023193359375 
      0.34319728  -0.010437011719 -0.010192871094 
      0.34321995  0.0042114257812 0.0045471191406 
      0.34324263   0.018157958984  0.018493652344 
      0.34326531   0.028869628906  0.029174804688 
      0.34328798   0.034545898438  0.034729003906 
      0.34331066     0.0341796875  0.034240722656 
      0.34333333   0.027801513672  0.027740478516 
      0.34335601     0.0166015625  0.016418457031 
      0.34337868  0.0025024414062 0.0022277832031 
      0.34340136  -0.012023925781 -0.012329101562 
      0.34342404    -0.0244140625 -0.024749755859 
      0.34344671  -0.032501220703 -0.032806396484 
      0.34346939  -0.034912109375 -0.035125732422 
      0.34349206  -0.031188964844 -0.031311035156 
      0.34351474  -0.022064208984 -0.022033691406 
      0.34353741  -0.0090637207031 -0.0088806152344 
      0.34356009  0.0054931640625 0.0057678222656 
      0.34358277   0.019104003906  0.019439697266 
      0.34360544   0.029327392578  0.029663085938 
      0.34362812   0.034423828125  0.034698486328 
      0.34365079   0.033477783203   0.03369140625 
      0.34367347   0.026672363281  0.026763916016 
      0.34369615   0.015258789062  0.015197753906 
      0.34371882  0.0011291503906    0.0009765625 
       0.3437415  -0.013153076172 -0.013427734375 
      0.34376417  -0.025115966797 -0.025451660156 
      0.34378685  -0.032684326172 -0.032989501953 
      0.34380952  -0.034545898438 -0.034790039062 
       0.3438322  -0.030334472656 -0.030517578125 
      0.34385488  -0.020843505859 -0.020904541016 
      0.34387755  -0.0076599121094 -0.0075988769531 
      0.34390023  0.0068054199219 0.0069580078125 
       0.3439229   0.020111083984  0.020324707031 
      0.34394558   0.029846191406  0.030120849609 
      0.34396825   0.034393310547   0.03466796875 
      0.34399093   0.032897949219  0.033111572266 
      0.34401361   0.025634765625  0.025787353516 
      0.34403628   0.013916015625  0.013946533203 
      0.34405896  -0.000244140625 -0.00033569335938 
      0.34408163  -0.014373779297 -0.014526367188 
      0.34410431  -0.025970458984 -0.026184082031 
      0.34412698  -0.032989501953 -0.033264160156 
      0.34414966  -0.034271240234 -0.034454345703 
      0.34417234  -0.029510498047 -0.029724121094 
      0.34419501  -0.019622802734 -0.019714355469 
      0.34421769  -0.0062866210938 -0.0062561035156 
      0.34424036  0.0081481933594 0.0082702636719 
      0.34426304   0.021179199219  0.021331787109 
      0.34428571   0.030487060547  0.030700683594 
      0.34430839   0.034423828125  0.034637451172 
      0.34433107   0.032348632812  0.032562255859 
      0.34435374   0.024658203125  0.024780273438 
      0.34437642   0.012603759766  0.012634277344 
      0.34439909  -0.0016784667969 -0.001708984375 
      0.34442177  -0.015655517578 -0.015777587891 
      0.34444444   -0.02685546875 -0.027038574219 
      0.34446712  -0.033416748047 -0.033630371094 
       0.3444898  -0.034057617188 -0.034271240234 
      0.34451247  -0.028747558594 -0.028961181641 
      0.34453515  -0.018432617188   -0.0185546875 
      0.34455782    -0.0048828125   -0.0048828125 
       0.3445805  0.0095825195312 0.0096740722656 
      0.34460317   0.022338867188  0.022521972656 
      0.34462585   0.031188964844  0.031402587891 
      0.34464853   0.034576416016  0.034851074219 
       0.3446712   0.031951904297  0.032135009766 
      0.34469388   0.023681640625  0.023803710938 
      0.34471655   0.011260986328  0.011322021484 
      0.34473923  -0.0031433105469 -0.0032043457031 
       0.3447619  -0.016998291016 -0.017150878906 
      0.34478458  -0.027893066406 -0.028137207031 
      0.34480726  -0.033935546875 -0.034149169922 
      0.34482993  -0.033966064453 -0.034240722656 
      0.34485261  -0.028106689453 -0.028289794922 
      0.34487528  -0.017272949219 -0.017425537109 
      0.34489796   -0.00341796875 -0.0034484863281 
      0.34492063   0.011077880859  0.011138916016 
      0.34494331   0.023651123047  0.023803710938 
      0.34496599   0.032104492188  0.032318115234 
      0.34498866   0.034912109375      0.03515625 
      0.34501134   0.031585693359  0.031860351562 
      0.34503401   0.022796630859   0.02294921875 
      0.34505669  0.0099182128906  0.010009765625 
      0.34507937  -0.0047302246094 -0.0046997070312 
      0.34510204    -0.0185546875 -0.018615722656 
      0.34512472  -0.029113769531 -0.029327392578 
      0.34514739  -0.034637451172 -0.034881591797 
      0.34517007  -0.034088134766 -0.034332275391 
      0.34519274  -0.027526855469 -0.027770996094 
      0.34521542  -0.016174316406 -0.016326904297 
       0.3452381  -0.0019226074219 -0.0020141601562 
      0.34526077     0.0126953125    0.0126953125 
      0.34528345   0.025115966797  0.025207519531 
      0.34530612   0.033172607422  0.033355712891 
       0.3453288   0.035400390625  0.035614013672 
      0.34535147   0.031433105469  0.031677246094 
      0.34537415    0.02197265625  0.022155761719 
      0.34539683  0.0085754394531 0.0087280273438 
       0.3454195  -0.0063171386719 -0.0062255859375 
      0.34544218  -0.020141601562 -0.020202636719 
      0.34546485  -0.030487060547 -0.030609130859 
      0.34548753  -0.035522460938 -0.035675048828 
       0.3455102  -0.034301757812 -0.034484863281 
      0.34553288  -0.027069091797 -0.027313232422 
      0.34555556  -0.015075683594 -0.015289306641 
      0.34557823  -0.00039672851562 -0.00057983398438 
      0.34560091   0.014404296875  0.014312744141 
      0.34562358   0.026702880859  0.026702880859 
      0.34564626   0.034362792969  0.034423828125 
      0.34566893   0.035980224609  0.036163330078 
      0.34569161   0.031311035156  0.031524658203 
      0.34571429   0.021179199219  0.021362304688 
      0.34573696  0.0072326660156 0.0074157714844 
      0.34575964  -0.0079650878906 -0.0078430175781 
      0.34578231  -0.021850585938 -0.021759033203 
      0.34580499  -0.031921386719 -0.031921386719 
      0.34582766  -0.036437988281 -0.036529541016 
      0.34585034  -0.034576416016 -0.034698486328 
      0.34587302  -0.026641845703 -0.026794433594 
      0.34589569  -0.013977050781  -0.01416015625 
      0.34591837  0.0011596679688 0.0010070800781 
      0.34594104   0.016143798828  0.015991210938 
      0.34596372     0.0283203125  0.028259277344 
      0.34598639   0.035583496094  0.035583496094 
      0.34600907    0.03662109375  0.036651611328 
      0.34603175   0.031188964844  0.031280517578 
      0.34605442   0.020324707031  0.020446777344 
       0.3460771      0.005859375 0.0060119628906 
      0.34609977  -0.0097045898438 -0.0095825195312 
      0.34612245  -0.023620605469 -0.023498535156 
      0.34614512  -0.033386230469 -0.033325195312 
       0.3461678  -0.037353515625 -0.037322998047 
      0.34619048  -0.034759521484 -0.034790039062 
      0.34621315  -0.026062011719 -0.026153564453 
      0.34623583  -0.012725830078 -0.012847900391 
       0.3462585  0.0028381347656 0.0027160644531 
      0.34628118   0.017944335938  0.017852783203 
      0.34630385   0.029968261719  0.029907226562 
      0.34632653   0.036773681641  0.036682128906 
      0.34634921   0.037078857422  0.037078857422 
      0.34637188   0.030944824219  0.030975341797 
      0.34639456   0.019348144531  0.019378662109 
      0.34641723  0.0042724609375 0.0043334960938 
      0.34643991  -0.011596679688 -0.011444091797 
      0.34646259  -0.025451660156 -0.025360107422 
      0.34648526  -0.034881591797 -0.034790039062 
      0.34650794  -0.038208007812 -0.038116455078 
      0.34653061  -0.034820556641 -0.034790039062 
      0.34655329  -0.025268554688 -0.025329589844 
      0.34657596  -0.011291503906 -0.011383056641 
      0.34659864  0.0046997070312  0.004638671875 
      0.34662132   0.019958496094  0.019836425781 
      0.34664399   0.031707763672  0.031646728516 
      0.34666667   0.037994384766  0.037872314453 
      0.34668934   0.037536621094  0.037475585938 
      0.34671202   0.030456542969  0.030487060547 
      0.34673469    0.01806640625  0.018127441406 
      0.34675737  0.0024108886719 0.0025329589844 
      0.34678005  -0.013732910156 -0.013580322266 
      0.34680272  -0.027465820312 -0.027313232422 
       0.3468254  -0.036437988281 -0.036315917969 
      0.34684807  -0.039001464844 -0.038940429688 
      0.34687075  -0.034729003906 -0.034698486328 
      0.34689342  -0.024322509766 -0.024383544922 
       0.3469161  -0.0096130371094 -0.0096740722656 
      0.34693878  0.0068969726562 0.0067138671875 
      0.34696145   0.022186279297   0.02197265625 
      0.34698413   0.033630371094  0.033447265625 
       0.3470068   0.039184570312       0.0390625 
      0.34702948   0.037841796875  0.037811279297 
      0.34705215   0.029846191406  0.029846191406 
      0.34707483   0.016540527344  0.016632080078 
      0.34709751  0.00027465820312 0.00045776367188 
      0.34712018  -0.016082763672 -0.015838623047 
      0.34714286  -0.029663085938 -0.029388427734 
      0.34716553  -0.038055419922 -0.037811279297 
      0.34718821  -0.039794921875 -0.039642333984 
      0.34721088  -0.034484863281 -0.034393310547 
      0.34723356  -0.023132324219 -0.023162841797 
      0.34725624  -0.0075988769531 -0.0077209472656 
      0.34727891    0.00927734375 0.0090637207031 
      0.34730159   0.024597167969  0.024322509766 
      0.34732426    0.03564453125  0.035308837891 
      0.34734694   0.040405273438  0.040130615234 
      0.34736961     0.0380859375  0.037902832031 
      0.34739229   0.029022216797  0.028961181641 
      0.34741497   0.014831542969  0.014862060547 
      0.34743764  -0.0020446777344 -0.0018615722656 
      0.34746032  -0.018615722656 -0.018310546875 
      0.34748299  -0.031951904297 -0.031585693359 
      0.34750567  -0.039672851562 -0.039367675781 
      0.34752834  -0.040496826172 -0.040161132812 
      0.34755102  -0.034088134766 -0.033874511719 
       0.3475737  -0.021728515625 -0.021636962891 
      0.34759637  -0.0054016113281 -0.0054931640625 
      0.34761905   0.011840820312  0.011657714844 
      0.34764172   0.027130126953  0.026763916016 
       0.3476644   0.037628173828  0.037200927734 
      0.34768707   0.041564941406  0.041168212891 
      0.34770975   0.038146972656  0.037780761719 
      0.34773243   0.028015136719  0.027770996094 
       0.3477551   0.012878417969  0.012817382812 
      0.34777778  -0.0045776367188 -0.0044555664062 
      0.34780045  -0.021270751953  -0.02099609375 
      0.34782313  -0.034240722656 -0.033843994141 
       0.3478458  -0.041259765625 -0.040802001953 
      0.34786848  -0.040985107422  -0.04052734375 
      0.34789116  -0.033447265625 -0.033142089844 
      0.34791383  -0.020050048828 -0.019836425781 
      0.34793651  -0.0030212402344 -0.0029602050781 
      0.34795918   0.014587402344  0.014434814453 
      0.34798186   0.029663085938  0.029357910156 
      0.34800454    0.03955078125  0.039123535156 
      0.34802721   0.042510986328  0.042022705078 
      0.34804989   0.037933349609  0.037506103516 
      0.34807256   0.026702880859  0.026336669922 
      0.34809524   0.010711669922  0.010467529297 
      0.34811791  -0.0072937011719 -0.0072937011719 
      0.34814059  -0.023956298828 -0.023834228516 
      0.34816327  -0.036499023438 -0.036193847656 
      0.34818594  -0.042602539062 -0.042205810547 
      0.34820862  -0.041229248047 -0.040740966797 
      0.34823129  -0.032531738281 -0.032073974609 
      0.34825397  -0.018096923828 -0.017730712891 
      0.34827664  -0.00039672851562 -0.00015258789062 
      0.34829932   0.017395019531  0.017486572266 
        0.348322   0.032165527344  0.032073974609 
      0.34834467   0.041320800781  0.041076660156 
      0.34836735   0.043151855469  0.042785644531 
      0.34839002   0.037384033203  0.036926269531 
       0.3484127   0.024963378906  0.024566650391 
      0.34843537  0.0081481933594 0.0077819824219 
      0.34845805  -0.010162353516 -0.010437011719 
      0.34848073  -0.026763916016  -0.02685546875 
       0.3485034  -0.038635253906  -0.03857421875 
      0.34852608  -0.043731689453 -0.043518066406 
      0.34854875  -0.041107177734 -0.040802001953 
      0.34857143  -0.031219482422  -0.03076171875 
       0.3485941  -0.015716552734 -0.015319824219 
      0.34861678  0.0025329589844 0.0028686523438 
      0.34863946   0.020416259766  0.020660400391 
      0.34866213   0.034729003906  0.034851074219 
      0.34868481   0.042938232422  0.042907714844 
      0.34870748   0.043579101562  0.043395996094 
      0.34873016   0.036468505859  0.036193847656 
      0.34875283   0.022918701172  0.022583007812 
      0.34877551  0.0053100585938 0.0049133300781 
      0.34879819  -0.013305664062    -0.013671875 
      0.34882086  -0.029663085938 -0.029907226562 
      0.34884354  -0.040771484375 -0.040893554688 
      0.34886621  -0.044647216797 -0.044708251953 
      0.34888889  -0.040679931641 -0.040588378906 
      0.34891156  -0.029479980469 -0.029266357422 
      0.34893424  -0.013031005859 -0.012756347656 
      0.34895692  0.0057373046875 0.0061340332031 
      0.34897959   0.023590087891   0.02392578125 
      0.34900227   0.037322998047  0.037567138672 
      0.34902494   0.044403076172  0.044586181641 
      0.34904762   0.043731689453  0.043762207031 
      0.34907029   0.035247802734  0.035186767578 
      0.34909297     0.0205078125  0.020324707031 
      0.34911565  0.0021057128906 0.0018310546875 
      0.34913832  -0.016723632812 -0.017028808594 
        0.349161  -0.032623291016 -0.032989501953 
      0.34918367  -0.042816162109 -0.043121337891 
      0.34920635  -0.045471191406 -0.045623779297 
      0.34922902    -0.0400390625 -0.040130615234 
       0.3492517  -0.027496337891 -0.027465820312 
      0.34927438  -0.010070800781 -0.0098876953125 
      0.34929705  0.0092163085938 0.0094604492188 
      0.34931973   0.026885986328  0.027191162109 
       0.3493424   0.039916992188  0.040191650391 
      0.34936508   0.045837402344  0.046112060547 
      0.34938776   0.043670654297  0.043853759766 
      0.34941043   0.033782958984  0.033874511719 
      0.34943311   0.017852783203  0.017852783203 
      0.34945578  -0.0012817382812 -0.0013732910156 
      0.34947846  -0.020263671875 -0.020416259766 
      0.34950113  -0.035675048828 -0.035919189453 
      0.34952381  -0.044830322266 -0.045074462891 
      0.34954649  -0.046051025391 -0.046295166016 
      0.34956916  -0.039123535156 -0.039337158203 
      0.34959184  -0.025238037109 -0.025329589844 
      0.34961451  -0.0068664550781 -0.0068969726562 
      0.34963719   0.012847900391  0.012878417969 
      0.34965986     0.0302734375  0.030426025391 
      0.34968254   0.042419433594  0.042572021484 
      0.34970522   0.047088623047  0.047302246094 
      0.34972789   0.043426513672  0.043640136719 
      0.34975057   0.032043457031  0.032196044922 
      0.34977324   0.014953613281  0.015075683594 
      0.34979592  -0.0048522949219 -0.0047912597656 
      0.34981859  -0.023803710938 -0.023864746094 
      0.34984127  -0.038635253906 -0.038726806641 
      0.34986395  -0.046661376953 -0.046783447266 
      0.34988662   -0.04638671875 -0.046600341797 
       0.3499093  -0.037933349609 -0.038146972656 
      0.34993197  -0.022766113281 -0.022888183594 
      0.34995465  -0.0034790039062 -0.0035705566406 
      0.34997732   0.016479492188  0.016387939453 
            0.35   0.033569335938  0.033569335938 
      0.35002268   0.044738769531  0.044830322266 
      0.35004535   0.048004150391  0.048156738281 
      0.35006803   0.042816162109  0.042938232422 
       0.3500907   0.029968261719  0.030151367188 
      0.35011338   0.011840820312  0.011962890625 
      0.35013605  -0.0084838867188 -0.0083923339844 
      0.35015873      -0.02734375 -0.027282714844 
      0.35018141  -0.041412353516 -0.041412353516 
      0.35020408  -0.048156738281 -0.048187255859 
      0.35022676   -0.04638671875 -0.046478271484 
      0.35024943  -0.036407470703 -0.036529541016 
      0.35027211  -0.019927978516 -0.020050048828 
      0.35029478  0.0001220703125 -6.103515625e-05 
      0.35031746   0.020172119141  0.020080566406 
      0.35034014   0.036743164062  0.036651611328 
      0.35036281   0.046783447266  0.046783447266 
      0.35038549   0.048553466797  0.048645019531 
      0.35040816   0.041748046875  0.041870117188 
      0.35043084   0.027557373047  0.027679443359 
      0.35045351  0.0083923339844  0.008544921875 
      0.35047619  -0.012237548828 -0.012115478516 
      0.35049887  -0.030822753906 -0.030700683594 
      0.35052154    -0.0439453125 -0.043884277344 
      0.35054422   -0.04931640625  -0.04931640625 
      0.35056689  -0.045959472656 -0.045989990234 
      0.35058957  -0.034423828125 -0.034545898438 
      0.35061224  -0.016784667969 -0.016937255859 
      0.35063492       0.00390625 0.0037536621094 
       0.3506576   0.023864746094  0.023773193359 
      0.35068027   0.039703369141  0.039611816406 
      0.35070295   0.048522949219  0.048461914062 
      0.35072562   0.048767089844  0.048767089844 
       0.3507483   0.040344238281  0.040435791016 
      0.35077098   0.024780273438  0.024871826172 
      0.35079365  0.0047302246094 0.0049133300781 
      0.35081633  -0.016143798828 -0.015960693359 
        0.350839  -0.034210205078 -0.034088134766 
      0.35086168  -0.046264648438 -0.046142578125 
      0.35088435  -0.050109863281 -0.050048828125 
      0.35090703  -0.045074462891 -0.045135498047 
      0.35092971  -0.032073974609 -0.032165527344 
      0.35095238  -0.013305664062 -0.013519287109 
      0.35097506        0.0078125 0.0075988769531 
      0.35099773   0.027587890625  0.027404785156 
      0.35102041   0.042541503906  0.042358398438 
      0.35104308   0.049957275391  0.049896240234 
      0.35106576   0.048553466797  0.048492431641 
      0.35108844   0.038513183594   0.03857421875 
      0.35111111   0.021667480469  0.021759033203 
      0.35113379  0.00091552734375 0.0010681152344 
      0.35115646  -0.020050048828 -0.019866943359 
      0.35117914  -0.037445068359 -0.037292480469 
      0.35120181  -0.048248291016 -0.048095703125 
      0.35122449  -0.050567626953 -0.050445556641 
      0.35124717  -0.043853759766 -0.043853759766 
      0.35126984  -0.029418945312 -0.029418945312 
      0.35129252  -0.0097045898438 -0.0098266601562 
      0.35131519   0.011779785156  0.011566162109 
      0.35133787   0.031158447266  0.031005859375 
      0.35136054   0.045043945312  0.044891357422 
      0.35138322   0.051025390625  0.050872802734 
       0.3514059   0.047912597656  0.047821044922 
      0.35142857   0.036376953125  0.036315917969 
      0.35145125   0.018280029297  0.018310546875 
      0.35147392  -0.0029907226562   -0.0029296875 
       0.3514966  -0.023803710938 -0.023681640625 
      0.35151927  -0.040435791016 -0.040252685547 
      0.35154195  -0.049926757812 -0.049743652344 
      0.35156463  -0.050537109375 -0.050415039062 
       0.3515873  -0.042266845703 -0.042144775391 
      0.35160998  -0.026428222656   -0.0263671875 
      0.35163265  -0.0058898925781 -0.0058898925781 
      0.35165533   0.015655517578        0.015625 
        0.351678   0.034484863281  0.034423828125 
      0.35170068   0.047241210938  0.047119140625 
      0.35172336   0.051605224609  0.051483154297 
      0.35174603   0.046844482422  0.046722412109 
      0.35176871   0.033782958984  0.033630371094 
      0.35179138   0.014709472656  0.014617919922 
      0.35181406  -0.0069885253906 -0.0070495605469 
      0.35183673  -0.027435302734 -0.027496337891 
      0.35185941  -0.043090820312 -0.043060302734 
      0.35188209  -0.051086425781 -0.051025390625 
      0.35190476  -0.050048828125 -0.049926757812 
      0.35192744  -0.040161132812 -0.040008544922 
      0.35195011  -0.023101806641 -0.022918701172 
      0.35197279  -0.0019226074219 -0.0018005371094 
      0.35199546       0.01953125  0.019683837891 
      0.35201814    0.03759765625  0.037689208984 
      0.35204082   0.049011230469  0.049041748047 
      0.35206349     0.0517578125  0.051727294922 
      0.35208617   0.045288085938  0.045196533203 
      0.35210884   0.030792236328  0.030639648438 
      0.35213152   0.010864257812  0.010620117188 
       0.3521542  -0.011047363281 -0.011260986328 
      0.35217687  -0.030975341797 -0.031188964844 
      0.35219955  -0.045471191406 -0.045623779297 
      0.35222222  -0.051879882812 -0.051971435547 
       0.3522449  -0.049102783203 -0.049102783203 
      0.35226757  -0.037628173828 -0.037506103516 
      0.35229025  -0.019439697266 -0.019256591797 
      0.35231293   0.002197265625 0.0024108886719 
       0.3523356   0.023468017578  0.023742675781 
      0.35235828   0.040588378906  0.040832519531 
      0.35238095   0.050537109375  0.050720214844 
      0.35240363   0.051483154297  0.051666259766 
       0.3524263   0.043334960938  0.043395996094 
      0.35244898   0.027465820312  0.027404785156 
      0.35247166  0.0067443847656  0.006591796875 
      0.35249433  -0.015197753906 -0.015472412109 
      0.35251701  -0.034484863281 -0.034759521484 
      0.35253968  -0.047668457031 -0.047943115234 
      0.35256236  -0.052368164062 -0.052642822266 
      0.35258503  -0.047821044922 -0.048004150391 
      0.35260771  -0.034759521484 -0.034820556641 
      0.35263039  -0.015533447266 -0.015472412109 
      0.35265306  0.0064697265625 0.0066223144531 
      0.35267574       0.02734375  0.027587890625 
      0.35269841   0.043365478516  0.043670654297 
      0.35272109     0.0517578125  0.052062988281 
      0.35274376   0.050933837891  0.051208496094 
      0.35276644   0.041076660156  0.041290283203 
      0.35278912    0.02392578125  0.024047851562 
      0.35281179  0.0025024414062 0.0025329589844 
      0.35283447  -0.019317626953     -0.01953125 
      0.35285714  -0.037811279297 -0.038024902344 
      0.35287982  -0.049530029297 -0.049865722656 
      0.35290249  -0.052520751953 -0.052886962891 
      0.35292517  -0.046203613281 -0.046508789062 
      0.35294785  -0.031677246094 -0.031921386719 
      0.35297052  -0.011505126953 -0.011627197266 
       0.3529932     0.0107421875  0.010711669922 
      0.35301587   0.031066894531  0.031158447266 
      0.35303855     0.0458984375  0.046112060547 
      0.35306122   0.052581787109  0.052917480469 
       0.3530839   0.049987792969  0.050323486328 
      0.35310658   0.038482666016  0.038818359375 
      0.35312925   0.020202636719  0.020446777344 
      0.35315193  -0.0017395019531 -0.0015869140625 
       0.3531746  -0.023345947266 -0.023315429688 
      0.35319728  -0.040863037109 -0.040924072266 
      0.35321995  -0.051116943359 -0.051300048828 
      0.35324263  -0.052276611328 -0.052551269531 
      0.35326531  -0.044219970703 -0.044494628906 
      0.35328798  -0.028259277344 -0.028594970703 
      0.35331066   -0.00732421875 -0.0075988769531 
      0.35333333   0.014984130859  0.014739990234 
      0.35335601   0.034576416016  0.034454345703 
      0.35337868   0.048034667969  0.048065185547 
      0.35340136   0.053039550781  0.053161621094 
      0.35342404   0.048614501953     0.048828125 
      0.35344671   0.035522460938  0.035797119141 
      0.35346939   0.016143798828  0.016479492188 
      0.35349206  -0.006103515625 -0.0057373046875 
      0.35351474  -0.027252197266 -0.026947021484 
      0.35353741  -0.043609619141 -0.043395996094 
      0.35356009   -0.05224609375 -0.052124023438 
      0.35358277  -0.051574707031 -0.051605224609 
      0.35360544  -0.041809082031 -0.041931152344 
      0.35362812  -0.024597167969 -0.024841308594 
      0.35365079  -0.0029907226562 -0.0032958984375 
      0.35367347   0.019134521484  0.018768310547 
      0.35369615   0.037872314453  0.037536621094 
      0.35371882   0.049926757812  0.049621582031 
       0.3537415   0.053100585938  0.052856445312 
      0.35376417   0.046905517578  0.046813964844 
      0.35378685   0.032348632812  0.032440185547 
      0.35380952   0.012054443359  0.012268066406 
       0.3538322  -0.010345458984 -0.010009765625 
      0.35385488  -0.030975341797 -0.030578613281 
      0.35387755  -0.046081542969 -0.045684814453 
      0.35390023  -0.053070068359 -0.052703857422 
       0.3539229  -0.050689697266 -0.050354003906 
      0.35394558  -0.039306640625 -0.039154052734 
      0.35396825  -0.020965576172 -0.020965576172 
      0.35399093  0.0010681152344 0.00088500976562 
      0.35401361   0.022918701172  0.022613525391 
      0.35403628   0.040771484375  0.040374755859 
      0.35405896   0.051422119141  0.050964355469 
      0.35408163   0.052978515625  0.052551269531 
      0.35410431   0.045257568359  0.044891357422 
      0.35412698   0.029510498047     0.029296875 
      0.35414966  0.0086364746094  0.008544921875 
      0.35417234  -0.013824462891    -0.013671875 
      0.35419501  -0.033843994141 -0.033538818359 
      0.35421769  -0.047912597656 -0.047485351562 
      0.35424036  -0.053558349609 -0.053039550781 
      0.35426304  -0.049835205078 -0.049346923828 
      0.35428571  -0.037414550781 -0.036987304688 
      0.35430839  -0.018463134766 -0.018157958984 
      0.35433107  0.0036926269531 0.0038146972656 
      0.35435374   0.025207519531  0.025054931641 
      0.35437642   0.042266845703  0.041931152344 
      0.35439909   0.051910400391  0.051483154297 
      0.35442177   0.052551269531  0.052032470703 
      0.35444444   0.044067382812  0.043487548828 
      0.35446712   0.027984619141  0.027496337891 
       0.3544898  0.0071411132812 0.0067749023438 
      0.35451247  -0.014892578125 -0.015045166016 
      0.35453515  -0.034240722656 -0.034149169922 
      0.35455782  -0.047607421875 -0.047332763672 
       0.3545805  -0.052703857422  -0.05224609375 
      0.35460317  -0.048736572266 -0.048187255859 
      0.35462585  -0.036437988281 -0.035858154297 
      0.35464853  -0.017974853516 -0.017456054688 
       0.3546712  0.0033569335938 0.0037841796875 
      0.35469388   0.023986816406  0.024200439453 
      0.35471655   0.040344238281  0.040252685547 
      0.35473923   0.049652099609  0.049377441406 
       0.3547619   0.050415039062  0.049957275391 
      0.35478458   0.042663574219  0.042083740234 
      0.35480726   0.027801513672  0.027130126953 
      0.35482993  0.0083923339844 0.0078430175781 
      0.35485261  -0.012115478516 -0.012512207031 
      0.35487528  -0.030334472656 -0.030456542969 
      0.35489796  -0.043121337891 -0.043060302734 
      0.35492063  -0.048431396484 -0.048156738281 
      0.35494331  -0.045593261719 -0.045104980469 
      0.35496599      -0.03515625 -0.034576416016 
      0.35498866   -0.01904296875 -0.018432617188 
      0.35501134  -9.1552734375e-05 0.00042724609375 
      0.35503401   0.018432617188  0.018798828125 
      0.35505669   0.033477783203  0.033660888672 
      0.35507937   0.042602539062  0.042541503906 
      0.35510204    0.04443359375  0.044189453125 
      0.35512472   0.038909912109  0.038452148438 
      0.35514739   0.027038574219  0.026550292969 
      0.35517007   0.011138916016  0.010528564453 
      0.35519274  -0.0061950683594 -0.0066833496094 
      0.35521542  -0.021942138672 -0.022277832031 
       0.3552381  -0.033569335938  -0.03369140625 
      0.35526077  -0.039276123047 -0.039245605469 
      0.35528345  -0.038360595703 -0.038146972656 
      0.35530612  -0.031219482422 -0.030822753906 
       0.3553288  -0.019256591797 -0.018798828125 
      0.35535147  -0.0046081542969 -0.0041198730469 
      0.35537415   0.010162353516  0.010620117188 
      0.35539683   0.022674560547  0.023010253906 
       0.3554195   0.030975341797  0.031127929688 
      0.35544218   0.033874511719  0.033813476562 
      0.35546485   0.031158447266  0.030944824219 
      0.35548753   0.023529052734  0.023132324219 
       0.3555102   0.012481689453  0.012023925781 
