; Sample Rate 44100
; Channels 1
               0   -0.01513671875 
   2.2675737e-05  -0.014404296875 
   4.5351474e-05    -0.0107421875 
   6.8027211e-05  -0.0046081542969 
   9.0702948e-05  0.0010375976562 
   0.00011337868  0.0061340332031 
   0.00013605442   0.010650634766 
   0.00015873016   0.013092041016 
    0.0001814059   0.013763427734 
   0.00020408163   0.012817382812 
   0.00022675737  0.0093688964844 
   0.00024943311  0.0049133300781 
   0.00027210884  0.00088500976562 
   0.00029478458  -0.0031433105469 
   0.00031746032  -0.0055236816406 
   0.00034013605  -0.0058288574219 
   0.00036281179  -0.0053100585938 
   0.00038548753  -0.0027160644531 
   0.00040816327  0.00079345703125 
     0.000430839  0.0037536621094 
   0.00045351474  0.0067443847656 
   0.00047619048  0.0087585449219 
   0.00049886621  0.0094909667969 
   0.00052154195  0.0088500976562 
   0.00054421769     0.0068359375 
   0.00056689342  0.0033264160156 
   0.00058956916  0.0001220703125 
    0.0006122449  -0.0021667480469 
   0.00063492063  -0.0042724609375 
   0.00065759637  -0.0046691894531 
   0.00068027211  -0.0041809082031 
   0.00070294785  -0.002685546875 
   0.00072562358  0.0006103515625 
   0.00074829932  0.0034484863281 
   0.00077097506  0.0057373046875 
   0.00079365079  0.0080261230469 
   0.00081632653  0.0092468261719 
   0.00083900227  0.0088195800781 
     0.000861678  0.0073852539062 
   0.00088435374  0.0048522949219 
   0.00090702948  0.0012817382812 
   0.00092970522  -0.0014953613281 
   0.00095238095  -0.0036926269531 
   0.00097505669  -0.0046081542969 
   0.00099773243  -0.0040283203125 
    0.0010204082  -0.0034790039062 
    0.0010430839   -0.00146484375 
    0.0010657596  0.0014343261719 
    0.0010884354  0.0039978027344 
    0.0011111111  0.0063781738281 
    0.0011337868  0.0082092285156 
    0.0011564626  0.0085144042969 
    0.0011791383  0.0072937011719 
    0.0012018141  0.0060119628906 
    0.0012244898  0.0034484863281 
    0.0012471655  3.0517578125e-05 
    0.0012698413  -0.0020141601562 
     0.001292517  -0.0036010742188 
    0.0013151927  -0.0037231445312 
    0.0013378685  -0.003173828125 
    0.0013605442  -0.0021057128906 
      0.00138322  0.00067138671875 
    0.0014058957  0.0034484863281 
    0.0014285714  0.0062255859375 
    0.0014512472  0.0082702636719 
    0.0014739229  0.0089721679688 
    0.0014965986  0.0092163085938 
    0.0015192744  0.0081176757812 
    0.0015419501    0.00634765625 
    0.0015646259  0.0035705566406 
    0.0015873016  0.00064086914062 
    0.0016099773  -0.0011291503906 
    0.0016326531  -0.0023803710938 
    0.0016553288  -0.002685546875 
    0.0016780045  -0.0020446777344 
    0.0017006803  -9.1552734375e-05 
     0.001723356  0.0025329589844 
    0.0017460317  0.0050048828125 
    0.0017687075  0.0067749023438 
    0.0017913832  0.0081481933594 
     0.001814059  0.0088500976562 
    0.0018367347   0.008056640625 
    0.0018594104  0.0065612792969 
    0.0018820862  0.0041198730469 
    0.0019047619     0.0009765625 
    0.0019274376  -0.0018920898438 
    0.0019501134  -0.0035705566406 
    0.0019727891  -0.0047607421875 
    0.0019954649  -0.0045776367188 
    0.0020181406  -0.0035095214844 
    0.0020408163  -0.0019226074219 
    0.0020634921  0.0014343261719 
    0.0020861678  0.0032043457031 
    0.0021088435  0.0047607421875 
    0.0021315193  0.0062866210938 
     0.002154195  0.0057067871094 
    0.0021768707  0.0051574707031 
    0.0021995465  0.0033874511719 
    0.0022222222  0.00042724609375 
     0.002244898   -0.00244140625 
    0.0022675737  -0.0047302246094 
    0.0022902494  -0.0055236816406 
    0.0023129252  -0.0061645507812 
    0.0023356009  -0.0052795410156 
    0.0023582766  -0.0036010742188 
    0.0023809524  -0.0020141601562 
    0.0024036281  0.0011596679688 
    0.0024263039  0.0025939941406 
    0.0024489796  0.0037231445312 
    0.0024716553  0.0049438476562 
    0.0024943311  0.0043640136719 
    0.0025170068  0.0038146972656 
    0.0025396825  0.0016784667969 
    0.0025623583  -0.0012512207031 
     0.002585034  -0.0039367675781 
    0.0026077098  -0.0058288574219 
    0.0026303855  -0.0069885253906 
    0.0026530612  -0.0079345703125 
     0.002675737  -0.0069885253906 
    0.0026984127  -0.0061340332031 
    0.0027210884   -0.00439453125 
    0.0027437642  -0.0017700195312 
    0.0027664399  -0.00064086914062 
    0.0027891156  0.0010681152344 
    0.0028117914  0.0018310546875 
    0.0028344671  0.0010375976562 
    0.0028571429  -0.0001220703125 
    0.0028798186  -0.002197265625 
    0.0029024943  -0.0050354003906 
    0.0029251701       -0.0078125 
    0.0029478458  -0.0094909667969 
    0.0029705215  -0.010620117188 
    0.0029931973  -0.010345458984 
     0.003015873  -0.0085754394531 
    0.0030385488  -0.0068054199219 
    0.0030612245  -0.0036010742188 
    0.0030839002  -0.0013427734375 
     0.003106576  -3.0517578125e-05 
    0.0031292517  0.0020446777344 
    0.0031519274  0.0020446777344 
    0.0031746032  0.0012512207031 
    0.0031972789  0.00045776367188 
    0.0032199546  -0.0017395019531 
    0.0032426304  -0.0044250488281 
    0.0032653061  -0.0065002441406 
    0.0032879819  -0.0079650878906 
    0.0033106576  -0.008544921875 
    0.0033333333  -0.0078735351562 
    0.0033560091  -0.0072937011719 
    0.0033786848  -0.0053100585938 
    0.0034013605  -0.0019226074219 
    0.0034240363  -0.0003662109375 
     0.003446712   0.000732421875 
    0.0034693878  0.0019226074219 
    0.0034920635  0.0020446777344 
    0.0035147392  0.0010681152344 
     0.003537415  -0.00088500976562 
    0.0035600907  -0.0037536621094 
    0.0035827664  -0.0066528320312 
    0.0036054422   -0.00830078125 
    0.0036281179  -0.0093383789062 
    0.0036507937  -0.0097961425781 
    0.0036734694  -0.0091247558594 
    0.0036961451  -0.0078430175781 
    0.0037188209  -0.0053405761719 
    0.0037414966  -0.0025329589844 
    0.0037641723  -0.0010070800781 
    0.0037868481  0.00045776367188 
    0.0038095238  0.0014038085938 
    0.0038321995    0.00146484375 
    0.0038548753  0.00051879882812 
     0.003877551  -0.0014038085938 
    0.0039002268  -0.0039367675781 
    0.0039229025  -0.0064392089844 
    0.0039455782  -0.0073852539062 
     0.003968254  -0.0084838867188 
    0.0039909297  -0.0086364746094 
    0.0040136054  -0.0075988769531 
    0.0040362812  -0.0061950683594 
    0.0040589569  -0.0032958984375 
    0.0040816327  -0.00076293945312 
    0.0041043084   0.000732421875 
    0.0041269841  0.0021667480469 
    0.0041496599     0.0029296875 
    0.0041723356  0.0025329589844 
    0.0041950113    0.00146484375 
    0.0042176871  -0.0010070800781 
    0.0042403628  -0.004150390625 
    0.0042630385  -0.0060729980469 
    0.0042857143  -0.0076293945312 
      0.00430839  -0.0084228515625 
    0.0043310658  -0.0080261230469 
    0.0043537415  -0.0074768066406 
    0.0043764172  -0.0053405761719 
     0.004399093  -0.0023498535156 
    0.0044217687  -0.00054931640625 
    0.0044444444  0.00094604492188 
    0.0044671202  0.0022277832031 
    0.0044897959  0.0024108886719 
    0.0045124717  0.0017395019531 
    0.0045351474  0.0006103515625 
    0.0045578231  -0.0021057128906 
    0.0045804989  -0.0052795410156 
    0.0046031746  -0.0068969726562 
    0.0046258503  -0.0088806152344 
    0.0046485261  -0.0097351074219 
    0.0046712018  -0.0089721679688 
    0.0046938776  -0.0081787109375 
    0.0047165533  -0.0056762695312 
     0.004739229  -0.0028686523438 
    0.0047619048  -0.00076293945312 
    0.0047845805     0.0009765625 
    0.0048072562  0.0017700195312 
     0.004829932  0.0015258789062 
    0.0048526077  -0.00021362304688 
    0.0048752834  -0.0020446777344 
    0.0048979592  -0.0049133300781 
    0.0049206349       -0.0078125 
    0.0049433107  -0.0091857910156 
    0.0049659864  -0.010620117188 
    0.0049886621  -0.010284423828 
    0.0050113379  -0.0090942382812 
    0.0050340136  -0.0072326660156 
    0.0050566893  -0.0042419433594 
    0.0050793651  -0.001708984375 
    0.0051020408   0.000244140625 
    0.0051247166  0.0014343261719 
    0.0051473923  0.0023803710938 
     0.005170068  0.0020446777344 
    0.0051927438  0.0012512207031 
    0.0052154195  -0.00039672851562 
    0.0052380952      -0.00390625 
     0.005260771     -0.005859375 
    0.0052834467  -0.0069885253906 
    0.0053061224  -0.0080871582031 
    0.0053287982  -0.0076599121094 
    0.0053514739  -0.0060729980469 
    0.0053741497  -0.0042724609375 
    0.0053968254  -0.0020751953125 
    0.0054195011  0.00015258789062 
    0.0054421769  0.0015869140625 
    0.0054648526  0.0030822753906 
    0.0054875283  0.0029907226562 
    0.0055102041  0.0019226074219 
    0.0055328798  0.00082397460938 
    0.0055555556  -0.0021362304688 
    0.0055782313  -0.0049438476562 
     0.005600907  -0.0065612792969 
    0.0056235828  -0.0077514648438 
    0.0056462585  -0.0082092285156 
    0.0056689342   -0.00732421875 
      0.00569161  -0.0061340332031 
    0.0057142857    -0.0048828125 
    0.0057369615  -0.0016479492188 
    0.0057596372    0.00048828125 
    0.0057823129  0.0020751953125 
    0.0058049887    0.00341796875 
    0.0058276644    0.00341796875 
    0.0058503401  0.0030517578125 
    0.0058730159  0.0010986328125 
    0.0058956916  -0.001708984375 
    0.0059183673  -0.0042419433594 
    0.0059410431  -0.0060119628906 
    0.0059637188  -0.0074768066406 
    0.0059863946  -0.008056640625 
    0.0060090703  -0.0067138671875 
     0.006031746  -0.0055847167969 
    0.0060544218  -0.0028076171875 
    0.0060770975    0.00048828125 
    0.0060997732      0.001953125 
     0.006122449  0.0033264160156 
    0.0061451247  0.0037231445312 
    0.0061678005  0.0031127929688 
    0.0061904762      0.001953125 
    0.0062131519  0.00021362304688 
    0.0062358277  -0.0024108886719 
    0.0062585034    -0.0048828125 
    0.0062811791  -0.0059509277344 
    0.0063038549  -0.0069580078125 
    0.0063265306  -0.0065002441406 
    0.0063492063  -0.0051574707031 
    0.0063718821   -0.00341796875 
    0.0063945578  -0.00057983398438 
    0.0064172336  0.0014038085938 
    0.0064399093  0.0030822753906 
     0.006462585  0.0043029785156 
    0.0064852608     0.0048828125 
    0.0065079365  0.0046997070312 
    0.0065306122  0.0029907226562 
     0.006553288  0.00091552734375 
    0.0065759637  -0.0018615722656 
    0.0065986395  -0.0037536621094 
    0.0066213152  -0.0046997070312 
    0.0066439909  -0.0057983398438 
    0.0066666667  -0.0050048828125 
    0.0066893424      -0.00390625 
    0.0067120181  -0.0020446777344 
    0.0067346939  0.0008544921875 
    0.0067573696  0.0028991699219 
    0.0067800454   0.004638671875 
    0.0068027211  0.0056457519531 
    0.0068253968  0.0060729980469 
    0.0068480726  0.0054016113281 
    0.0068707483  0.0033569335938 
     0.006893424  0.0011291503906 
    0.0069160998  -0.0010070800781 
    0.0069387755  -0.0028076171875 
    0.0069614512  -0.0042724609375 
     0.006984127  -0.0043029785156 
    0.0070068027  -0.0036926269531 
    0.0070294785  -0.0028076171875 
    0.0070521542  -0.00015258789062 
    0.0070748299  0.0023803710938 
    0.0070975057  0.0041809082031 
    0.0071201814  0.0060119628906 
    0.0071428571  0.0068054199219 
    0.0071655329     0.0068359375 
    0.0071882086  0.0057983398438 
    0.0072108844  0.0038757324219 
    0.0072335601  0.0011901855469 
    0.0072562358  -0.0015869140625 
    0.0072789116  -0.003173828125 
    0.0073015873  -0.0041198730469 
     0.007324263      -0.00390625 
    0.0073469388  -0.0029907226562 
    0.0073696145  -0.0018310546875 
    0.0073922902  0.00079345703125 
     0.007414966  0.0032958984375 
    0.0074376417  0.0046691894531 
    0.0074603175  0.0061645507812 
    0.0074829932  0.0067443847656 
    0.0075056689  0.0061645507812 
    0.0075283447  0.0051574707031 
    0.0075510204  0.0030212402344 
    0.0075736961  0.00018310546875 
    0.0075963719  -0.0022277832031 
    0.0076190476      -0.00390625 
    0.0076417234  -0.0046691894531 
    0.0076643991  -0.0041198730469 
    0.0076870748  -0.0032653808594 
    0.0077097506  -0.0014038085938 
    0.0077324263  0.0018005371094 
     0.007755102  0.0039367675781 
    0.0077777778  0.0054626464844 
    0.0078004535  0.0068969726562 
    0.0078231293  0.0071716308594 
     0.007845805  0.0064086914062 
    0.0078684807  0.0046691894531 
    0.0078911565  0.0021362304688 
    0.0079138322  -0.00088500976562 
    0.0079365079  -0.0032958984375 
    0.0079591837  -0.0044555664062 
    0.0079818594  -0.0049438476562 
    0.0080045351  -0.0043640136719 
    0.0080272109    -0.0029296875 
    0.0080498866  -0.00076293945312 
    0.0080725624  0.0022888183594 
    0.0080952381       0.00390625 
    0.0081179138  0.0050659179688 
    0.0081405896  0.0065002441406 
    0.0081632653  0.0061645507812 
     0.008185941  0.0054321289062 
    0.0082086168  0.0039367675781 
    0.0082312925  0.0012512207031 
    0.0082539683  -0.00091552734375 
     0.008276644  -0.0024719238281 
    0.0082993197  -0.0032653808594 
    0.0083219955  -0.0032043457031 
    0.0083446712   -0.00244140625 
    0.0083673469  -0.00067138671875 
    0.0083900227  0.0016784667969 
    0.0084126984  0.0042419433594 
    0.0084353741  0.0060424804688 
    0.0084580499  0.0076599121094 
    0.0084807256  0.0086975097656 
    0.0085034014  0.0076599121094 
    0.0085260771  0.0066833496094 
    0.0085487528  0.0044250488281 
    0.0085714286  0.0012512207031 
    0.0085941043  -0.0010070800781 
      0.00861678  -0.0030822753906 
    0.0086394558  -0.0037231445312 
    0.0086621315  -0.003662109375 
    0.0086848073  -0.0030212402344 
     0.008707483  -0.0011596679688 
    0.0087301587    0.00146484375 
    0.0087528345  0.0038757324219 
    0.0087755102  0.0054626464844 
    0.0087981859  0.0070495605469 
    0.0088208617  0.0071716308594 
    0.0088435374  0.0063171386719 
    0.0088662132  0.0049133300781 
    0.0088888889    0.00244140625 
    0.0089115646  -0.00027465820312 
    0.0089342404  -0.0025634765625 
    0.0089569161  -0.0036926269531 
    0.0089795918  -0.004150390625 
    0.0090022676  -0.0033264160156 
    0.0090249433     -0.001953125 
     0.009047619  0.00027465820312 
    0.0090702948  0.0036926269531 
    0.0090929705  0.0052795410156 
    0.0091156463  0.0065002441406 
     0.009138322  0.0086059570312 
    0.0091609977  0.0084533691406 
    0.0091836735   0.007568359375 
    0.0092063492  0.0062561035156 
    0.0092290249  0.0034790039062 
    0.0092517007  0.0010986328125 
    0.0092743764  -0.00054931640625 
    0.0092970522  -0.0018310546875 
    0.0093197279   -0.00244140625 
    0.0093424036  -0.0015563964844 
    0.0093650794  -3.0517578125e-05 
    0.0093877551  0.0022888183594 
    0.0094104308  0.0050048828125 
    0.0094331066  0.0065002441406 
    0.0094557823  0.0080261230469 
     0.009478458  0.0087280273438 
    0.0095011338  0.0081481933594 
    0.0095238095  0.0067138671875 
    0.0095464853  0.0039978027344 
     0.009569161     0.0009765625 
    0.0095918367  -0.001708984375 
    0.0096145125  -0.0030212402344 
    0.0096371882  -0.0036926269531 
    0.0096598639  -0.0036315917969 
    0.0096825397  -0.0028076171875 
    0.0097052154  -0.0014038085938 
    0.0097278912  0.0016784667969 
    0.0097505669  0.0037536621094 
    0.0097732426   0.005126953125 
    0.0097959184  0.0065612792969 
    0.0098185941  0.0068054199219 
    0.0098412698  0.0062866210938 
    0.0098639456  0.0047607421875 
    0.0098866213  0.0025634765625 
    0.0099092971  -0.0001220703125 
    0.0099319728  -0.0023193359375 
    0.0099546485  -0.0035400390625 
    0.0099773243  -0.0042114257812 
            0.01  -0.0040893554688 
     0.010022676  -0.0032348632812 
     0.010045351  -0.0010681152344 
     0.010068027  0.0019836425781 
     0.010090703  0.0038757324219 
     0.010113379  0.0049743652344 
     0.010136054  0.0065002441406 
      0.01015873  0.0067138671875 
     0.010181406  0.0058898925781 
     0.010204082  0.0046997070312 
     0.010226757  0.0018310546875 
     0.010249433  -0.00094604492188 
     0.010272109  -0.0028991699219 
     0.010294785  -0.0043029785156 
      0.01031746  -0.0047302246094 
     0.010340136  -0.0043029785156 
     0.010362812  -0.0027770996094 
     0.010385488  -0.00054931640625 
     0.010408163  0.0018920898438 
     0.010430839  0.0038757324219 
     0.010453515  0.0056762695312 
      0.01047619  0.0070190429688 
     0.010498866  0.0065002441406 
     0.010521542  0.0052490234375 
     0.010544218  0.0032958984375 
     0.010566893  0.00030517578125 
     0.010589569  -0.0020141601562 
     0.010612245  -0.0039672851562 
     0.010634921  -0.0046081542969 
     0.010657596  -0.0039672851562 
     0.010680272  -0.003173828125 
     0.010702948  -0.0010681152344 
     0.010725624  0.0018920898438 
     0.010748299  0.0047607421875 
     0.010770975  0.0062866210938 
     0.010793651  0.0074157714844 
     0.010816327  0.0084533691406 
     0.010839002  0.0075988769531 
     0.010861678  0.0061645507812 
     0.010884354  0.0039672851562 
     0.010907029  0.00051879882812 
     0.010929705  -0.0017395019531 
     0.010952381  -0.003173828125 
     0.010975057  -0.0037536621094 
     0.010997732  -0.0033264160156 
     0.011020408  -0.0025329589844 
     0.011043084  -0.0006103515625 
      0.01106576  0.0014953613281 
     0.011088435  0.0031127929688 
     0.011111111  0.0047302246094 
     0.011133787  0.0060119628906 
     0.011156463  0.0061340332031 
     0.011179138  0.0052490234375 
     0.011201814  0.0038757324219 
      0.01122449    0.00146484375 
     0.011247166  -0.00088500976562 
     0.011269841  -0.0027160644531 
     0.011292517  -0.0037841796875 
     0.011315193  -0.0038452148438 
     0.011337868  -0.0032958984375 
     0.011360544  -0.0020141601562 
      0.01138322  0.00033569335938 
     0.011405896  0.0031433105469 
     0.011428571  0.0052490234375 
     0.011451247  0.0071105957031 
     0.011473923  0.0082092285156 
     0.011496599    0.00830078125 
     0.011519274  0.0072326660156 
      0.01154195  0.0049438476562 
     0.011564626  0.0023803710938 
     0.011587302  -0.0003662109375 
     0.011609977  -0.002197265625 
     0.011632653  -0.0032348632812 
     0.011655329  -0.0036315917969 
     0.011678005  -0.0028076171875 
      0.01170068  -0.0015258789062 
     0.011723356  0.00082397460938 
     0.011746032  0.0033874511719 
     0.011768707  0.0052185058594 
     0.011791383     0.0068359375 
     0.011814059  0.0078430175781 
     0.011836735  0.0074768066406 
      0.01185941  0.0063171386719 
     0.011882086  0.0044555664062 
     0.011904762  0.0010986328125 
     0.011927438  -0.0011901855469 
     0.011950113     -0.001953125 
     0.011972789  -0.0031127929688 
     0.011995465  -0.0025024414062 
     0.012018141  -0.00091552734375 
     0.012040816     0.0009765625 
     0.012063492  0.0036010742188 
     0.012086168  0.0061340332031 
     0.012108844  0.0079345703125 
     0.012131519  0.0091857910156 
     0.012154195  0.0092163085938 
     0.012176871  0.0082092285156 
     0.012199546  0.0067749023438 
     0.012222222  0.0039978027344 
     0.012244898  0.0010986328125 
     0.012267574  -0.0010070800781 
     0.012290249  -0.0025634765625 
     0.012312925  -0.0033874511719 
     0.012335601  -0.0029907226562 
     0.012358277  -0.0018920898438 
     0.012380952  -9.1552734375e-05 
     0.012403628  0.0029602050781 
     0.012426304  0.0047912597656 
      0.01244898  0.0061340332031 
     0.012471655  0.0071716308594 
     0.012494331  0.0066833496094 
     0.012517007  0.0056457519531 
     0.012539683  0.0035400390625 
     0.012562358  0.0010681152344 
     0.012585034  -0.0014038085938 
      0.01260771  -0.0032958984375 
     0.012630385  -0.0037841796875 
     0.012653061  -0.0039367675781 
     0.012675737  -0.003173828125 
     0.012698413  -0.0018310546875 
     0.012721088  0.00057983398438 
     0.012743764  0.0030517578125 
      0.01276644  0.0042724609375 
     0.012789116  0.0063171386719 
     0.012811791  0.0072021484375 
     0.012834467  0.0068054199219 
     0.012857143  0.0054626464844 
     0.012879819  0.0026550292969 
     0.012902494  0.00039672851562 
      0.01292517  -0.0021362304688 
     0.012947846  -0.003662109375 
     0.012970522  -0.0045166015625 
     0.012993197  -0.0049438476562 
     0.013015873  -0.0040893554688 
     0.013038549  -0.0028686523438 
     0.013061224  0.00021362304688 
       0.0130839   0.002685546875 
     0.013106576  0.0035400390625 
     0.013129252  0.0049133300781 
     0.013151927    0.00537109375 
     0.013174603  0.0044250488281 
     0.013197279     0.0029296875 
     0.013219955  0.00088500976562 
      0.01324263  -0.0023193359375 
     0.013265306  -0.0048217773438 
     0.013287982  -0.0062561035156 
     0.013310658  -0.0072631835938 
     0.013333333  -0.0066833496094 
     0.013356009  -0.0057678222656 
     0.013378685  -0.0039672851562 
     0.013401361  -0.00082397460938 
     0.013424036  0.00076293945312 
     0.013446712  0.0024719238281 
     0.013469388  0.0034790039062 
     0.013492063   0.002685546875 
     0.013514739  0.0018920898438 
     0.013537415  0.00051879882812 
     0.013560091  -0.0021667480469 
     0.013582766  -0.0046081542969 
     0.013605442  -0.0059814453125 
     0.013628118  -0.0073547363281 
     0.013650794  -0.0076293945312 
     0.013673469    -0.0068359375 
     0.013696145  -0.0057373046875 
     0.013718821  -0.0032653808594 
     0.013741497  -0.00027465820312 
     0.013764172   0.001708984375 
     0.013786848  0.0033264160156 
     0.013809524  0.0048522949219 
       0.0138322  0.0046997070312 
     0.013854875  0.0034484863281 
     0.013877551  0.0011596679688 
     0.013900227     -0.001953125 
     0.013922902  -0.0041809082031 
     0.013945578  -0.0060119628906 
     0.013968254  -0.0070495605469 
      0.01399093  -0.0069274902344 
     0.014013605  -0.0061645507812 
     0.014036281  -0.0045471191406 
     0.014058957  -0.0023193359375 
     0.014081633  0.0003662109375 
     0.014104308  0.0017395019531 
     0.014126984  0.0027465820312 
      0.01414966  0.0038757324219 
     0.014172336     0.0029296875 
     0.014195011  0.0016174316406 
     0.014217687  -0.00054931640625 
     0.014240363  -0.0035705566406 
     0.014263039  -0.0055236816406 
     0.014285714  -0.0071716308594 
      0.01430839  -0.007568359375 
     0.014331066  -0.007080078125 
     0.014353741  -0.0061950683594 
     0.014376417  -0.0040283203125 
     0.014399093  -0.0013122558594 
     0.014421769  0.00091552734375 
     0.014444444  0.0027160644531 
      0.01446712  0.0039367675781 
     0.014489796  0.0036010742188 
     0.014512472  0.0028381347656 
     0.014535147  0.00094604492188 
     0.014557823  -0.0020751953125 
     0.014580499  -0.0042724609375 
     0.014603175  -0.0062866210938 
      0.01462585  -0.0074157714844 
     0.014648526  -0.0078735351562 
     0.014671202  -0.0074768066406 
     0.014693878  -0.0059814453125 
     0.014716553  -0.0039978027344 
     0.014739229  -0.0008544921875 
     0.014761905  0.0011291503906 
      0.01478458  0.0026245117188 
     0.014807256  0.0038146972656 
     0.014829932  0.0032958984375 
     0.014852608  0.0027465820312 
     0.014875283   0.000732421875 
     0.014897959  -0.0020141601562 
     0.014920635  -0.0041809082031 
     0.014943311  -0.0061950683594 
     0.014965986  -0.0067138671875 
     0.014988662  -0.0066833496094 
     0.015011338  -0.0058898925781 
     0.015034014  -0.0042419433594 
     0.015056689  -0.0021057128906 
     0.015079365  0.00021362304688 
     0.015102041  0.0015869140625 
     0.015124717  0.0031433105469 
     0.015147392  0.0037536621094 
     0.015170068  0.0032348632812 
     0.015192744  0.0022583007812 
      0.01521542  -0.00015258789062 
     0.015238095  -0.0027770996094 
     0.015260771  -0.0051574707031 
     0.015283447  -0.0066223144531 
     0.015306122  -0.0076293945312 
     0.015328798  -0.0074157714844 
     0.015351474  -0.0062255859375 
      0.01537415  -0.0047302246094 
     0.015396825  -0.0016479492188 
     0.015419501  0.00067138671875 
     0.015442177  0.0019226074219 
     0.015464853  0.0031433105469 
     0.015487528  0.0034790039062 
     0.015510204   0.002685546875 
      0.01553288  0.0015563964844 
     0.015555556  -0.00033569335938 
     0.015578231  -0.0035400390625 
     0.015600907  -0.0054931640625 
     0.015623583  -0.0068664550781 
     0.015646259  -0.0079345703125 
     0.015668934  -0.0069885253906 
      0.01569161  -0.0057678222656 
     0.015714286  -0.0036315917969 
     0.015736961  -0.00039672851562 
     0.015759637  0.0019226074219 
     0.015782313  0.0035095214844 
     0.015804989     0.0048828125 
     0.015827664  0.0050964355469 
      0.01585034  0.0039672851562 
     0.015873016  0.0025329589844 
     0.015895692                0 
     0.015918367  -0.002685546875 
     0.015941043  -0.0042114257812 
     0.015963719  -0.0053100585938 
     0.015986395  -0.0054321289062 
      0.01600907  -0.0047302246094 
     0.016031746  -0.0034484863281 
     0.016054422  -0.000732421875 
     0.016077098  0.0018310546875 
     0.016099773  0.0035095214844 
     0.016122449     0.0048828125 
     0.016145125  0.0055847167969 
       0.0161678  0.0051574707031 
     0.016190476  0.0035095214844 
     0.016213152  0.0013732910156 
     0.016235828  -0.0018920898438 
     0.016258503  -0.0044555664062 
     0.016281179  -0.0058898925781 
     0.016303855  -0.0073547363281 
     0.016326531  -0.0067749023438 
     0.016349206  -0.0059814453125 
     0.016371882  -0.0045471191406 
     0.016394558  -0.0015258789062 
     0.016417234  0.0006103515625 
     0.016439909  0.0027465820312 
     0.016462585       0.00390625 
     0.016485261  0.0039978027344 
     0.016507937  0.0037841796875 
     0.016530612  0.0024719238281 
     0.016553288  -3.0517578125e-05 
     0.016575964  -0.0027770996094 
     0.016598639  -0.0043640136719 
     0.016621315  -0.0054931640625 
     0.016643991  -0.0057983398438 
     0.016666667  -0.005126953125 
     0.016689342  -0.0040893554688 
     0.016712018  -0.0014953613281 
     0.016734694  0.0015563964844 
      0.01675737  0.0034790039062 
     0.016780045   0.005126953125 
     0.016802721  0.0063171386719 
     0.016825397  0.0065612792969 
     0.016848073  0.0057983398438 
     0.016870748  0.0044860839844 
     0.016893424  0.0015869140625 
       0.0169161  -0.0013122558594 
     0.016938776  -0.0030517578125 
     0.016961451  -0.0048217773438 
     0.016984127  -0.0047302246094 
     0.017006803  -0.0042724609375 
     0.017029478  -0.003173828125 
     0.017052154  -0.00057983398438 
      0.01707483  0.0013427734375 
     0.017097506  0.0032653808594 
     0.017120181    0.00439453125 
     0.017142857  0.0049133300781 
     0.017165533  0.0046997070312 
     0.017188209  0.0033874511719 
     0.017210884  0.0014343261719 
      0.01723356  -0.0015258789062 
     0.017256236  -0.0035705566406 
     0.017278912  -0.0048522949219 
     0.017301587  -0.0057678222656 
     0.017324263  -0.0053405761719 
     0.017346939  -0.0049743652344 
     0.017369615  -0.0033874511719 
      0.01739229  -0.00051879882812 
     0.017414966  0.0022583007812 
     0.017437642  0.0041809082031 
     0.017460317  0.0057678222656 
     0.017482993  0.0068664550781 
     0.017505669  0.0065002441406 
     0.017528345  0.0053405761719 
      0.01755102  0.0030212402344 
     0.017573696  0.00039672851562 
     0.017596372  -0.0020446777344 
     0.017619048  -0.004150390625 
     0.017641723  -0.0047607421875 
     0.017664399  -0.0049743652344 
     0.017687075  -0.0041198730469 
     0.017709751  -0.0023803710938 
     0.017732426  0.00021362304688 
     0.017755102  0.0027770996094 
     0.017777778  0.0041198730469 
     0.017800454  0.0051879882812 
     0.017823129  0.0050659179688 
     0.017845805  0.0041198730469 
     0.017868481    0.00244140625 
     0.017891156  -0.0003662109375 
     0.017913832  -0.0031127929688 
     0.017936508  -0.0053405761719 
     0.017959184  -0.0065002441406 
     0.017981859  -0.006591796875 
     0.018004535  -0.0060729980469 
     0.018027211  -0.0045166015625 
     0.018049887  -0.0017700195312 
     0.018072562  0.0015258789062 
     0.018095238  0.0038452148438 
     0.018117914  0.0054931640625 
      0.01814059  0.0069274902344 
     0.018163265  0.0065612792969 
     0.018185941  0.0052490234375 
     0.018208617  0.0039672851562 
     0.018231293  0.0013122558594 
     0.018253968  -0.0016174316406 
     0.018276644  -0.0032348632812 
      0.01829932  -0.0041198730469 
     0.018321995  -0.0040283203125 
     0.018344671  -0.0026245117188 
     0.018367347  -0.0013732910156 
     0.018390023   0.001708984375 
     0.018412698  0.0048522949219 
     0.018435374  0.0057678222656 
      0.01845805   0.007080078125 
     0.018480726  0.0072937011719 
     0.018503401  0.0065612792969 
     0.018526077  0.0052795410156 
     0.018548753  0.0029907226562 
     0.018571429  0.00057983398438 
     0.018594104  -0.0014038085938 
      0.01861678  -0.0029602050781 
     0.018639456  -0.0041198730469 
     0.018662132  -0.0035095214844 
     0.018684807  -0.0028381347656 
     0.018707483  -0.00082397460938 
     0.018730159  0.0021362304688 
     0.018752834  0.0039978027344 
      0.01877551  0.0065307617188 
     0.018798186  0.0078735351562 
     0.018820862  0.0084533691406 
     0.018843537  0.0077819824219 
     0.018866213  0.0063171386719 
     0.018888889  0.0043640136719 
     0.018911565  0.0011596679688 
      0.01893424  -0.00021362304688 
     0.018956916   -0.00146484375 
     0.018979592  -0.0018005371094 
     0.019002268  -0.00015258789062 
     0.019024943  0.0012512207031 
     0.019047619  0.0039672851562 
     0.019070295  0.0064086914062 
     0.019092971  0.0079650878906 
     0.019115646   0.009521484375 
     0.019138322  0.0098266601562 
     0.019160998   0.009521484375 
     0.019183673  0.0086975097656 
     0.019206349  0.0067138671875 
     0.019229025  0.0040283203125 
     0.019251701  0.0012817382812 
     0.019274376   -0.00048828125 
     0.019297052  -0.0016479492188 
     0.019319728  -0.0025024414062 
     0.019342404  -0.0019226074219 
     0.019365079  -0.000244140625 
     0.019387755  0.0020751953125 
     0.019410431  0.0046081542969 
     0.019433107  0.0064697265625 
     0.019455782   0.008056640625 
     0.019478458  0.0088195800781 
     0.019501134  0.0084533691406 
      0.01952381  0.0074768066406 
     0.019546485  0.0057678222656 
     0.019569161  0.0032958984375 
     0.019591837  0.0013427734375 
     0.019614512  -0.0001220703125 
     0.019637188    -0.0009765625 
     0.019659864  -0.00018310546875 
      0.01968254  0.00039672851562 
     0.019705215  0.0023803710938 
     0.019727891  0.0053405761719 
     0.019750567  0.0068969726562 
     0.019773243  0.0086669921875 
     0.019795918      0.009765625 
     0.019818594   0.010620117188 
      0.01984127   0.010437011719 
     0.019863946  0.0092163085938 
     0.019886621  0.0074462890625 
     0.019909297  0.0039978027344 
     0.019931973      0.001953125 
     0.019954649    0.00048828125 
     0.019977324  -0.000244140625 
            0.02  0.00021362304688 
     0.020022676  0.0011901855469 
     0.020045351  0.0040588378906 
     0.020068027  0.0069274902344 
     0.020090703  0.0086059570312 
     0.020113379   0.010345458984 
     0.020136054   0.011749267578 
      0.02015873   0.011322021484 
     0.020181406   0.010009765625 
     0.020204082  0.0085754394531 
     0.020226757  0.0057067871094 
     0.020249433    0.00244140625 
     0.020272109  0.00051879882812 
     0.020294785  -0.00082397460938 
      0.02031746  -0.0012817382812 
     0.020340136  -0.00064086914062 
     0.020362812  0.0006103515625 
     0.020385488  0.0029602050781 
     0.020408163  0.0054626464844 
     0.020430839  0.0071411132812 
     0.020453515  0.0088195800781 
      0.02047619  0.0096740722656 
     0.020498866  0.0093994140625 
     0.020521542  0.0086364746094 
     0.020544218  0.0064697265625 
     0.020566893  0.0033874511719 
     0.020589569  0.0010986328125 
     0.020612245  -0.0003662109375 
     0.020634921  -0.00094604492188 
     0.020657596  -0.000732421875 
     0.020680272  -3.0517578125e-05 
     0.020702948  0.0011901855469 
     0.020725624  0.0035400390625 
     0.020748299  0.0061950683594 
     0.020770975  0.0078735351562 
     0.020793651  0.0093078613281 
     0.020816327      0.009765625 
     0.020839002  0.0087280273438 
     0.020861678        0.0078125 
     0.020884354  0.0054626464844 
     0.020907029  0.0023803710938 
     0.020929705  0.00091552734375 
     0.020952381  -0.00088500976562 
     0.020975057  -0.0013732910156 
     0.020997732  -0.000732421875 
     0.021020408  0.00076293945312 
     0.021043084  0.0034484863281 
      0.02106576  0.0063781738281 
     0.021088435  0.0097351074219 
     0.021111111   0.011474609375 
     0.021133787   0.012908935547 
     0.021156463   0.013427734375 
     0.021179138   0.012512207031 
     0.021201814   0.011260986328 
      0.02122449  0.0086975097656 
     0.021247166  0.0067749023438 
     0.021269841  0.0048217773438 
     0.021292517  0.0038757324219 
     0.021315193  0.0035095214844 
     0.021337868  0.0034484863281 
     0.021360544  0.0049438476562 
      0.02138322   0.007080078125 
     0.021405896   0.010162353516 
     0.021428571   0.011840820312 
     0.021451247   0.012847900391 
     0.021473923   0.013610839844 
     0.021496599   0.013275146484 
     0.021519274   0.012084960938 
      0.02154195   0.010009765625 
     0.021564626  0.0073547363281 
     0.021587302  0.0044860839844 
     0.021609977  0.0032958984375 
     0.021632653  0.0023498535156 
     0.021655329      0.001953125 
     0.021678005  0.0028381347656 
      0.02170068   0.004150390625 
     0.021723356  0.0071411132812 
     0.021746032  0.0094299316406 
     0.021768707     0.0107421875 
     0.021791383   0.012054443359 
     0.021814059   0.012512207031 
     0.021836735   0.012023925781 
      0.02185941   0.010284423828 
     0.021882086  0.0082092285156 
     0.021904762  0.0047912597656 
     0.021927438  0.0019836425781 
     0.021950113  0.00094604492188 
     0.021972789  0.00018310546875 
     0.021995465  0.0006103515625 
     0.022018141  0.0012512207031 
     0.022040816  0.0030517578125 
     0.022063492  0.0057373046875 
     0.022086168  0.0075073242188 
     0.022108844  0.0091247558594 
     0.022131519   0.010192871094 
     0.022154195   0.010559082031 
     0.022176871  0.0097961425781 
     0.022199546  0.0086059570312 
     0.022222222  0.0069580078125 
     0.022244898  0.0039978027344 
     0.022267574  0.0023193359375 
     0.022290249  0.00070190429688 
     0.022312925  -0.00021362304688 
     0.022335601  0.00094604492188 
     0.022358277  0.0011291503906 
     0.022380952  0.0033874511719 
     0.022403628   0.007080078125 
     0.022426304  0.0074462890625 
      0.02244898  0.0091247558594 
     0.022471655   0.010681152344 
     0.022494331   0.010101318359 
     0.022517007   0.010131835938 
     0.022539683  0.0072021484375 
     0.022562358  0.0042724609375 
     0.022585034   0.001708984375 
      0.02260771  -0.0010681152344 
     0.022630385  -0.0016784667969 
     0.022653061  -0.0026245117188 
     0.022675737  -0.0015869140625 
     0.022698413  -3.0517578125e-05 
     0.022721088   0.001220703125 
     0.022743764  0.0040588378906 
      0.02276644  0.0052185058594 
     0.022789116  0.0062866210938 
     0.022811791  0.0072631835938 
     0.022834467  0.0069274902344 
     0.022857143  0.0057678222656 
     0.022879819  0.0033874511719 
     0.022902494  0.00039672851562 
      0.02292517  -0.0023803710938 
     0.022947846  -0.0039978027344 
     0.022970522  -0.0053405761719 
     0.022993197  -0.0050964355469 
     0.023015873  -0.0034484863281 
     0.023038549  -0.0018005371094 
     0.023061224  0.0010375976562 
       0.0230839  0.0033569335938 
     0.023106576  0.0054016113281 
     0.023129252  0.0068664550781 
     0.023151927    0.00732421875 
     0.023174603  0.0064697265625 
     0.023197279     0.0048828125 
     0.023219955  0.0030212402344 
      0.02324263  -3.0517578125e-05 
     0.023265306  -0.0018005371094 
     0.023287982  -0.0032043457031 
     0.023310658  -0.0040588378906 
     0.023333333  -0.0032043457031 
     0.023356009  -0.0025024414062 
     0.023378685  -0.000244140625 
     0.023401361  0.0025329589844 
     0.023424036  0.0044860839844 
     0.023446712   0.006103515625 
     0.023469388  0.0071105957031 
     0.023492063  0.0067749023438 
     0.023514739  0.0059509277344 
     0.023537415  0.0049743652344 
     0.023560091  0.0024108886719 
     0.023582766  -0.00018310546875 
     0.023605442  -0.0017700195312 
     0.023628118  -0.0030517578125 
     0.023650794  -0.0038452148438 
     0.023673469  -0.0032958984375 
     0.023696145  -0.0012817382812 
     0.023718821     0.0009765625 
     0.023741497   0.003662109375 
     0.023764172  0.0052185058594 
     0.023786848  0.0066528320312 
     0.023809524  0.0079650878906 
       0.0238322  0.0075378417969 
     0.023854875  0.0068054199219 
     0.023877551  0.0044555664062 
     0.023900227  0.0010681152344 
     0.023922902   -0.00146484375 
     0.023945578  -0.0032043457031 
     0.023968254  -0.0042724609375 
      0.02399093  -0.0045776367188 
     0.024013605  -0.0033264160156 
     0.024036281  -0.0019836425781 
     0.024058957   0.000732421875 
     0.024081633  0.0036926269531 
     0.024104308  0.0045166015625 
     0.024126984  0.0064086914062 
      0.02414966  0.0072021484375 
     0.024172336  0.0062866210938 
     0.024195011  0.0052185058594 
     0.024217687  0.0025634765625 
     0.024240363  -6.103515625e-05 
     0.024263039  -0.0024108886719 
     0.024285714      -0.00390625 
      0.02430839  -0.0046691894531 
     0.024331066  -0.0041809082031 
     0.024353741  -0.0026245117188 
     0.024376417  -0.00088500976562 
     0.024399093  0.0025634765625 
     0.024421769  0.0045471191406 
     0.024444444  0.0055236816406 
      0.02446712  0.0072631835938 
     0.024489796  0.0070190429688 
     0.024512472  0.0065612792969 
     0.024535147  0.0052490234375 
     0.024557823  0.0023498535156 
     0.024580499  -0.00015258789062 
     0.024603175  -0.0022583007812 
      0.02462585  -0.0034484863281 
     0.024648526  -0.0039367675781 
     0.024671202  -0.0029907226562 
     0.024693878  -0.0014953613281 
     0.024716553  0.0003662109375 
     0.024739229  0.0032043457031 
     0.024761905  0.0053405761719 
      0.02478458   0.006591796875 
     0.024807256  0.0079040527344 
     0.024829932  0.0077819824219 
     0.024852608  0.0065307617188 
     0.024875283  0.0048217773438 
     0.024897959    0.00146484375 
     0.024920635  -0.0010986328125 
     0.024943311  -0.0025634765625 
     0.024965986  -0.0042114257812 
     0.024988662  -0.0046081542969 
     0.025011338  -0.0039978027344 
     0.025034014  -0.0022888183594 
     0.025056689  0.00088500976562 
     0.025079365  0.0033264160156 
     0.025102041  0.0048217773438 
     0.025124717  0.0061340332031 
     0.025147392  0.0065002441406 
     0.025170068   0.005615234375 
     0.025192744  0.0039367675781 
      0.02521542  0.0018310546875 
     0.025238095  -0.001220703125 
     0.025260771  -0.0030212402344 
     0.025283447  -0.0039672851562 
     0.025306122  -0.0049743652344 
     0.025328798  -0.0043029785156 
     0.025351474  -0.0030517578125 
      0.02537415  -0.0010375976562 
     0.025396825  0.0020446777344 
     0.025419501  0.0044860839844 
     0.025442177  0.0061645507812 
     0.025464853  0.0075073242188 
     0.025487528  0.0079040527344 
     0.025510204  0.0066833496094 
      0.02553288   0.005615234375 
     0.025555556  0.0034790039062 
     0.025578231  0.00076293945312 
     0.025600907  -0.000732421875 
     0.025623583  -0.0020141601562 
     0.025646259  -0.0024719238281 
     0.025668934  -0.0022888183594 
      0.02569161  -0.0012817382812 
     0.025714286  0.0003662109375 
     0.025736961  0.0028076171875 
     0.025759637  0.0048217773438 
     0.025782313  0.0058898925781 
     0.025804989  0.0073547363281 
     0.025827664  0.0069580078125 
      0.02585034  0.0058288574219 
     0.025873016  0.0042114257812 
     0.025895692  0.0015258789062 
     0.025918367  -0.0012817382812 
     0.025941043  -0.0043640136719 
     0.025963719  -0.0055847167969 
     0.025986395  -0.0059204101562 
      0.02600907  -0.0054626464844 
     0.026031746  -0.0037536621094 
     0.026054422  -0.0014343261719 
     0.026077098  0.0016174316406 
     0.026099773  0.0034790039062 
     0.026122449  0.0051574707031 
     0.026145125  0.0057373046875 
       0.0261678  0.0054016113281 
     0.026190476  0.0042419433594 
     0.026213152   0.001220703125 
     0.026235828  -0.0011901855469 
     0.026258503  -0.0033874511719 
     0.026281179  -0.005126953125 
     0.026303855  -0.0057678222656 
     0.026326531  -0.0055541992188 
     0.026349206  -0.0036010742188 
     0.026371882  -0.0015258789062 
     0.026394558  0.00094604492188 
     0.026417234  0.0037536621094 
     0.026439909  0.0047607421875 
     0.026462585  0.0060119628906 
     0.026485261  0.0064697265625 
     0.026507937  0.0050354003906 
     0.026530612  0.0037536621094 
     0.026553288    0.00146484375 
     0.026575964  -0.0015869140625 
     0.026598639  -0.0036010742188 
     0.026621315  -0.0048522949219 
     0.026643991  -0.0057067871094 
     0.026666667  -0.0053405761719 
     0.026689342  -0.0041198730469 
     0.026712018  -0.0027465820312 
     0.026734694  -0.00030517578125 
      0.02675737  0.0015563964844 
     0.026780045  0.0027465820312 
     0.026802721   0.004638671875 
     0.026825397  0.0044555664062 
     0.026848073  0.0032348632812 
     0.026870748  0.0018920898438 
     0.026893424  -0.0012512207031 
       0.0269161  -0.003662109375 
     0.026938776  -0.0050354003906 
     0.026961451  -0.0061340332031 
     0.026984127  -0.0058898925781 
     0.027006803  -0.0048217773438 
     0.027029478  -0.003173828125 
     0.027052154  -0.0010681152344 
      0.02707483  0.0018615722656 
     0.027097506  0.0040893554688 
     0.027120181   0.005615234375 
     0.027142857   0.007080078125 
     0.027165533   0.006591796875 
     0.027188209  0.0057678222656 
     0.027210884  0.0042114257812 
      0.02723356  0.0012817382812 
     0.027256236  -0.0006103515625 
     0.027278912  -0.0025329589844 
     0.027301587  -0.0040588378906 
     0.027324263      -0.00390625 
     0.027346939  -0.0032653808594 
     0.027369615  -0.0013732910156 
      0.02739229    0.00146484375 
     0.027414966  0.0037231445312 
     0.027437642  0.0055236816406 
     0.027460317  0.0068969726562 
     0.027482993  0.0072021484375 
     0.027505669  0.0065307617188 
     0.027528345  0.0050048828125 
      0.02755102  0.0025939941406 
     0.027573696  0.00030517578125 
     0.027596372  -0.0017395019531 
     0.027619048  -0.0032653808594 
     0.027641723  -0.0037841796875 
     0.027664399  -0.0035400390625 
     0.027687075  -0.0020446777344 
     0.027709751  0.00015258789062 
     0.027732426  0.0026550292969 
     0.027755102  0.0048522949219 
     0.027777778   0.006591796875 
     0.027800454  0.0081787109375 
     0.027823129  0.0079956054688 
     0.027845805  0.0071716308594 
     0.027868481  0.0061340332031 
     0.027891156  0.0033874511719 
     0.027913832  0.0003662109375 
     0.027936508  -0.0015258789062 
     0.027959184  -0.0027160644531 
     0.027981859  -0.0034790039062 
     0.028004535  -0.0025329589844 
     0.028027211  -0.0010986328125 
     0.028049887  0.0010070800781 
     0.028072562  0.0042419433594 
     0.028095238  0.0055236816406 
     0.028117914  0.0071105957031 
      0.02814059    0.00830078125 
     0.028163265  0.0074768066406 
     0.028185941  0.0068969726562 
     0.028208617  0.0047912597656 
     0.028231293  0.0015258789062 
     0.028253968  -0.0012817382812 
     0.028276644  -0.0031127929688 
      0.02829932  -0.0043029785156 
     0.028321995   -0.00439453125 
     0.028344671  -0.0034790039062 
     0.028367347  -0.0028686523438 
     0.028390023  -3.0517578125e-05 
     0.028412698  0.0027160644531 
     0.028435374  0.0040283203125 
      0.02845805  0.0059814453125 
     0.028480726  0.0062255859375 
     0.028503401  0.0058288574219 
     0.028526077  0.0045471191406 
     0.028548753  0.0021057128906 
     0.028571429  -0.0003662109375 
     0.028594104  -0.0028686523438 
      0.02861678  -0.0035705566406 
     0.028639456  -0.0043334960938 
     0.028662132  -0.0039978027344 
     0.028684807  -0.0023193359375 
     0.028707483  -0.0010681152344 
     0.028730159  0.0019836425781 
     0.028752834  0.0044250488281 
      0.02877551  0.0056457519531 
     0.028798186     0.0068359375 
     0.028820862  0.0068969726562 
     0.028843537  0.0058288574219 
     0.028866213  0.0042419433594 
     0.028888889  0.0017700195312 
     0.028911565  -0.0018310546875 
      0.02893424  -0.0040893554688 
     0.028956916  -0.0057983398438 
     0.028979592  -0.0066223144531 
     0.029002268  -0.0058898925781 
     0.029024943    -0.0048828125 
     0.029047619  -0.0023498535156 
     0.029070295  0.00033569335938 
     0.029092971  0.0022888183594 
     0.029115646  0.0040893554688 
     0.029138322  0.0047607421875 
     0.029160998  0.0050659179688 
     0.029183673  0.0042114257812 
     0.029206349  0.0025939941406 
     0.029229025  0.00015258789062 
     0.029251701   -0.00244140625 
     0.029274376  -0.0038146972656 
     0.029297052  -0.0049133300781 
     0.029319728  -0.0043029785156 
     0.029342404  -0.0032958984375 
     0.029365079  -0.0022888183594 
     0.029387755  0.0008544921875 
     0.029410431  0.0037536621094 
     0.029433107  0.0054321289062 
     0.029455782  0.0068664550781 
     0.029478458  0.0078430175781 
     0.029501134    0.00732421875 
      0.02952381  0.0061950683594 
     0.029546485  0.0043029785156 
     0.029569161  0.0012817382812 
     0.029591837  -0.00064086914062 
     0.029614512  -0.0020141601562 
     0.029637188  -0.0030517578125 
     0.029659864  -0.0026550292969 
      0.02968254  -0.0016479492188 
     0.029705215   0.000244140625 
     0.029727891  0.0028686523438 
     0.029750567  0.0051879882812 
     0.029773243  0.0067749023438 
     0.029795918  0.0077819824219 
     0.029818594  0.0078430175781 
      0.02984127  0.0067138671875 
     0.029863946  0.0051879882812 
     0.029886621     0.0029296875 
     0.029909297  9.1552734375e-05 
     0.029931973  -0.0026245117188 
     0.029954649  -0.0044860839844 
     0.029977324  -0.0049438476562 
            0.03  -0.0046691894531 
     0.030022676  -0.0039978027344 
     0.030045351  -0.0020751953125 
     0.030068027  0.0008544921875 
     0.030090703  0.0031433105469 
     0.030113379  0.0046691894531 
     0.030136054  0.0055236816406 
      0.03015873  0.0056457519531 
     0.030181406  0.0047302246094 
     0.030204082  0.0032348632812 
     0.030226757  0.00057983398438 
     0.030249433  -0.0021667480469 
     0.030272109  -0.0039672851562 
     0.030294785  -0.0054931640625 
      0.03031746  -0.0055847167969 
     0.030340136  -0.0047607421875 
     0.030362812  -0.0036010742188 
     0.030385488    -0.0009765625 
     0.030408163  0.0017700195312 
     0.030430839  0.0030517578125 
     0.030453515  0.0044555664062 
      0.03047619  0.0052185058594 
     0.030498866  0.0045471191406 
     0.030521542  0.0032958984375 
     0.030544218    0.00048828125 
     0.030566893  -0.0025634765625 
     0.030589569  -0.0050048828125 
     0.030612245  -0.0064392089844 
     0.030634921  -0.0074157714844 
     0.030657596   -0.00732421875 
     0.030680272  -0.0061645507812 
     0.030702948  -0.0052795410156 
     0.030725624  -0.0020751953125 
     0.030748299  0.00064086914062 
     0.030770975      0.001953125 
     0.030793651  0.0036926269531 
     0.030816327  0.0039978027344 
     0.030839002  0.0034790039062 
     0.030861678  0.0022277832031 
     0.030884354  6.103515625e-05 
     0.030907029  -0.0025634765625 
     0.030929705  -0.0048217773438 
     0.030952381  -0.0063781738281 
     0.030975057  -0.0072326660156 
     0.030997732  -0.0065002441406 
     0.031020408  -0.0055847167969 
     0.031043084  -0.0037231445312 
      0.03106576  -0.00051879882812 
     0.031088435  0.0013427734375 
     0.031111111  0.0028991699219 
     0.031133787  0.0036315917969 
     0.031156463  0.0037536621094 
     0.031179138  0.0028686523438 
     0.031201814     0.0009765625 
      0.03122449  -0.0011901855469 
     0.031247166  -0.0047302246094 
     0.031269841  -0.0066223144531 
     0.031292517  -0.0077514648438 
     0.031315193  -0.0077209472656 
     0.031337868   -0.00634765625 
     0.031360544  -0.0054626464844 
      0.03138322  -0.0028686523438 
     0.031405896  -0.00021362304688 
     0.031428571  0.0018005371094 
     0.031451247   0.003662109375 
     0.031473923    0.00439453125 
     0.031496599  0.0039978027344 
     0.031519274  0.0028991699219 
      0.03154195  0.0012512207031 
     0.031564626  -0.0016174316406 
     0.031587302  -0.0040283203125 
     0.031609977  -0.0055236816406 
     0.031632653  -0.0067443847656 
     0.031655329  -0.0066223144531 
     0.031678005  -0.0055236816406 
      0.03170068  -0.0039367675781 
     0.031723356  -0.0016174316406 
     0.031746032  0.0006103515625 
     0.031768707  0.0022583007812 
     0.031791383  0.0036926269531 
     0.031814059  0.0047302246094 
     0.031836735  0.0039978027344 
      0.03185941  0.0022888183594 
     0.031882086  0.00064086914062 
     0.031904762  -0.0019226074219 
     0.031927438  -0.0039367675781 
     0.031950113    -0.0048828125 
     0.031972789  -0.0054626464844 
     0.031995465  -0.0050048828125 
     0.032018141  -0.0039978027344 
     0.032040816  -0.0017395019531 
     0.032063492  0.0012512207031 
     0.032086168  0.0035400390625 
     0.032108844  0.0054016113281 
     0.032131519  0.0066528320312 
     0.032154195  0.0072937011719 
     0.032176871  0.0061950683594 
     0.032199546  0.0045166015625 
     0.032222222  0.0023193359375 
     0.032244898  -0.0006103515625 
     0.032267574  -0.0023803710938 
     0.032290249  -0.0039978027344 
     0.032312925  -0.0044860839844 
     0.032335601  -0.0039672851562 
     0.032358277  -0.0032043457031 
     0.032380952  -0.00088500976562 
     0.032403628  0.0014953613281 
     0.032426304  0.0030517578125 
      0.03244898  0.0045471191406 
     0.032471655  0.0054931640625 
     0.032494331  0.0055236816406 
     0.032517007  0.0047912597656 
     0.032539683  0.0030212402344 
     0.032562358  0.00021362304688 
     0.032585034  -0.002197265625 
      0.03260771  -0.0038757324219 
     0.032630385  -0.0050659179688 
     0.032653061  -0.0050659179688 
     0.032675737  -0.0039978027344 
     0.032698413  -0.0024108886719 
     0.032721088  0.0006103515625 
     0.032743764  0.0035095214844 
      0.03276644  0.0052490234375 
     0.032789116  0.0067443847656 
     0.032811791  0.0079040527344 
     0.032834467  0.0074768066406 
     0.032857143  0.0061340332031 
     0.032879819  0.0045166015625 
     0.032902494  0.0014953613281 
      0.03292517  -0.00051879882812 
     0.032947846  -0.0020141601562 
     0.032970522  -0.0029907226562 
     0.032993197  -0.0022277832031 
     0.033015873  -0.0015869140625 
     0.033038549  3.0517578125e-05 
     0.033061224  0.0030212402344 
       0.0330839  0.0053100585938 
     0.033106576  0.0065307617188 
     0.033129252  0.0078735351562 
     0.033151927  0.0080871582031 
     0.033174603  0.0074462890625 
     0.033197279  0.0061645507812 
     0.033219955  0.0031433105469 
      0.03324263  0.00076293945312 
     0.033265306  -0.0011596679688 
     0.033287982  -0.0028076171875 
     0.033310658  -0.0033874511719 
     0.033333333  -0.003173828125 
     0.033356009  -0.0021667480469 
     0.033378685  -0.00039672851562 
     0.033401361  0.0027160644531 
     0.033424036  0.0047607421875 
     0.033446712  0.0061645507812 
     0.033469388  0.0079956054688 
     0.033492063  0.0077514648438 
     0.033514739   0.007080078125 
     0.033537415  0.0058288574219 
     0.033560091     0.0029296875 
     0.033582766  0.00033569335938 
     0.033605442  -0.0014953613281 
     0.033628118  -0.0029602050781 
     0.033650794  -0.0031127929688 
     0.033673469  -0.0020751953125 
     0.033696145  -0.00076293945312 
     0.033718821  0.0016784667969 
     0.033741497  0.0039367675781 
     0.033764172  0.0054931640625 
     0.033786848  0.0074462890625 
     0.033809524        0.0078125 
       0.0338322  0.0074768066406 
     0.033854875  0.0064086914062 
     0.033877551  0.0038146972656 
     0.033900227  0.0011291503906 
     0.033922902  -0.0017700195312 
     0.033945578  -0.0039367675781 
     0.033968254  -0.0049133300781 
      0.03399093    -0.0048828125 
     0.034013605  -0.0037536621094 
     0.034036281  -0.0020141601562 
     0.034058957  0.0013122558594 
     0.034081633  0.0041809082031 
     0.034104308  0.0058288574219 
     0.034126984  0.0073547363281 
      0.03414966  0.0076904296875 
     0.034172336  0.0069274902344 
     0.034195011  0.0053100585938 
     0.034217687  0.0028381347656 
     0.034240363  -0.0001220703125 
     0.034263039  -0.0018005371094 
     0.034285714  -0.0028076171875 
      0.03430839  -0.0037536621094 
     0.034331066  -0.0031127929688 
     0.034353741  -0.0022888183594 
     0.034376417  -0.00033569335938 
     0.034399093  0.0024108886719 
     0.034421769  0.0040588378906 
     0.034444444  0.0059509277344 
      0.03446712  0.0071716308594 
     0.034489796  0.0069885253906 
     0.034512472  0.0060119628906 
     0.034535147  0.0043640136719 
     0.034557823  0.0021667480469 
     0.034580499  -0.00054931640625 
     0.034603175  -0.0021362304688 
      0.03462585  -0.0028076171875 
     0.034648526  -0.0028381347656 
     0.034671202  -0.0015563964844 
     0.034693878  3.0517578125e-05 
     0.034716553  0.0022277832031 
     0.034739229  0.0044555664062 
     0.034761905  0.0063171386719 
      0.03478458   0.007080078125 
     0.034807256  0.0076293945312 
     0.034829932  0.0075988769531 
     0.034852608  0.0063781738281 
     0.034875283  0.0050964355469 
     0.034897959  0.0015258789062 
     0.034920635  -0.0010681152344 
     0.034943311  -0.0026245117188 
     0.034965986  -0.0047912597656 
     0.034988662  -0.0047607421875 
     0.035011338  -0.0043334960938 
     0.035034014  -0.0032348632812 
     0.035056689  -0.000732421875 
     0.035079365  0.0018005371094 
     0.035102041  0.0035705566406 
     0.035124717   0.005126953125 
     0.035147392  0.0063781738281 
     0.035170068  0.0057067871094 
     0.035192744  0.0046081542969 
      0.03521542  0.0030822753906 
     0.035238095  0.00033569335938 
     0.035260771  -0.0018005371094 
     0.035283447  -0.0032043457031 
     0.035306122      -0.00390625 
     0.035328798  -0.0037841796875 
     0.035351474  -0.0028381347656 
      0.03537415  -0.00067138671875 
     0.035396825  0.0018615722656 
     0.035419501  0.0039672851562 
     0.035442177  0.0052795410156 
     0.035464853  0.0060729980469 
     0.035487528  0.0062866210938 
     0.035510204  0.0056457519531 
      0.03553288  0.0041809082031 
     0.035555556  0.0015563964844 
     0.035578231  -0.0011291503906 
     0.035600907  -0.0031433105469 
     0.035623583  -0.0046691894531 
     0.035646259   -0.00537109375 
     0.035668934    -0.0048828125 
      0.03569161  -0.0038757324219 
     0.035714286  -0.001220703125 
     0.035736961  0.0020751953125 
     0.035759637  0.0040588378906 
     0.035782313  0.0058288574219 
     0.035804989  0.0069885253906 
     0.035827664  0.0068664550781 
      0.03585034  0.0062255859375 
     0.035873016  0.0044555664062 
     0.035895692    0.00146484375 
     0.035918367  -0.001220703125 
     0.035941043  -0.0028076171875 
     0.035963719  -0.0039672851562 
     0.035986395  -0.0044555664062 
      0.03600907  -0.0037231445312 
     0.036031746   -0.00244140625 
     0.036054422  0.00015258789062 
     0.036077098  0.0027160644531 
     0.036099773  0.0046997070312 
     0.036122449  0.0066528320312 
     0.036145125  0.0074157714844 
       0.0361678  0.0070190429688 
     0.036190476  0.0053100585938 
     0.036213152  0.0032958984375 
     0.036235828  0.00042724609375 
     0.036258503  -0.0017700195312 
     0.036281179  -0.0032348632812 
     0.036303855  -0.0045776367188 
     0.036326531  -0.004150390625 
     0.036349206   -0.00341796875 
     0.036371882  -0.0015258789062 
     0.036394558  0.0013122558594 
     0.036417234  0.0033264160156 
     0.036439909  0.0047607421875 
     0.036462585  0.0060729980469 
     0.036485261  0.0066833496094 
     0.036507937   0.005126953125 
     0.036530612  0.0035400390625 
     0.036553288  0.0013427734375 
     0.036575964  -0.001708984375 
     0.036598639  -0.0038146972656 
     0.036621315  -0.0051879882812 
     0.036643991  -0.0057067871094 
     0.036666667  -0.0054626464844 
     0.036689342  -0.0043334960938 
     0.036712018  -0.0023498535156 
     0.036734694  0.00094604492188 
      0.03675737  0.0031433105469 
     0.036780045  0.0042419433594 
     0.036802721   0.006103515625 
     0.036825397  0.0057983398438 
     0.036848073  0.0044250488281 
     0.036870748  0.0028076171875 
     0.036893424  -9.1552734375e-05 
       0.0369161  -0.0025939941406 
     0.036938776  -0.0041809082031 
     0.036961451  -0.0052795410156 
     0.036984127  -0.0061645507812 
     0.037006803  -0.0052795410156 
     0.037029478  -0.0043640136719 
     0.037052154  -0.0023193359375 
      0.03707483  0.0010986328125 
     0.037097506  0.0026550292969 
     0.037120181  0.0046081542969 
     0.037142857  0.0056457519531 
     0.037165533  0.0054016113281 
     0.037188209    0.00439453125 
     0.037210884  0.0020141601562 
      0.03723356  -0.0006103515625 
     0.037256236  -0.0034484863281 
     0.037278912  -0.0051574707031 
     0.037301587  -0.0060119628906 
     0.037324263  -0.0057983398438 
     0.037346939  -0.0045166015625 
     0.037369615  -0.0028076171875 
      0.03739229  0.00054931640625 
     0.037414966  0.0029907226562 
     0.037437642  0.0045166015625 
     0.037460317      0.005859375 
     0.037482993  0.0062255859375 
     0.037505669    0.00537109375 
     0.037528345  0.0036010742188 
      0.03755102  0.0015258789062 
     0.037573696  -0.0016479492188 
     0.037596372  -0.0033264160156 
     0.037619048  -0.0044555664062 
     0.037641723  -0.0056457519531 
     0.037664399  -0.0049743652344 
     0.037687075  -0.0039367675781 
     0.037709751  -0.0016784667969 
     0.037732426  0.0010070800781 
     0.037755102  0.0027465820312 
     0.037777778  0.0040588378906 
     0.037800454  0.0049743652344 
     0.037823129   0.005615234375 
     0.037845805  0.0045776367188 
     0.037868481  0.0028076171875 
     0.037891156  0.00057983398438 
     0.037913832     -0.001953125 
     0.037936508  -0.0036010742188 
     0.037959184  -0.0052795410156 
     0.037981859  -0.0059509277344 
     0.038004535  -0.0047607421875 
     0.038027211   -0.00341796875 
     0.038049887  -0.0010375976562 
     0.038072562  0.0023193359375 
     0.038095238    0.00439453125 
     0.038117914  0.0060424804688 
      0.03814059  0.0076599121094 
     0.038163265  0.0072937011719 
     0.038185941  0.0061645507812 
     0.038208617  0.0046691894531 
     0.038231293  0.0016174316406 
     0.038253968  -0.0006103515625 
     0.038276644  -0.0025024414062 
      0.03829932      -0.00390625 
     0.038321995  -0.0037231445312 
     0.038344671  -0.0032348632812 
     0.038367347  -0.001708984375 
     0.038390023  0.00054931640625 
     0.038412698  0.0027465820312 
     0.038435374  0.0041809082031 
      0.03845805  0.0050354003906 
     0.038480726  0.0057067871094 
     0.038503401  0.0045166015625 
     0.038526077  0.0026550292969 
     0.038548753  0.0001220703125 
     0.038571429  -0.0030822753906 
     0.038594104  -0.0051879882812 
      0.03861678  -0.0071105957031 
     0.038639456  -0.0077514648438 
     0.038662132  -0.0072937011719 
     0.038684807   -0.00634765625 
     0.038707483  -0.0041198730469 
     0.038730159  -0.0014343261719 
     0.038752834  0.0014343261719 
      0.03877551  0.0027465820312 
     0.038798186  0.0043334960938 
     0.038820862  0.0053405761719 
     0.038843537  0.0046081542969 
     0.038866213  0.0038452148438 
     0.038888889  0.0013122558594 
     0.038911565  -0.0014038085938 
      0.03893424  -0.0028686523438 
     0.038956916  -0.0044250488281 
     0.038979592  -0.0046691894531 
     0.039002268  -0.0038757324219 
     0.039024943  -0.0024108886719 
     0.039047619  -0.00018310546875 
     0.039070295  0.0024719238281 
     0.039092971  0.0050048828125 
     0.039115646  0.0062561035156 
     0.039138322  0.0071105957031 
     0.039160998  0.0066833496094 
     0.039183673  0.0057678222656 
     0.039206349  0.0045166015625 
     0.039229025  0.0013732910156 
     0.039251701  -0.0011901855469 
     0.039274376  -0.0035095214844 
     0.039297052  -0.004638671875 
     0.039319728  -0.0039672851562 
     0.039342404  -0.0039978027344 
     0.039365079  -0.0023803710938 
     0.039387755  0.00057983398438 
     0.039410431  0.0032043457031 
     0.039433107  0.0052490234375 
     0.039455782  0.0065307617188 
     0.039478458  0.0072631835938 
     0.039501134  0.0070190429688 
      0.03952381  0.0054626464844 
     0.039546485  0.0035095214844 
     0.039569161  0.00057983398438 
     0.039591837  -0.0016784667969 
     0.039614512  -0.0025939941406 
     0.039637188  -0.0038146972656 
     0.039659864  -0.0033264160156 
      0.03968254  -0.0022888183594 
     0.039705215  -0.00079345703125 
     0.039727891  0.0020141601562 
     0.039750567  0.0040893554688 
     0.039773243  0.0061645507812 
     0.039795918  0.0074462890625 
     0.039818594  0.0077514648438 
      0.03984127  0.0074462890625 
     0.039863946  0.0058898925781 
     0.039886621  0.0037231445312 
     0.039909297  0.00088500976562 
     0.039931973  -0.0011596679688 
     0.039954649  -0.0020446777344 
     0.039977324  -0.0027770996094 
            0.04  -0.0023803710938 
     0.040022676  -0.0010070800781 
     0.040045351  0.0013122558594 
     0.040068027  0.0040588378906 
     0.040090703  0.0064392089844 
     0.040113379  0.0086059570312 
     0.040136054  0.0094604492188 
      0.04015873  0.0094909667969 
     0.040181406  0.0090942382812 
     0.040204082  0.0070190429688 
     0.040226757  0.0044250488281 
     0.040249433  0.0016784667969 
     0.040272109  -0.00070190429688 
     0.040294785  -0.0020446777344 
      0.04031746    -0.0029296875 
     0.040340136  -0.0019226074219 
     0.040362812  -0.00079345703125 
     0.040385488  0.0013122558594 
     0.040408163  0.0043029785156 
     0.040430839  0.0054931640625 
     0.040453515    0.00732421875 
      0.04047619  0.0079345703125 
     0.040498866  0.0073547363281 
     0.040521542  0.0067749023438 
     0.040544218  0.0045471191406 
     0.040566893  0.0015563964844 
     0.040589569  -0.0011291503906 
     0.040612245  -0.0025634765625 
     0.040634921  -0.0034484863281 
     0.040657596  -0.0030517578125 
     0.040680272  -0.0018920898438 
     0.040702948  -0.00027465820312 
     0.040725624  0.0027770996094 
     0.040748299  0.0052795410156 
     0.040770975  0.0072021484375 
     0.040793651  0.0084533691406 
     0.040816327  0.0086669921875 
     0.040839002        0.0078125 
     0.040861678  0.0060424804688 
     0.040884354  0.0036315917969 
     0.040907029                0 
     0.040929705  -0.0022277832031 
     0.040952381  -0.0034790039062 
     0.040975057  -0.0045776367188 
     0.040997732  -0.0039978027344 
     0.041020408  -0.0033264160156 
     0.041043084  -0.0015869140625 
      0.04106576  0.0014343261719 
     0.041088435  0.0032348632812 
     0.041111111  0.0047607421875 
     0.041133787  0.0059814453125 
     0.041156463  0.0063171386719 
     0.041179138  0.0055236816406 
     0.041201814  0.0041809082031 
      0.04122449   0.001708984375 
     0.041247166  -0.0011901855469 
     0.041269841  -0.0028381347656 
     0.041292517  -0.0042114257812 
     0.041315193  -0.0048217773438 
     0.041337868  -0.0041809082031 
     0.041360544  -0.0029602050781 
      0.04138322  -0.001220703125 
     0.041405896  0.0015258789062 
     0.041428571    0.00341796875 
     0.041451247  0.0047607421875 
     0.041473923  0.0058288574219 
     0.041496599  0.0052185058594 
     0.041519274  0.0039978027344 
      0.04154195  0.0019226074219 
     0.041564626  -0.0006103515625 
     0.041587302  -0.0034790039062 
     0.041609977  -0.0059204101562 
     0.041632653  -0.0070495605469 
     0.041655329  -0.0074157714844 
     0.041678005  -0.0063781738281 
      0.04170068  -0.004638671875 
     0.041723356  -0.0019226074219 
     0.041746032  0.0011291503906 
     0.041768707  0.0027160644531 
     0.041791383  0.0040283203125 
     0.041814059  0.0046081542969 
     0.041836735  0.0039672851562 
      0.04185941  0.0028076171875 
     0.041882086  -0.00015258789062 
     0.041904762  -0.0035095214844 
     0.041927438  -0.0058898925781 
     0.041950113  -0.0078430175781 
     0.041972789  -0.0086364746094 
     0.041995465  -0.0085144042969 
     0.042018141  -0.0074157714844 
     0.042040816  -0.0057678222656 
     0.042063492  -0.0031127929688 
     0.042086168  -0.00033569335938 
     0.042108844  0.00082397460938 
     0.042131519  0.0019836425781 
     0.042154195      0.001953125 
     0.042176871   0.000732421875 
     0.042199546  -0.00051879882812 
     0.042222222  -0.0028381347656 
     0.042244898  -0.0055236816406 
     0.042267574       -0.0078125 
     0.042290249  -0.0090026855469 
     0.042312925  -0.0091552734375 
     0.042335601  -0.0086059570312 
     0.042358277  -0.007080078125 
     0.042380952  -0.0050964355469 
     0.042403628  -0.0028991699219 
     0.042426304  -0.0010681152344 
      0.04244898  -6.103515625e-05 
     0.042471655  0.0010375976562 
     0.042494331   0.001220703125 
     0.042517007  -6.103515625e-05 
     0.042539683  -0.0018310546875 
     0.042562358  -0.0046997070312 
     0.042585034  -0.0079345703125 
      0.04260771  -0.010162353516 
     0.042630385  -0.011322021484 
     0.042653061  -0.011779785156 
     0.042675737  -0.011077880859 
     0.042698413  -0.0091247558594 
     0.042721088  -0.0066223144531 
     0.042743764  -0.0037536621094 
      0.04276644  -0.0018920898438 
     0.042789116  -0.0003662109375 
     0.042811791  0.00042724609375 
     0.042834467                0 
     0.042857143  -0.00070190429688 
     0.042879819  -0.0025939941406 
     0.042902494  -0.0049133300781 
      0.04292517  -0.0071716308594 
     0.042947846  -0.0086059570312 
     0.042970522  -0.0093078613281 
     0.042993197   -0.00927734375 
     0.043015873  -0.0079040527344 
     0.043038549  -0.0059509277344 
     0.043061224  -0.0031433105469 
       0.0430839  -0.00082397460938 
     0.043106576  0.00088500976562 
     0.043129252  0.0025939941406 
     0.043151927  0.0032043457031 
     0.043174603  0.0025024414062 
     0.043197279  0.0010070800781 
     0.043219955  -0.0010070800781 
      0.04324263  -0.0042419433594 
     0.043265306  -0.0067749023438 
     0.043287982  -0.0083618164062 
     0.043310658  -0.0093994140625 
     0.043333333  -0.0086975097656 
     0.043356009  -0.0075378417969 
     0.043378685  -0.0060119628906 
     0.043401361  -0.0025329589844 
     0.043424036  -0.00027465820312 
     0.043446712  0.0003662109375 
     0.043469388  0.0018615722656 
     0.043492063    0.00146484375 
     0.043514739  0.00076293945312 
     0.043537415  -0.0011291503906 
     0.043560091  -0.0044250488281 
     0.043582766  -0.0068664550781 
     0.043605442  -0.0093994140625 
     0.043628118  -0.010772705078 
     0.043650794  -0.011779785156 
     0.043673469  -0.010864257812 
     0.043696145  -0.0092163085938 
     0.043718821  -0.0072326660156 
     0.043741497  -0.0035400390625 
     0.043764172  -0.0018310546875 
     0.043786848  -0.000244140625 
     0.043809524  0.00088500976562 
       0.0438322  0.00057983398438 
     0.043854875  -0.00054931640625 
     0.043877551  -0.0028076171875 
     0.043900227  -0.0052185058594 
     0.043922902  -0.0077514648438 
     0.043945578  -0.0088195800781 
     0.043968254  -0.0091857910156 
      0.04399093  -0.0086669921875 
     0.044013605  -0.0076599121094 
     0.044036281  -0.006103515625 
     0.044058957  -0.0026550292969 
     0.044081633  9.1552734375e-05 
     0.044104308  0.0020446777344 
     0.044126984  0.0033569335938 
      0.04414966  0.0040893554688 
     0.044172336  0.0038757324219 
     0.044195011  0.0020141601562 
     0.044217687  -0.00030517578125 
     0.044240363  -0.0033264160156 
     0.044263039  -0.0058898925781 
     0.044285714  -0.0074462890625 
      0.04430839  -0.0083618164062 
     0.044331066  -0.008056640625 
     0.044353741  -0.0072937011719 
     0.044376417  -0.0052795410156 
     0.044399093  -0.0022583007812 
     0.044421769  -6.103515625e-05 
     0.044444444  0.0016479492188 
      0.04446712  0.0028381347656 
     0.044489796  0.0030517578125 
     0.044512472  0.0022277832031 
     0.044535147  0.00094604492188 
     0.044557823  -0.0015258789062 
     0.044580499  -0.0046081542969 
     0.044603175  -0.0060729980469 
      0.04462585       -0.0078125 
     0.044648526  -0.0076293945312 
     0.044671202  -0.0061950683594 
     0.044693878  -0.0054016113281 
     0.044716553  -0.0023498535156 
     0.044739229  0.00051879882812 
     0.044761905  0.0025024414062 
      0.04478458  0.0043029785156 
     0.044807256  0.0052490234375 
     0.044829932  0.0047302246094 
     0.044852608  0.0029602050781 
     0.044875283  0.0010375976562 
     0.044897959  -0.0023803710938 
     0.044920635  -0.0049133300781 
     0.044943311  -0.0065612792969 
     0.044965986  -0.0079040527344 
     0.044988662  -0.0077819824219 
     0.045011338  -0.0069580078125 
     0.045034014  -0.005615234375 
     0.045056689   -0.00341796875 
     0.045079365  -0.00021362304688 
     0.045102041  0.0013122558594 
     0.045124717  0.0026550292969 
     0.045147392  0.0041198730469 
     0.045170068    0.00341796875 
     0.045192744  0.0025024414062 
      0.04521542  0.00030517578125 
     0.045238095  -0.0024108886719 
     0.045260771  -0.0041198730469 
     0.045283447  -0.0057983398438 
     0.045306122   -0.00634765625 
     0.045328798  -0.0057678222656 
     0.045351474  -0.0045166015625 
      0.04537415  -0.0021057128906 
     0.045396825  0.0008544921875 
     0.045419501  0.0030822753906 
     0.045442177  0.0047912597656 
     0.045464853  0.0064392089844 
     0.045487528  0.0070190429688 
     0.045510204   0.006103515625 
      0.04553288  0.0039672851562 
     0.045555556  0.0016174316406 
     0.045578231  -0.0018005371094 
     0.045600907  -0.0040588378906 
     0.045623583  -0.0053100585938 
     0.045646259  -0.0059204101562 
     0.045668934  -0.0044250488281 
      0.04569161  -0.0033569335938 
     0.045714286  -0.0012512207031 
     0.045736961  0.0014953613281 
     0.045759637  0.0029602050781 
     0.045782313  0.0044555664062 
     0.045804989  0.0049438476562 
     0.045827664  0.0053405761719 
      0.04585034  0.0039978027344 
     0.045873016   0.001708984375 
     0.045895692  -0.00051879882812 
     0.045918367  -0.0035705566406 
     0.045941043  -0.0049133300781 
     0.045963719  -0.0067443847656 
     0.045986395  -0.0072326660156 
      0.04600907  -0.0060729980469 
     0.046031746  -0.0053100585938 
     0.046054422  -0.0022888183594 
     0.046077098                0 
     0.046099773  0.0015258789062 
     0.046122449  0.0029907226562 
     0.046145125  0.0038452148438 
       0.0461678  0.0040893554688 
     0.046190476    0.00244140625 
     0.046213152  0.0001220703125 
     0.046235828    -0.0029296875 
     0.046258503  -0.0052490234375 
     0.046281179  -0.0068054199219 
     0.046303855  -0.0078735351562 
     0.046326531  -0.0076293945312 
     0.046349206  -0.0070495605469 
     0.046371882  -0.0053405761719 
     0.046394558  -0.0025329589844 
     0.046417234  0.00015258789062 
     0.046439909  0.0020751953125 
     0.046462585  0.0030822753906 
     0.046485261  0.0039672851562 
     0.046507937  0.0032653808594 
     0.046530612  0.0012817382812 
     0.046553288  -0.00070190429688 
     0.046575964      -0.00390625 
     0.046598639  -0.0057983398438 
     0.046621315  -0.0072631835938 
     0.046643991  -0.0080871582031 
     0.046666667  -0.0069274902344 
     0.046689342  -0.006103515625 
     0.046712018   -0.00341796875 
     0.046734694  -6.103515625e-05 
      0.04675737      0.001953125 
     0.046780045       0.00390625 
     0.046802721  0.0049438476562 
     0.046825397  0.0049438476562 
     0.046848073       0.00390625 
     0.046870748  0.0023193359375 
     0.046893424  -0.00088500976562 
       0.0469161  -0.0035400390625 
     0.046938776  -0.0049743652344 
     0.046961451  -0.0070495605469 
     0.046984127  -0.0071411132812 
     0.047006803  -0.0062255859375 
     0.047029478  -0.0047607421875 
     0.047052154  -0.0023193359375 
      0.04707483  0.00027465820312 
     0.047097506  0.0025939941406 
     0.047120181  0.0036010742188 
     0.047142857  0.0047302246094 
     0.047165533  0.0043334960938 
     0.047188209  0.0027465820312 
     0.047210884  0.0011291503906 
      0.04723356  -0.0025329589844 
     0.047256236  -0.0049743652344 
     0.047278912  -0.0064086914062 
     0.047301587  -0.0073547363281 
     0.047324263  -0.0073852539062 
     0.047346939  -0.0070190429688 
     0.047369615  -0.0050048828125 
      0.04739229  -0.0026245117188 
     0.047414966  -0.00015258789062 
     0.047437642  0.0013122558594 
     0.047460317  0.0025634765625 
     0.047482993  0.0029602050781 
     0.047505669  0.0016784667969 
     0.047528345  0.00079345703125 
      0.04755102  -0.0017700195312 
     0.047573696  -0.0045776367188 
     0.047596372  -0.0065002441406 
     0.047619048  -0.0082397460938 
     0.047641723  -0.008056640625 
     0.047664399  -0.0076904296875 
     0.047687075  -0.0059814453125 
     0.047709751  -0.0030212402344 
     0.047732426  -0.00054931640625 
     0.047755102  0.0022277832031 
     0.047777778  0.0034484863281 
     0.047800454  0.0054626464844 
     0.047823129  0.0064086914062 
     0.047845805  0.0049743652344 
     0.047868481  0.0038452148438 
     0.047891156  0.0013122558594 
     0.047913832  -0.0013122558594 
     0.047936508  -0.0033569335938 
     0.047959184  -0.0046997070312 
     0.047981859  -0.0049133300781 
     0.048004535  -0.0050354003906 
     0.048027211  -0.0037231445312 
     0.048049887  -0.0021057128906 
     0.048072562  -0.0001220703125 
     0.048095238  0.0019836425781 
     0.048117914     0.0029296875 
      0.04814059  0.0043334960938 
     0.048163265  0.0043640136719 
     0.048185941     0.0029296875 
     0.048208617  0.0010375976562 
     0.048231293  -0.001708984375 
     0.048253968  -0.0038452148438 
     0.048276644  -0.0057678222656 
      0.04829932  -0.0072021484375 
     0.048321995  -0.0067443847656 
     0.048344671  -0.0059204101562 
     0.048367347  -0.0043640136719 
     0.048390023  -0.0011291503906 
     0.048412698  0.0020141601562 
     0.048435374  0.0044860839844 
      0.04845805  0.0060424804688 
     0.048480726  0.0070495605469 
     0.048503401  0.0064697265625 
     0.048526077  0.0049743652344 
     0.048548753  0.0028381347656 
     0.048571429  -0.00042724609375 
     0.048594104  -0.0028686523438 
      0.04861678  -0.0051574707031 
     0.048639456  -0.0063171386719 
     0.048662132  -0.0060424804688 
     0.048684807  -0.0050964355469 
     0.048707483  -0.0032958984375 
     0.048730159  -0.00070190429688 
     0.048752834  0.0021362304688 
      0.04877551  0.0036010742188 
     0.048798186  0.0048217773438 
     0.048820862  0.0050048828125 
     0.048843537  0.0038757324219 
     0.048866213   0.002685546875 
     0.048888889  -6.103515625e-05 
     0.048911565  -0.0028381347656 
      0.04893424  -0.004638671875 
     0.048956916  -0.005615234375 
     0.048979592  -0.0061340332031 
     0.049002268  -0.0054016113281 
     0.049024943  -0.0034790039062 
     0.049047619  -0.0015563964844 
     0.049070295  0.0020751953125 
     0.049092971  0.0039978027344 
     0.049115646  0.0053405761719 
     0.049138322  0.0067443847656 
     0.049160998  0.0055236816406 
     0.049183673  0.0050048828125 
     0.049206349  0.0028991699219 
     0.049229025  -0.0001220703125 
     0.049251701  -0.0026245117188 
     0.049274376  -0.0048522949219 
     0.049297052  -0.0057983398438 
     0.049319728  -0.0061340332031 
     0.049342404  -0.0051879882812 
     0.049365079  -0.0040893554688 
     0.049387755  -0.0016174316406 
     0.049410431  0.0010986328125 
     0.049433107  0.0025329589844 
     0.049455782  0.0043334960938 
     0.049478458  0.0050964355469 
     0.049501134  0.0049743652344 
      0.04952381  0.0036926269531 
     0.049546485  0.0011291503906 
     0.049569161  -0.0016784667969 
     0.049591837  -0.0041809082031 
     0.049614512  -0.0060119628906 
     0.049637188  -0.0071716308594 
     0.049659864  -0.0068969726562 
      0.04968254  -0.0060424804688 
     0.049705215  -0.0054016113281 
     0.049727891  -0.0023498535156 
     0.049750567  9.1552734375e-05 
     0.049773243  0.0011596679688 
     0.049795918  0.0028381347656 
     0.049818594  0.0026550292969 
      0.04984127  0.0020446777344 
     0.049863946  0.0006103515625 
     0.049886621  -0.0019836425781 
     0.049909297  -0.0049133300781 
     0.049931973  -0.0075378417969 
     0.049954649  -0.0089416503906 
     0.049977324  -0.0099487304688 
            0.05  -0.0089721679688 
     0.050022676  -0.0079040527344 
     0.050045351  -0.005615234375 
     0.050068027  -0.0023498535156 
     0.050090703  -0.00057983398438 
     0.050113379  0.0012512207031 
     0.050136054  0.0019836425781 
      0.05015873  0.0023193359375 
     0.050181406  0.0014038085938 
     0.050204082  -0.00054931640625 
     0.050226757  -0.003173828125 
     0.050249433  -0.0065612792969 
     0.050272109   -0.00830078125 
     0.050294785  -0.0099182128906 
      0.05031746  -0.0098266601562 
     0.050340136  -0.0086975097656 
     0.050362812  -0.0079345703125 
     0.050385488  -0.0048217773438 
     0.050408163  -0.0021362304688 
     0.050430839  -0.00018310546875 
     0.050453515  0.0020446777344 
      0.05047619  0.0032043457031 
     0.050498866  0.0032653808594 
     0.050521542  0.0020141601562 
     0.050544218  0.00033569335938 
     0.050566893  -0.0021667480469 
     0.050589569  -0.0045776367188 
     0.050612245  -0.0058898925781 
     0.050634921  -0.0070495605469 
     0.050657596    -0.0068359375 
     0.050680272     -0.005859375 
     0.050702948  -0.0038757324219 
     0.050725624  -0.0014038085938 
     0.050748299  0.00088500976562 
     0.050770975   0.003173828125 
     0.050793651  0.0036926269531 
     0.050816327  0.0042724609375 
     0.050839002  0.0037841796875 
     0.050861678  0.0014343261719 
     0.050884354  -0.0006103515625 
     0.050907029  -0.0040893554688 
     0.050929705   -0.00634765625 
     0.050952381  -0.0077514648438 
     0.050975057  -0.0094604492188 
     0.050997732  -0.0086975097656 
     0.051020408  -0.0075073242188 
     0.051043084  -0.0056762695312 
      0.05106576   -0.00244140625 
     0.051088435                0 
     0.051111111  0.0016784667969 
     0.051133787  0.0032653808594 
     0.051156463  0.0035705566406 
     0.051179138  0.0027465820312 
     0.051201814  0.0015258789062 
      0.05122449  -0.0014343261719 
     0.051247166  -0.0042419433594 
     0.051269841  -0.0060119628906 
     0.051292517  -0.0075073242188 
     0.051315193  -0.0075073242188 
     0.051337868  -0.0066833496094 
     0.051360544  -0.0053405761719 
      0.05138322  -0.0028686523438 
     0.051405896  9.1552734375e-05 
     0.051428571  0.0020141601562 
     0.051451247  0.0035400390625 
     0.051473923  0.0043334960938 
     0.051496599  0.0040893554688 
     0.051519274  0.0031433105469 
      0.05154195  0.00088500976562 
     0.051564626  -0.0016174316406 
     0.051587302  -0.0044555664062 
     0.051609977  -0.0062561035156 
     0.051632653  -0.0076599121094 
     0.051655329  -0.0079956054688 
     0.051678005  -0.0067138671875 
      0.05170068  -0.0055847167969 
     0.051723356  -0.0023803710938 
     0.051746032  0.00054931640625 
     0.051768707  0.0016784667969 
     0.051791383    0.00341796875 
     0.051814059  0.0039367675781 
     0.051836735  0.0033264160156 
      0.05185941  0.0020751953125 
     0.051882086  -0.00067138671875 
     0.051904762  -0.0031127929688 
     0.051927438  -0.0057678222656 
     0.051950113  -0.0074462890625 
     0.051972789  -0.0079345703125 
     0.051995465  -0.0081481933594 
     0.052018141  -0.0066223144531 
     0.052040816  -0.0048522949219 
     0.052063492  -0.0021057128906 
     0.052086168  0.00079345703125 
     0.052108844  0.0020141601562 
     0.052131519  0.0032958984375 
     0.052154195  0.0037841796875 
     0.052176871  0.0032653808594 
     0.052199546  0.0017395019531 
     0.052222222  -0.0006103515625 
     0.052244898   -0.00341796875 
     0.052267574  -0.0057373046875 
     0.052290249  -0.0068054199219 
     0.052312925  -0.0076599121094 
     0.052335601  -0.0065612792969 
     0.052358277  -0.0050659179688 
     0.052380952  -0.0029602050781 
     0.052403628  0.00091552734375 
     0.052426304  0.0029602050781 
      0.05244898  0.0047302246094 
     0.052471655  0.0059204101562 
     0.052494331  0.0057373046875 
     0.052517007     0.0048828125 
     0.052539683  0.0029907226562 
     0.052562358  0.00064086914062 
     0.052585034  -0.0024108886719 
      0.05260771   -0.00439453125 
     0.052630385  -0.0055541992188 
     0.052653061  -0.0063171386719 
     0.052675737  -0.0052795410156 
     0.052698413      -0.00390625 
     0.052721088  -0.0017700195312 
     0.052743764  0.0012512207031 
      0.05276644  0.0032653808594 
     0.052789116  0.0045776367188 
     0.052811791  0.0046691894531 
     0.052834467  0.0043640136719 
     0.052857143   0.003173828125 
     0.052879819  0.00045776367188 
     0.052902494  -0.0021667480469 
      0.05292517  -0.0049743652344 
     0.052947846  -0.0065002441406 
     0.052970522  -0.0074157714844 
     0.052993197  -0.0072631835938 
     0.053015873  -0.0057067871094 
     0.053038549      -0.00390625 
     0.053061224  -0.00076293945312 
       0.0530839  0.0014038085938 
     0.053106576  0.0032958984375 
     0.053129252  0.0049743652344 
     0.053151927  0.0053100585938 
     0.053174603  0.0050659179688 
     0.053197279  0.0032043457031 
     0.053219955  0.00088500976562 
      0.05324263  -0.0025024414062 
     0.053265306  -0.0049743652344 
     0.053287982  -0.0064392089844 
     0.053310658  -0.0075378417969 
     0.053333333  -0.0067138671875 
     0.053356009  -0.0058288574219 
     0.053378685  -0.0032348632812 
     0.053401361  -0.0001220703125 
     0.053424036  0.0015869140625 
     0.053446712  0.0031127929688 
     0.053469388       0.00390625 
     0.053492063  0.0036315917969 
     0.053514739  0.0023193359375 
     0.053537415  0.00076293945312 
     0.053560091  -0.0023498535156 
     0.053582766  -0.0051879882812 
     0.053605442  -0.0069580078125 
     0.053628118  -0.0085144042969 
     0.053650794  -0.0084838867188 
     0.053673469  -0.0082092285156 
     0.053696145    -0.0068359375 
     0.053718821  -0.0046081542969 
     0.053741497  -0.0019226074219 
     0.053764172   0.000732421875 
     0.053786848  0.0017395019531 
     0.053809524  0.0030517578125 
       0.0538322  0.0024108886719 
     0.053854875   0.000732421875 
     0.053877551  -0.00076293945312 
     0.053900227  -0.0039367675781 
     0.053922902  -0.0060424804688 
     0.053945578  -0.0080871582031 
     0.053968254  -0.0093994140625 
      0.05399093  -0.0088500976562 
     0.054013605  -0.0081481933594 
     0.054036281  -0.0061645507812 
     0.054058957  -0.0032348632812 
     0.054081633   -0.00048828125 
     0.054104308     0.0009765625 
     0.054126984  0.0020751953125 
      0.05414966  0.0031433105469 
     0.054172336  0.0020446777344 
     0.054195011  0.00082397460938 
     0.054217687  -0.0018310546875 
     0.054240363  -0.0052795410156 
     0.054263039  -0.0071411132812 
     0.054285714  -0.0094299316406 
      0.05430839  -0.010284423828 
     0.054331066  -0.010101318359 
     0.054353741  -0.0089111328125 
     0.054376417  -0.0061950683594 
     0.054399093  -0.0037536621094 
     0.054421769  -0.0015258789062 
     0.054444444   0.000244140625 
      0.05446712  0.0015869140625 
     0.054489796  0.0014343261719 
     0.054512472  0.00094604492188 
     0.054535147  -0.00070190429688 
     0.054557823  -0.0038757324219 
     0.054580499  -0.0065612792969 
     0.054603175  -0.0090637207031 
      0.05462585  -0.010192871094 
     0.054648526  -0.010498046875 
     0.054671202  -0.0093994140625 
     0.054693878  -0.0072326660156 
     0.054716553  -0.0050964355469 
     0.054739229  -0.0014953613281 
     0.054761905   0.000244140625 
      0.05478458     0.0009765625 
     0.054807256  0.0022277832031 
     0.054829932  0.0012512207031 
     0.054852608  0.00018310546875 
     0.054875283  -0.0019836425781 
     0.054897959  -0.0047607421875 
     0.054920635  -0.0070495605469 
     0.054943311  -0.0089416503906 
     0.054965986  -0.0099792480469 
     0.054988662  -0.010681152344 
     0.055011338  -0.009521484375 
     0.055034014  -0.0079040527344 
     0.055056689  -0.0055541992188 
     0.055079365  -0.0025024414062 
     0.055102041  -0.0010375976562 
     0.055124717  0.00033569335938 
     0.055147392  0.0010681152344 
     0.055170068  0.00070190429688 
     0.055192744  -0.0001220703125 
      0.05521542  -0.0021057128906 
     0.055238095    -0.0048828125 
     0.055260771  -0.0070495605469 
     0.055283447  -0.0077514648438 
     0.055306122  -0.0087585449219 
     0.055328798  -0.0079345703125 
     0.055351474  -0.0061340332031 
      0.05537415    -0.0048828125 
     0.055396825  -0.0012817382812 
     0.055419501  0.0014038085938 
     0.055442177  0.0028076171875 
     0.055464853  0.0046691894531 
     0.055487528  0.0047302246094 
     0.055510204  0.0038757324219 
      0.05553288  0.0025939941406 
     0.055555556  6.103515625e-05 
     0.055578231  -0.0031127929688 
     0.055600907  -0.005126953125 
     0.055623583  -0.0070495605469 
     0.055646259  -0.0079956054688 
     0.055668934   -0.00732421875 
      0.05569161  -0.0068969726562 
     0.055714286  -0.0050048828125 
     0.055736961  -0.002197265625 
     0.055759637  -0.00027465820312 
     0.055782313  0.0014953613281 
     0.055804989  0.0027465820312 
     0.055827664  0.0028381347656 
      0.05585034  0.0016479492188 
     0.055873016  -0.00033569335938 
     0.055895692  -0.003173828125 
     0.055918367  -0.0059204101562 
     0.055941043  -0.0076904296875 
     0.055963719  -0.0092163085938 
     0.055986395  -0.0095520019531 
      0.05600907  -0.0085754394531 
     0.056031746  -0.0070190429688 
     0.056054422  -0.0036926269531 
     0.056077098  -0.00088500976562 
     0.056099773  0.0010986328125 
     0.056122449  0.0032043457031 
     0.056145125    0.00341796875 
       0.0561678  0.0031433105469 
     0.056190476  0.0018615722656 
     0.056213152  -0.00054931640625 
     0.056235828  -0.0030517578125 
     0.056258503  -0.0059204101562 
     0.056281179  -0.007568359375 
     0.056303855  -0.0086059570312 
     0.056326531  -0.0081787109375 
     0.056349206  -0.0069274902344 
     0.056371882  -0.0053405761719 
     0.056394558  -0.0023193359375 
     0.056417234   0.000244140625 
     0.056439909   0.002197265625 
     0.056462585  0.0043640136719 
     0.056485261  0.0050659179688 
     0.056507937  0.0039978027344 
     0.056530612  0.0023803710938 
     0.056553288  -0.00027465820312 
     0.056575964  -0.0036010742188 
     0.056598639  -0.0056762695312 
     0.056621315  -0.0070190429688 
     0.056643991  -0.007568359375 
     0.056666667  -0.0066528320312 
     0.056689342  -0.0057983398438 
     0.056712018  -0.0040893554688 
     0.056734694  -0.0011901855469 
      0.05675737  0.00091552734375 
     0.056780045  0.0038757324219 
     0.056802721  0.0052490234375 
     0.056825397  0.0041198730469 
     0.056848073  0.0035095214844 
     0.056870748  0.0012512207031 
     0.056893424  -0.001708984375 
       0.0569161  -0.004150390625 
     0.056938776  -0.0061340332031 
     0.056961451  -0.0064086914062 
     0.056984127  -0.0059509277344 
     0.057006803  -0.0050354003906 
     0.057029478  -0.0035705566406 
     0.057052154   -0.00146484375 
      0.05707483  0.0015563964844 
     0.057097506  0.0039672851562 
     0.057120181  0.0058288574219 
     0.057142857  0.0071716308594 
     0.057165533  0.0064392089844 
     0.057188209  0.0055236816406 
     0.057210884  0.0033569335938 
      0.05723356  0.00021362304688 
     0.057256236     -0.001953125 
     0.057278912  -0.0047912597656 
     0.057301587  -0.0059509277344 
     0.057324263  -0.0056457519531 
     0.057346939  -0.0047302246094 
     0.057369615  -0.0025939941406 
      0.05739229  -0.00018310546875 
     0.057414966     0.0029296875 
     0.057437642  0.0041809082031 
     0.057460317  0.0054321289062 
     0.057482993  0.0067443847656 
     0.057505669  0.0057067871094 
     0.057528345  0.0045776367188 
      0.05755102  0.0020446777344 
     0.057573696    -0.0009765625 
     0.057596372  -0.0028381347656 
     0.057619048  -0.0050354003906 
     0.057641723  -0.0057067871094 
     0.057664399  -0.0049133300781 
     0.057687075  -0.0033874511719 
     0.057709751  -0.0011291503906 
     0.057732426  0.0015563964844 
     0.057755102  0.0038146972656 
     0.057777778    0.00537109375 
     0.057800454  0.0067749023438 
     0.057823129  0.0065002441406 
     0.057845805   0.005615234375 
     0.057868481       0.00390625 
     0.057891156  0.0011901855469 
     0.057913832  -0.00082397460938 
     0.057936508  -0.0028076171875 
     0.057959184  -0.0043029785156 
     0.057981859  -0.0045776367188 
     0.058004535  -0.0034484863281 
     0.058027211  -0.0015258789062 
     0.058049887  0.00094604492188 
     0.058072562  0.0040893554688 
     0.058095238  0.0061340332031 
     0.058117914   0.007568359375 
      0.05814059  0.0090942382812 
     0.058163265  0.0088806152344 
     0.058185941  0.0076904296875 
     0.058208617      0.005859375 
     0.058231293  0.0026550292969 
     0.058253968  0.00021362304688 
     0.058276644  -0.0017395019531 
      0.05829932  -0.0032043457031 
     0.058321995  -0.0032958984375 
     0.058344671  -0.0025329589844 
     0.058367347  -0.00088500976562 
     0.058390023   0.001708984375 
     0.058412698  0.0044860839844 
     0.058435374  0.0065612792969 
      0.05845805  0.0086669921875 
     0.058480726  0.0097351074219 
     0.058503401  0.0088500976562 
     0.058526077  0.0072631835938 
     0.058548753  0.0052795410156 
     0.058571429  0.0028686523438 
     0.058594104  0.00088500976562 
      0.05861678  -0.00018310546875 
     0.058639456  -0.0010375976562 
     0.058662132  -0.00057983398438 
     0.058684807  0.00088500976562 
     0.058707483    0.00244140625 
     0.058730159  0.0051574707031 
     0.058752834  0.0073852539062 
      0.05877551  0.0091247558594 
     0.058798186   0.010406494141 
     0.058820862   0.010406494141 
     0.058843537  0.0095825195312 
     0.058866213  0.0073852539062 
     0.058888889  0.0050048828125 
     0.058911565  0.0018310546875 
      0.05893424  -0.00027465820312 
     0.058956916  -0.0016479492188 
     0.058979592    -0.0029296875 
     0.059002268  -0.0018005371094 
     0.059024943  -0.00057983398438 
     0.059047619  0.0020141601562 
     0.059070295  0.0048217773438 
     0.059092971  0.0071716308594 
     0.059115646  0.0098876953125 
     0.059138322   0.010894775391 
     0.059160998   0.011260986328 
     0.059183673   0.010314941406 
     0.059206349  0.0084533691406 
     0.059229025  0.0057983398438 
     0.059251701  0.0029907226562 
     0.059274376  0.0014038085938 
     0.059297052  -0.00021362304688 
     0.059319728   -0.00048828125 
     0.059342404  0.0006103515625 
     0.059365079  0.0019836425781 
     0.059387755  0.0048217773438 
     0.059410431  0.0077514648438 
     0.059433107  0.0091247558594 
     0.059455782   0.010314941406 
     0.059478458   0.010894775391 
     0.059501134   0.010223388672 
      0.05952381  0.0090026855469 
     0.059546485  0.0069580078125 
     0.059569161  0.0043029785156 
     0.059591837  0.0018920898438 
     0.059614512  6.103515625e-05 
     0.059637188  -0.00094604492188 
     0.059659864   -0.00048828125 
      0.05968254  0.00018310546875 
     0.059705215  0.0020141601562 
     0.059727891  0.0050048828125 
     0.059750567  0.0072326660156 
     0.059773243   0.009033203125 
     0.059795918   0.010375976562 
     0.059818594   0.011108398438 
      0.05984127   0.010406494141 
     0.059863946  0.0089416503906 
     0.059886621  0.0062255859375 
     0.059909297  0.0027465820312 
     0.059931973  0.0003662109375 
     0.059954649     -0.001953125 
     0.059977324  -0.0022583007812 
            0.06  -0.0015258789062 
     0.060022676  -0.00054931640625 
     0.060045351  0.0018005371094 
     0.060068027  0.0040588378906 
     0.060090703   0.006591796875 
     0.060113379  0.0081787109375 
     0.060136054  0.0096435546875 
      0.06015873   0.010437011719 
     0.060181406  0.0090637207031 
     0.060204082  0.0077209472656 
     0.060226757  0.0047607421875 
     0.060249433    0.00146484375 
     0.060272109  -9.1552734375e-05 
     0.060294785  -0.0018920898438 
      0.06031746  -0.0020141601562 
     0.060340136  -0.0011901855469 
     0.060362812  -0.0003662109375 
     0.060385488  0.0022888183594 
     0.060408163  0.0050659179688 
     0.060430839   0.007080078125 
     0.060453515  0.0084533691406 
      0.06047619  0.0090637207031 
     0.060498866  0.0088195800781 
     0.060521542  0.0071716308594 
     0.060544218  0.0046997070312 
     0.060566893  0.0013427734375 
     0.060589569  -0.0012817382812 
     0.060612245  -0.0027160644531 
     0.060634921  -0.0038452148438 
     0.060657596  -0.0035705566406 
     0.060680272  -0.0026245117188 
     0.060702948  -0.00082397460938 
     0.060725624  0.0018005371094 
     0.060748299  0.0045471191406 
     0.060770975  0.0063171386719 
     0.060793651  0.0077514648438 
     0.060816327   0.008544921875 
     0.060839002  0.0077209472656 
     0.060861678   0.006591796875 
     0.060884354  0.0042724609375 
     0.060907029  0.0012512207031 
     0.060929705  -0.0013427734375 
     0.060952381  -0.0033874511719 
     0.060975057  -0.0042419433594 
     0.060997732  -0.0042114257812 
     0.061020408  -0.0031127929688 
     0.061043084  -0.0012817382812 
      0.06106576  0.0013427734375 
     0.061088435  0.0035095214844 
     0.061111111  0.0051574707031 
     0.061133787  0.0064697265625 
     0.061156463  0.0069885253906 
     0.061179138  0.0064392089844 
     0.061201814  0.0046081542969 
      0.06122449      0.001953125 
     0.061247166  -0.0014038085938 
     0.061269841  -0.0036315917969 
     0.061292517  -0.0050964355469 
     0.061315193  -0.0057983398438 
     0.061337868  -0.0043334960938 
     0.061360544  -0.0028991699219 
      0.06138322   -0.00048828125 
     0.061405896  0.0027770996094 
     0.061428571  0.0040893554688 
     0.061451247  0.0058288574219 
     0.061473923  0.0072021484375 
     0.061496599   0.006591796875 
     0.061519274  0.0052490234375 
      0.06154195  0.0029602050781 
     0.061564626  0.00015258789062 
     0.061587302  -0.0030822753906 
     0.061609977  -0.0051574707031 
     0.061632653  -0.0069885253906 
     0.061655329  -0.0075988769531 
     0.061678005  -0.0067443847656 
      0.06170068  -0.0056762695312 
     0.061723356  -0.0028076171875 
     0.061746032  -0.00033569335938 
     0.061768707  0.0010681152344 
     0.061791383  0.0023803710938 
     0.061814059  0.0026245117188 
     0.061836735  0.0016174316406 
      0.06185941  -0.00015258789062 
     0.061882086  -0.002685546875 
     0.061904762  -0.0062866210938 
     0.061927438  -0.0086059570312 
     0.061950113  -0.0095825195312 
     0.061972789  -0.010925292969 
     0.061995465   -0.01025390625 
     0.062018141  -0.0091552734375 
     0.062040816  -0.0076293945312 
     0.062063492  -0.0040588378906 
     0.062086168  -0.0016479492188 
     0.062108844  0.00033569335938 
     0.062131519  0.0020141601562 
     0.062154195  0.0025939941406 
     0.062176871  0.0022888183594 
     0.062199546  0.0006103515625 
     0.062222222  -0.001708984375 
     0.062244898  -0.004638671875 
     0.062267574  -0.0065307617188 
     0.062290249  -0.0084228515625 
     0.062312925  -0.0091247558594 
     0.062335601  -0.0080871582031 
     0.062358277  -0.0074768066406 
     0.062380952  -0.0048217773438 
     0.062403628  -0.0021057128906 
     0.062426304  -0.00067138671875 
      0.06244898  0.0010681152344 
     0.062471655  0.0015563964844 
     0.062494331  0.0016174316406 
     0.062517007  0.0003662109375 
     0.062539683  -0.001708984375 
     0.062562358  -0.0041809082031 
     0.062585034  -0.007080078125 
      0.06260771  -0.0086975097656 
     0.062630385  -0.010375976562 
     0.062653061  -0.010131835938 
     0.062675737  -0.0090942382812 
     0.062698413  -0.0081481933594 
     0.062721088  -0.0052185058594 
     0.062743764  -0.0023498535156 
      0.06276644  -9.1552734375e-05 
     0.062789116  0.0020446777344 
     0.062811791  0.0033569335938 
     0.062834467  0.0027770996094 
     0.062857143  0.0013427734375 
     0.062879819  -0.00042724609375 
     0.062902494  -0.0032958984375 
      0.06292517  -0.0057678222656 
     0.062947846  -0.0079040527344 
     0.062970522  -0.0091552734375 
     0.062993197  -0.0086669921875 
     0.063015873  -0.0077819824219 
     0.063038549  -0.0059509277344 
     0.063061224  -0.0031433105469 
       0.0630839  -0.0010070800781 
     0.063106576  0.00094604492188 
     0.063129252  0.0024719238281 
     0.063151927  0.0033874511719 
     0.063174603  0.0030212402344 
     0.063197279  0.0010375976562 
     0.063219955  -0.0016479492188 
      0.06324263  -0.0044860839844 
     0.063265306  -0.0067138671875 
     0.063287982  -0.0083618164062 
     0.063310658  -0.0092468261719 
     0.063333333  -0.0089721679688 
     0.063356009  -0.0079650878906 
     0.063378685  -0.0057983398438 
     0.063401361  -0.0028686523438 
     0.063424036  -0.00070190429688 
     0.063446712     0.0009765625 
     0.063469388  0.0024719238281 
     0.063492063  0.0023803710938 
     0.063514739  0.0014343261719 
     0.063537415  -9.1552734375e-05 
     0.063560091  -0.0032653808594 
     0.063582766  -0.0063781738281 
     0.063605442  -0.0084228515625 
     0.063628118  -0.0097961425781 
     0.063650794  -0.0099792480469 
     0.063673469  -0.0092163085938 
     0.063696145  -0.0075988769531 
     0.063718821  -0.0050659179688 
     0.063741497  -0.0022583007812 
     0.063764172                0 
     0.063786848  0.0019226074219 
     0.063809524  0.0032653808594 
       0.0638322  0.0028381347656 
     0.063854875  0.0016479492188 
     0.063877551  -0.00064086914062 
     0.063900227      -0.00390625 
     0.063922902  -0.0064392089844 
     0.063945578  -0.0084228515625 
     0.063968254  -0.009521484375 
      0.06399093  -0.009521484375 
     0.064013605  -0.0086364746094 
     0.064036281  -0.0072631835938 
     0.064058957  -0.0046081542969 
     0.064081633  -0.0011291503906 
     0.064104308  0.00033569335938 
     0.064126984  0.0022277832031 
      0.06414966  0.0031433105469 
     0.064172336  0.0024719238281 
     0.064195011  0.0016784667969 
     0.064217687  -0.0013427734375 
     0.064240363  -0.0041809082031 
     0.064263039  -0.0066223144531 
     0.064285714  -0.0081481933594 
      0.06430839  -0.0086059570312 
     0.064331066  -0.0082092285156 
     0.064353741   -0.00634765625 
     0.064376417  -0.0050048828125 
     0.064399093  -0.0019836425781 
     0.064421769  0.00057983398438 
     0.064444444      0.001953125 
      0.06446712  0.0037536621094 
     0.064489796  0.0035400390625 
     0.064512472  0.0024719238281 
     0.064535147  0.00054931640625 
     0.064557823  -0.0022583007812 
     0.064580499  -0.0057678222656 
     0.064603175  -0.0082397460938 
      0.06462585  -0.0091857910156 
     0.064648526  -0.010162353516 
     0.064671202  -0.0091552734375 
     0.064693878  -0.0077819824219 
     0.064716553  -0.0059509277344 
     0.064739229  -0.0025024414062 
     0.064761905  -0.00015258789062 
      0.06478458   0.001708984375 
     0.064807256  0.0032043457031 
     0.064829932  0.0036010742188 
     0.064852608  0.0026245117188 
     0.064875283  0.00039672851562 
     0.064897959   -0.00244140625 
     0.064920635   -0.00537109375 
     0.064943311  -0.0068664550781 
     0.064965986  -0.0078735351562 
     0.064988662  -0.0079345703125 
     0.065011338  -0.0067138671875 
     0.065034014  -0.0055236816406 
     0.065056689  -0.0025329589844 
     0.065079365  -3.0517578125e-05 
     0.065102041  0.0015869140625 
     0.065124717  0.0032958984375 
     0.065147392  0.0038146972656 
     0.065170068  0.0033264160156 
     0.065192744  0.0014038085938 
      0.06521542  -0.00088500976562 
     0.065238095  -0.0043029785156 
     0.065260771  -0.0068969726562 
     0.065283447  -0.0082397460938 
     0.065306122  -0.0094909667969 
     0.065328798  -0.0089721679688 
     0.065351474  -0.0079956054688 
      0.06537415  -0.0057678222656 
     0.065396825  -0.0028991699219 
     0.065419501  -0.00039672851562 
     0.065442177  0.0016479492188 
     0.065464853  0.0028381347656 
     0.065487528  0.0032958984375 
     0.065510204  0.0023193359375 
      0.06553288  0.0010070800781 
     0.065555556  -0.0016174316406 
     0.065578231  -0.0047607421875 
     0.065600907  -0.0064697265625 
     0.065623583  -0.0079345703125 
     0.065646259  -0.008544921875 
     0.065668934  -0.0078735351562 
      0.06569161  -0.0070190429688 
     0.065714286  -0.0049438476562 
     0.065736961  -0.0015563964844 
     0.065759637  0.0010070800781 
     0.065782313  0.0026245117188 
     0.065804989  0.0044250488281 
     0.065827664  0.0046691894531 
      0.06585034  0.0035705566406 
     0.065873016  0.0023193359375 
     0.065895692  -0.00030517578125 
     0.065918367  -0.0027465820312 
     0.065941043  -0.0046081542969 
     0.065963719  -0.0059509277344 
     0.065986395  -0.0060729980469 
      0.06600907  -0.0055236816406 
     0.066031746  -0.0033874511719 
     0.066054422  -0.00094604492188 
     0.066077098  0.0018920898438 
     0.066099773  0.0040283203125 
     0.066122449  0.0050354003906 
     0.066145125  0.0063781738281 
       0.0661678  0.0060119628906 
     0.066190476  0.0047912597656 
     0.066213152  0.0022277832031 
     0.066235828  -0.0012512207031 
     0.066258503  -0.0041809082031 
     0.066281179  -0.0070190429688 
     0.066303855  -0.0079345703125 
     0.066326531  -0.0077514648438 
     0.066349206  -0.0069580078125 
     0.066371882  -0.0051574707031 
     0.066394558  -0.0026245117188 
     0.066417234  0.00042724609375 
     0.066439909  0.0021667480469 
     0.066462585  0.0037841796875 
     0.066485261  0.0043640136719 
     0.066507937  0.0032653808594 
     0.066530612  0.0020446777344 
     0.066553288  -0.00051879882812 
     0.066575964  -0.0035400390625 
     0.066598639  -0.0057983398438 
     0.066621315  -0.0072021484375 
     0.066643991  -0.0079650878906 
     0.066666667  -0.0078430175781 
     0.066689342  -0.0059204101562 
     0.066712018  -0.0036926269531 
     0.066734694  -0.00045776367188 
      0.06675737   0.002197265625 
     0.066780045  0.0034484863281 
     0.066802721  0.0051574707031 
     0.066825397  0.0052795410156 
     0.066848073  0.0039672851562 
     0.066870748  0.0023193359375 
     0.066893424  -0.0001220703125 
       0.0669161  -0.0028381347656 
     0.066938776  -0.0052185058594 
     0.066961451  -0.0068054199219 
     0.066984127  -0.0072021484375 
     0.067006803  -0.0063171386719 
     0.067029478  -0.0048522949219 
     0.067052154  -0.0023803710938 
      0.06707483  0.0006103515625 
     0.067097506  0.0026550292969 
     0.067120181  0.0044250488281 
     0.067142857  0.0054016113281 
     0.067165533  0.0050659179688 
     0.067188209  0.0040283203125 
     0.067210884  0.0017700195312 
      0.06723356  -0.0013427734375 
     0.067256236  -0.0041809082031 
     0.067278912  -0.0061340332031 
     0.067301587  -0.0074462890625 
     0.067324263  -0.0072021484375 
     0.067346939     -0.005859375 
     0.067369615  -0.0047607421875 
      0.06739229  -0.0020141601562 
     0.067414966  0.00082397460938 
     0.067437642  0.0028381347656 
     0.067460317  0.0047302246094 
     0.067482993  0.0050659179688 
     0.067505669  0.0043640136719 
     0.067528345  0.0030822753906 
      0.06755102  0.0006103515625 
     0.067573696  -0.002685546875 
     0.067596372  -0.005126953125 
     0.067619048  -0.006591796875 
     0.067641723  -0.007568359375 
     0.067664399  -0.0069580078125 
     0.067687075  -0.0061340332031 
     0.067709751  -0.0045166015625 
     0.067732426  -0.0013427734375 
     0.067755102  0.00088500976562 
     0.067777778  0.0025329589844 
     0.067800454  0.0042419433594 
     0.067823129  0.0044860839844 
     0.067845805  0.0035095214844 
     0.067868481    0.00146484375 
     0.067891156  -0.0013732910156 
     0.067913832  -0.0044555664062 
     0.067936508  -0.0068664550781 
     0.067959184  -0.008544921875 
     0.067981859  -0.0093688964844 
     0.068004535  -0.0083923339844 
     0.068027211  -0.0072631835938 
     0.068049887  -0.0048522949219 
     0.068072562  -0.0015869140625 
     0.068095238  0.00042724609375 
     0.068117914  0.0026245117188 
      0.06814059  0.0036926269531 
     0.068163265    0.00341796875 
     0.068185941    0.00244140625 
     0.068208617  0.00064086914062 
     0.068231293  -0.0017395019531 
     0.068253968  -0.0045776367188 
     0.068276644  -0.0069885253906 
      0.06829932  -0.0083618164062 
     0.068321995  -0.0082702636719 
     0.068344671  -0.0072937011719 
     0.068367347  -0.0054016113281 
     0.068390023  -0.0021057128906 
     0.068412698  0.0008544921875 
     0.068435374  0.0028381347656 
      0.06845805   0.004638671875 
     0.068480726  0.0055541992188 
     0.068503401  0.0052795410156 
     0.068526077  0.0041198730469 
     0.068548753  0.0016174316406 
     0.068571429  -0.0017700195312 
     0.068594104  -0.0041198730469 
      0.06861678  -0.0054321289062 
     0.068639456  -0.0063171386719 
     0.068662132  -0.0060119628906 
     0.068684807  -0.0050048828125 
     0.068707483  -0.0025939941406 
     0.068730159  0.00064086914062 
     0.068752834  0.0028991699219 
      0.06877551  0.0051879882812 
     0.068798186  0.0066528320312 
     0.068820862  0.0072631835938 
     0.068843537  0.0063171386719 
     0.068866213  0.0042114257812 
     0.068888889  0.0016784667969 
     0.068911565   -0.00146484375 
      0.06893424  -0.0029907226562 
     0.068956916  -0.0050354003906 
     0.068979592  -0.0054626464844 
     0.069002268  -0.0043640136719 
     0.069024943  -0.0037841796875 
     0.069047619  -0.00091552734375 
     0.069070295  0.0018005371094 
     0.069092971  0.0042724609375 
     0.069115646   0.006591796875 
     0.069138322  0.0074157714844 
     0.069160998  0.0074462890625 
     0.069183673  0.0064086914062 
     0.069206349  0.0046081542969 
     0.069229025  0.0013427734375 
     0.069251701   -0.00146484375 
     0.069274376  -0.0032653808594 
     0.069297052  -0.0048217773438 
     0.069319728    -0.0048828125 
     0.069342404  -0.0042724609375 
     0.069365079  -0.0028076171875 
     0.069387755  -0.00042724609375 
     0.069410431   0.002197265625 
     0.069433107  0.0044250488281 
     0.069455782  0.0064392089844 
     0.069478458  0.0074157714844 
     0.069501134  0.0067138671875 
      0.06952381  0.0056457519531 
     0.069546485  0.0031433105469 
     0.069569161  -3.0517578125e-05 
     0.069591837  -0.0023498535156 
     0.069614512  -0.0044860839844 
     0.069637188   -0.00537109375 
     0.069659864  -0.0051574707031 
      0.06968254  -0.003662109375 
     0.069705215  -0.0018005371094 
     0.069727891  0.00091552734375 
     0.069750567  0.0038757324219 
     0.069773243  0.0054626464844 
     0.069795918  0.0074768066406 
     0.069818594  0.0079650878906 
      0.06984127  0.0072631835938 
     0.069863946  0.0061645507812 
     0.069886621  0.0033874511719 
     0.069909297  0.00042724609375 
     0.069931973  -0.0022888183594 
     0.069954649  -0.0038146972656 
     0.069977324  -0.0046081542969 
            0.07  -0.0042114257812 
     0.070022676  -0.0028076171875 
     0.070045351  -0.0012512207031 
     0.070068027  0.0023498535156 
     0.070090703  0.0044860839844 
     0.070113379   0.006103515625 
     0.070136054  0.0081176757812 
      0.07015873  0.0077209472656 
     0.070181406  0.0068054199219 
     0.070204082  0.0047912597656 
     0.070226757  0.0020446777344 
     0.070249433  -0.0013122558594 
     0.070272109  -0.0039672851562 
     0.070294785  -0.0049743652344 
      0.07031746  -0.005615234375 
     0.070340136  -0.0044555664062 
     0.070362812  -0.0031433105469 
     0.070385488  -0.00064086914062 
     0.070408163  0.0028076171875 
     0.070430839  0.0046997070312 
     0.070453515  0.0071105957031 
      0.07047619  0.0081176757812 
     0.070498866  0.0075073242188 
     0.070521542  0.0063781738281 
     0.070544218  0.0041198730469 
     0.070566893  0.0012817382812 
     0.070589569  -0.0017395019531 
     0.070612245  -0.0032348632812 
     0.070634921  -0.0047302246094 
     0.070657596  -0.0049743652344 
     0.070680272  -0.0030822753906 
     0.070702948   -0.00146484375 
     0.070725624  0.0018005371094 
     0.070748299  0.0044860839844 
     0.070770975  0.0059204101562 
     0.070793651  0.0073852539062 
     0.070816327   0.007568359375 
     0.070839002  0.0069274902344 
     0.070861678    0.00537109375 
     0.070884354  0.0030212402344 
     0.070907029  -6.103515625e-05 
     0.070929705  -0.0024719238281 
     0.070952381  -0.0041809082031 
     0.070975057  -0.0051879882812 
     0.070997732  -0.0045776367188 
     0.071020408  -0.0034484863281 
     0.071043084  -0.0010681152344 
      0.07106576  0.0021362304688 
     0.071088435  0.0045166015625 
     0.071111111  0.0065002441406 
     0.071133787  0.0077514648438 
     0.071156463  0.0081787109375 
     0.071179138  0.0078430175781 
     0.071201814  0.0058288574219 
      0.07122449  0.0032653808594 
     0.071247166  0.0003662109375 
     0.071269841  -0.0016784667969 
     0.071292517  -0.0028076171875 
     0.071315193  -0.0033569335938 
     0.071337868  -0.0025634765625 
     0.071360544  -0.0016784667969 
      0.07138322  0.0008544921875 
     0.071405896  0.0042114257812 
     0.071428571  0.0061950683594 
     0.071451247  0.0076599121094 
     0.071473923  0.0086975097656 
     0.071496599  0.0089416503906 
     0.071519274  0.0073547363281 
      0.07154195  0.0051879882812 
     0.071564626  0.0026245117188 
     0.071587302  -0.00051879882812 
     0.071609977  -0.0023803710938 
     0.071632653  -0.0038757324219 
     0.071655329  -0.0044555664062 
     0.071678005  -0.0038146972656 
      0.07170068  -0.0021362304688 
     0.071723356  0.00079345703125 
     0.071746032  0.0034484863281 
     0.071768707  0.0053405761719 
     0.071791383  0.0071105957031 
     0.071814059  0.0082702636719 
     0.071836735  0.0072937011719 
      0.07185941  0.0054626464844 
     0.071882086  0.0032348632812 
     0.071904762  -0.00033569335938 
     0.071927438  -0.0029602050781 
     0.071950113  -0.0047607421875 
     0.071972789  -0.0063171386719 
     0.071995465  -0.0057373046875 
     0.072018141  -0.0044250488281 
     0.072040816  -0.0021667480469 
     0.072063492   0.000732421875 
     0.072086168   0.003173828125 
     0.072108844  0.0048522949219 
     0.072131519  0.0061340332031 
     0.072154195  0.0069274902344 
     0.072176871  0.0054321289062 
     0.072199546  0.0035095214844 
     0.072222222  0.00088500976562 
     0.072244898  -0.0022583007812 
     0.072267574  -0.004150390625 
     0.072290249  -0.0058288574219 
     0.072312925  -0.0064086914062 
     0.072335601  -0.0060119628906 
     0.072358277    -0.0048828125 
     0.072380952  -0.0028381347656 
     0.072403628  -0.00027465820312 
     0.072426304  0.0022277832031 
      0.07244898  0.0037841796875 
     0.072471655  0.0051574707031 
     0.072494331  0.0050964355469 
     0.072517007  0.0035400390625 
     0.072539683  0.0020141601562 
     0.072562358    -0.0009765625 
     0.072585034  -0.0041198730469 
      0.07260771  -0.0057678222656 
     0.072630385  -0.0069580078125 
     0.072653061  -0.0069580078125 
     0.072675737  -0.006103515625 
     0.072698413  -0.0043640136719 
     0.072721088  -0.0016784667969 
     0.072743764  0.00094604492188 
      0.07276644  0.0030822753906 
     0.072789116  0.0050659179688 
     0.072811791  0.0063171386719 
     0.072834467  0.0057067871094 
     0.072857143  0.0046691894531 
     0.072879819  0.0024719238281 
     0.072902494  -0.00094604492188 
      0.07292517  -0.0033264160156 
     0.072947846  -0.0057067871094 
     0.072970522  -0.0068664550781 
     0.072993197  -0.0066223144531 
     0.073015873  -0.0059204101562 
     0.073038549  -0.0041198730469 
     0.073061224  -0.0013122558594 
       0.0730839  0.0014343261719 
     0.073106576  0.0033264160156 
     0.073129252  0.0047912597656 
     0.073151927  0.0054321289062 
     0.073174603  0.0049438476562 
     0.073197279  0.0032043457031 
     0.073219955  0.00082397460938 
      0.07324263  -0.0022277832031 
     0.073265306  -0.0045776367188 
     0.073287982  -0.0056457519531 
     0.073310658  -0.0065307617188 
     0.073333333  -0.0061645507812 
     0.073356009  -0.0048522949219 
     0.073378685  -0.0022583007812 
     0.073401361  0.0013732910156 
     0.073424036   0.003662109375 
     0.073446712  0.0058288574219 
     0.073469388   0.007568359375 
     0.073492063   0.007568359375 
     0.073514739  0.0065307617188 
     0.073537415  0.0046997070312 
     0.073560091  0.0022888183594 
     0.073582766  -0.00021362304688 
     0.073605442  -0.0023498535156 
     0.073628118      -0.00390625 
     0.073650794  -0.0044250488281 
     0.073673469  -0.0036010742188 
     0.073696145     -0.001953125 
     0.073718821     0.0009765625 
     0.073741497   0.004150390625 
     0.073764172  0.0060424804688 
     0.073786848   0.007568359375 
     0.073809524  0.0086059570312 
       0.0738322  0.0081176757812 
     0.073854875  0.0069274902344 
     0.073877551  0.0046691894531 
     0.073900227   0.001220703125 
     0.073922902  -0.0015563964844 
     0.073945578  -0.0036010742188 
     0.073968254  -0.0051879882812 
      0.07399093  -0.0052490234375 
     0.074013605  -0.0040283203125 
     0.074036281  -0.0024719238281 
     0.074058957  0.00042724609375 
     0.074081633  0.0032958984375 
     0.074104308  0.0052490234375 
     0.074126984  0.0068969726562 
      0.07414966  0.0072937011719 
     0.074172336  0.0071716308594 
     0.074195011  0.0054931640625 
     0.074217687  0.0028991699219 
     0.074240363  -0.00021362304688 
     0.074263039  -0.002685546875 
     0.074285714  -0.0040588378906 
      0.07430839  -0.0051574707031 
     0.074331066  -0.0042724609375 
     0.074353741   -0.00341796875 
     0.074376417  -0.0013427734375 
     0.074399093  0.0015869140625 
     0.074421769  0.0034790039062 
     0.074444444  0.0054321289062 
      0.07446712  0.0065307617188 
     0.074489796  0.0068664550781 
     0.074512472  0.0058288574219 
     0.074535147  0.0043334960938 
     0.074557823  0.0016784667969 
     0.074580499  -0.001708984375 
     0.074603175  -0.0035705566406 
      0.07462585  -0.0054931640625 
     0.074648526  -0.005615234375 
     0.074671202  -0.0046081542969 
     0.074693878  -0.0037841796875 
     0.074716553  -0.0011291503906 
     0.074739229  0.0018005371094 
     0.074761905  0.0043029785156 
      0.07478458  0.0064086914062 
     0.074807256  0.0074157714844 
     0.074829932   0.007080078125 
     0.074852608  0.0050659179688 
     0.074875283  0.0027160644531 
     0.074897959  -0.00033569335938 
     0.074920635  -0.0033874511719 
     0.074943311  -0.0057067871094 
     0.074965986  -0.0075988769531 
     0.074988662  -0.0075988769531 
     0.075011338  -0.0069580078125 
     0.075034014  -0.0057373046875 
     0.075056689  -0.0034790039062 
     0.075079365  -0.00082397460938 
     0.075102041  0.0011291503906 
     0.075124717  0.0022888183594 
     0.075147392  0.0035400390625 
     0.075170068  0.0030212402344 
     0.075192744  0.0012817382812 
      0.07521542  -0.0006103515625 
     0.075238095  -0.0037536621094 
     0.075260771  -0.0057983398438 
     0.075283447  -0.0072631835938 
     0.075306122  -0.0088500976562 
     0.075328798  -0.0084838867188 
     0.075351474  -0.0073852539062 
      0.07537415  -0.0052490234375 
     0.075396825  -0.0022277832031 
     0.075419501  0.00021362304688 
     0.075442177  0.0023803710938 
     0.075464853  0.0040893554688 
     0.075487528  0.0042114257812 
     0.075510204   0.003173828125 
      0.07553288  0.0020141601562 
     0.075555556  -0.0011901855469 
     0.075578231  -0.0045166015625 
     0.075600907  -0.0062561035156 
     0.075623583  -0.0078735351562 
     0.075646259  -0.0081481933594 
     0.075668934  -0.0072937011719 
      0.07569161  -0.0057067871094 
     0.075714286  -0.0033569335938 
     0.075736961  0.0001220703125 
     0.075759637  0.0031127929688 
     0.075782313  0.0045776367188 
     0.075804989  0.0062866210938 
     0.075827664  0.0062866210938 
      0.07585034  0.0051574707031 
     0.075873016  0.0036926269531 
     0.075895692    0.00048828125 
     0.075918367  -0.002197265625 
     0.075941043  -0.0045471191406 
     0.075963719  -0.0060119628906 
     0.075986395     -0.005859375 
      0.07600907  -0.005615234375 
     0.076031746  -0.0041198730469 
     0.076054422  -0.0018615722656 
     0.076077098   0.000732421875 
     0.076099773  0.0028076171875 
     0.076122449  0.0038452148438 
     0.076145125  0.0048522949219 
       0.0761678  0.0046081542969 
     0.076190476  0.0036315917969 
     0.076213152  0.0018615722656 
     0.076235828  -0.0013732910156 
     0.076258503  -0.0042114257812 
     0.076281179  -0.0063171386719 
     0.076303855  -0.0072326660156 
     0.076326531  -0.0066833496094 
     0.076349206  -0.0054016113281 
     0.076371882  -0.0038452148438 
     0.076394558  -0.0011901855469 
     0.076417234      0.001953125 
     0.076439909  0.0033264160156 
     0.076462585  0.0050354003906 
     0.076485261  0.0059204101562 
     0.076507937  0.0046997070312 
     0.076530612  0.0032958984375 
     0.076553288  0.00039672851562 
     0.076575964  -0.0027160644531 
     0.076598639  -0.0054626464844 
     0.076621315  -0.0076904296875 
     0.076643991  -0.0084533691406 
     0.076666667  -0.0079345703125 
     0.076689342  -0.0066223144531 
     0.076712018  -0.0045166015625 
     0.076734694   -0.00146484375 
      0.07675737     0.0009765625 
     0.076780045  0.0033569335938 
     0.076802721  0.0051574707031 
     0.076825397  0.0052185058594 
     0.076848073  0.0044555664062 
     0.076870748  0.0027770996094 
     0.076893424  6.103515625e-05 
       0.0769161  -0.0025329589844 
     0.076938776  -0.0043029785156 
     0.076961451  -0.0058898925781 
     0.076984127  -0.0061340332031 
     0.077006803  -0.0050964355469 
     0.077029478  -0.0037231445312 
     0.077052154  -0.00082397460938 
      0.07707483  0.0022277832031 
     0.077097506  0.0044555664062 
     0.077120181  0.0064086914062 
     0.077142857   0.007080078125 
     0.077165533  0.0070190429688 
     0.077188209  0.0062255859375 
     0.077210884  0.0044250488281 
      0.07723356  0.0016784667969 
     0.077256236  -0.001708984375 
     0.077278912  -0.0037841796875 
     0.077301587   -0.00537109375 
     0.077324263  -0.0051879882812 
     0.077346939  -0.0037841796875 
     0.077369615  -0.0019836425781 
      0.07739229  0.0016174316406 
     0.077414966  0.0041198730469 
     0.077437642  0.0061950683594 
     0.077460317  0.0080261230469 
     0.077482993  0.0083312988281 
     0.077505669  0.0077514648438 
     0.077528345  0.0057373046875 
      0.07755102  0.0037841796875 
     0.077573696  0.00042724609375 
     0.077596372  -0.0023803710938 
     0.077619048  -0.0035400390625 
     0.077641723  -0.0051574707031 
     0.077664399  -0.004638671875 
     0.077687075   -0.00341796875 
     0.077709751  -0.0013122558594 
     0.077732426  0.0019226074219 
     0.077755102    0.00439453125 
     0.077777778  0.0064086914062 
     0.077800454  0.0075378417969 
     0.077823129  0.0078735351562 
     0.077845805  0.0067749023438 
     0.077868481  0.0053100585938 
     0.077891156  0.0030822753906 
     0.077913832  -0.00018310546875 
     0.077936508  -0.0022277832031 
     0.077959184      -0.00390625 
     0.077981859  -0.0042724609375 
     0.078004535  -0.0035095214844 
     0.078027211  -0.0023498535156 
     0.078049887     0.0009765625 
     0.078072562  0.0036010742188 
     0.078095238  0.0059204101562 
     0.078117914  0.0084228515625 
      0.07814059  0.0093078613281 
     0.078163265  0.0093383789062 
     0.078185941  0.0079650878906 
     0.078208617  0.0059204101562 
     0.078231293   0.002685546875 
     0.078253968  -0.00018310546875 
     0.078276644  -0.0018005371094 
      0.07829932  -0.0033264160156 
     0.078321995  -0.0030822753906 
     0.078344671  -0.0022583007812 
     0.078367347  -0.00039672851562 
     0.078390023  0.0025939941406 
     0.078412698  0.0049438476562 
     0.078435374  0.0068054199219 
      0.07845805  0.0084838867188 
     0.078480726  0.0094909667969 
     0.078503401   0.009033203125 
     0.078526077  0.0076904296875 
     0.078548753  0.0053100585938 
     0.078571429  0.0020751953125 
     0.078594104   -0.00048828125 
      0.07861678  -0.0025329589844 
     0.078639456  -0.0033264160156 
     0.078662132  -0.0028686523438 
     0.078684807  -0.0018005371094 
     0.078707483  3.0517578125e-05 
     0.078730159  0.0027160644531 
     0.078752834  0.0054626464844 
      0.07877551  0.0068969726562 
     0.078798186  0.0080871582031 
     0.078820862  0.0083923339844 
     0.078843537  0.0075378417969 
     0.078866213  0.0060119628906 
     0.078888889  0.0026245117188 
     0.078911565  -0.00033569335938 
      0.07893424  -0.0025634765625 
     0.078956916  -0.0047302246094 
     0.078979592  -0.0057983398438 
     0.079002268  -0.0058288574219 
     0.079024943  -0.0043334960938 
     0.079047619  -0.0019226074219 
     0.079070295  0.00094604492188 
     0.079092971  0.0034790039062 
     0.079115646  0.0052490234375 
     0.079138322  0.0063781738281 
     0.079160998  0.0064086914062 
     0.079183673  0.0057678222656 
     0.079206349  0.0040283203125 
     0.079229025  0.0013427734375 
     0.079251701  -0.0014953613281 
     0.079274376  -0.0038146972656 
     0.079297052  -0.0049438476562 
     0.079319728  -0.0049743652344 
     0.079342404  -0.0033569335938 
     0.079365079  -0.0014953613281 
     0.079387755  0.0010375976562 
     0.079410431  0.0043334960938 
     0.079433107   0.006103515625 
     0.079455782  0.0076904296875 
     0.079478458  0.0089111328125 
     0.079501134  0.0086059570312 
      0.07952381  0.0073547363281 
     0.079546485     0.0048828125 
     0.079569161  0.0018005371094 
     0.079591837  -0.0011596679688 
     0.079614512  -0.0029602050781 
     0.079637188  -0.0039978027344 
     0.079659864  -0.004150390625 
      0.07968254  -0.0032043457031 
     0.079705215  -0.002197265625 
     0.079727891  0.00057983398438 
     0.079750567  0.0035095214844 
     0.079773243  0.0052185058594 
     0.079795918   0.007080078125 
     0.079818594  0.0074157714844 
      0.07984127  0.0068054199219 
     0.079863946  0.0049438476562 
     0.079886621  0.0024108886719 
     0.079909297  -0.00051879882812 
     0.079931973  -0.0035705566406 
     0.079954649  -0.0046997070312 
     0.079977324  -0.0055236816406 
            0.08  -0.0051879882812 
     0.080022676      -0.00390625 
     0.080045351  -0.0020446777344 
     0.080068027  0.0016784667969 
     0.080090703  0.0039672851562 
     0.080113379  0.0057067871094 
     0.080136054  0.0073852539062 
      0.08015873  0.0074462890625 
     0.080181406  0.0068054199219 
     0.080204082  0.0046691894531 
     0.080226757  0.0017395019531 
     0.080249433  -0.0013732910156 
     0.080272109  -0.0033874511719 
     0.080294785  -0.0044555664062 
      0.08031746  -0.0055847167969 
     0.080340136  -0.0047607421875 
     0.080362812  -0.0035705566406 
     0.080385488  -0.0014343261719 
     0.080408163      0.001953125 
     0.080430839  0.0040893554688 
     0.080453515  0.0058898925781 
      0.08047619  0.0066223144531 
     0.080498866  0.0067443847656 
     0.080521542  0.0054626464844 
     0.080544218   0.002685546875 
     0.080566893  -0.00039672851562 
     0.080589569  -0.0035705566406 
     0.080612245  -0.0058288574219 
     0.080634921   -0.00732421875 
     0.080657596  -0.0071411132812 
     0.080680272  -0.0065002441406 
     0.080702948  -0.0046691894531 
     0.080725624  -0.0011291503906 
     0.080748299   0.001220703125 
     0.080770975  0.0032043457031 
     0.080793651  0.0047302246094 
     0.080816327  0.0054626464844 
     0.080839002     0.0048828125 
     0.080861678   0.003173828125 
     0.080884354  0.00076293945312 
     0.080907029  -0.0027770996094 
     0.080929705  -0.0051879882812 
     0.080952381  -0.0066833496094 
     0.080975057  -0.0078430175781 
     0.080997732  -0.0072326660156 
     0.081020408  -0.0059509277344 
     0.081043084  -0.0035095214844 
      0.08106576  -0.00042724609375 
     0.081088435  0.0015563964844 
     0.081111111  0.0033264160156 
     0.081133787  0.0047302246094 
     0.081156463  0.0047607421875 
     0.081179138  0.0033874511719 
     0.081201814   0.001708984375 
      0.08122449  -0.001220703125 
     0.081247166  -0.0043029785156 
     0.081269841  -0.0061645507812 
     0.081292517  -0.0081787109375 
     0.081315193  -0.0092163085938 
     0.081337868  -0.0089111328125 
     0.081360544  -0.0074768066406 
      0.08138322  -0.0051574707031 
     0.081405896  -0.0024108886719 
     0.081428571  6.103515625e-05 
     0.081451247  0.0015258789062 
     0.081473923  0.0028076171875 
     0.081496599  0.0022888183594 
     0.081519274  0.00079345703125 
      0.08154195  -0.0010681152344 
     0.081564626  -0.0042724609375 
     0.081587302  -0.0068969726562 
     0.081609977  -0.0089111328125 
     0.081632653  -0.010559082031 
     0.081655329  -0.010406494141 
     0.081678005  -0.009521484375 
      0.08170068  -0.0076599121094 
     0.081723356  -0.0047607421875 
     0.081746032  -0.002197265625 
     0.081768707  -0.00039672851562 
     0.081791383  0.0011596679688 
     0.081814059  0.0022583007812 
     0.081836735  0.0016784667969 
      0.08185941  0.00051879882812 
     0.081882086  -0.001708984375 
     0.081904762  -0.0046997070312 
     0.081927438  -0.0071105957031 
     0.081950113  -0.0090637207031 
     0.081972789  -0.0097961425781 
     0.081995465  -0.0098876953125 
     0.082018141  -0.0091552734375 
     0.082040816  -0.0070495605469 
     0.082063492  -0.0037841796875 
     0.082086168  -0.0008544921875 
     0.082108844  0.0011901855469 
     0.082131519   0.003173828125 
     0.082154195  0.0033874511719 
     0.082176871  0.0025634765625 
     0.082199546  0.0010375976562 
     0.082222222  -0.0021057128906 
     0.082244898    -0.0048828125 
     0.082267574  -0.0072631835938 
     0.082290249  -0.0088500976562 
     0.082312925  -0.0093078613281 
     0.082335601  -0.0091247558594 
     0.082358277  -0.007568359375 
     0.082380952  -0.0052490234375 
     0.082403628  -0.0022583007812 
     0.082426304  -6.103515625e-05 
      0.08244898  0.0014343261719 
     0.082471655  0.0024719238281 
     0.082494331  0.0017700195312 
     0.082517007  0.00076293945312 
     0.082539683  -0.0012817382812 
     0.082562358  -0.0039978027344 
     0.082585034  -0.0067138671875 
      0.08260771  -0.0093078613281 
     0.082630385  -0.011047363281 
     0.082653061  -0.011962890625 
     0.082675737  -0.010772705078 
     0.082698413  -0.0092163085938 
     0.082721088  -0.007080078125 
     0.082743764  -0.0037536621094 
      0.08276644  -0.0016174316406 
     0.082789116  -3.0517578125e-05 
     0.082811791  0.00079345703125 
     0.082834467  0.00064086914062 
     0.082857143  -0.00091552734375 
     0.082879819  -0.0033874511719 
     0.082902494  -0.0057983398438 
      0.08292517  -0.0082397460938 
     0.082947846  -0.010009765625 
     0.082970522  -0.010864257812 
     0.082993197  -0.011169433594 
     0.083015873  -0.010711669922 
     0.083038549  -0.0090637207031 
     0.083061224     -0.005859375 
       0.0830839    -0.0029296875 
     0.083106576  -0.001220703125 
     0.083129252  6.103515625e-05 
     0.083151927  0.00051879882812 
     0.083174603   -0.00048828125 
     0.083197279  -0.002685546875 
     0.083219955  -0.0054016113281 
      0.08324263  -0.008056640625 
     0.083265306  -0.010223388672 
     0.083287982  -0.011932373047 
     0.083310658  -0.013549804688 
     0.083333333  -0.013336181641 
     0.083356009  -0.011901855469 
     0.083378685  -0.0095520019531 
     0.083401361  -0.0066833496094 
     0.083424036  -0.0044555664062 
     0.083446712  -0.0020751953125 
     0.083469388  -0.00067138671875 
     0.083492063  0.00021362304688 
     0.083514739  -0.00051879882812 
     0.083537415  -0.0023193359375 
     0.083560091  -0.004638671875 
     0.083582766  -0.0078735351562 
     0.083605442  -0.010040283203 
     0.083628118  -0.011962890625 
     0.083650794  -0.012145996094 
     0.083673469  -0.011108398438 
     0.083696145  -0.0095825195312 
     0.083718821  -0.0064392089844 
     0.083741497  -0.0040283203125 
     0.083764172  -0.0018615722656 
     0.083786848  -0.00021362304688 
     0.083809524  0.00070190429688 
       0.0838322  0.00094604492188 
     0.083854875  -0.00064086914062 
     0.083877551   -0.00244140625 
     0.083900227  -0.0055236816406 
     0.083922902  -0.0083312988281 
     0.083945578  -0.0098876953125 
     0.083968254  -0.011322021484 
      0.08399093    -0.0107421875 
     0.084013605  -0.010162353516 
     0.084036281  -0.0087585449219 
     0.084058957  -0.0054931640625 
     0.084081633  -0.0026550292969 
     0.084104308  -9.1552734375e-05 
     0.084126984  0.0012817382812 
      0.08414966  0.0024719238281 
     0.084172336  0.0020751953125 
     0.084195011  0.00030517578125 
     0.084217687  -0.001708984375 
     0.084240363  -0.0052185058594 
     0.084263039  -0.0072937011719 
     0.084285714  -0.0090637207031 
      0.08430839  -0.0098571777344 
     0.084331066  -0.0088195800781 
     0.084353741   -0.00830078125 
     0.084376417  -0.0057373046875 
     0.084399093  -0.0026245117188 
     0.084421769  -0.00021362304688 
     0.084444444  0.0022888183594 
      0.08446712  0.0039367675781 
     0.084489796  0.0047912597656 
     0.084512472  0.0039672851562 
     0.084535147  0.0023193359375 
     0.084557823  -0.00021362304688 
     0.084580499  -0.0031127929688 
     0.084603175  -0.0050659179688 
      0.08462585  -0.0070495605469 
     0.084648526  -0.0077819824219 
     0.084671202  -0.0073547363281 
     0.084693878  -0.0060119628906 
     0.084716553  -0.0036010742188 
     0.084739229  -0.00076293945312 
     0.084761905  0.0017395019531 
      0.08478458  0.0025024414062 
     0.084807256  0.0036315917969 
     0.084829932  0.0037841796875 
     0.084852608  0.0022277832031 
     0.084875283  0.0006103515625 
     0.084897959  -0.0025329589844 
     0.084920635  -0.0053405761719 
     0.084943311   -0.00732421875 
     0.084965986  -0.0090637207031 
     0.084988662  -0.0095520019531 
     0.085011338  -0.0089111328125 
     0.085034014  -0.0070495605469 
     0.085056689  -0.0044555664062 
     0.085079365  -0.0013732910156 
     0.085102041  0.00082397460938 
     0.085124717  0.0028381347656 
     0.085147392       0.00390625 
     0.085170068  0.0034484863281 
     0.085192744  0.0021362304688 
      0.08521542  -0.0011901855469 
     0.085238095   -0.00439453125 
     0.085260771  -0.007568359375 
     0.085283447  -0.0098571777344 
     0.085306122  -0.010559082031 
     0.085328798  -0.010559082031 
     0.085351474  -0.0093994140625 
      0.08537415  -0.0077209472656 
     0.085396825  -0.0048217773438 
     0.085419501  -0.0025329589844 
     0.085442177  -0.0003662109375 
     0.085464853  0.0019226074219 
     0.085487528  0.0020751953125 
     0.085510204  0.0011291503906 
      0.08553288  -0.00057983398438 
     0.085555556  -0.0031127929688 
     0.085578231  -0.0057983398438 
     0.085600907  -0.008056640625 
     0.085623583  -0.0096130371094 
     0.085646259  -0.010467529297 
     0.085668934  -0.0096435546875 
      0.08569161  -0.0079040527344 
     0.085714286  -0.0054626464844 
     0.085736961  -0.0023498535156 
     0.085759637  -0.000244140625 
     0.085782313  0.0015869140625 
     0.085804989  0.0027160644531 
     0.085827664   0.002685546875 
      0.08585034  0.0018920898438 
     0.085873016  -0.000244140625 
     0.085895692  -0.0030822753906 
     0.085918367  -0.0062255859375 
     0.085941043  -0.0084838867188 
     0.085963719  -0.0096435546875 
     0.085986395  -0.010040283203 
      0.08600907  -0.0089416503906 
     0.086031746  -0.0075988769531 
     0.086054422  -0.0049743652344 
     0.086077098  -0.0019836425781 
     0.086099773   0.000244140625 
     0.086122449  0.0023803710938 
     0.086145125  0.0033569335938 
       0.0861678    0.00341796875 
     0.086190476  0.0021057128906 
     0.086213152  -6.103515625e-05 
     0.086235828  -0.0028991699219 
     0.086258503  -0.0061645507812 
     0.086281179  -0.0077514648438 
     0.086303855  -0.0087585449219 
     0.086326531    -0.0087890625 
     0.086349206  -0.0079650878906 
     0.086371882  -0.0062255859375 
     0.086394558  -0.0033874511719 
     0.086417234  -0.00094604492188 
     0.086439909  0.0012817382812 
     0.086462585   0.002685546875 
     0.086485261    0.00341796875 
     0.086507937     0.0029296875 
     0.086530612   0.001220703125 
     0.086553288  -0.0010375976562 
     0.086575964  -0.0044860839844 
     0.086598639  -0.0067749023438 
     0.086621315  -0.0083618164062 
     0.086643991  -0.0093078613281 
     0.086666667  -0.0083312988281 
     0.086689342  -0.0073852539062 
     0.086712018  -0.0047912597656 
     0.086734694  -0.0016174316406 
      0.08675737  0.00057983398438 
     0.086780045  0.0029602050781 
     0.086802721  0.0044860839844 
     0.086825397  0.0052185058594 
     0.086848073  0.0043640136719 
     0.086870748  0.0026550292969 
     0.086893424  9.1552734375e-05 
       0.0869161  -0.0033264160156 
     0.086938776  -0.0052795410156 
     0.086961451  -0.0070495605469 
     0.086984127  -0.0076293945312 
     0.087006803   -0.00732421875 
     0.087029478  -0.0061340332031 
     0.087052154  -0.0027770996094 
      0.08707483  0.00018310546875 
     0.087097506  0.0025329589844 
     0.087120181  0.0044860839844 
     0.087142857  0.0054016113281 
     0.087165533  0.0050659179688 
     0.087188209  0.0036315917969 
     0.087210884  0.0016174316406 
      0.08723356   -0.00146484375 
     0.087256236  -0.0044860839844 
     0.087278912  -0.006103515625 
     0.087301587  -0.0073547363281 
     0.087324263  -0.0072021484375 
     0.087346939  -0.0063781738281 
     0.087369615    -0.0048828125 
      0.08739229  -0.0021057128906 
     0.087414966  0.0003662109375 
     0.087437642  0.0029602050781 
     0.087460317  0.0046081542969 
     0.087482993    0.00537109375 
     0.087505669  0.0045776367188 
     0.087528345  0.0022277832031 
      0.08755102  3.0517578125e-05 
     0.087573696  -0.0033569335938 
     0.087596372  -0.0057678222656 
     0.087619048  -0.0077819824219 
     0.087641723  -0.0092163085938 
     0.087664399  -0.0088500976562 
     0.087687075  -0.0082702636719 
     0.087709751  -0.0055236816406 
     0.087732426  -0.0030822753906 
     0.087755102    -0.0009765625 
     0.087777778  0.00082397460938 
     0.087800454  0.0018920898438 
     0.087823129  0.0028686523438 
     0.087845805  0.0015869140625 
     0.087868481  0.00042724609375 
     0.087891156  -0.0022277832031 
     0.087913832  -0.0057067871094 
     0.087936508  -0.0077819824219 
     0.087959184  -0.0094604492188 
     0.087981859  -0.010009765625 
     0.088004535  -0.0096435546875 
     0.088027211  -0.0081176757812 
     0.088049887  -0.0056457519531 
     0.088072562  -0.0027770996094 
     0.088095238  -0.00033569335938 
     0.088117914  0.0011901855469 
      0.08814059  0.0031433105469 
     0.088163265  0.0031127929688 
     0.088185941  0.0016784667969 
     0.088208617  -6.103515625e-05 
     0.088231293  -0.0036315917969 
     0.088253968  -0.0062255859375 
     0.088276644  -0.0081787109375 
      0.08829932  -0.0098876953125 
     0.088321995  -0.010009765625 
     0.088344671  -0.0095520019531 
     0.088367347  -0.0077819824219 
     0.088390023    -0.0048828125 
     0.088412698  -0.0023193359375 
     0.088435374   -0.00048828125 
      0.08845805  0.0012817382812 
     0.088480726  0.0023803710938 
     0.088503401  0.0020446777344 
     0.088526077  0.00094604492188 
     0.088548753  -0.0017700195312 
     0.088571429  -0.005126953125 
     0.088594104  -0.0075988769531 
      0.08861678  -0.0093688964844 
     0.088639456  -0.010131835938 
     0.088662132  -0.010498046875 
     0.088684807  -0.009521484375 
     0.088707483  -0.0075378417969 
     0.088730159  -0.0045166015625 
     0.088752834  -0.001220703125 
      0.08877551  0.00082397460938 
     0.088798186    0.00244140625 
     0.088820862  0.0025939941406 
     0.088843537  0.0018920898438 
     0.088866213  0.0001220703125 
     0.088888889  -0.0023193359375 
     0.088911565  -0.0046691894531 
      0.08893424  -0.0072937011719 
     0.088956916  -0.0086364746094 
     0.088979592  -0.0099487304688 
     0.089002268  -0.0097351074219 
     0.089024943  -0.0079956054688 
     0.089047619  -0.0056457519531 
     0.089070295  -0.0025329589844 
     0.089092971  -0.00070190429688 
     0.089115646  0.00079345703125 
     0.089138322  0.0021667480469 
     0.089160998  0.0022888183594 
     0.089183673  0.0014343261719 
     0.089206349  -0.00033569335938 
     0.089229025  -0.0034484863281 
     0.089251701    -0.0068359375 
     0.089274376  -0.0088500976562 
     0.089297052  -0.010589599609 
     0.089319728  -0.011383056641 
     0.089342404  -0.010467529297 
     0.089365079  -0.0093078613281 
     0.089387755  -0.0068664550781 
     0.089410431  -0.0039672851562 
     0.089433107  -0.0019836425781 
     0.089455782  0.00033569335938 
     0.089478458  0.0018615722656 
     0.089501134  0.0015869140625 
      0.08952381  0.00015258789062 
     0.089546485  -0.0017395019531 
     0.089569161  -0.0044860839844 
     0.089591837  -0.007080078125 
     0.089614512  -0.0083618164062 
     0.089637188  -0.009521484375 
     0.089659864  -0.0096130371094 
      0.08968254  -0.0086975097656 
     0.089705215  -0.0068969726562 
     0.089727891  -0.0040893554688 
     0.089750567  -0.0010681152344 
     0.089773243  0.0015258789062 
     0.089795918   0.003173828125 
     0.089818594  0.0039367675781 
      0.08984127   0.003173828125 
     0.089863946  0.0015563964844 
     0.089886621  -0.00054931640625 
     0.089909297  -0.0039672851562 
     0.089931973  -0.0069274902344 
     0.089954649  -0.0091247558594 
     0.089977324  -0.010192871094 
            0.09  -0.0095825195312 
     0.090022676  -0.0084228515625 
     0.090045351  -0.0060729980469 
     0.090068027  -0.0032043457031 
     0.090090703  -0.00042724609375 
     0.090113379  0.0017700195312 
     0.090136054   0.003173828125 
      0.09015873  0.0039367675781 
     0.090181406  0.0032043457031 
     0.090204082  0.0016174316406 
     0.090226757  -0.0012512207031 
     0.090249433  -0.0041198730469 
     0.090272109  -0.0058288574219 
     0.090294785  -0.0074768066406 
      0.09031746  -0.0079345703125 
     0.090340136  -0.0072326660156 
     0.090362812  -0.0058288574219 
     0.090385488  -0.0034790039062 
     0.090408163  -0.00076293945312 
     0.090430839  0.0015258789062 
     0.090453515  0.0032348632812 
      0.09047619  0.0046081542969 
     0.090498866  0.0046081542969 
     0.090521542  0.0034484863281 
     0.090544218  0.0011901855469 
     0.090566893  -0.0022888183594 
     0.090589569  -0.0053100585938 
     0.090612245  -0.0076904296875 
     0.090634921  -0.0089111328125 
     0.090657596  -0.0085754394531 
     0.090680272  -0.0075988769531 
     0.090702948  -0.0056762695312 
     0.090725624  -0.0028991699219 
     0.090748299   0.000244140625 
     0.090770975  0.0026245117188 
     0.090793651  0.0043029785156 
     0.090816327  0.0056762695312 
     0.090839002  0.0052795410156 
     0.090861678  0.0036926269531 
     0.090884354    0.00146484375 
     0.090907029  -0.001708984375 
     0.090929705  -0.0043334960938 
     0.090952381  -0.006103515625 
     0.090975057  -0.0074462890625 
     0.090997732  -0.0072937011719 
     0.091020408  -0.0062561035156 
     0.091043084  -0.0044860839844 
      0.09106576  -0.0018920898438 
     0.091088435  0.00057983398438 
     0.091111111  0.0023803710938 
     0.091133787    0.00341796875 
     0.091156463  0.0037231445312 
     0.091179138  0.0027465820312 
     0.091201814   0.000732421875 
      0.09122449  -0.0020446777344 
     0.091247166  -0.0048217773438 
     0.091269841  -0.0073547363281 
     0.091292517   -0.00927734375 
     0.091315193  -0.0098876953125 
     0.091337868  -0.0097351074219 
     0.091360544  -0.0084838867188 
      0.09138322  -0.0060119628906 
     0.091405896  -0.0034790039062 
     0.091428571  -0.0010070800781 
     0.091451247  0.0010986328125 
     0.091473923  0.0027160644531 
     0.091496599  0.0025329589844 
     0.091519274  0.0012817382812 
      0.09154195  -0.00079345703125 
     0.091564626  -0.0042114257812 
     0.091587302  -0.0069580078125 
     0.091609977  -0.0094299316406 
     0.091632653  -0.010803222656 
     0.091655329  -0.010864257812 
     0.091678005  -0.010070800781 
      0.09170068  -0.0078735351562 
     0.091723356  -0.0054931640625 
     0.091746032  -0.002685546875 
     0.091768707  -0.00057983398438 
     0.091791383  0.0013732910156 
     0.091814059  0.0026550292969 
     0.091836735  0.0024719238281 
      0.09185941  0.0015869140625 
     0.091882086  -0.0011596679688 
     0.091904762  -0.0038146972656 
     0.091927438   -0.00634765625 
     0.091950113  -0.0082397460938 
     0.091972789  -0.0084838867188 
     0.091995465  -0.009033203125 
     0.092018141  -0.008056640625 
     0.092040816  -0.0060424804688 
     0.092063492  -0.0030212402344 
     0.092086168  -0.00018310546875 
     0.092108844  0.0014038085938 
     0.092131519  0.0035705566406 
     0.092154195  0.0037231445312 
     0.092176871  0.0032043457031 
     0.092199546  0.0018310546875 
     0.092222222  -0.0013122558594 
     0.092244898  -0.003662109375 
     0.092267574  -0.0059814453125 
     0.092290249  -0.0076293945312 
     0.092312925  -0.0086669921875 
     0.092335601  -0.008544921875 
     0.092358277  -0.0074462890625 
     0.092380952  -0.0055847167969 
     0.092403628  -0.0020141601562 
     0.092426304   0.000244140625 
      0.09244898  0.0025024414062 
     0.092471655  0.0038757324219 
     0.092494331  0.0034790039062 
     0.092517007  0.0028686523438 
     0.092539683  0.0003662109375 
     0.092562358  -0.0022888183594 
     0.092585034   -0.00537109375 
      0.09260771  -0.0078430175781 
     0.092630385    -0.0087890625 
     0.092653061  -0.0097351074219 
     0.092675737  -0.0089111328125 
     0.092698413  -0.0074462890625 
     0.092721088  -0.0047607421875 
     0.092743764  -0.0016479492188 
      0.09276644  0.0003662109375 
     0.092789116  0.0023803710938 
     0.092811791  0.0031433105469 
     0.092834467  0.0034484863281 
     0.092857143  0.0022583007812 
     0.092879819  9.1552734375e-05 
     0.092902494  -0.0026245117188 
      0.09292517  -0.0055236816406 
     0.092947846  -0.0075378417969 
     0.092970522   -0.00927734375 
     0.092993197  -0.0090026855469 
     0.093015873  -0.008544921875 
     0.093038549  -0.007568359375 
     0.093061224  -0.0050048828125 
       0.0930839  -0.0027465820312 
     0.093106576  -0.00051879882812 
     0.093129252  0.00067138671875 
     0.093151927  0.0013122558594 
     0.093174603  0.00082397460938 
     0.093197279  -0.00057983398438 
     0.093219955  -0.0029602050781 
      0.09324263  -0.0065307617188 
     0.093265306  -0.0086059570312 
     0.093287982  -0.010711669922 
     0.093310658  -0.011932373047 
     0.093333333  -0.011169433594 
     0.093356009  -0.010101318359 
     0.093378685  -0.0075073242188 
     0.093401361  -0.0045776367188 
     0.093424036  -0.0016784667969 
     0.093446712  0.00088500976562 
     0.093469388  0.0026245117188 
     0.093492063  0.0032043457031 
     0.093514739  0.0023498535156 
     0.093537415  0.00051879882812 
     0.093560091  -0.0025634765625 
     0.093582766  -0.0052185058594 
     0.093605442  -0.0077514648438 
     0.093628118  -0.010131835938 
     0.093650794    -0.0107421875 
     0.093673469  -0.010711669922 
     0.093696145  -0.0095520019531 
     0.093718821  -0.0068969726562 
     0.093741497  -0.0038146972656 
     0.093764172  -0.0015869140625 
     0.093786848  -9.1552734375e-05 
     0.093809524  0.0016784667969 
       0.0938322  0.0017700195312 
     0.093854875  0.00067138671875 
     0.093877551  -0.00079345703125 
     0.093900227  -0.0038146972656 
     0.093922902  -0.0062255859375 
     0.093945578  -0.0080261230469 
     0.093968254  -0.0088195800781 
      0.09399093  -0.0088806152344 
     0.094013605  -0.0081787109375 
     0.094036281  -0.0052185058594 
     0.094058957  -0.0020141601562 
     0.094081633  0.0015869140625 
     0.094104308  0.0039978027344 
     0.094126984  0.0054321289062 
      0.09414966  0.0062255859375 
     0.094172336  0.0054016113281 
     0.094195011    0.00439453125 
     0.094217687  0.0016174316406 
     0.094240363  -0.0021057128906 
     0.094263039  -0.004638671875 
     0.094285714  -0.0064392089844 
      0.09430839  -0.0074157714844 
     0.094331066  -0.0074462890625 
     0.094353741  -0.0064392089844 
     0.094376417  -0.0049133300781 
     0.094399093  -0.0021362304688 
     0.094421769  0.00094604492188 
     0.094444444  0.0026245117188 
      0.09446712  0.0039672851562 
     0.094489796  0.0043640136719 
     0.094512472  0.0038757324219 
     0.094535147    0.00244140625 
     0.094557823  -0.00018310546875 
     0.094580499  -0.0028076171875 
     0.094603175  -0.0050964355469 
      0.09462585   -0.00634765625 
     0.094648526  -0.0069274902344 
     0.094671202  -0.0066223144531 
     0.094693878  -0.0053405761719 
     0.094716553  -0.0032043457031 
     0.094739229  0.00015258789062 
     0.094761905  0.0021667480469 
      0.09478458  0.0037841796875 
     0.094807256  0.0052490234375 
     0.094829932  0.0048522949219 
     0.094852608  0.0044250488281 
     0.094875283    0.00244140625 
     0.094897959  -0.0008544921875 
     0.094920635  -0.0032653808594 
     0.094943311  -0.0055541992188 
     0.094965986  -0.0073547363281 
     0.094988662       -0.0078125 
     0.095011338  -0.0071716308594 
     0.095034014  -0.0060729980469 
     0.095056689  -0.0033569335938 
     0.095079365  -0.00045776367188 
     0.095102041  0.0014343261719 
     0.095124717  0.0035400390625 
     0.095147392  0.0038757324219 
     0.095170068   0.003662109375 
     0.095192744  0.0026550292969 
      0.09521542  9.1552734375e-05 
     0.095238095  -0.0024719238281 
     0.095260771  -0.0054626464844 
     0.095283447  -0.007568359375 
     0.095306122  -0.0091552734375 
     0.095328798  -0.0093994140625 
     0.095351474  -0.0083618164062 
      0.09537415  -0.0066528320312 
     0.095396825  -0.003173828125 
     0.095419501   -0.00048828125 
     0.095442177    0.00146484375 
     0.095464853  0.0032958984375 
     0.095487528  0.0040283203125 
     0.095510204  0.0038757324219 
      0.09553288  0.0023193359375 
     0.095555556  9.1552734375e-05 
     0.095578231  -0.0025329589844 
     0.095600907  -0.0049133300781 
     0.095623583  -0.0067749023438 
     0.095646259  -0.0081481933594 
     0.095668934  -0.0072937011719 
      0.09569161  -0.0062866210938 
     0.095714286  -0.0041809082031 
     0.095736961  -0.000732421875 
     0.095759637  0.0011291503906 
     0.095782313  0.0034484863281 
     0.095804989  0.0048522949219 
     0.095827664  0.0049133300781 
      0.09585034  0.0041809082031 
     0.095873016  0.0018310546875 
     0.095895692  -0.000732421875 
     0.095918367  -0.0042419433594 
     0.095941043  -0.0065002441406 
     0.095963719  -0.0082092285156 
     0.095986395  -0.0089416503906 
      0.09600907  -0.0077514648438 
     0.096031746  -0.0069580078125 
     0.096054422  -0.0044250488281 
     0.096077098  -0.0016784667969 
     0.096099773  0.00051879882812 
     0.096122449  0.0025939941406 
     0.096145125  0.0035705566406 
       0.0961678  0.0036926269531 
     0.096190476  0.0023193359375 
     0.096213152                0 
     0.096235828  -0.0028381347656 
     0.096258503  -0.0057067871094 
     0.096281179  -0.0079040527344 
     0.096303855  -0.0093383789062 
     0.096326531  -0.0084838867188 
     0.096349206  -0.0072021484375 
     0.096371882  -0.0055236816406 
     0.096394558  -0.0026245117188 
     0.096417234  -0.00054931640625 
     0.096439909  0.0016174316406 
     0.096462585   0.003662109375 
     0.096485261  0.0049133300781 
     0.096507937  0.0051574707031 
     0.096530612  0.0040588378906 
     0.096553288  0.0018920898438 
     0.096575964  -0.0012512207031 
     0.096598639  -0.0033569335938 
     0.096621315  -0.0051574707031 
     0.096643991  -0.0060729980469 
     0.096666667  -0.0061340332031 
     0.096689342   -0.00537109375 
     0.096712018  -0.0030212402344 
     0.096734694  -3.0517578125e-05 
      0.09675737  0.0029907226562 
     0.096780045  0.0050354003906 
     0.096802721     0.0068359375 
     0.096825397  0.0071716308594 
     0.096848073  0.0063171386719 
     0.096870748  0.0050659179688 
     0.096893424  0.0018310546875 
       0.0969161  -0.00094604492188 
     0.096938776  -0.0030212402344 
     0.096961451  -0.0051879882812 
     0.096984127  -0.0056457519531 
     0.097006803  -0.005126953125 
     0.097029478  -0.0033874511719 
     0.097052154  -0.000732421875 
      0.09707483   0.002197265625 
     0.097097506  0.0047912597656 
     0.097120181  0.0067443847656 
     0.097142857  0.0080871582031 
     0.097165533  0.0079650878906 
     0.097188209  0.0075378417969 
     0.097210884  0.0058288574219 
      0.09723356  0.0028991699219 
     0.097256236  0.00067138671875 
     0.097278912  -0.0016174316406 
     0.097301587  -0.0027160644531 
     0.097324263  -0.002685546875 
     0.097346939  -0.0018005371094 
     0.097369615  0.00018310546875 
      0.09739229  0.0026245117188 
     0.097414966  0.0055847167969 
     0.097437642  0.0075378417969 
     0.097460317  0.0098266601562 
     0.097482993   0.010925292969 
     0.097505669   0.010131835938 
     0.097528345  0.0093994140625 
      0.09755102  0.0068969726562 
     0.097573696       0.00390625 
     0.097596372  0.0011901855469 
     0.097619048  -0.0013122558594 
     0.097641723  -0.0028991699219 
     0.097664399  -0.0028381347656 
     0.097687075  -0.0018920898438 
     0.097709751  -0.00030517578125 
     0.097732426  0.0029602050781 
     0.097755102  0.0054321289062 
     0.097777778    0.00732421875 
     0.097800454  0.0094299316406 
     0.097823129  0.0098571777344 
     0.097845805  0.0099182128906 
     0.097868481  0.0085144042969 
     0.097891156  0.0056457519531 
     0.097913832     0.0029296875 
     0.097936508  0.00027465820312 
     0.097959184   -0.00146484375 
     0.097981859  -0.0021667480469 
     0.098004535  -0.0013122558594 
     0.098027211  -0.0001220703125 
     0.098049887  0.0023498535156 
     0.098072562  0.0056762695312 
     0.098095238  0.0074157714844 
     0.098117914  0.0096130371094 
      0.09814059   0.010986328125 
     0.098163265   0.010620117188 
     0.098185941  0.0096740722656 
     0.098208617    0.00732421875 
     0.098231293  0.0046081542969 
     0.098253968  0.0016174316406 
     0.098276644  -0.00067138671875 
      0.09829932   -0.00244140625 
     0.098321995  -0.0032958984375 
     0.098344671  -0.0021362304688 
     0.098367347  -0.00094604492188 
     0.098390023  0.0017700195312 
     0.098412698  0.0047912597656 
     0.098435374  0.0067443847656 
      0.09845805  0.0089111328125 
     0.098480726  0.0094909667969 
     0.098503401  0.0093383789062 
     0.098526077  0.0084533691406 
     0.098548753  0.0062255859375 
     0.098571429  0.0032653808594 
     0.098594104  0.00042724609375 
      0.09861678  -0.0018005371094 
     0.098639456  -0.0032958984375 
     0.098662132  -0.0029602050781 
     0.098684807  -0.0024719238281 
     0.098707483  -0.0011291503906 
     0.098730159  0.0017700195312 
     0.098752834  0.0039672851562 
      0.09877551  0.0063171386719 
     0.098798186  0.0082092285156 
     0.098820862  0.0086059570312 
     0.098843537  0.0084228515625 
     0.098866213  0.0068969726562 
     0.098888889  0.0042114257812 
     0.098911565  0.0013427734375 
      0.09893424  -0.0011596679688 
     0.098956916  -0.0028991699219 
     0.098979592  -0.003662109375 
     0.099002268  -0.0029602050781 
     0.099024943  -0.0018920898438 
     0.099047619  0.0003662109375 
     0.099070295  0.0034790039062 
     0.099092971  0.0055541992188 
     0.099115646  0.0074462890625 
     0.099138322   0.008544921875 
     0.099160998  0.0090026855469 
     0.099183673  0.0083618164062 
     0.099206349  0.0063171386719 
     0.099229025   0.003173828125 
     0.099251701  -0.0001220703125 
     0.099274376  -0.0024108886719 
     0.099297052  -0.0043029785156 
     0.099319728  -0.0050659179688 
     0.099342404  -0.0048217773438 
     0.099365079  -0.0037231445312 
     0.099387755  -0.0012817382812 
     0.099410431  0.0010681152344 
     0.099433107  0.0028381347656 
     0.099455782  0.0047607421875 
     0.099478458  0.0062561035156 
     0.099501134  0.0060424804688 
      0.09952381  0.0054321289062 
     0.099546485  0.0037536621094 
     0.099569161  0.00021362304688 
     0.099591837  -0.0020141601562 
     0.099614512   -0.00439453125 
     0.099637188  -0.0062866210938 
     0.099659864  -0.0060119628906 
      0.09968254  -0.0057373046875 
     0.099705215  -0.0038452148438 
     0.099727891  -0.0012817382812 
     0.099750567  0.0010681152344 
     0.099773243  0.0036010742188 
     0.099795918  0.0054626464844 
     0.099818594  0.0065612792969 
      0.09984127  0.0056762695312 
     0.099863946  0.0038757324219 
     0.099886621  0.0014038085938 
     0.099909297  -0.0016174316406 
     0.099931973  -0.0035400390625 
     0.099954649  -0.0060424804688 
     0.099977324  -0.0074768066406 
             0.1  -0.0068664550781 
      0.10002268  -0.0060119628906 
      0.10004535  -0.0037536621094 
      0.10006803  -0.00091552734375 
       0.1000907   0.001708984375 
      0.10011338       0.00390625 
      0.10013605  0.0055541992188 
      0.10015873  0.0059204101562 
      0.10018141  0.0054016113281 
      0.10020408  0.0045166015625 
      0.10022676  0.0013427734375 
      0.10024943  -0.0018310546875 
      0.10027211  -0.0043334960938 
      0.10029478  -0.0066528320312 
      0.10031746  -0.0068664550781 
      0.10034014  -0.0065612792969 
      0.10036281  -0.0056762695312 
      0.10038549  -0.0032348632812 
      0.10040816  -0.00057983398438 
      0.10043084    0.00146484375 
      0.10045351  0.0034484863281 
      0.10047619  0.0048522949219 
      0.10049887    0.00439453125 
      0.10052154  0.0032348632812 
      0.10054422  0.0010681152344 
      0.10056689  -0.0020141601562 
      0.10058957  -0.0045471191406 
      0.10061224  -0.0068054199219 
      0.10063492  -0.0082702636719 
       0.1006576  -0.0085144042969 
      0.10068027  -0.0077819824219 
      0.10070295  -0.0063781738281 
      0.10072562  -0.003662109375 
       0.1007483  -0.000732421875 
      0.10077098  0.0014343261719 
      0.10079365   0.003662109375 
      0.10081633   0.004150390625 
        0.100839  0.0035705566406 
      0.10086168  0.0025939941406 
      0.10088435  0.00027465820312 
      0.10090703  -0.0022277832031 
      0.10092971  -0.0045166015625 
      0.10095238  -0.0065002441406 
      0.10097506  -0.0077819824219 
      0.10099773  -0.0077819824219 
      0.10102041  -0.0071716308594 
      0.10104308  -0.0056762695312 
      0.10106576  -0.0027160644531 
      0.10108844  -6.103515625e-05 
      0.10111111  0.0018920898438 
      0.10113379  0.0036010742188 
      0.10115646  0.0037536621094 
      0.10117914   0.003173828125 
      0.10120181  0.0019226074219 
      0.10122449  -0.00088500976562 
      0.10124717  -0.0035400390625 
      0.10126984  -0.0058288574219 
      0.10129252  -0.0075378417969 
      0.10131519  -0.0086364746094 
      0.10133787  -0.0086364746094 
      0.10136054  -0.0076904296875 
      0.10138322  -0.0052185058594 
       0.1014059  -0.0022888183594 
      0.10142857  -0.00015258789062 
      0.10145125    0.00244140625 
      0.10147392  0.0038757324219 
       0.1014966  0.0042114257812 
      0.10151927  0.0040283203125 
      0.10154195  0.0022888183594 
      0.10156463  -0.00039672851562 
       0.1015873  -0.0032653808594 
      0.10160998   -0.00537109375 
      0.10163265  -0.0073547363281 
      0.10165533  -0.0075378417969 
        0.101678  -0.0067443847656 
      0.10170068  -0.0057678222656 
      0.10172336  -0.002685546875 
      0.10174603  -9.1552734375e-05 
      0.10176871  0.0023498535156 
      0.10179138  0.0047607421875 
      0.10181406  0.0053405761719 
      0.10183673  0.0054626464844 
      0.10185941  0.0043640136719 
      0.10188209  0.0024719238281 
      0.10190476  -0.00027465820312 
      0.10192744  -0.0031433105469 
      0.10195011  -0.0046997070312 
      0.10197279  -0.0066223144531 
      0.10199546  -0.0064086914062 
      0.10201814  -0.0054321289062 
      0.10204082  -0.0040283203125 
      0.10206349  -0.0006103515625 
      0.10208617  0.0021667480469 
      0.10210884  0.0047912597656 
      0.10213152    0.00634765625 
       0.1021542  0.0072631835938 
      0.10217687  0.0067138671875 
      0.10219955  0.0045471191406 
      0.10222222  0.0025329589844 
       0.1022449  -0.00067138671875 
      0.10226757    -0.0029296875 
      0.10229025  -0.0047912597656 
      0.10231293  -0.0057983398438 
       0.1023356  -0.0051879882812 
      0.10235828  -0.0043640136719 
      0.10238095  -0.0020751953125 
      0.10240363  0.00030517578125 
       0.1024263  0.0030212402344 
      0.10244898  0.0051574707031 
      0.10247166  0.0063781738281 
      0.10249433  0.0069580078125 
      0.10251701  0.0059814453125 
      0.10253968  0.0050354003906 
      0.10256236  0.0026550292969 
      0.10258503  3.0517578125e-05 
      0.10260771  -0.0013427734375 
      0.10263039  -0.0031433105469 
      0.10265306  -0.0032958984375 
      0.10267574  -0.0028381347656 
      0.10269841  -0.0015258789062 
      0.10272109  0.0011291503906 
      0.10274376  0.0037231445312 
      0.10276644  0.0062561035156 
      0.10278912  0.0081481933594 
      0.10281179  0.0095825195312 
      0.10283447  0.0097045898438 
      0.10285714  0.0089111328125 
      0.10287982  0.0072326660156 
      0.10290249  0.0040588378906 
      0.10292517  0.0015563964844 
      0.10294785  -0.00076293945312 
      0.10297052  -0.0024108886719 
       0.1029932  -0.0028686523438 
      0.10301587  -0.0026550292969 
      0.10303855  -0.0014038085938 
      0.10306122  0.00088500976562 
       0.1030839  0.0035705566406 
      0.10310658  0.0053100585938 
      0.10312925  0.0072021484375 
      0.10315193  0.0083618164062 
       0.1031746        0.0078125 
      0.10319728  0.0065002441406 
      0.10321995  0.0038146972656 
      0.10324263  0.0010681152344 
      0.10326531  -0.0014953613281 
      0.10328798      -0.00390625 
      0.10331066  -0.0051879882812 
      0.10333333  -0.0051879882812 
      0.10335601  -0.0042724609375 
      0.10337868  -0.0027465820312 
      0.10340136  0.0003662109375 
      0.10342404  0.0031127929688 
      0.10344671  0.0050659179688 
      0.10346939  0.0076599121094 
      0.10349206  0.0081481933594 
      0.10351474  0.0077209472656 
      0.10353741  0.0065307617188 
      0.10356009  0.0034790039062 
      0.10358277  0.0012512207031 
      0.10360544  -0.0015258789062 
      0.10362812    -0.0029296875 
      0.10365079  -0.0031433105469 
      0.10367347  -0.0030212402344 
      0.10369615  -0.0010681152344 
      0.10371882  0.00091552734375 
       0.1037415  0.0040893554688 
      0.10376417  0.0059814453125 
      0.10378685  0.0077819824219 
      0.10380952   0.010162353516 
       0.1038322  0.0097351074219 
      0.10385488  0.0096740722656 
      0.10387755  0.0079345703125 
      0.10390023  0.0047607421875 
       0.1039229      0.001953125 
      0.10394558    -0.0009765625 
      0.10396825  -0.0022888183594 
      0.10399093  -0.0027770996094 
      0.10401361     -0.001953125 
      0.10403628  -0.000244140625 
      0.10405896  0.0023498535156 
      0.10408163  0.0052490234375 
      0.10410431  0.0068054199219 
      0.10412698  0.0090637207031 
      0.10414966  0.0098571777344 
      0.10417234  0.0093688964844 
      0.10419501  0.0086364746094 
      0.10421769  0.0062866210938 
      0.10424036  0.0035705566406 
      0.10426304     0.0009765625 
      0.10428571  -0.00082397460938 
      0.10430839  -0.0023498535156 
      0.10433107  -0.0027770996094 
      0.10435374  -0.0019226074219 
      0.10437642  -0.0003662109375 
      0.10439909   0.002685546875 
      0.10442177  0.0048217773438 
      0.10444444  0.0068664550781 
      0.10446712  0.0087585449219 
       0.1044898   0.009033203125 
      0.10451247    0.00927734375 
      0.10453515  0.0075073242188 
      0.10455782  0.0048217773438 
       0.1045805  0.0023498535156 
      0.10460317  -0.0001220703125 
      0.10462585  -0.0015258789062 
      0.10464853  -0.0025939941406 
       0.1046712  -0.0021667480469 
      0.10469388  -0.0012817382812 
      0.10471655  0.00088500976562 
      0.10473923  0.0042114257812 
       0.1047619  0.0063781738281 
      0.10478458  0.0086364746094 
      0.10480726  0.0097961425781 
      0.10482993    0.01025390625 
      0.10485261  0.0098571777344 
      0.10487528  0.0082397460938 
      0.10489796  0.0059204101562 
      0.10492063  0.0028991699219 
      0.10494331  0.0006103515625 
      0.10496599  -0.0014343261719 
      0.10498866  -0.0021362304688 
      0.10501134  -0.0020446777344 
      0.10503401  -0.0011901855469 
      0.10505669  0.0014953613281 
      0.10507937  0.0040893554688 
      0.10510204  0.0061950683594 
      0.10512472  0.0081481933594 
      0.10514739  0.0092468261719 
      0.10517007     0.0087890625 
      0.10519274  0.0077819824219 
      0.10521542   0.006103515625 
       0.1052381  0.0030822753906 
      0.10526077  0.0006103515625 
      0.10528345  -0.0018005371094 
      0.10530612  -0.0036926269531 
       0.1053288  -0.0038452148438 
      0.10535147  -0.0037536621094 
      0.10537415  -0.002197265625 
      0.10539683  0.00067138671875 
       0.1054195  0.0034484863281 
      0.10544218  0.0059204101562 
      0.10546485  0.0074157714844 
      0.10548753  0.0080261230469 
       0.1055102  0.0074462890625 
      0.10553288  0.0061950683594 
      0.10555556  0.0036315917969 
      0.10557823  0.00051879882812 
      0.10560091  -0.0018920898438 
      0.10562358  -0.0042114257812 
      0.10564626  -0.0051574707031 
      0.10566893  -0.0049743652344 
      0.10569161  -0.0044555664062 
      0.10571429  -0.0018920898438 
      0.10573696  0.0010986328125 
      0.10575964  0.0030517578125 
      0.10578231  0.0049133300781 
      0.10580499   0.006591796875 
      0.10582766  0.0072326660156 
      0.10585034  0.0067749023438 
      0.10587302  0.0050964355469 
      0.10589569  0.0020446777344 
      0.10591837  -0.00079345703125 
      0.10594104  -0.0030822753906 
      0.10596372  -0.0047912597656 
      0.10598639  -0.0054016113281 
      0.10600907  -0.0053100585938 
      0.10603175  -0.0040893554688 
      0.10605442  -0.0021667480469 
       0.1060771  0.0003662109375 
      0.10609977  0.0025024414062 
      0.10612245  0.0039367675781 
      0.10614512    0.00537109375 
       0.1061678  0.0053100585938 
      0.10619048  0.0047607421875 
      0.10621315  0.0030517578125 
      0.10623583  0.0001220703125 
       0.1062585  -0.002197265625 
      0.10628118  -0.0044555664062 
      0.10630385  -0.005615234375 
      0.10632653  -0.0060729980469 
      0.10634921  -0.0056457519531 
      0.10637188  -0.0041198730469 
      0.10639456  -0.0020141601562 
      0.10641723  0.0010070800781 
      0.10643991  0.0036010742188 
      0.10646259  0.0056762695312 
      0.10648526  0.0066833496094 
      0.10650794  0.0066223144531 
      0.10653061  0.0059814453125 
      0.10655329  0.0037231445312 
      0.10657596  0.00051879882812 
      0.10659864  -0.002197265625 
      0.10662132  -0.0044555664062 
      0.10664399  -0.005615234375 
      0.10666667  -0.0057678222656 
      0.10668934  -0.0054321289062 
      0.10671202      -0.00390625 
      0.10673469  -0.0014953613281 
      0.10675737  0.0011291503906 
      0.10678005  0.0033264160156 
      0.10680272  0.0053100585938 
       0.1068254   0.006103515625 
      0.10684807  0.0053100585938 
      0.10687075       0.00390625 
      0.10689342  0.0010681152344 
       0.1069161  -0.0016784667969 
      0.10693878  -0.0038146972656 
      0.10696145  -0.0057678222656 
      0.10698413  -0.0062561035156 
       0.1070068  -0.0058898925781 
      0.10702948  -0.0047607421875 
      0.10705215  -0.0024108886719 
      0.10707483  0.00076293945312 
      0.10709751  0.0029907226562 
      0.10712018  0.0050354003906 
      0.10714286  0.0067749023438 
      0.10716553  0.0067749023438 
      0.10718821  0.0061950683594 
      0.10721088  0.0044555664062 
      0.10723356  0.0018005371094 
      0.10725624  -0.000732421875 
      0.10727891  -0.0032348632812 
      0.10730159  -0.005126953125 
      0.10732426     -0.005859375 
      0.10734694  -0.0054931640625 
      0.10736961  -0.0043640136719 
      0.10739229  -0.0018615722656 
      0.10741497  0.0010070800781 
      0.10743764  0.0028686523438 
      0.10746032  0.0050354003906 
      0.10748299  0.0061950683594 
      0.10750567  0.0059814453125 
      0.10752834  0.0054321289062 
      0.10755102  0.0030517578125 
       0.1075737  0.00054931640625 
      0.10759637  -0.0015258789062 
      0.10761905  -0.0036926269531 
      0.10764172  -0.005126953125 
       0.1076644  -0.0051879882812 
      0.10768707  -0.0044555664062 
      0.10770975  -0.0030517578125 
      0.10773243  0.00021362304688 
       0.1077551  0.0026245117188 
      0.10777778  0.0049133300781 
      0.10780045  0.0067749023438 
      0.10782313  0.0069580078125 
       0.1078458  0.0067138671875 
      0.10786848  0.0048522949219 
      0.10789116  0.0025939941406 
      0.10791383  -0.00021362304688 
      0.10793651  -0.0030212402344 
      0.10795918  -0.0053405761719 
      0.10798186  -0.0067443847656 
      0.10800454  -0.0061340332031 
      0.10802721  -0.0057067871094 
      0.10804989  -0.0036010742188 
      0.10807256  -0.00088500976562 
      0.10809524  0.00079345703125 
      0.10811791  0.0029602050781 
      0.10814059   0.004150390625 
      0.10816327  0.0050964355469 
      0.10818594  0.0046997070312 
      0.10820862  0.0030517578125 
      0.10823129  0.0010681152344 
      0.10825397  -0.0020751953125 
      0.10827664  -0.0039672851562 
      0.10829932  -0.0057373046875 
        0.108322  -0.0064086914062 
      0.10834467  -0.0062561035156 
      0.10836735  -0.0057373046875 
      0.10839002  -0.0028686523438 
       0.1084127  -0.00051879882812 
      0.10843537  0.0021057128906 
      0.10845805  0.0038757324219 
      0.10848073  0.0045166015625 
       0.1085034  0.0050659179688 
      0.10852608   0.003662109375 
      0.10854875  0.0017700195312 
      0.10857143  -0.00088500976562 
       0.1085941  -0.0035095214844 
      0.10861678  -0.0059509277344 
      0.10863946  -0.0078430175781 
      0.10866213  -0.0076599121094 
      0.10868481  -0.0076904296875 
      0.10870748  -0.0063171386719 
      0.10873016  -0.0036010742188 
      0.10875283  -0.0014038085938 
      0.10877551  0.0010986328125 
      0.10879819  0.0032653808594 
      0.10882086  0.0042419433594 
      0.10884354  0.0036010742188 
      0.10886621  0.0028991699219 
      0.10888889  0.00094604492188 
      0.10891156  -0.0018310546875 
      0.10893424  -0.0040283203125 
      0.10895692    -0.0068359375 
      0.10897959  -0.0081176757812 
      0.10900227  -0.0081176757812 
      0.10902494  -0.0074768066406 
      0.10904762  -0.0054321289062 
      0.10907029  -0.0033264160156 
      0.10909297  -0.000732421875 
      0.10911565  0.0018615722656 
      0.10913832  0.0034790039062 
        0.109161  0.0037231445312 
      0.10918367  0.0035400390625 
      0.10920635  0.0027160644531 
      0.10922902  -0.00015258789062 
       0.1092517  -0.0026550292969 
      0.10927438  -0.0050354003906 
      0.10929705  -0.0071716308594 
      0.10931973  -0.0080871582031 
       0.1093424  -0.0082702636719 
      0.10936508  -0.0070190429688 
      0.10938776  -0.0045471191406 
      0.10941043  -0.0014953613281 
      0.10943311  0.00082397460938 
      0.10945578  0.0032348632812 
      0.10947846  0.0051879882812 
      0.10950113  0.0052185058594 
      0.10952381  0.0047302246094 
      0.10954649  0.0024108886719 
      0.10956916  -0.00015258789062 
      0.10959184  -0.0022277832031 
      0.10961451  -0.0050354003906 
      0.10963719  -0.0063781738281 
      0.10965986  -0.0068969726562 
      0.10968254  -0.0061645507812 
      0.10970522  -0.0043640136719 
      0.10972789  -0.0016479492188 
      0.10975057   0.001220703125 
      0.10977324   0.002685546875 
      0.10979592  0.0050048828125 
      0.10981859  0.0057373046875 
      0.10984127  0.0052795410156 
      0.10986395  0.0046081542969 
      0.10988662  0.0016174316406 
       0.1099093  -0.00091552734375 
      0.10993197  -0.0032958984375 
      0.10995465  -0.0052185058594 
      0.10997732  -0.0064697265625 
            0.11  -0.0068664550781 
      0.11002268  -0.0061950683594 
      0.11004535  -0.0050048828125 
      0.11006803  -0.0020751953125 
       0.1100907  -6.103515625e-05 
      0.11011338  0.0020446777344 
      0.11013605  0.0046691894531 
      0.11015873  0.0049438476562 
      0.11018141   0.005126953125 
      0.11020408  0.0042419433594 
      0.11022676  0.0018615722656 
      0.11024943  -0.00051879882812 
      0.11027211  -0.0028076171875 
      0.11029478  -0.0045166015625 
      0.11031746  -0.0058288574219 
      0.11034014  -0.0060729980469 
      0.11036281  -0.0055236816406 
      0.11038549   -0.00341796875 
      0.11040816  -0.000732421875 
      0.11043084  0.0010681152344 
      0.11045351  0.0033874511719 
      0.11047619  0.0048217773438 
      0.11049887  0.0050964355469 
      0.11052154  0.0041809082031 
      0.11054422  0.0018920898438 
      0.11056689  -0.00054931640625 
      0.11058957  -0.0032043457031 
      0.11061224  -0.0057678222656 
      0.11063492  -0.0078430175781 
       0.1106576  -0.0083618164062 
      0.11068027  -0.0077819824219 
      0.11070295    -0.0068359375 
      0.11072562  -0.0038146972656 
       0.1107483  -0.0012512207031 
      0.11077098  0.00070190429688 
      0.11079365    0.00341796875 
      0.11081633  0.0045166015625 
        0.110839  0.0048217773438 
      0.11086168  0.0043029785156 
      0.11088435  0.0022888183594 
      0.11090703  0.00027465820312 
      0.11092971  -0.0017700195312 
      0.11095238  -0.0040893554688 
      0.11097506  -0.006103515625 
      0.11099773  -0.0065307617188 
      0.11102041  -0.0062866210938 
      0.11104308  -0.0047607421875 
      0.11106576  -0.0016174316406 
      0.11108844  0.00067138671875 
      0.11111111  0.0029907226562 
      0.11113379  0.0047607421875 
      0.11115646   0.005615234375 
      0.11117914  0.0057983398438 
      0.11120181  0.0044250488281 
      0.11122449  0.0022277832031 
      0.11124717  -0.00054931640625 
      0.11126984  -0.0030517578125 
      0.11129252  -0.0055847167969 
      0.11131519  -0.0069274902344 
      0.11133787  -0.0066223144531 
      0.11136054  -0.0060424804688 
      0.11138322  -0.0032348632812 
       0.1114059  -0.00067138671875 
      0.11142857  0.0010986328125 
      0.11145125  0.0036315917969 
      0.11147392  0.0050048828125 
       0.1114966  0.0060119628906 
      0.11151927  0.0053405761719 
      0.11154195  0.0037231445312 
      0.11156463  0.0014038085938 
       0.1115873  -0.0013427734375 
      0.11160998  -0.0033569335938 
      0.11163265  -0.0056762695312 
      0.11165533  -0.0058288574219 
        0.111678  -0.0056457519531 
      0.11170068    -0.0048828125 
      0.11172336  -0.0019226074219 
      0.11174603   0.000244140625 
      0.11176871  0.0024108886719 
      0.11179138  0.0043029785156 
      0.11181406  0.0057678222656 
      0.11183673  0.0063171386719 
      0.11185941  0.0055541992188 
      0.11188209  0.0043029785156 
      0.11190476  0.0012817382812 
      0.11192744  -0.0010375976562 
      0.11195011  -0.0032653808594 
      0.11197279  -0.0053405761719 
      0.11199546  -0.0052795410156 
      0.11201814  -0.0055541992188 
      0.11204082  -0.0041809082031 
      0.11206349  -0.0016479492188 
      0.11208617  0.00057983398438 
      0.11210884  0.0035095214844 
      0.11213152  0.0054016113281 
       0.1121542   0.006591796875 
      0.11217687  0.0065002441406 
      0.11219955  0.0055847167969 
      0.11222222  0.0033569335938 
       0.1122449  0.0001220703125 
      0.11226757     -0.001953125 
      0.11229025  -0.0045166015625 
      0.11231293     -0.005859375 
       0.1123356  -0.0059814453125 
      0.11235828  -0.0055541992188 
      0.11238095  -0.0033874511719 
      0.11240363  -0.000244140625 
       0.1124263  0.0027160644531 
      0.11244898  0.0047607421875 
      0.11247166  0.0070190429688 
      0.11249433  0.0079345703125 
      0.11251701  0.0071411132812 
      0.11253968  0.0062561035156 
      0.11256236  0.0040588378906 
      0.11258503  0.0019836425781 
      0.11260771  -0.00030517578125 
      0.11263039  -0.0025329589844 
      0.11265306  -0.0030212402344 
      0.11267574  -0.0023193359375 
      0.11269841  -0.0010986328125 
      0.11272109  0.00039672851562 
      0.11274376  0.0031433105469 
      0.11276644  0.0054626464844 
      0.11278912  0.0075378417969 
      0.11281179  0.0093994140625 
      0.11283447  0.0092468261719 
      0.11285714   0.008544921875 
      0.11287982  0.0065307617188 
      0.11290249  0.0037536621094 
      0.11292517  0.0012512207031 
      0.11294785  -0.0013122558594 
      0.11297052  -0.0029602050781 
       0.1129932  -0.003662109375 
      0.11301587    -0.0029296875 
      0.11303855  -0.0018005371094 
      0.11306122  0.00033569335938 
       0.1130839  0.0031127929688 
      0.11310658     0.0048828125 
      0.11312925  0.0071105957031 
      0.11315193  0.0081787109375 
       0.1131746  0.0081787109375 
      0.11319728   0.007568359375 
      0.11321995  0.0051879882812 
      0.11324263  0.0026245117188 
      0.11326531                0 
      0.11328798  -0.0024719238281 
      0.11331066   -0.00439453125 
      0.11333333  -0.0044860839844 
      0.11335601  -0.0038452148438 
      0.11337868    -0.0029296875 
      0.11340136  -9.1552734375e-05 
      0.11342404  0.0020141601562 
      0.11344671  0.0040893554688 
      0.11346939  0.0061340332031 
      0.11349206  0.0069885253906 
      0.11351474  0.0075073242188 
      0.11353741   0.006103515625 
      0.11356009  0.0040893554688 
      0.11358277  0.0015258789062 
      0.11360544  -0.000732421875 
      0.11362812  -0.0023193359375 
      0.11365079  -0.0031433105469 
      0.11367347  -0.0021057128906 
      0.11369615  -0.0016784667969 
      0.11371882  0.00064086914062 
       0.1137415  0.0036315917969 
      0.11376417  0.0055236816406 
      0.11378685  0.0083923339844 
      0.11380952  0.0096435546875 
       0.1138322  0.0098876953125 
      0.11385488    0.00927734375 
      0.11387755        0.0078125 
      0.11390023    0.00537109375 
       0.1139229  0.0022888183594 
      0.11394558   0.000244140625 
      0.11396825  -0.0024108886719 
      0.11399093   -0.00341796875 
      0.11401361  -0.0030517578125 
      0.11403628  -0.0023803710938 
      0.11405896  0.00018310546875 
      0.11408163  0.0026245117188 
      0.11410431  0.0050659179688 
      0.11412698  0.0074768066406 
      0.11414966  0.0090942382812 
      0.11417234  0.0095825195312 
      0.11419501  0.0089111328125 
      0.11421769  0.0073547363281 
      0.11424036  0.0046081542969 
      0.11426304  0.0025329589844 
      0.11428571  0.0012817382812 
      0.11430839  -6.103515625e-05 
      0.11433107  -0.00033569335938 
      0.11435374  6.103515625e-05 
      0.11437642  0.0015258789062 
      0.11439909  0.0043334960938 
      0.11442177  0.0068664550781 
      0.11444444  0.0094604492188 
      0.11446712   0.011413574219 
       0.1144898   0.012145996094 
      0.11451247   0.012023925781 
      0.11453515   0.010375976562 
      0.11455782  0.0078430175781 
       0.1145805  0.0054931640625 
      0.11460317  0.0033874511719 
      0.11462585  0.0011291503906 
      0.11464853  -9.1552734375e-05 
       0.1146712  9.1552734375e-05 
      0.11469388  0.00094604492188 
      0.11471655  0.0032348632812 
      0.11473923  0.0060119628906 
       0.1147619  0.0082397460938 
      0.11478458     0.0107421875 
      0.11480726   0.012939453125 
      0.11482993   0.013641357422 
      0.11485261   0.013427734375 
      0.11487528   0.012603759766 
      0.11489796   0.010375976562 
      0.11492063  0.0083618164062 
      0.11494331  0.0065307617188 
      0.11496599  0.0047302246094 
      0.11498866  0.0041198730469 
      0.11501134  0.0045471191406 
      0.11503401  0.0055541992188 
      0.11505669  0.0075073242188 
      0.11507937    0.01025390625 
      0.11510204   0.012298583984 
      0.11512472   0.014221191406 
      0.11514739   0.015899658203 
      0.11517007   0.016204833984 
      0.11519274   0.015930175781 
      0.11521542   0.014526367188 
       0.1152381   0.012268066406 
      0.11526077  0.0098876953125 
      0.11528345  0.0072937011719 
      0.11530612      0.005859375 
       0.1153288  0.0057373046875 
      0.11535147  0.0062255859375 
      0.11537415  0.0078735351562 
      0.11539683   0.010406494141 
       0.1154195   0.013000488281 
      0.11544218   0.014984130859 
      0.11546485   0.017211914062 
      0.11548753   0.018646240234 
       0.1155102   0.018127441406 
      0.11553288      0.017578125 
      0.11555556         0.015625 
      0.11557823   0.012756347656 
      0.11560091   0.010498046875 
      0.11562358  0.0078735351562 
      0.11564626  0.0062255859375 
      0.11566893  0.0059204101562 
      0.11569161  0.0064697265625 
      0.11571429  0.0079040527344 
      0.11573696   0.010192871094 
      0.11575964   0.012664794922 
      0.11578231   0.014465332031 
      0.11580499   0.016815185547 
      0.11582766      0.017578125 
      0.11585034   0.016876220703 
      0.11587302   0.016174316406 
      0.11589569   0.013397216797 
      0.11591837   0.011413574219 
      0.11594104  0.0095520019531 
      0.11596372  0.0073547363281 
      0.11598639  0.0067749023438 
      0.11600907  0.0069885253906 
      0.11603175   0.008056640625 
      0.11605442   0.010314941406 
       0.1160771   0.013153076172 
      0.11609977   0.014556884766 
      0.11612245   0.016265869141 
      0.11614512   0.018249511719 
       0.1161678   0.017913818359 
      0.11619048   0.017395019531 
      0.11621315   0.015747070312 
      0.11623583   0.012969970703 
       0.1162585   0.010894775391 
      0.11628118  0.0085754394531 
      0.11630385  0.0065612792969 
      0.11632653  0.0054016113281 
      0.11634921  0.0059204101562 
      0.11637188  0.0066223144531 
      0.11639456    0.00830078125 
      0.11641723   0.010955810547 
      0.11643991   0.012451171875 
      0.11646259   0.014617919922 
      0.11648526   0.015838623047 
      0.11650794   0.016235351562 
      0.11653061   0.015777587891 
      0.11655329      0.013671875 
      0.11657596   0.011596679688 
      0.11659864  0.0092163085938 
      0.11662132  0.0069885253906 
      0.11664399  0.0054626464844 
      0.11666667  0.0051574707031 
      0.11668934  0.0054931640625 
      0.11671202  0.0065002441406 
      0.11673469  0.0089416503906 
      0.11675737     0.0107421875 
      0.11678005   0.012664794922 
      0.11680272   0.014617919922 
       0.1168254   0.015502929688 
      0.11684807   0.015930175781 
      0.11687075   0.014801025391 
      0.11689342   0.012756347656 
       0.1169161   0.010131835938 
      0.11693878  0.0077209472656 
      0.11696145  0.0058288574219 
      0.11698413  0.0045166015625 
       0.1170068   0.004638671875 
      0.11702948     0.0048828125 
      0.11705215  0.0064697265625 
      0.11707483  0.0090026855469 
      0.11709751   0.011169433594 
      0.11712018   0.014007568359 
      0.11714286   0.015777587891 
      0.11716553     0.0166015625 
      0.11718821   0.016021728516 
      0.11721088   0.014709472656 
      0.11723356   0.012298583984 
      0.11725624    0.00927734375 
      0.11727891  0.0073547363281 
      0.11730159  0.0048217773438 
      0.11732426  0.0039672851562 
      0.11734694  0.0042724609375 
      0.11736961  0.0048522949219 
      0.11739229  0.0072021484375 
      0.11741497  0.0093688964844 
      0.11743764   0.011535644531 
      0.11746032   0.013397216797 
      0.11748299   0.014953613281 
      0.11750567   0.015167236328 
      0.11752834   0.014343261719 
      0.11755102   0.013031005859 
       0.1175737   0.010528564453 
      0.11759637  0.0088500976562 
      0.11761905  0.0065002441406 
      0.11764172  0.0042724609375 
       0.1176644  0.0039367675781 
      0.11768707  0.0040283203125 
      0.11770975  0.0055847167969 
      0.11773243  0.0079040527344 
       0.1177551   0.010040283203 
      0.11777778   0.012237548828 
      0.11780045   0.014099121094 
      0.11782313   0.015380859375 
       0.1178458   0.015014648438 
      0.11786848   0.013946533203 
      0.11789116   0.011993408203 
      0.11791383  0.0094299316406 
      0.11793651  0.0071105957031 
      0.11795918  0.0043640136719 
      0.11798186   0.003173828125 
      0.11800454  0.0026245117188 
      0.11802721   0.002685546875 
      0.11804989  0.0044860839844 
      0.11807256  0.0066833496094 
      0.11809524  0.0093688964844 
      0.11811791   0.011444091797 
      0.11814059   0.013244628906 
      0.11816327   0.014068603516 
      0.11818594   0.013366699219 
      0.11820862   0.012329101562 
      0.11823129  0.0098266601562 
      0.11825397  0.0071411132812 
      0.11827664  0.0048522949219 
      0.11829932  0.0030212402344 
        0.118322  0.0019226074219 
      0.11834467  0.0018615722656 
      0.11836735     0.0029296875 
      0.11839002  0.0041809082031 
       0.1184127  0.0067443847656 
      0.11843537   0.008544921875 
      0.11845805    0.01025390625 
      0.11848073   0.012329101562 
       0.1185034   0.012329101562 
      0.11852608   0.011566162109 
      0.11854875  0.0098876953125 
      0.11857143  0.0074768066406 
       0.1185941  0.0051574707031 
      0.11861678  0.0025634765625 
      0.11863946  0.00076293945312 
      0.11866213  0.00015258789062 
      0.11868481  0.00039672851562 
      0.11870748  0.0011901855469 
      0.11873016  0.0033264160156 
      0.11875283      0.005859375 
      0.11877551  0.0077514648438 
      0.11879819  0.0097045898438 
      0.11882086   0.010864257812 
      0.11884354   0.011077880859 
      0.11886621   0.010498046875 
      0.11888889   0.008544921875 
      0.11891156  0.0063171386719 
      0.11893424   0.004150390625 
      0.11895692  0.0019226074219 
      0.11897959  6.103515625e-05 
      0.11900227  -0.00064086914062 
      0.11902494  -0.0003662109375 
      0.11904762  0.00045776367188 
      0.11907029  0.0030212402344 
      0.11909297   0.005126953125 
      0.11911565  0.0072021484375 
      0.11913832  0.0094604492188 
        0.119161  0.0097351074219 
      0.11918367  0.0093688964844 
      0.11920635    0.00830078125 
      0.11922902  0.0061950683594 
       0.1192517  0.0036315917969 
      0.11927438     0.0009765625 
      0.11929705  -0.0010070800781 
      0.11931973  -0.0023193359375 
       0.1193424  -0.0019226074219 
      0.11936508  -0.0010681152344 
      0.11938776  0.00076293945312 
      0.11941043  0.0038757324219 
      0.11943311  0.0055541992188 
      0.11945578  0.0079040527344 
      0.11947846   0.010192871094 
      0.11950113   0.010986328125 
      0.11952381    0.01123046875 
      0.11954649  0.0096740722656 
      0.11956916  0.0075073242188 
      0.11959184  0.0050659179688 
      0.11961451  0.0027160644531 
      0.11963719  0.0011291503906 
      0.11965986  0.00027465820312 
      0.11968254  0.00030517578125 
      0.11970522  0.00082397460938 
      0.11972789  0.0027770996094 
      0.11975057  0.0052185058594 
      0.11977324  0.0071411132812 
      0.11979592  0.0088806152344 
      0.11981859  0.0096435546875 
      0.11984127  0.0098876953125 
      0.11986395  0.0093688964844 
      0.11988662  0.0078735351562 
       0.1199093  0.0054321289062 
      0.11993197  0.0025939941406 
      0.11995465  0.0003662109375 
      0.11997732  -0.0018005371094 
            0.12  -0.0023193359375 
      0.12002268  -0.0018920898438 
      0.12004535  -0.0011291503906 
      0.12006803  0.0015258789062 
       0.1200907  0.0035400390625 
      0.12011338  0.0057373046875 
      0.12013605  0.0077209472656 
      0.12015873  0.0082702636719 
      0.12018141  0.0084838867188 
      0.12020408  0.0071105957031 
      0.12022676  0.0049133300781 
      0.12024943  0.0017700195312 
      0.12027211  -0.0012512207031 
      0.12029478  -0.0031433105469 
      0.12031746  -0.0046081542969 
      0.12034014  -0.0042724609375 
      0.12036281  -0.0041809082031 
      0.12038549  -0.0029907226562 
      0.12040816  -0.00054931640625 
      0.12043084  0.0012512207031 
      0.12045351  0.0037231445312 
      0.12047619  0.0054016113281 
      0.12049887   0.006103515625 
      0.12052154  0.0060729980469 
      0.12054422  0.0050354003906 
      0.12056689  0.0033264160156 
      0.12058957  0.0010070800781 
      0.12061224  -0.0013427734375 
      0.12063492  -0.003662109375 
       0.1206576  -0.0040893554688 
      0.12068027  -0.0039672851562 
      0.12070295  -0.0035705566406 
      0.12072562  -0.0013732910156 
       0.1207483  0.0010986328125 
      0.12077098  0.0032348632812 
      0.12079365  0.0046997070312 
      0.12081633      0.005859375 
        0.120839  0.0060424804688 
      0.12086168  0.0054626464844 
      0.12088435  0.0041198730469 
      0.12090703  0.00091552734375 
      0.12092971  -0.0015869140625 
      0.12095238  -0.0037841796875 
      0.12097506  -0.0061645507812 
      0.12099773  -0.0066833496094 
      0.12102041  -0.0061645507812 
      0.12104308  -0.0053405761719 
      0.12106576  -0.0034484863281 
      0.12108844  -0.0011291503906 
      0.12111111  0.00082397460938 
      0.12113379   0.002685546875 
      0.12115646  0.0040893554688 
      0.12117914  0.0044555664062 
      0.12120181  0.0040893554688 
      0.12122449  0.0026245117188 
      0.12124717  0.00021362304688 
      0.12126984  -0.0017700195312 
      0.12129252  -0.0036010742188 
      0.12131519  -0.0051879882812 
      0.12133787  -0.0051574707031 
      0.12136054  -0.0043640136719 
      0.12138322    -0.0029296875 
       0.1214059  -0.000244140625 
      0.12142857   0.002197265625 
      0.12145125       0.00390625 
      0.12147392  0.0057067871094 
       0.1214966     0.0068359375 
      0.12151927  0.0069580078125 
      0.12154195  0.0057983398438 
      0.12156463  0.0032348632812 
       0.1215873  0.00057983398438 
      0.12160998  -0.0020141601562 
      0.12163265  -0.0040283203125 
      0.12165533  -0.0052490234375 
        0.121678  -0.005615234375 
      0.12170068  -0.0053100585938 
      0.12172336  -0.0040283203125 
      0.12174603  -0.0017395019531 
      0.12176871  3.0517578125e-05 
      0.12179138  0.0018920898438 
      0.12181406  0.0037536621094 
      0.12183673  0.0039978027344 
      0.12185941  0.0036926269531 
      0.12188209  0.0023498535156 
      0.12190476  9.1552734375e-05 
      0.12192744  -0.0018920898438 
      0.12195011      -0.00390625 
      0.12197279  -0.0053100585938 
      0.12199546  -0.006103515625 
      0.12201814  -0.005615234375 
      0.12204082  -0.0045776367188 
      0.12206349  -0.0024108886719 
      0.12208617  0.00076293945312 
      0.12210884  0.0025024414062 
      0.12213152  0.0050048828125 
       0.1221542  0.0060119628906 
      0.12217687  0.0057678222656 
      0.12219955  0.0057373046875 
      0.12222222  0.0037536621094 
       0.1222449  0.0020141601562 
      0.12226757  -0.00021362304688 
      0.12229025  -0.0020751953125 
      0.12231293  -0.0034790039062 
       0.1223356  -0.0043334960938 
      0.12235828  -0.0039978027344 
      0.12238095  -0.0035400390625 
      0.12240363  -0.001220703125 
       0.1224263  0.00076293945312 
      0.12244898  0.0027770996094 
      0.12247166  0.0055236816406 
      0.12249433  0.0065307617188 
      0.12251701  0.0068664550781 
      0.12253968  0.0058898925781 
      0.12256236  0.0041198730469 
      0.12258503  0.0021362304688 
      0.12260771  0.00018310546875 
      0.12263039   -0.00146484375 
      0.12265306    -0.0029296875 
      0.12267574  -0.0030517578125 
      0.12269841  -0.0026245117188 
      0.12272109  -0.0015258789062 
      0.12274376  0.0011596679688 
      0.12276644  0.0033874511719 
      0.12278912  0.0054626464844 
      0.12281179  0.0075073242188 
      0.12283447  0.0082092285156 
      0.12285714  0.0077209472656 
      0.12287982  0.0066223144531 
      0.12290249  0.0046691894531 
      0.12292517  0.0020141601562 
      0.12294785  -9.1552734375e-05 
      0.12297052  -0.0021667480469 
       0.1229932  -0.0032043457031 
      0.12301587    -0.0029296875 
      0.12303855  -0.0025939941406 
      0.12306122  -0.00091552734375 
       0.1230839  0.0016479492188 
      0.12310658  0.0039978027344 
      0.12312925  0.0060729980469 
      0.12315193  0.0074768066406 
       0.1231746   0.008056640625 
      0.12319728  0.0077819824219 
      0.12321995  0.0068054199219 
      0.12324263  0.0042419433594 
      0.12326531  0.0018005371094 
      0.12328798  -0.0001220703125 
      0.12331066  -0.002197265625 
      0.12333333  -0.0027770996094 
      0.12335601  -0.0029602050781 
      0.12337868  -0.0024108886719 
      0.12340136  -0.00021362304688 
      0.12342404  0.0020141601562 
      0.12344671  0.0042419433594 
      0.12346939  0.0059814453125 
      0.12349206  0.0072326660156 
      0.12351474  0.0072021484375 
      0.12353741    0.00634765625 
      0.12356009  0.0049743652344 
      0.12358277  0.0023193359375 
      0.12360544  0.00030517578125 
      0.12362812  -0.0021362304688 
      0.12365079  -0.0038452148438 
      0.12367347  -0.003662109375 
      0.12369615  -0.0035400390625 
      0.12371882  -0.0018005371094 
       0.1237415  0.0003662109375 
      0.12376417  0.0025024414062 
      0.12378685  0.0050659179688 
      0.12380952  0.0066833496094 
       0.1238322  0.0074157714844 
      0.12385488  0.0071716308594 
      0.12387755  0.0064086914062 
      0.12390023  0.0039672851562 
       0.1239229  0.00094604492188 
      0.12394558  -0.0013427734375 
      0.12396825  -0.0039672851562 
      0.12399093  -0.0050048828125 
      0.12401361  -0.0057373046875 
      0.12403628  -0.0054016113281 
      0.12405896  -0.0033569335938 
      0.12408163  -0.0017700195312 
      0.12410431  0.00030517578125 
      0.12412698  0.0019836425781 
      0.12414966  0.0037841796875 
      0.12417234  0.0043334960938 
      0.12419501  0.0032958984375 
      0.12421769  0.0026550292969 
      0.12424036  -3.0517578125e-05 
      0.12426304  -0.0023193359375 
      0.12428571  -0.0038757324219 
      0.12430839  -0.0062255859375 
      0.12433107  -0.0064697265625 
      0.12435374  -0.0065612792969 
      0.12437642  -0.0058898925781 
      0.12439909  -0.0035095214844 
      0.12442177  -0.0013427734375 
      0.12444444  0.00027465820312 
      0.12446712      0.001953125 
       0.1244898    0.00341796875 
      0.12451247  0.0032958984375 
      0.12453515  0.0028991699219 
      0.12455782  0.0015258789062 
       0.1245805  -0.0011596679688 
      0.12460317  -0.0036315917969 
      0.12462585  -0.0061340332031 
      0.12464853   -0.00732421875 
       0.1246712  -0.0077819824219 
      0.12469388  -0.0075073242188 
      0.12471655  -0.0061645507812 
      0.12473923  -0.0041809082031 
       0.1247619  -0.0014953613281 
      0.12478458  0.00051879882812 
      0.12480726   0.003173828125 
      0.12482993  0.0047302246094 
      0.12485261  0.0044860839844 
      0.12487528  0.0038452148438 
      0.12489796  0.0022277832031 
      0.12492063  0.0003662109375 
      0.12494331  -0.0018920898438 
      0.12496599  -0.0039367675781 
      0.12498866  -0.0053100585938 
      0.12501134  -0.0057678222656 
      0.12503401  -0.0051574707031 
      0.12505669  -0.0038757324219 
      0.12507937  -0.0016174316406 
      0.12510204                0 
      0.12512472  0.0016479492188 
      0.12514739  0.0037231445312 
      0.12517007  0.0042419433594 
      0.12519274       0.00390625 
      0.12521542  0.0026245117188 
       0.1252381  0.00039672851562 
      0.12526077  -0.0020141601562 
      0.12528345  -0.0042724609375 
      0.12530612  -0.0062255859375 
       0.1253288  -0.0073852539062 
      0.12535147  -0.0068969726562 
      0.12537415  -0.0059814453125 
      0.12539683  -0.0037841796875 
       0.1254195  -0.0008544921875 
      0.12544218  0.00070190429688 
      0.12546485  0.0029602050781 
      0.12548753  0.0048217773438 
       0.1255102  0.0053100585938 
      0.12553288     0.0048828125 
      0.12555556  0.0030822753906 
      0.12557823  0.00094604492188 
      0.12560091  -0.0013122558594 
      0.12562358  -0.0030517578125 
      0.12564626  -0.0047302246094 
      0.12566893  -0.0055236816406 
      0.12569161   -0.00537109375 
      0.12571429  -0.0049133300781 
      0.12573696  -0.0023498535156 
      0.12575964  0.00018310546875 
      0.12578231  0.0018615722656 
      0.12580499  0.0035705566406 
      0.12582766  0.0043640136719 
      0.12585034  0.0045776367188 
      0.12587302  0.0039978027344 
      0.12589569  0.0026245117188 
      0.12591837  0.00030517578125 
      0.12594104  -0.0018310546875 
      0.12596372  -0.0037536621094 
      0.12598639  -0.0052490234375 
      0.12600907  -0.0052185058594 
      0.12603175  -0.0049743652344 
      0.12605442  -0.0038452148438 
       0.1260771  -0.0015869140625 
      0.12609977    0.00048828125 
      0.12612245  0.0022888183594 
      0.12614512  0.0036315917969 
       0.1261678  0.0046997070312 
      0.12619048  0.0044860839844 
      0.12621315   0.003662109375 
      0.12623583  0.0019226074219 
       0.1262585  -0.00076293945312 
      0.12628118  -0.0027160644531 
      0.12630385  -0.0049743652344 
      0.12632653  -0.0059814453125 
      0.12634921  -0.0058288574219 
      0.12637188  -0.0057067871094 
      0.12639456      -0.00390625 
      0.12641723  -0.001708984375 
      0.12643991  0.00064086914062 
      0.12646259  0.0028991699219 
      0.12648526  0.0041809082031 
      0.12650794  0.0049743652344 
      0.12653061  0.0050659179688 
      0.12655329  0.0043029785156 
      0.12657596  0.0024108886719 
      0.12659864  0.00027465820312 
      0.12662132  -0.0013427734375 
      0.12664399  -0.0030212402344 
      0.12666667  -0.0036010742188 
      0.12668934  -0.0036010742188 
      0.12671202  -0.0033264160156 
      0.12673469  -0.0010986328125 
      0.12675737  0.0011291503906 
      0.12678005  0.0030517578125 
      0.12680272  0.0049438476562 
       0.1268254  0.0062561035156 
      0.12684807  0.0065612792969 
      0.12687075  0.0060119628906 
      0.12689342  0.0045166015625 
       0.1269161  0.0015869140625 
      0.12693878  -0.000732421875 
      0.12696145  -0.0029602050781 
      0.12698413  -0.0048522949219 
       0.1270068  -0.0056457519531 
      0.12702948  -0.0057678222656 
      0.12705215  -0.0046691894531 
      0.12707483  -0.0028991699219 
      0.12709751  -0.00064086914062 
      0.12712018  0.0014343261719 
      0.12714286  0.0035095214844 
      0.12716553  0.0051879882812 
      0.12718821  0.0050659179688 
      0.12721088  0.0044555664062 
      0.12723356  0.0026550292969 
      0.12725624  0.00067138671875 
      0.12727891  -0.0013732910156 
      0.12730159  -0.0033264160156 
      0.12732426  -0.0038452148438 
      0.12734694  -0.0040893554688 
      0.12736961  -0.0037536621094 
      0.12739229  -0.0025024414062 
      0.12741497  -0.0003662109375 
      0.12743764  0.0019226074219 
      0.12746032  0.0040283203125 
      0.12748299  0.0061340332031 
      0.12750567   0.006591796875 
      0.12752834  0.0067443847656 
      0.12755102  0.0057373046875 
       0.1275737  0.0032043457031 
      0.12759637  0.0012817382812 
      0.12761905  -0.0014953613281 
      0.12764172   -0.00341796875 
       0.1276644  -0.004150390625 
      0.12768707  -0.004150390625 
      0.12770975  -0.003173828125 
      0.12773243  -0.0018005371094 
       0.1277551  0.0013122558594 
      0.12777778  0.0034484863281 
      0.12780045  0.0054931640625 
      0.12782313  0.0071105957031 
       0.1278458  0.0071105957031 
      0.12786848  0.0074768066406 
      0.12789116  0.0055541992188 
      0.12791383  0.0034790039062 
      0.12793651  0.0015869140625 
      0.12795918  -0.0013427734375 
      0.12798186  -0.0026245117188 
      0.12800454  -0.0036315917969 
      0.12802721  -0.0034790039062 
      0.12804989  -0.0027465820312 
      0.12807256  -0.0010070800781 
      0.12809524  0.0013427734375 
      0.12811791  0.0025939941406 
      0.12814059  0.0050048828125 
      0.12816327  0.0057678222656 
      0.12818594  0.0056762695312 
      0.12820862  0.0053405761719 
      0.12823129  0.0035095214844 
      0.12825397  0.0018310546875 
      0.12827664  -0.0010070800781 
      0.12829932  -0.0027770996094 
        0.128322  -0.0038757324219 
      0.12834467  -0.0042114257812 
      0.12836735   -0.00341796875 
      0.12839002  -0.0029602050781 
       0.1284127  -0.00033569335938 
      0.12843537  0.0015563964844 
      0.12845805  0.0035095214844 
      0.12848073  0.0056762695312 
       0.1285034      0.005859375 
      0.12852608   0.006103515625 
      0.12854875  0.0048217773438 
      0.12857143  0.0027770996094 
       0.1285941   0.000244140625 
      0.12861678  -0.0022583007812 
      0.12863946  -0.0045471191406 
      0.12866213  -0.0060729980469 
      0.12868481  -0.0058288574219 
      0.12870748  -0.0054931640625 
      0.12873016  -0.0041198730469 
      0.12875283  -0.0022277832031 
      0.12877551  -0.00051879882812 
      0.12879819  0.0015258789062 
      0.12882086  0.0032958984375 
      0.12884354   0.004150390625 
      0.12886621  0.0036926269531 
      0.12888889  0.0029907226562 
      0.12891156  0.00070190429688 
      0.12893424  -0.0020141601562 
      0.12895692  -0.003662109375 
      0.12897959  -0.0055541992188 
      0.12900227  -0.0061950683594 
      0.12902494  -0.0062561035156 
      0.12904762  -0.005615234375 
      0.12907029  -0.0035705566406 
      0.12909297  -0.0018615722656 
      0.12911565  0.00054931640625 
      0.12913832  0.0024108886719 
        0.129161    0.00341796875 
      0.12918367  0.0037841796875 
      0.12920635  0.0030822753906 
      0.12922902  0.0020751953125 
       0.1292517  -0.00021362304688 
      0.12927438  -0.0022277832031 
      0.12929705  -0.0041809082031 
      0.12931973     -0.005859375 
       0.1293424  -0.0058898925781 
      0.12936508  -0.0059509277344 
      0.12938776  -0.0044555664062 
      0.12941043  -0.0018615722656 
      0.12943311  0.0003662109375 
      0.12945578  0.0027465820312 
      0.12947846  0.0048217773438 
      0.12950113  0.0061645507812 
      0.12952381  0.0061340332031 
      0.12954649  0.0054016113281 
      0.12956916  0.0032958984375 
      0.12959184  0.0010375976562 
      0.12961451  -0.00082397460938 
      0.12963719  -0.0035095214844 
      0.12965986  -0.0042724609375 
      0.12968254  -0.0047912597656 
      0.12970522  -0.0050354003906 
      0.12972789  -0.0035095214844 
      0.12975057  -0.0019226074219 
      0.12977324  3.0517578125e-05 
      0.12979592  0.0012817382812 
      0.12981859  0.0028381347656 
      0.12984127  0.0034790039062 
      0.12986395  0.0027465820312 
      0.12988662  0.0024108886719 
       0.1299093  0.00018310546875 
      0.12993197  -0.0019836425781 
      0.12995465  -0.0044250488281 
      0.12997732  -0.0067138671875 
            0.13  -0.0067749023438 
      0.13002268  -0.0070190429688 
      0.13004535  -0.0060424804688 
      0.13006803  -0.0043334960938 
       0.1300907  -0.0019836425781 
      0.13011338  0.00027465820312 
      0.13013605  0.0019836425781 
      0.13015873  0.0039978027344 
      0.13018141  0.0047607421875 
      0.13020408  0.0046997070312 
      0.13022676  0.0032653808594 
      0.13024943  0.0011901855469 
      0.13027211  -0.0011291503906 
      0.13029478  -0.0035400390625 
      0.13031746  -0.0049438476562 
      0.13034014  -0.0058288574219 
      0.13036281  -0.0054321289062 
      0.13038549  -0.0042419433594 
      0.13040816  -0.0022888183594 
      0.13043084  -9.1552734375e-05 
      0.13045351  0.0015258789062 
      0.13047619  0.0032958984375 
      0.13049887  0.0042114257812 
      0.13052154    0.00439453125 
      0.13054422  0.0039672851562 
      0.13056689  0.0019836425781 
      0.13058957  -6.103515625e-05 
      0.13061224  -0.0021667480469 
      0.13063492  -0.0044250488281 
       0.1306576  -0.0052490234375 
      0.13068027  -0.0058288574219 
      0.13070295  -0.0057678222656 
      0.13072562  -0.0046081542969 
       0.1307483  -0.0027160644531 
      0.13077098  -0.00033569335938 
      0.13079365  0.0014038085938 
      0.13081633   0.003173828125 
        0.130839  0.0039367675781 
      0.13086168  0.0038146972656 
      0.13088435  0.0032348632812 
      0.13090703  0.0012817382812 
      0.13092971  -0.0006103515625 
      0.13095238  -0.0030517578125 
      0.13097506  -0.0050354003906 
      0.13099773  -0.0058898925781 
      0.13102041  -0.0060729980469 
      0.13104308  -0.0053100585938 
      0.13106576  -0.0039367675781 
      0.13108844  -0.0020751953125 
      0.13111111  -0.00045776367188 
      0.13113379  0.0015563964844 
      0.13115646  0.0029907226562 
      0.13117914  0.0033874511719 
      0.13120181  0.0032043457031 
      0.13122449  0.0017700195312 
      0.13124717  -3.0517578125e-05 
      0.13126984  -0.0025024414062 
      0.13129252  -0.0049133300781 
      0.13131519  -0.0066833496094 
      0.13133787  -0.0079650878906 
      0.13136054  -0.0081176757812 
      0.13138322  -0.0078735351562 
       0.1314059  -0.0060119628906 
      0.13142857  -0.0037841796875 
      0.13145125  -0.0023498535156 
      0.13147392  -9.1552734375e-05 
       0.1314966  0.0012817382812 
      0.13151927  0.0018920898438 
      0.13154195  0.0015869140625 
      0.13156463  0.0001220703125 
       0.1315873  -0.0014343261719 
      0.13160998  -0.0039978027344 
      0.13163265  -0.0061645507812 
      0.13165533  -0.0073852539062 
        0.131678  -0.0075073242188 
      0.13170068  -0.007080078125 
      0.13172336  -0.0062866210938 
      0.13174603  -0.0036315917969 
      0.13176871  -0.0016479492188 
      0.13179138  0.00070190429688 
      0.13181406  0.0025634765625 
      0.13183673  0.0032348632812 
      0.13185941  0.0038757324219 
      0.13188209  0.0026245117188 
      0.13190476  0.0010375976562 
      0.13192744  -0.0013427734375 
      0.13195011  -0.0037841796875 
      0.13197279  -0.0054016113281 
      0.13199546  -0.0066528320312 
      0.13201814  -0.0066833496094 
      0.13204082  -0.006591796875 
      0.13206349  -0.0049743652344 
      0.13208617  -0.0025634765625 
      0.13210884  -0.00079345703125 
      0.13213152  0.0014343261719 
       0.1321542  0.0030517578125 
      0.13217687  0.0039672851562 
      0.13219955   0.004150390625 
      0.13222222   0.003662109375 
       0.1322449  0.0021057128906 
      0.13226757  -0.00021362304688 
      0.13229025  -0.0021667480469 
      0.13231293  -0.0040283203125 
       0.1323356  -0.0043029785156 
      0.13235828  -0.0042724609375 
      0.13238095      -0.00390625 
      0.13240363  -0.002197265625 
       0.1324263  -0.00018310546875 
      0.13244898  0.0019836425781 
      0.13247166  0.0031127929688 
      0.13249433  0.0043640136719 
      0.13251701   0.005126953125 
      0.13253968  0.0046691894531 
      0.13256236  0.0037231445312 
      0.13258503  0.0010986328125 
      0.13260771  -0.0012512207031 
      0.13263039  -0.0037536621094 
      0.13265306  -0.0055847167969 
      0.13267574  -0.0057678222656 
      0.13269841  -0.0059814453125 
      0.13272109  -0.0045776367188 
      0.13274376  -0.0026245117188 
      0.13276644  -0.00027465820312 
      0.13278912  0.0014038085938 
      0.13281179  0.0030517578125 
      0.13283447  0.0047912597656 
      0.13285714   0.004638671875 
      0.13287982  0.0046691894531 
      0.13290249  0.0031127929688 
      0.13292517  0.00094604492188 
      0.13294785  -0.0008544921875 
      0.13297052   -0.00341796875 
       0.1329932  -0.0042724609375 
      0.13301587    -0.0048828125 
      0.13303855  -0.0042114257812 
      0.13306122  -0.0028381347656 
       0.1330839  -0.00094604492188 
      0.13310658  0.0014343261719 
      0.13312925  0.0025634765625 
      0.13315193  0.0043640136719 
       0.1331746  0.0049743652344 
      0.13319728  0.0055541992188 
      0.13321995  0.0054016113281 
      0.13324263  0.0033874511719 
      0.13326531  0.0017395019531 
      0.13328798  -0.00070190429688 
      0.13331066  -0.0018615722656 
      0.13333333  -0.0026245117188 
      0.13335601  -0.0030212402344 
      0.13337868  -0.0025634765625 
      0.13340136  -0.0016174316406 
      0.13342404  0.0013122558594 
      0.13344671  0.0032348632812 
      0.13346939  0.0049133300781 
      0.13349206  0.0063171386719 
      0.13351474  0.0066528320312 
      0.13353741  0.0067443847656 
      0.13356009  0.0052795410156 
      0.13358277  0.0035095214844 
      0.13360544  0.0010375976562 
      0.13362812  -0.0015869140625 
      0.13365079  -0.003173828125 
      0.13367347  -0.0044860839844 
      0.13369615  -0.0041809082031 
      0.13371882  -0.0038452148438 
       0.1337415  -0.0020141601562 
      0.13376417  0.00051879882812 
      0.13378685   0.001708984375 
      0.13380952  0.0040893554688 
       0.1338322  0.0050048828125 
      0.13385488    0.00537109375 
      0.13387755  0.0055541992188 
      0.13390023  0.0039367675781 
       0.1339229   0.002197265625 
      0.13394558  -9.1552734375e-05 
      0.13396825  -0.001708984375 
      0.13399093  -0.0033264160156 
      0.13401361  -0.0038146972656 
      0.13403628   -0.00341796875 
      0.13405896  -0.0027770996094 
      0.13408163  -0.00030517578125 
      0.13410431  0.0011291503906 
      0.13412698  0.0028381347656 
      0.13414966    0.00439453125 
      0.13417234  0.0049133300781 
      0.13419501  0.0055236816406 
      0.13421769  0.0042724609375 
      0.13424036  0.0027465820312 
      0.13426304  0.0010681152344 
      0.13428571  -0.0010070800781 
      0.13430839  -0.0030212402344 
      0.13433107  -0.0048217773438 
      0.13435374  -0.0050659179688 
      0.13437642  -0.0052185058594 
      0.13439909  -0.0042114257812 
      0.13442177  -0.0014953613281 
      0.13444444  0.00079345703125 
      0.13446712     0.0029296875 
       0.1344898  0.0045166015625 
      0.13451247  0.0052795410156 
      0.13453515  0.0054626464844 
      0.13455782  0.0050048828125 
       0.1345805  0.0036010742188 
      0.13460317  0.0016174316406 
      0.13462585  -0.0001220703125 
      0.13464853  -0.0018920898438 
       0.1346712  -0.0025329589844 
      0.13469388  -0.0022583007812 
      0.13471655  -0.0014953613281 
      0.13473923  0.00054931640625 
       0.1347619     0.0029296875 
      0.13478458  0.0049438476562 
      0.13480726  0.0067443847656 
      0.13482993  0.0081176757812 
      0.13485261  0.0089111328125 
      0.13487528  0.0084228515625 
      0.13489796  0.0072937011719 
      0.13492063  0.0054016113281 
      0.13494331  0.0030517578125 
      0.13496599  0.0010070800781 
      0.13498866    -0.0009765625 
      0.13501134  -0.0019836425781 
      0.13503401  -0.0019836425781 
      0.13505669  -0.00094604492188 
      0.13507937  0.00091552734375 
      0.13510204    0.00244140625 
      0.13512472  0.0042724609375 
      0.13514739  0.0057067871094 
      0.13517007  0.0067138671875 
      0.13519274  0.0069274902344 
      0.13521542  0.0064697265625 
       0.1352381  0.0051879882812 
      0.13526077  0.0028381347656 
      0.13528345  0.0013427734375 
      0.13530612  -0.00042724609375 
       0.1353288  -0.0018615722656 
      0.13535147  -0.0021667480469 
      0.13537415  -0.0018920898438 
      0.13539683  -0.0006103515625 
       0.1354195  0.00070190429688 
      0.13544218  0.0026245117188 
      0.13546485  0.0045776367188 
      0.13548753  0.0059204101562 
       0.1355102  0.0072021484375 
      0.13553288  0.0073852539062 
      0.13555556  0.0071716308594 
      0.13557823  0.0057067871094 
      0.13560091  0.0032348632812 
      0.13562358  0.0013732910156 
      0.13564626  -0.0008544921875 
      0.13566893  -0.0014343261719 
      0.13569161  -0.0017700195312 
      0.13571429  -0.0016174316406 
      0.13573696  0.00051879882812 
      0.13575964  0.0021667480469 
      0.13578231    0.00439453125 
      0.13580499  0.0063781738281 
      0.13582766  0.0077819824219 
      0.13585034  0.0086975097656 
      0.13587302  0.0087280273438 
      0.13589569  0.0079650878906 
      0.13591837  0.0056762695312 
      0.13594104  0.0041809082031 
      0.13596372  0.0021057128906 
      0.13598639  3.0517578125e-05 
      0.13600907  -0.00064086914062 
      0.13603175  -0.0017700195312 
      0.13605442  -0.0012512207031 
       0.1360771   0.000244140625 
      0.13609977    0.00244140625 
      0.13612245  0.0045471191406 
      0.13614512  0.0062255859375 
       0.1361678  0.0079345703125 
      0.13619048   0.008056640625 
      0.13621315  0.0079345703125 
      0.13623583  0.0063171386719 
       0.1362585   0.004150390625 
      0.13628118  0.0023803710938 
      0.13630385  -3.0517578125e-05 
      0.13632653    -0.0009765625 
      0.13634921  -0.0015563964844 
      0.13637188  -0.001220703125 
      0.13639456  -0.00015258789062 
      0.13641723  0.0018310546875 
      0.13643991  0.0041198730469 
      0.13646259  0.0052490234375 
      0.13648526  0.0071716308594 
      0.13650794  0.0082092285156 
      0.13653061  0.0085144042969 
      0.13655329  0.0079345703125 
      0.13657596  0.0058288574219 
      0.13659864  0.0038452148438 
      0.13662132  0.0016174316406 
      0.13664399  -0.00027465820312 
      0.13666667  -0.0019836425781 
      0.13668934  -0.0025024414062 
      0.13671202  -0.002197265625 
      0.13673469  -0.0013122558594 
      0.13675737  0.00079345703125 
      0.13678005  0.0028381347656 
      0.13680272  0.0047912597656 
       0.1368254  0.0061645507812 
      0.13684807  0.0071105957031 
      0.13687075  0.0076599121094 
      0.13689342  0.0067443847656 
       0.1369161  0.0050048828125 
      0.13693878  0.0029602050781 
      0.13696145  0.00054931640625 
      0.13698413  -0.0011901855469 
       0.1370068  -0.0020141601562 
      0.13702948  -0.001708984375 
      0.13705215  -0.0010681152344 
      0.13707483  -3.0517578125e-05 
      0.13709751  0.0020751953125 
      0.13712018   0.003662109375 
      0.13714286  0.0054321289062 
      0.13716553  0.0067749023438 
      0.13718821  0.0071716308594 
      0.13721088  0.0070190429688 
      0.13723356  0.0055847167969 
      0.13725624  0.0033874511719 
      0.13727891   0.000732421875 
      0.13730159  -0.00094604492188 
      0.13732426  -0.0022583007812 
      0.13734694  -0.002685546875 
      0.13736961  -0.0025939941406 
      0.13739229  -0.0023498535156 
      0.13741497  -0.00033569335938 
      0.13743764  0.0015563964844 
      0.13746032       0.00390625 
      0.13748299  0.0058898925781 
      0.13750567  0.0065307617188 
      0.13752834  0.0070190429688 
      0.13755102  0.0062866210938 
       0.1375737  0.0054931640625 
      0.13759637  0.0035400390625 
      0.13761905  0.0013122558594 
      0.13764172  -0.00064086914062 
       0.1376644  -0.0022583007812 
      0.13768707  -0.0025024414062 
      0.13770975  -0.0030517578125 
      0.13773243  -0.0022888183594 
       0.1377551   -0.00048828125 
      0.13777778  0.0015563964844 
      0.13780045  0.0034484863281 
      0.13782313  0.0045776367188 
       0.1378458  0.0058288574219 
      0.13786848      0.005859375 
      0.13789116  0.0050659179688 
      0.13791383  0.0036315917969 
      0.13793651  0.0010681152344 
      0.13795918  -0.0011291503906 
      0.13798186  -0.0031433105469 
      0.13800454  -0.0041809082031 
      0.13802721  -0.0041198730469 
      0.13804989  -0.0037536621094 
      0.13807256  -0.0024108886719 
      0.13809524  -0.00057983398438 
      0.13811791   0.001220703125 
      0.13814059  0.0030212402344 
      0.13816327  0.0046691894531 
      0.13818594  0.0050048828125 
      0.13820862  0.0044860839844 
      0.13823129  0.0037231445312 
      0.13825397  0.0015563964844 
      0.13827664  -0.0010070800781 
      0.13829932  -0.0033264160156 
        0.138322  -0.0050659179688 
      0.13834467  -0.0052490234375 
      0.13836735  -0.0054321289062 
      0.13839002  -0.0046691894531 
       0.1384127  -0.0025939941406 
      0.13843537  -0.0011596679688 
      0.13845805  0.00057983398438 
      0.13848073  0.0027160644531 
       0.1385034  0.0036315917969 
      0.13852608  0.0037841796875 
      0.13854875  0.0039672851562 
      0.13857143  0.0029602050781 
       0.1385941  0.0014038085938 
      0.13861678  -0.00027465820312 
      0.13863946  -0.0021667480469 
      0.13866213  -0.0033874511719 
      0.13868481  -0.0040588378906 
      0.13870748  -0.0036926269531 
      0.13873016  -0.0027770996094 
      0.13875283    -0.0009765625 
      0.13877551  0.0012817382812 
      0.13879819   0.002685546875 
      0.13882086  0.0043334960938 
      0.13884354    0.00537109375 
      0.13886621  0.0055541992188 
      0.13888889  0.0053405761719 
      0.13891156  0.0038146972656 
      0.13893424  0.0014953613281 
      0.13895692    -0.0009765625 
      0.13897959  -0.0026245117188 
      0.13900227  -0.0038452148438 
      0.13902494  -0.0043334960938 
      0.13904762  -0.0039367675781 
      0.13907029  -0.0036315917969 
      0.13909297  -0.0022277832031 
      0.13911565  -0.000732421875 
      0.13913832  0.00082397460938 
        0.139161  0.0025634765625 
      0.13918367  0.0028686523438 
      0.13920635     0.0029296875 
      0.13922902      0.001953125 
       0.1392517   -0.00048828125 
      0.13927438  -0.0027770996094 
      0.13929705  -0.0051574707031 
      0.13931973  -0.0068969726562 
       0.1393424  -0.0078430175781 
      0.13936508   -0.00830078125 
      0.13938776  -0.0078430175781 
      0.13941043  -0.0065612792969 
      0.13943311  -0.0045166015625 
      0.13945578  -0.0027770996094 
      0.13947846  -0.0012512207031 
      0.13950113  9.1552734375e-05 
      0.13952381  0.00039672851562 
      0.13954649  0.00054931640625 
      0.13956916  -0.00018310546875 
      0.13959184  -0.0018310546875 
      0.13961451  -0.0037536621094 
      0.13963719  -0.0055541992188 
      0.13965986  -0.0069885253906 
      0.13968254  -0.0075073242188 
      0.13970522  -0.007080078125 
      0.13972789  -0.0065612792969 
      0.13975057  -0.0050354003906 
      0.13977324  -0.0032348632812 
      0.13979592  -0.0013732910156 
      0.13981859  0.00054931640625 
      0.13984127  0.0012817382812 
      0.13986395  0.0017700195312 
      0.13988662  0.0013122558594 
       0.1399093  -0.00015258789062 
      0.13993197  -0.0016174316406 
      0.13995465  -0.0039367675781 
      0.13997732  -0.0059814453125 
            0.14  -0.0076599121094 
      0.14002268  -0.008544921875 
      0.14004535  -0.0084838867188 
      0.14006803  -0.0079956054688 
       0.1400907  -0.0058288574219 
      0.14011338  -0.0039978027344 
      0.14013605  -0.0022888183594 
      0.14015873  -0.0003662109375 
      0.14018141  0.0003662109375 
      0.14020408  0.00088500976562 
      0.14022676  0.00045776367188 
      0.14024943  -0.0011291503906 
      0.14027211  -0.0030822753906 
      0.14029478  -0.0048217773438 
      0.14031746  -0.0063171386719 
      0.14034014  -0.0072021484375 
      0.14036281  -0.0069885253906 
      0.14038549  -0.0070495605469 
      0.14040816  -0.0054931640625 
      0.14043084  -0.0033264160156 
      0.14045351  -0.0016784667969 
      0.14047619  0.00067138671875 
      0.14049887  0.0018005371094 
      0.14052154  0.0024108886719 
      0.14054422  0.0026245117188 
      0.14056689  0.0014953613281 
      0.14058957  -0.00030517578125 
      0.14061224  -0.0022888183594 
      0.14063492  -0.0043640136719 
       0.1406576  -0.0064086914062 
      0.14068027  -0.0074157714844 
      0.14070295  -0.0077819824219 
      0.14072562  -0.007568359375 
       0.1407483  -0.0060729980469 
      0.14077098  -0.004150390625 
      0.14079365  -0.0018920898438 
      0.14081633  -9.1552734375e-05 
        0.140839    0.00048828125 
      0.14086168  0.0010681152344 
      0.14088435  0.0010070800781 
      0.14090703  -0.00051879882812 
      0.14092971  -0.0025939941406 
      0.14095238  -0.0044555664062 
      0.14097506  -0.0063781738281 
      0.14099773  -0.0076599121094 
      0.14102041  -0.0076904296875 
      0.14104308  -0.0077514648438 
      0.14106576  -0.0067749023438 
      0.14108844  -0.0054321289062 
      0.14111111  -0.0039672851562 
      0.14113379  -0.0021057128906 
      0.14115646  -0.0010070800781 
      0.14117914  0.00021362304688 
      0.14120181  0.00045776367188 
      0.14122449  3.0517578125e-05 
      0.14124717  -0.0011596679688 
      0.14126984  -0.0036010742188 
      0.14129252  -0.0054931640625 
      0.14131519  -0.0076599121094 
      0.14133787  -0.0087585449219 
      0.14136054  -0.0091247558594 
      0.14138322  -0.0097045898438 
       0.1414059  -0.0085144042969 
      0.14142857  -0.0066833496094 
      0.14145125  -0.0046997070312 
      0.14147392  -0.0028076171875 
       0.1414966  -0.0010681152344 
      0.14151927  -0.00042724609375 
      0.14154195  -0.00054931640625 
      0.14156463  -0.00057983398438 
       0.1415873  -0.0025329589844 
      0.14160998  -0.0045776367188 
      0.14163265  -0.0065612792969 
      0.14165533  -0.0083618164062 
        0.141678    -0.0087890625 
      0.14170068  -0.0093994140625 
      0.14172336  -0.0088806152344 
      0.14174603  -0.0077209472656 
      0.14176871  -0.0058288574219 
      0.14179138  -0.0036010742188 
      0.14181406  -0.0020446777344 
      0.14183673  -0.0010681152344 
      0.14185941  -0.0011291503906 
      0.14188209  -0.00082397460938 
      0.14190476     -0.001953125 
      0.14192744  -0.0038452148438 
      0.14195011  -0.0055541992188 
      0.14197279  -0.0080261230469 
      0.14199546  -0.0093078613281 
      0.14201814  -0.010192871094 
      0.14204082  -0.010437011719 
      0.14206349  -0.0099182128906 
      0.14208617  -0.0088195800781 
      0.14210884  -0.0068054199219 
      0.14213152  -0.0050354003906 
       0.1421542  -0.0028381347656 
      0.14217687  -0.0012512207031 
      0.14219955  -0.00064086914062 
      0.14222222  -0.00088500976562 
       0.1422449  -0.0026550292969 
      0.14226757  -0.0048217773438 
      0.14229025  -0.0071411132812 
      0.14231293  -0.0086364746094 
       0.1423356  -0.0091552734375 
      0.14235828  -0.0096435546875 
      0.14238095  -0.0093688964844 
      0.14240363  -0.0081787109375 
       0.1424263  -0.0062866210938 
      0.14244898  -0.0044555664062 
      0.14247166  -0.0028076171875 
      0.14249433  -0.0010375976562 
      0.14251701  -0.00039672851562 
      0.14253968  0.00018310546875 
      0.14256236  -0.000244140625 
      0.14258503  -0.0019226074219 
      0.14260771  -0.0035095214844 
      0.14263039  -0.0057067871094 
      0.14265306  -0.0072326660156 
      0.14267574  -0.0086364746094 
      0.14269841  -0.0092468261719 
      0.14272109  -0.0085754394531 
      0.14274376  -0.0073547363281 
      0.14276644  -0.0051879882812 
      0.14278912  -0.0038452148438 
      0.14281179  -0.0020751953125 
      0.14283447  -0.00076293945312 
      0.14285714  -0.00045776367188 
      0.14287982  -0.000244140625 
      0.14290249  -0.0013732910156 
      0.14292517  -0.0027160644531 
      0.14294785  -0.004638671875 
      0.14297052  -0.0067443847656 
       0.1429932  -0.0079956054688 
      0.14301587   -0.00830078125 
      0.14303855  -0.0082702636719 
      0.14306122  -0.0083923339844 
       0.1430839  -0.0068969726562 
      0.14310658  -0.0049133300781 
      0.14312925  -0.0032958984375 
      0.14315193  -0.0013427734375 
       0.1431746  -6.103515625e-05 
      0.14319728     0.0009765625 
      0.14321995  0.00076293945312 
      0.14324263  -0.0003662109375 
      0.14326531  -0.0019226074219 
      0.14328798  -0.0042114257812 
      0.14331066  -0.0060119628906 
      0.14333333  -0.0080261230469 
      0.14335601  -0.0083618164062 
      0.14337868  -0.0079345703125 
      0.14340136  -0.0076293945312 
      0.14342404  -0.0057983398438 
      0.14344671  -0.0045166015625 
      0.14346939  -0.0026245117188 
      0.14349206  -0.00076293945312 
      0.14351474  0.00015258789062 
      0.14353741  0.00070190429688 
      0.14356009  9.1552734375e-05 
      0.14358277  -0.00076293945312 
      0.14360544  -0.0029602050781 
      0.14362812  -0.0050354003906 
      0.14365079  -0.0066223144531 
      0.14367347  -0.0078735351562 
      0.14369615  -0.0079040527344 
      0.14371882  -0.0079956054688 
       0.1437415  -0.0063171386719 
      0.14376417  -0.0043640136719 
      0.14378685  -0.0028686523438 
      0.14380952    -0.0009765625 
       0.1438322                0 
      0.14385488  0.00076293945312 
      0.14387755  0.00079345703125 
      0.14390023  6.103515625e-05 
       0.1439229  -0.0013427734375 
      0.14394558  -0.003173828125 
      0.14396825  -0.0049133300781 
      0.14399093  -0.0068054199219 
      0.14401361  -0.0079040527344 
      0.14403628  -0.0088195800781 
      0.14405896  -0.0088500976562 
      0.14408163  -0.0074768066406 
      0.14410431  -0.0057678222656 
      0.14412698  -0.0037536621094 
      0.14414966  -0.0021362304688 
      0.14417234  -0.00094604492188 
      0.14419501  -0.00015258789062 
      0.14421769  0.00015258789062 
      0.14424036  -0.00091552734375 
      0.14426304  -0.003173828125 
      0.14428571  -0.0046997070312 
      0.14430839  -0.0067749023438 
      0.14433107  -0.0083312988281 
      0.14435374  -0.0089111328125 
      0.14437642   -0.00927734375 
      0.14439909  -0.0082397460938 
      0.14442177  -0.0066528320312 
      0.14444444  -0.0046081542969 
      0.14446712  -0.0031127929688 
       0.1444898  -0.0014038085938 
      0.14451247  -3.0517578125e-05 
      0.14453515                0 
      0.14455782  9.1552734375e-05 
       0.1445805  -0.0014953613281 
      0.14460317  -0.0033569335938 
      0.14462585    -0.0048828125 
      0.14464853    -0.0068359375 
       0.1446712  -0.008056640625 
      0.14469388  -0.008544921875 
      0.14471655  -0.0081176757812 
      0.14473923  -0.0073852539062 
       0.1447619   -0.00634765625 
      0.14478458  -0.0046691894531 
      0.14480726  -0.0032348632812 
      0.14482993  -0.0013122558594 
      0.14485261  -0.00021362304688 
      0.14487528  3.0517578125e-05 
      0.14489796  -0.00070190429688 
      0.14492063  -0.0025634765625 
      0.14494331  -0.0043640136719 
      0.14496599  -0.0067749023438 
      0.14498866  -0.0087585449219 
      0.14501134  -0.0095825195312 
      0.14503401  -0.0099487304688 
      0.14505669  -0.0097351074219 
      0.14507937  -0.0088806152344 
      0.14510204  -0.0072631835938 
      0.14512472  -0.0057067871094 
      0.14514739  -0.0039367675781 
      0.14517007  -0.0023498535156 
      0.14519274  -0.0016784667969 
      0.14521542  -0.0014038085938 
       0.1452381  -0.0022888183594 
      0.14526077  -0.0035095214844 
      0.14528345  -0.0052185058594 
      0.14530612  -0.0074157714844 
       0.1453288  -0.0090942382812 
      0.14535147  -0.010223388672 
      0.14537415  -0.010070800781 
      0.14539683  -0.010162353516 
       0.1454195  -0.0086975097656 
      0.14544218  -0.0064086914062 
      0.14546485  -0.0052795410156 
      0.14548753  -0.0033874511719 
       0.1455102  -0.0027770996094 
      0.14553288  -0.0024719238281 
      0.14555556  -0.0028991699219 
      0.14557823  -0.0046997070312 
      0.14560091  -0.0060424804688 
      0.14562358  -0.0081787109375 
      0.14564626  -0.0098266601562 
      0.14566893  -0.011627197266 
      0.14569161  -0.012603759766 
      0.14571429  -0.012176513672 
      0.14573696  -0.011749267578 
      0.14575964  -0.0099792480469 
      0.14578231  -0.0086059570312 
      0.14580499  -0.0067138671875 
      0.14582766  -0.0049133300781 
      0.14585034  -0.0041809082031 
      0.14587302  -0.0030517578125 
      0.14589569  -0.003173828125 
      0.14591837  -0.0043029785156 
      0.14594104  -0.0062255859375 
      0.14596372   -0.00830078125 
      0.14598639  -0.0097961425781 
      0.14600907  -0.011138916016 
      0.14603175  -0.011138916016 
      0.14605442  -0.011169433594 
       0.1460771  -0.010375976562 
      0.14609977  -0.0082702636719 
      0.14612245  -0.0068664550781 
      0.14614512  -0.0053100585938 
       0.1461678  -0.0039367675781 
      0.14619048  -0.0029907226562 
      0.14621315    -0.0029296875 
      0.14623583  -0.0035705566406 
       0.1462585  -0.004638671875 
      0.14628118  -0.006591796875 
      0.14630385  -0.0081787109375 
      0.14632653  -0.0097961425781 
      0.14634921  -0.011047363281 
      0.14637188   -0.01123046875 
      0.14639456  -0.011138916016 
      0.14641723  -0.010192871094 
      0.14643991  -0.0083923339844 
      0.14646259  -0.0066223144531 
      0.14648526  -0.0050659179688 
      0.14650794  -0.0040893554688 
      0.14653061  -0.0037536621094 
      0.14655329  -0.0035705566406 
      0.14657596  -0.0044860839844 
      0.14659864  -0.0065002441406 
      0.14662132  -0.0083312988281 
      0.14664399  -0.010559082031 
      0.14666667  -0.012664794922 
      0.14668934  -0.013153076172 
      0.14671202  -0.013519287109 
      0.14673469  -0.013397216797 
      0.14675737  -0.012084960938 
      0.14678005  -0.010375976562 
      0.14680272  -0.0082397460938 
       0.1468254  -0.0062561035156 
      0.14684807  -0.0050964355469 
      0.14687075  -0.0043334960938 
      0.14689342  -0.0045166015625 
       0.1469161  -0.0058898925781 
      0.14693878  -0.0074462890625 
      0.14696145  -0.0089416503906 
      0.14698413  -0.010772705078 
       0.1470068  -0.012023925781 
      0.14702948   -0.01220703125 
      0.14705215   -0.01220703125 
      0.14707483  -0.011840820312 
      0.14709751  -0.010314941406 
      0.14712018  -0.0084228515625 
      0.14714286  -0.0070190429688 
      0.14716553  -0.0055236816406 
      0.14718821  -0.0043640136719 
      0.14721088   -0.00439453125 
      0.14723356  -0.0047912597656 
      0.14725624  -0.0061340332031 
      0.14727891  -0.0077819824219 
      0.14730159   -0.00927734375 
      0.14732426  -0.011169433594 
      0.14734694  -0.011871337891 
      0.14736961  -0.012298583984 
      0.14739229  -0.011962890625 
      0.14741497  -0.010345458984 
      0.14743764  -0.0086059570312 
      0.14746032  -0.0063781738281 
      0.14748299  -0.0043334960938 
      0.14750567  -0.0024719238281 
      0.14752834  -0.0013732910156 
      0.14755102  -0.00064086914062 
       0.1475737  -0.00094604492188 
      0.14759637  -0.0028381347656 
      0.14761905  -0.0043029785156 
      0.14764172  -0.0060119628906 
       0.1476644  -0.007568359375 
      0.14768707  -0.0082397460938 
      0.14770975  -0.0089416503906 
      0.14773243  -0.0085754394531 
       0.1477551  -0.0074462890625 
      0.14777778  -0.0057067871094 
      0.14780045  -0.0037231445312 
      0.14782313  -0.0022277832031 
       0.1478458  -0.0006103515625 
      0.14786848  -0.00027465820312 
      0.14789116  -0.00045776367188 
      0.14791383  -0.0014953613281 
      0.14793651   -0.00341796875 
      0.14795918  -0.0049438476562 
      0.14798186  -0.0072326660156 
      0.14800454  -0.0082702636719 
      0.14802721  -0.009033203125 
      0.14804989  -0.0091247558594 
      0.14807256  -0.0080261230469 
      0.14809524  -0.0068664550781 
      0.14811791  -0.0050659179688 
      0.14814059  -0.0037841796875 
      0.14816327  -0.0022277832031 
      0.14818594  -0.0015563964844 
      0.14820862  -0.0012512207031 
      0.14823129  -0.0010681152344 
      0.14825397  -0.002685546875 
      0.14827664  -0.0039978027344 
      0.14829932  -0.0066528320312 
        0.148322  -0.0088195800781 
      0.14834467  -0.0095520019531 
      0.14836735  -0.010162353516 
      0.14839002  -0.0098266601562 
       0.1484127  -0.0095520019531 
      0.14843537       -0.0078125 
      0.14845805  -0.006103515625 
      0.14848073  -0.0044860839844 
       0.1485034  -0.0023498535156 
      0.14852608  -0.0015258789062 
      0.14854875  -0.00094604492188 
      0.14857143  -0.0016174316406 
       0.1485941  -0.0028076171875 
      0.14861678  -0.0045166015625 
      0.14863946  -0.0065612792969 
      0.14866213   -0.00830078125 
      0.14868481  -0.0095825195312 
      0.14870748  -0.0093994140625 
      0.14873016  -0.0091552734375 
      0.14875283  -0.0081787109375 
      0.14877551  -0.0066528320312 
      0.14879819  -0.0047912597656 
      0.14882086  -0.0022888183594 
      0.14884354  -0.0010070800781 
      0.14886621  -6.103515625e-05 
      0.14888889                0 
      0.14891156  -0.00094604492188 
      0.14893424   -0.00244140625 
      0.14895692  -0.0042419433594 
      0.14897959  -0.0052795410156 
      0.14900227  -0.006591796875 
      0.14902494  -0.0069580078125 
      0.14904762  -0.0072326660156 
      0.14907029  -0.0069274902344 
      0.14909297  -0.0050354003906 
      0.14911565  -0.0037536621094 
      0.14913832   -0.00146484375 
        0.149161  0.00021362304688 
      0.14918367  0.00064086914062 
      0.14920635  0.0015258789062 
      0.14922902  0.00079345703125 
       0.1492517  -0.00067138671875 
      0.14927438  -0.0027160644531 
      0.14929705  -0.0047302246094 
      0.14931973  -0.0065612792969 
       0.1493424  -0.0080871582031 
      0.14936508  -0.0080871582031 
      0.14938776  -0.0086364746094 
      0.14941043  -0.008056640625 
      0.14943311  -0.0070190429688 
      0.14945578  -0.0058288574219 
      0.14947846  -0.0035400390625 
      0.14950113  -0.0021667480469 
      0.14952381  -0.000732421875 
      0.14954649  -0.00033569335938 
      0.14956916  -0.00079345703125 
      0.14959184  -0.0012817382812 
      0.14961451  -0.0031433105469 
      0.14963719  -0.0051574707031 
      0.14965986  -0.0072326660156 
      0.14968254  -0.0081787109375 
      0.14970522  -0.0087280273438 
      0.14972789  -0.0090637207031 
      0.14975057  -0.008056640625 
      0.14977324  -0.0068054199219 
      0.14979592  -0.0050964355469 
      0.14981859  -0.0035400390625 
      0.14984127  -0.0022888183594 
      0.14986395  -0.0015869140625 
      0.14988662  -0.0021057128906 
       0.1499093  -0.0028076171875 
      0.14993197  -0.0043029785156 
      0.14995465  -0.0060729980469 
      0.14997732  -0.008056640625 
            0.15  -0.010009765625 
      0.15002268  -0.010803222656 
      0.15004535  -0.011535644531 
      0.15006803  -0.011474609375 
       0.1500907  -0.010131835938 
      0.15011338  -0.0082092285156 
      0.15013605  -0.006103515625 
      0.15015873  -0.0042419433594 
      0.15018141  -0.0027770996094 
      0.15020408  -0.0022277832031 
      0.15022676  -0.0025939941406 
      0.15024943  -0.0034790039062 
      0.15027211  -0.0050659179688 
      0.15029478    -0.0068359375 
      0.15031746  -0.0087280273438 
      0.15034014  -0.010375976562 
      0.15036281  -0.010620117188 
      0.15038549  -0.010528564453 
      0.15040816  -0.0094299316406 
      0.15043084  -0.0077819824219 
      0.15045351  -0.0067138671875 
      0.15047619  -0.0046997070312 
      0.15049887  -0.0025939941406 
      0.15052154  -0.0015869140625 
      0.15054422  -0.00082397460938 
      0.15056689  -0.00088500976562 
      0.15058957  -0.0021667480469 
      0.15061224  -0.0032348632812 
      0.15063492  -0.0052795410156 
       0.1506576  -0.0075073242188 
      0.15068027  -0.0081787109375 
      0.15070295  -0.0088500976562 
      0.15072562  -0.0087585449219 
       0.1507483  -0.0080261230469 
      0.15077098  -0.0068664550781 
      0.15079365  -0.0048522949219 
      0.15081633  -0.0031433105469 
        0.150839  -0.0015869140625 
      0.15086168  -0.0010375976562 
      0.15088435  -0.0012512207031 
      0.15090703  -0.0017700195312 
      0.15092971  -0.0031433105469 
      0.15095238  -0.0046691894531 
      0.15097506  -0.0063781738281 
      0.15099773  -0.0079040527344 
      0.15102041  -0.0087280273438 
      0.15104308  -0.0091857910156 
      0.15106576  -0.0090942382812 
      0.15108844  -0.0078430175781 
      0.15111111  -0.0060729980469 
      0.15113379  -0.0044250488281 
      0.15115646  -0.0023193359375 
      0.15117914  -0.0010070800781 
      0.15120181  -0.00018310546875 
      0.15122449  0.00042724609375 
      0.15124717  -0.00039672851562 
      0.15126984  -0.0016174316406 
      0.15129252  -0.0037536621094 
      0.15131519  -0.006103515625 
      0.15133787  -0.0073547363281 
      0.15136054  -0.0081176757812 
      0.15138322  -0.0075988769531 
       0.1514059   -0.00732421875 
      0.15142857  -0.0060119628906 
      0.15145125  -0.0035400390625 
      0.15147392  -0.0023193359375 
       0.1514966  -0.0001220703125 
      0.15151927  0.00076293945312 
      0.15154195  0.0010375976562 
      0.15156463  0.0012512207031 
       0.1515873  -3.0517578125e-05 
      0.15160998  -0.0008544921875 
      0.15163265  -0.0029602050781 
      0.15165533  -0.0046081542969 
        0.151678  -0.0054626464844 
      0.15170068  -0.0067443847656 
      0.15172336  -0.0067749023438 
      0.15174603  -0.0066833496094 
      0.15176871  -0.0051574707031 
      0.15179138  -0.0032043457031 
      0.15181406  -0.0020141601562 
      0.15183673  -0.00094604492188 
      0.15185941  -0.00018310546875 
      0.15188209  0.00057983398438 
      0.15190476  -0.0001220703125 
      0.15192744  -0.0011901855469 
      0.15195011  -0.0028076171875 
      0.15197279  -0.0048522949219 
      0.15199546  -0.0060424804688 
      0.15201814   -0.00732421875 
      0.15204082  -0.0074768066406 
      0.15206349  -0.0073852539062 
      0.15208617  -0.0064086914062 
      0.15210884  -0.0042114257812 
      0.15213152  -0.0018310546875 
       0.1521542  9.1552734375e-05 
      0.15217687  0.0010375976562 
      0.15219955  0.0021667480469 
      0.15222222  0.0021057128906 
       0.1522449  0.0018005371094 
      0.15226757  0.00070190429688 
      0.15229025  -0.0016174316406 
      0.15231293  -0.0028686523438 
       0.1523356  -0.0048217773438 
      0.15235828  -0.0054626464844 
      0.15238095  -0.0054321289062 
      0.15240363  -0.0061340332031 
       0.1524263  -0.0050354003906 
      0.15244898  -0.0035095214844 
      0.15247166  -0.0019836425781 
      0.15249433  3.0517578125e-05 
      0.15251701  0.0012512207031 
      0.15253968  0.0018310546875 
      0.15256236    0.00244140625 
      0.15258503  0.0020446777344 
      0.15260771    0.00048828125 
      0.15263039  -0.00088500976562 
      0.15265306  -0.0025024414062 
      0.15267574  -0.0035095214844 
      0.15269841  -0.0032958984375 
      0.15272109  -0.0033874511719 
      0.15274376  -0.0028381347656 
      0.15276644  -0.0015563964844 
      0.15278912  0.00067138671875 
      0.15281179  0.0027770996094 
      0.15283447       0.00390625 
      0.15285714  0.0050354003906 
      0.15287982   0.005126953125 
      0.15290249  0.0048522949219 
      0.15292517  0.0042419433594 
      0.15294785  0.0027465820312 
      0.15297052  0.00079345703125 
       0.1529932  -0.0015563964844 
      0.15301587  -0.0029907226562 
      0.15303855  -0.003662109375 
      0.15306122  -0.0039978027344 
       0.1530839  -0.0031127929688 
      0.15310658  -0.0018005371094 
      0.15312925  -0.0001220703125 
      0.15315193  0.0018920898438 
       0.1531746  0.0034790039062 
      0.15319728  0.0046081542969 
      0.15321995  0.0051574707031 
      0.15324263  0.0054016113281 
      0.15326531  0.0044555664062 
      0.15328798  0.0029907226562 
      0.15331066  0.0015258789062 
      0.15333333  3.0517578125e-05 
      0.15335601  -0.00082397460938 
      0.15337868  -0.0013122558594 
      0.15340136  -0.0010986328125 
      0.15342404  -0.0001220703125 
      0.15344671  0.0016479492188 
      0.15346939  0.0034484863281 
      0.15349206  0.0051879882812 
      0.15351474  0.0068969726562 
      0.15353741  0.0074462890625 
      0.15356009  0.0077819824219 
      0.15358277  0.0065307617188 
      0.15360544  0.0046997070312 
      0.15362812  0.0030517578125 
      0.15365079  0.00064086914062 
      0.15367347  -0.00045776367188 
      0.15369615  -0.0014038085938 
      0.15371882  -0.0018310546875 
       0.1537415  -0.0015563964844 
      0.15376417  -0.00030517578125 
      0.15378685  0.0019226074219 
      0.15380952  0.0034484863281 
       0.1538322  0.0051879882812 
      0.15385488  0.0059814453125 
      0.15387755  0.0066833496094 
      0.15390023     0.0068359375 
       0.1539229  0.0052185058594 
      0.15394558  0.0040283203125 
      0.15396825  0.0017395019531 
      0.15399093  0.0001220703125 
      0.15401361  -0.00045776367188 
      0.15403628  -0.0010375976562 
      0.15405896  -0.0011596679688 
      0.15408163  -0.0010070800781 
      0.15410431  0.00045776367188 
      0.15412698  0.0022583007812 
      0.15414966  0.0039367675781 
      0.15417234  0.0054931640625 
      0.15419501  0.0061645507812 
      0.15421769  0.0066833496094 
      0.15424036  0.0071411132812 
      0.15426304  0.0061950683594 
      0.15428571  0.0044250488281 
      0.15430839   0.002685546875 
      0.15433107  0.0008544921875 
      0.15435374  -0.00033569335938 
      0.15437642  -0.00082397460938 
      0.15439909  -0.0011596679688 
      0.15442177  -0.00057983398438 
      0.15444444  0.00082397460938 
      0.15446712  0.0020141601562 
       0.1544898  0.0035400390625 
      0.15451247  0.0050354003906 
      0.15453515  0.0057678222656 
      0.15455782  0.0054931640625 
       0.1545805     0.0048828125 
      0.15460317  0.0035705566406 
      0.15462585    0.00146484375 
      0.15464853  -0.00033569335938 
       0.1546712  -0.0021667480469 
      0.15469388  -0.0032653808594 
      0.15471655  -0.0036315917969 
      0.15473923  -0.0031127929688 
       0.1547619  -0.0014953613281 
      0.15478458  3.0517578125e-05 
      0.15480726      0.001953125 
      0.15482993       0.00390625 
      0.15485261  0.0047912597656 
      0.15487528   0.005615234375 
      0.15489796      0.005859375 
      0.15492063   0.005126953125 
      0.15494331  0.0038452148438 
      0.15496599   0.002197265625 
      0.15498866  0.00064086914062 
      0.15501134    -0.0009765625 
      0.15503401  -0.0012817382812 
      0.15505669  -0.0010681152344 
      0.15507937  -0.00091552734375 
      0.15510204  0.00030517578125 
      0.15512472    0.00146484375 
      0.15514739   0.003173828125 
      0.15517007  0.0046997070312 
      0.15519274      0.005859375 
      0.15521542  0.0072326660156 
       0.1552381  0.0068664550781 
      0.15526077  0.0061950683594 
      0.15528345  0.0052185058594 
      0.15530612  0.0033264160156 
       0.1553288  0.0016174316406 
      0.15535147  0.00015258789062 
      0.15537415  -0.00045776367188 
      0.15539683  -0.0010681152344 
       0.1554195  -0.00076293945312 
      0.15544218  0.0010375976562 
      0.15546485  0.0029907226562 
      0.15548753  0.0047302246094 
       0.1555102  0.0056762695312 
      0.15553288  0.0067749023438 
      0.15555556  0.0067749023438 
      0.15557823  0.0062255859375 
      0.15560091  0.0053405761719 
      0.15562358  0.0032958984375 
      0.15564626  0.0016479492188 
      0.15566893  -0.00027465820312 
      0.15569161  -0.0015869140625 
      0.15571429     -0.001953125 
      0.15573696  -0.0018615722656 
      0.15575964  -0.00070190429688 
      0.15578231  0.00091552734375 
      0.15580499  0.0027770996094 
      0.15582766  0.0042724609375 
      0.15585034   0.005615234375 
      0.15587302  0.0064086914062 
      0.15589569  0.0064697265625 
      0.15591837  0.0059204101562 
      0.15594104   0.004150390625 
      0.15596372  0.0029602050781 
      0.15598639  0.0010070800781 
      0.15600907  -0.0011291503906 
      0.15603175     -0.001953125 
      0.15605442    -0.0029296875 
       0.1560771  -0.0025024414062 
      0.15609977  -0.0011596679688 
      0.15612245  0.0003662109375 
      0.15614512  0.0018310546875 
       0.1561678  0.0030822753906 
      0.15619048  0.0047607421875 
      0.15621315  0.0053405761719 
      0.15623583   0.005615234375 
       0.1562585  0.0048217773438 
      0.15628118  0.0028686523438 
      0.15630385  0.0012817382812 
      0.15632653  -0.0006103515625 
      0.15634921  -0.0016174316406 
      0.15637188  -0.0018615722656 
      0.15639456  -0.0019836425781 
      0.15641723  -0.0011901855469 
      0.15643991  3.0517578125e-05 
      0.15646259   0.001220703125 
      0.15648526  0.0028076171875 
      0.15650794  0.0049438476562 
      0.15653061  0.0062561035156 
      0.15655329  0.0065307617188 
      0.15657596  0.0059509277344 
      0.15659864  0.0042724609375 
      0.15662132  0.0027770996094 
      0.15664399  0.0010070800781 
      0.15666667  -0.00091552734375 
      0.15668934  -0.0019836425781 
      0.15671202  -0.0026245117188 
      0.15673469  -0.0028076171875 
      0.15675737  -0.0023803710938 
      0.15678005  -0.0011901855469 
      0.15680272  0.00015258789062 
       0.1568254  0.0016174316406 
      0.15684807  0.0028076171875 
      0.15687075  0.0033874511719 
      0.15689342   0.003662109375 
       0.1569161  0.0027160644531 
      0.15693878  0.0013732910156 
      0.15696145  -0.00021362304688 
      0.15698413  -0.0019226074219 
       0.1570068    -0.0029296875 
      0.15702948  -0.0041198730469 
      0.15705215  -0.0041809082031 
      0.15707483  -0.0042114257812 
      0.15709751  -0.0035400390625 
      0.15712018  -0.0015869140625 
      0.15714286  -9.1552734375e-05 
      0.15716553  0.0019226074219 
      0.15718821  0.0030822753906 
      0.15721088   0.004150390625 
      0.15723356  0.0053100585938 
      0.15725624  0.0049743652344 
      0.15727891  0.0037231445312 
      0.15730159  0.0018005371094 
      0.15732426  -0.0001220703125 
      0.15734694  -0.0017700195312 
      0.15736961  -0.0024719238281 
      0.15739229  -0.0030822753906 
      0.15741497  -0.0030517578125 
      0.15743764  -0.0014038085938 
      0.15746032  -6.103515625e-05 
      0.15748299   0.001220703125 
      0.15750567  0.0024719238281 
      0.15752834  0.0035400390625 
      0.15755102  0.0044860839844 
       0.1575737   0.004150390625 
      0.15759637  0.0032653808594 
      0.15761905  0.0011291503906 
      0.15764172  -0.0010375976562 
       0.1576644  -0.0025634765625 
      0.15768707  -0.004150390625 
      0.15770975  -0.0046081542969 
      0.15773243  -0.0050048828125 
       0.1577551  -0.0042114257812 
      0.15777778  -0.0022277832031 
      0.15780045  -0.00057983398438 
      0.15782313  0.0014343261719 
       0.1578458  0.0026550292969 
      0.15786848  0.0036010742188 
      0.15789116  0.0039367675781 
      0.15791383  0.0032653808594 
      0.15793651  0.0021362304688 
      0.15795918  0.00033569335938 
      0.15798186  -0.00091552734375 
      0.15800454  -0.0025024414062 
      0.15802721  -0.003662109375 
      0.15804989  -0.0039367675781 
      0.15807256  -0.0041198730469 
      0.15809524  -0.0031433105469 
      0.15811791  -0.0021057128906 
      0.15814059  -0.00054931640625 
      0.15816327  0.0010986328125 
      0.15818594    0.00244140625 
      0.15820862  0.0036010742188 
      0.15823129  0.0034484863281 
      0.15825397  0.0026550292969 
      0.15827664  0.0014953613281 
      0.15829932   0.000244140625 
        0.158322  -0.0010986328125 
      0.15834467  -0.0030822753906 
      0.15836735  -0.0040588378906 
      0.15839002  -0.0047607421875 
       0.1584127  -0.0049133300781 
      0.15843537  -0.0035400390625 
      0.15845805  -0.0016479492188 
      0.15848073  0.00045776367188 
       0.1585034  0.0018005371094 
      0.15852608  0.0027770996094 
      0.15854875  0.0030517578125 
      0.15857143  0.0027465820312 
       0.1585941  0.0021057128906 
      0.15861678  0.00054931640625 
      0.15863946  -0.000732421875 
      0.15866213  -0.0025634765625 
      0.15868481  -0.0039367675781 
      0.15870748  -0.004150390625 
      0.15873016  -0.0046997070312 
      0.15875283  -0.0045166015625 
      0.15877551  -0.0033569335938 
      0.15879819  -0.0014953613281 
      0.15882086  0.00030517578125 
      0.15884354  0.0016784667969 
      0.15886621  0.0024719238281 
      0.15888889  0.0027160644531 
      0.15891156  0.0029602050781 
      0.15893424   0.002197265625 
      0.15895692  0.0010986328125 
      0.15897959  -0.0006103515625 
      0.15900227  -0.0033264160156 
      0.15902494  -0.0045166015625 
      0.15904762  -0.0049438476562 
      0.15907029  -0.0047302246094 
      0.15909297  -0.0038146972656 
      0.15911565  -0.0029907226562 
      0.15913832  -0.0012817382812 
        0.159161  0.00015258789062 
      0.15918367  0.0016784667969 
      0.15920635  0.0028076171875 
      0.15922902  0.0030212402344 
       0.1592517  0.0027160644531 
      0.15927438  0.0014953613281 
      0.15929705   0.000244140625 
      0.15931973  -0.0018920898438 
       0.1593424  -0.0034484863281 
      0.15936508  -0.0040588378906 
      0.15938776  -0.004638671875 
      0.15941043  -0.0043640136719 
      0.15943311  -0.0039978027344 
      0.15945578  -0.0025329589844 
      0.15947846  -0.00076293945312 
      0.15950113  0.0008544921875 
      0.15952381  0.0024108886719 
      0.15954649  0.0024108886719 
      0.15956916  0.0023193359375 
      0.15959184  0.0016784667969 
      0.15961451  0.00045776367188 
      0.15963719    -0.0009765625 
      0.15965986  -0.0032958984375 
      0.15968254  -0.0050964355469 
      0.15970522  -0.0061950683594 
      0.15972789  -0.0062866210938 
      0.15975057  -0.0059509277344 
      0.15977324    -0.0048828125 
      0.15979592  -0.0030822753906 
      0.15981859  -0.0018310546875 
      0.15984127  0.0001220703125 
      0.15986395   0.001220703125 
      0.15988662  0.0018310546875 
       0.1599093  0.0021667480469 
      0.15993197  0.0010986328125 
      0.15995465  0.00042724609375 
      0.15997732  -0.0010681152344 
            0.16  -0.0028381347656 
      0.16002268  -0.0040893554688 
      0.16004535  -0.0043334960938 
      0.16006803  -0.0038452148438 
       0.1600907  -0.0035095214844 
      0.16011338  -0.0018310546875 
      0.16013605  -0.00079345703125 
      0.16015873     0.0009765625 
      0.16018141   0.003173828125 
      0.16020408  0.0039672851562 
      0.16022676  0.0046997070312 
      0.16024943  0.0043640136719 
      0.16027211  0.0033569335938 
      0.16029478  0.0020141601562 
      0.16031746  0.0003662109375 
      0.16034014  -0.0011291503906 
      0.16036281   -0.00244140625 
      0.16038549  -0.003173828125 
      0.16040816  -0.0034484863281 
      0.16043084  -0.0027770996094 
      0.16045351  -0.0013122558594 
      0.16047619  0.00021362304688 
      0.16049887  0.0018310546875 
      0.16052154  0.0031127929688 
      0.16054422  0.0039672851562 
      0.16056689    0.00439453125 
      0.16058957       0.00390625 
      0.16061224   0.002685546875 
      0.16063492     0.0009765625 
       0.1606576  -0.0003662109375 
      0.16068027  -0.0017700195312 
      0.16070295  -0.0026245117188 
      0.16072562  -0.0026245117188 
       0.1607483  -0.0021057128906 
      0.16077098  -0.00064086914062 
      0.16079365  0.0012512207031 
      0.16081633  0.0032958984375 
        0.160839  0.0050354003906 
      0.16086168    0.00634765625 
      0.16088435   0.007568359375 
      0.16090703  0.0079956054688 
      0.16092971  0.0075073242188 
      0.16095238  0.0064697265625 
      0.16097506  0.0047607421875 
      0.16099773  0.0032043457031 
      0.16102041  0.0017395019531 
      0.16104308  0.00051879882812 
      0.16106576  -0.0006103515625 
      0.16108844  -0.00067138671875 
      0.16111111  0.00033569335938 
      0.16113379  0.0015563964844 
      0.16115646  0.0032348632812 
      0.16117914  0.0042724609375 
      0.16120181  0.0052490234375 
      0.16122449  0.0054626464844 
      0.16124717  0.0048217773438 
      0.16126984  0.0038757324219 
      0.16129252  0.0021057128906 
      0.16131519   0.000244140625 
      0.16133787  -0.0021057128906 
      0.16136054  -0.0032043457031 
      0.16138322  -0.0032958984375 
       0.1614059  -0.0033569335938 
      0.16142857     -0.001953125 
      0.16145125  -0.0006103515625 
      0.16147392  0.00082397460938 
       0.1614966    0.00244140625 
      0.16151927  0.0043640136719 
      0.16154195  0.0058288574219 
      0.16156463  0.0060424804688 
       0.1615873  0.0057067871094 
      0.16160998  0.0040893554688 
      0.16163265   0.002685546875 
      0.16165533  0.0011291503906 
        0.161678  -0.00057983398438 
      0.16170068  -0.0014343261719 
      0.16172336  -0.0023498535156 
      0.16174603  -0.002197265625 
      0.16176871   -0.00146484375 
      0.16179138  -0.0001220703125 
      0.16181406  0.0015869140625 
      0.16183673  0.0025634765625 
      0.16185941  0.0039978027344 
      0.16188209   0.004150390625 
      0.16190476  0.0043029785156 
      0.16192744  0.0042114257812 
      0.16195011  0.0029602050781 
      0.16197279  0.0021057128906 
      0.16199546  0.00030517578125 
      0.16201814  -0.0010681152344 
      0.16204082  -0.0015869140625 
      0.16206349  -0.0021057128906 
      0.16208617  -0.0016174316406 
      0.16210884   -0.00048828125 
      0.16213152  0.0013732910156 
       0.1621542  0.0026550292969 
      0.16217687  0.0043640136719 
      0.16219955  0.0061950683594 
      0.16222222  0.0069274902344 
       0.1622449  0.0072631835938 
      0.16226757  0.0065002441406 
      0.16229025  0.0049438476562 
      0.16231293     0.0029296875 
       0.1623356  0.0013122558594 
      0.16235828                0 
      0.16238095  -0.00088500976562 
      0.16240363  -0.00088500976562 
       0.1624263  -0.0011596679688 
      0.16244898  -9.1552734375e-05 
      0.16247166   0.001220703125 
      0.16249433   0.002197265625 
      0.16251701  0.0042724609375 
      0.16253968  0.0051879882812 
      0.16256236  0.0057983398438 
      0.16258503  0.0056457519531 
      0.16260771  0.0040893554688 
      0.16263039   0.002685546875 
      0.16265306  0.00054931640625 
      0.16267574  -0.0010986328125 
      0.16269841  -0.0020751953125 
      0.16272109  -0.0025024414062 
      0.16274376  -0.0025634765625 
      0.16276644  -0.0017700195312 
      0.16278912  6.103515625e-05 
      0.16281179    0.00146484375 
      0.16283447  0.0036315917969 
      0.16285714  0.0050354003906 
      0.16287982  0.0057067871094 
      0.16290249  0.0061950683594 
      0.16292517  0.0054321289062 
      0.16294785  0.0046691894531 
      0.16297052  0.0030517578125 
       0.1629932  0.0011291503906 
      0.16301587  -3.0517578125e-05 
      0.16303855  -0.0011901855469 
      0.16306122  -0.001708984375 
       0.1630839  -0.0020446777344 
      0.16310658  -0.0014038085938 
      0.16312925  0.00018310546875 
      0.16315193  0.0014953613281 
       0.1631746  0.0030212402344 
      0.16319728  0.0037536621094 
      0.16321995  0.0041809082031 
      0.16324263    0.00439453125 
      0.16326531  0.0032043457031 
      0.16328798  0.0016784667969 
      0.16331066  -0.00045776367188 
      0.16333333  -0.0018005371094 
      0.16335601  -0.002685546875 
      0.16337868  -0.0035095214844 
      0.16340136  -0.0039672851562 
      0.16342404  -0.0039978027344 
      0.16344671  -0.0026245117188 
      0.16346939  -0.0013427734375 
      0.16349206  0.00042724609375 
      0.16351474  0.0020446777344 
      0.16353741  0.0028991699219 
      0.16356009  0.0038757324219 
      0.16358277  0.0038146972656 
      0.16360544  0.0032958984375 
      0.16362812  0.0021057128906 
      0.16365079  0.0003662109375 
      0.16367347  -0.00094604492188 
      0.16369615  -0.0023498535156 
      0.16371882  -0.0028686523438 
       0.1637415  -0.0030212402344 
      0.16376417  -0.0031433105469 
      0.16378685  -0.0016174316406 
      0.16380952  0.00015258789062 
       0.1638322  0.0014953613281 
      0.16385488  0.0030517578125 
      0.16387755  0.0042114257812 
      0.16390023  0.0047912597656 
       0.1639229     0.0048828125 
      0.16394558  0.0039672851562 
      0.16396825  0.0023498535156 
      0.16399093   0.000732421875 
      0.16401361  -0.0010070800781 
      0.16403628  -0.0019226074219 
      0.16405896  -0.0025939941406 
      0.16408163    -0.0029296875 
      0.16410431  -0.0019226074219 
      0.16412698  -0.00039672851562 
      0.16414966  0.0013122558594 
      0.16417234   0.002685546875 
      0.16419501  0.0036926269531 
      0.16421769  0.0038452148438 
      0.16424036  0.0036315917969 
      0.16426304    0.00341796875 
      0.16428571  0.0016784667969 
      0.16430839  -0.0001220703125 
      0.16433107  -0.0020751953125 
      0.16435374  -0.0040283203125 
      0.16437642  -0.005126953125 
      0.16439909  -0.0060424804688 
      0.16442177  -0.0062866210938 
      0.16444444  -0.0057373046875 
      0.16446712  -0.004150390625 
       0.1644898  -0.0024719238281 
      0.16451247    -0.0009765625 
      0.16453515    0.00048828125 
      0.16455782  0.0010681152344 
       0.1645805  0.0012512207031 
      0.16460317  0.00076293945312 
      0.16462585  -0.00051879882812 
      0.16464853  -0.0018920898438 
       0.1646712  -0.0037841796875 
      0.16469388  -0.0049438476562 
      0.16471655  -0.005615234375 
      0.16473923  -0.0057983398438 
       0.1647619  -0.005126953125 
      0.16478458  -0.0044555664062 
      0.16480726  -0.0029602050781 
      0.16482993  -0.0017395019531 
      0.16485261   -0.00048828125 
      0.16487528   0.000732421875 
      0.16489796     0.0009765625 
      0.16492063  0.00070190429688 
      0.16494331  -0.00057983398438 
      0.16496599  -0.002197265625 
      0.16498866  -0.0046691894531 
      0.16501134  -0.006591796875 
      0.16503401  -0.0076904296875 
      0.16505669  -0.008544921875 
      0.16507937  -0.0079345703125 
      0.16510204  -0.0074157714844 
      0.16512472  -0.0058288574219 
      0.16514739  -0.0042114257812 
      0.16517007  -0.002685546875 
      0.16519274  -0.00091552734375 
      0.16521542  -0.00015258789062 
       0.1652381  0.00079345703125 
      0.16526077  0.0003662109375 
      0.16528345  -0.00067138671875 
      0.16530612  -0.0015563964844 
       0.1653288  -0.003173828125 
      0.16535147  -0.0045166015625 
      0.16537415  -0.0057067871094 
      0.16539683  -0.0059814453125 
       0.1654195  -0.0060424804688 
      0.16544218   -0.00537109375 
      0.16546485  -0.0036010742188 
      0.16548753  -0.0026245117188 
       0.1655102  -0.0010375976562 
      0.16553288  9.1552734375e-05 
      0.16555556  0.00051879882812 
      0.16557823  0.00082397460938 
      0.16560091  -3.0517578125e-05 
      0.16562358  -0.000732421875 
      0.16564626  -0.0023803710938 
      0.16566893  -0.0042114257812 
      0.16569161  -0.0054321289062 
      0.16571429  -0.0061950683594 
      0.16573696  -0.006103515625 
      0.16575964  -0.0060729980469 
      0.16578231  -0.0047302246094 
      0.16580499  -0.0035705566406 
      0.16582766  -0.0021057128906 
      0.16585034  0.00030517578125 
      0.16587302  0.0008544921875 
      0.16589569  0.0016174316406 
      0.16591837  0.0016479492188 
      0.16594104  0.00057983398438 
      0.16596372  -0.00030517578125 
      0.16598639  -0.0021362304688 
      0.16600907  -0.0039367675781 
      0.16603175  -0.0054931640625 
      0.16605442  -0.0060424804688 
       0.1660771  -0.0062255859375 
      0.16609977  -0.0062561035156 
      0.16612245  -0.0051574707031 
      0.16614512  -0.0039367675781 
       0.1661678  -0.0021057128906 
      0.16619048  -0.00045776367188 
      0.16621315  0.00057983398438 
      0.16623583  0.0011901855469 
       0.1662585  0.00064086914062 
      0.16628118  6.103515625e-05 
      0.16630385  -0.0013427734375 
      0.16632653  -0.0027770996094 
      0.16634921  -0.0039978027344 
      0.16637188  -0.0054321289062 
      0.16639456  -0.0056457519531 
      0.16641723  -0.0059204101562 
      0.16643991  -0.0050048828125 
      0.16646259  -0.0030517578125 
      0.16648526  -0.0016784667969 
      0.16650794   0.000244140625 
      0.16653061  0.0012817382812 
      0.16655329  0.0020141601562 
      0.16657596  0.0025329589844 
      0.16659864  0.0020141601562 
      0.16662132  0.00088500976562 
      0.16664399  -0.000732421875 
      0.16666667     -0.001953125 
      0.16668934  -0.0036315917969 
      0.16671202  -0.0045776367188 
      0.16673469  -0.0049133300781 
      0.16675737  -0.0051574707031 
      0.16678005  -0.0042114257812 
      0.16680272  -0.0034484863281 
       0.1668254  -0.0023498535156 
      0.16684807  -0.0014038085938 
      0.16687075  -0.00021362304688 
      0.16689342  0.00088500976562 
       0.1669161  0.00079345703125 
      0.16693878   0.000244140625 
      0.16696145  -0.0017395019531 
      0.16698413  -0.0038757324219 
       0.1670068  -0.0054931640625 
      0.16702948  -0.0069885253906 
      0.16705215  -0.0080261230469 
      0.16707483    -0.0087890625 
      0.16709751  -0.0083923339844 
      0.16712018   -0.00732421875 
      0.16714286  -0.0061645507812 
      0.16716553  -0.0045166015625 
      0.16718821  -0.0030517578125 
      0.16721088  -0.0017700195312 
      0.16723356  -0.0013427734375 
      0.16725624  -0.0014953613281 
      0.16727891  -0.0023803710938 
      0.16730159  -0.0036926269531 
      0.16732426    -0.0048828125 
      0.16734694  -0.0067749023438 
      0.16736961  -0.0079040527344 
      0.16739229  -0.0088500976562 
      0.16741497  -0.0092163085938 
      0.16743764  -0.0082702636719 
      0.16746032  -0.0072021484375 
      0.16748299  -0.0055847167969 
      0.16750567  -0.0043640136719 
      0.16752834  -0.0025939941406 
      0.16755102   -0.00146484375 
       0.1675737  -0.0013732910156 
      0.16759637  -0.0014343261719 
      0.16761905  -0.0027160644531 
      0.16764172      -0.00390625 
       0.1676644  -0.0054626464844 
      0.16768707  -0.0067443847656 
      0.16770975   -0.00732421875 
      0.16773243  -0.0082397460938 
       0.1677551  -0.0082397460938 
      0.16777778  -0.0076599121094 
      0.16780045  -0.0061340332031 
      0.16782313  -0.0044860839844 
       0.1678458  -0.0030212402344 
      0.16786848  -0.0013122558594 
      0.16789116  -0.0008544921875 
      0.16791383  -0.00064086914062 
      0.16793651  -0.00094604492188 
      0.16795918     -0.001953125 
      0.16798186  -0.0035400390625 
      0.16800454  -0.005615234375 
      0.16802721  -0.0068969726562 
      0.16804989  -0.0077209472656 
      0.16807256  -0.007568359375 
      0.16809524  -0.0073547363281 
      0.16811791  -0.0064697265625 
      0.16814059  -0.0050048828125 
      0.16816327  -0.0037536621094 
      0.16818594  -0.0016174316406 
      0.16820862  -0.00027465820312 
      0.16823129    0.00048828125 
      0.16825397  0.00076293945312 
      0.16827664  0.00018310546875 
      0.16829932  -0.0006103515625 
        0.168322  -0.0024108886719 
      0.16834467  -0.0038146972656 
      0.16836735  -0.0053405761719 
      0.16839002  -0.0067138671875 
       0.1684127  -0.0069274902344 
      0.16843537  -0.0063171386719 
      0.16845805  -0.0047607421875 
      0.16848073  -0.0032043457031 
       0.1685034  -0.0017395019531 
      0.16852608  -0.0003662109375 
      0.16854875  0.00067138671875 
      0.16857143  0.0015563964844 
       0.1685941  0.0013427734375 
      0.16861678  0.00051879882812 
      0.16863946  -0.00094604492188 
      0.16866213  -0.002197265625 
      0.16868481   -0.00341796875 
      0.16870748  -0.0048217773438 
      0.16873016  -0.0051574707031 
      0.16875283  -0.005126953125 
      0.16877551  -0.0040893554688 
      0.16879819  -0.0025634765625 
      0.16882086  -0.0012512207031 
      0.16884354  0.00067138671875 
      0.16886621  0.0017700195312 
      0.16888889  0.0025024414062 
      0.16891156    0.00244140625 
      0.16893424   0.001708984375 
      0.16895692  0.00070190429688 
      0.16897959  -0.0012512207031 
      0.16900227  -0.0026245117188 
      0.16902494  -0.0044250488281 
      0.16904762  -0.0056457519531 
      0.16907029  -0.0061645507812 
      0.16909297  -0.0062255859375 
      0.16911565  -0.0048217773438 
      0.16913832  -0.0036926269531 
        0.169161  -0.0020141601562 
      0.16918367  -0.0001220703125 
      0.16920635  0.00079345703125 
      0.16922902  0.0015563964844 
       0.1692517  0.0016479492188 
      0.16927438  0.0013122558594 
      0.16929705  0.0006103515625 
      0.16931973  -0.00027465820312 
       0.1693424  -0.0013427734375 
      0.16936508  -0.0025024414062 
      0.16938776  -0.0027465820312 
      0.16941043  -0.0029907226562 
      0.16943311  -0.0030517578125 
      0.16945578  -0.0023193359375 
      0.16947846  -0.0010070800781 
      0.16950113  0.00067138671875 
      0.16952381  0.0018005371094 
      0.16954649  0.0030822753906 
      0.16956916  0.0038452148438 
      0.16959184  0.0039367675781 
      0.16961451  0.0035400390625 
      0.16963719  0.0016784667969 
      0.16965986  0.00054931640625 
      0.16968254  -0.0015258789062 
      0.16970522  -0.0028686523438 
      0.16972789  -0.0029907226562 
      0.16975057  -0.0039672851562 
      0.16977324  -0.0032653808594 
      0.16979592  -0.0023803710938 
      0.16981859  -0.000732421875 
      0.16984127  0.0011291503906 
      0.16986395  0.0022888183594 
      0.16988662  0.0041809082031 
       0.1699093  0.0043640136719 
      0.16993197  0.0042114257812 
      0.16995465  0.0036010742188 
      0.16997732  0.0016784667969 
            0.17  0.00021362304688 
      0.17002268  -0.0013122558594 
      0.17004535  -0.0022888183594 
      0.17006803  -0.0028076171875 
       0.1700907  -0.0026550292969 
      0.17011338  -0.0015563964844 
      0.17013605  -0.00033569335938 
      0.17015873    0.00146484375 
      0.17018141  0.0032653808594 
      0.17020408  0.0046997070312 
      0.17022676  0.0059204101562 
      0.17024943  0.0061340332031 
      0.17027211  0.0056457519531 
      0.17029478   0.004638671875 
      0.17031746  0.0032043457031 
      0.17034014  0.0016784667969 
      0.17036281  0.00045776367188 
      0.17038549  -0.00039672851562 
      0.17040816  -0.00094604492188 
      0.17043084  -0.0003662109375 
      0.17045351   0.000732421875 
      0.17047619  0.0020141601562 
      0.17049887  0.0035705566406 
      0.17052154   0.004638671875 
      0.17054422  0.0057983398438 
      0.17056689  0.0064697265625 
      0.17058957    0.00634765625 
      0.17061224  0.0059204101562 
      0.17063492  0.0048217773438 
       0.1706576  0.0037231445312 
      0.17068027  0.0025329589844 
      0.17070295  0.0014038085938 
      0.17072562  0.00051879882812 
       0.1707483   0.000244140625 
      0.17077098  0.0008544921875 
      0.17079365      0.001953125 
      0.17081633  0.0038146972656 
        0.170839  0.0053405761719 
      0.17086168  0.0068054199219 
      0.17088435  0.0082702636719 
      0.17090703  0.0086059570312 
      0.17092971   0.008544921875 
      0.17095238  0.0079040527344 
      0.17097506  0.0065307617188 
      0.17099773  0.0046691894531 
      0.17102041  0.0033874511719 
      0.17104308  0.0023498535156 
      0.17106576  0.0013122558594 
      0.17108844  0.0016479492188 
      0.17111111  0.0018005371094 
      0.17113379  0.0029602050781 
      0.17115646  0.0042419433594 
      0.17117914  0.0055541992188 
      0.17120181  0.0077514648438 
      0.17122449  0.0088195800781 
      0.17124717  0.0095520019531 
      0.17126984  0.0089111328125 
      0.17129252  0.0079040527344 
      0.17131519  0.0069885253906 
      0.17133787  0.0054321289062 
      0.17136054  0.0044860839844 
      0.17138322  0.0034790039062 
       0.1714059  0.0035400390625 
      0.17142857  0.0038757324219 
      0.17145125  0.0044250488281 
      0.17147392  0.0064392089844 
       0.1714966  0.0075988769531 
      0.17151927  0.0088806152344 
      0.17154195   0.010406494141 
      0.17156463   0.011047363281 
       0.1715873   0.011383056641 
      0.17160998   0.010864257812 
      0.17163265  0.0097351074219 
      0.17165533  0.0081176757812 
        0.171678  0.0067749023438 
      0.17170068   0.005615234375 
      0.17172336  0.0044555664062 
      0.17174603  0.0042114257812 
      0.17176871  0.0044860839844 
      0.17179138  0.0057983398438 
      0.17181406  0.0071105957031 
      0.17183673  0.0084533691406 
      0.17185941  0.0099792480469 
      0.17188209   0.011047363281 
      0.17190476   0.012054443359 
      0.17192744   0.012115478516 
      0.17195011   0.011688232422 
      0.17197279   0.010559082031 
      0.17199546  0.0090637207031 
      0.17201814  0.0083312988281 
      0.17204082     0.0068359375 
      0.17206349  0.0062255859375 
      0.17208617  0.0060119628906 
      0.17210884  0.0057678222656 
      0.17213152   0.007080078125 
       0.1721542  0.0087585449219 
      0.17217687   0.010345458984 
      0.17219955   0.011749267578 
      0.17222222   0.012969970703 
       0.1722449   0.013488769531 
      0.17226757    0.01318359375 
      0.17229025   0.012542724609 
      0.17231293    0.01123046875 
       0.1723356  0.0098571777344 
      0.17235828  0.0083312988281 
      0.17238095  0.0072326660156 
      0.17240363  0.0070190429688 
       0.1724263  0.0071105957031 
      0.17244898  0.0077819824219 
      0.17247166  0.0089721679688 
      0.17249433   0.010467529297 
      0.17251701   0.011627197266 
      0.17253968   0.013122558594 
      0.17256236   0.014617919922 
      0.17258503   0.014587402344 
      0.17260771   0.014282226562 
      0.17263039    0.01318359375 
      0.17265306   0.011291503906 
      0.17267574    0.01025390625 
      0.17269841  0.0089111328125 
      0.17272109  0.0076293945312 
      0.17274376  0.0068664550781 
      0.17276644  0.0066528320312 
      0.17278912  0.0075073242188 
      0.17281179  0.0091247558594 
      0.17283447   0.010589599609 
      0.17285714   0.011505126953 
      0.17287982   0.012817382812 
      0.17290249   0.013916015625 
      0.17292517   0.014007568359 
      0.17294785   0.013275146484 
      0.17297052   0.011779785156 
       0.1729932   0.010467529297 
      0.17301587  0.0091552734375 
      0.17303855  0.0078430175781 
      0.17306122  0.0068969726562 
       0.1730839     0.0068359375 
      0.17310658  0.0070190429688 
      0.17312925  0.0080871582031 
      0.17315193   0.010131835938 
       0.1731746   0.011749267578 
      0.17319728   0.013488769531 
      0.17321995   0.014343261719 
      0.17324263   0.014587402344 
      0.17326531   0.014556884766 
      0.17328798   0.013488769531 
      0.17331066   0.012298583984 
      0.17333333   0.010650634766 
      0.17335601  0.0094909667969 
      0.17337868  0.0083618164062 
      0.17340136  0.0075378417969 
      0.17342404  0.0077209472656 
      0.17344671  0.0072937011719 
      0.17346939  0.0081176757812 
      0.17349206  0.0096130371094 
      0.17351474  0.0099792480469 
      0.17353741   0.011199951172 
      0.17356009   0.011779785156 
      0.17358277   0.011962890625 
      0.17360544   0.012237548828 
      0.17362812   0.011169433594 
      0.17365079  0.0097351074219 
      0.17367347  0.0079956054688 
      0.17369615  0.0066833496094 
      0.17371882  0.0054321289062 
       0.1737415  0.0046691894531 
      0.17376417  0.0049438476562 
      0.17378685  0.0055541992188 
      0.17380952   0.007080078125 
       0.1738322  0.0084533691406 
      0.17385488   0.010192871094 
      0.17387755   0.011840820312 
      0.17390023   0.011932373047 
       0.1739229   0.012329101562 
      0.17394558   0.012084960938 
      0.17396825   0.011077880859 
      0.17399093  0.0095825195312 
      0.17401361  0.0074462890625 
      0.17403628  0.0057373046875 
      0.17405896  0.0045166015625 
      0.17408163  0.0040893554688 
      0.17410431  0.0040283203125 
      0.17412698  0.0047302246094 
      0.17414966  0.0061645507812 
      0.17417234  0.0071411132812 
      0.17419501   0.008544921875 
      0.17421769  0.0093383789062 
      0.17424036  0.0097351074219 
      0.17426304  0.0095825195312 
      0.17428571  0.0086669921875 
      0.17430839  0.0079345703125 
      0.17433107  0.0064086914062 
      0.17435374  0.0050964355469 
      0.17437642  0.0038757324219 
      0.17439909  0.0031127929688 
      0.17442177  0.0034790039062 
      0.17444444    0.00341796875 
      0.17446712   0.004150390625 
       0.1744898  0.0054016113281 
      0.17451247  0.0066528320312 
      0.17453515    0.00830078125 
      0.17455782  0.0096130371094 
       0.1745805   0.010131835938 
      0.17460317   0.009521484375 
      0.17462585  0.0088500976562 
      0.17464853  0.0071716308594 
       0.1746712  0.0054016113281 
      0.17469388  0.0045776367188 
      0.17471655  0.0030517578125 
      0.17473923   0.002197265625 
       0.1747619  0.0021667480469 
      0.17478458  0.0026550292969 
      0.17480726  0.0038146972656 
      0.17482993  0.0052490234375 
      0.17485261  0.0068054199219 
      0.17487528  0.0080261230469 
      0.17489796  0.0090637207031 
      0.17492063  0.0091552734375 
      0.17494331  0.0084838867188 
      0.17496599  0.0075073242188 
      0.17498866  0.0061950683594 
      0.17501134  0.0047912597656 
      0.17503401  0.0028991699219 
      0.17505669  0.0018310546875 
      0.17507937  0.0012512207031 
      0.17510204  0.0010375976562 
      0.17512472  0.0022277832031 
      0.17514739   0.003173828125 
      0.17517007  0.0044555664062 
      0.17519274  0.0055541992188 
      0.17521542  0.0064697265625 
       0.1752381  0.0075073242188 
      0.17526077  0.0067138671875 
      0.17528345  0.0065612792969 
      0.17530612  0.0060119628906 
       0.1753288  0.0043029785156 
      0.17535147  0.0036315917969 
      0.17537415  0.0021362304688 
      0.17539683  0.0014953613281 
       0.1754195  0.0013427734375 
      0.17544218    0.00146484375 
      0.17546485  0.0025634765625 
      0.17548753  0.0032958984375 
       0.1755102  0.0046691894531 
      0.17553288  0.0055847167969 
      0.17555556  0.0066528320312 
      0.17557823  0.0070495605469 
      0.17560091   0.006591796875 
      0.17562358  0.0057983398438 
      0.17564626  0.0037536621094 
      0.17566893  0.0026245117188 
      0.17569161  0.0010681152344 
      0.17571429  -0.00064086914062 
      0.17573696  -0.0018920898438 
      0.17575964  -0.0029907226562 
      0.17578231  -0.0025024414062 
      0.17580499  -0.0018310546875 
      0.17582766  -0.00021362304688 
      0.17585034  0.0011291503906 
      0.17587302  0.0020141601562 
      0.17589569  0.0035400390625 
      0.17591837  0.0038757324219 
      0.17594104  0.0046081542969 
      0.17596372  0.0041809082031 
      0.17598639   0.003173828125 
      0.17600907  0.0023803710938 
      0.17603175   0.000732421875 
      0.17605442  0.00030517578125 
       0.1760771  -0.00045776367188 
      0.17609977  -0.0001220703125 
      0.17612245  0.00070190429688 
      0.17614512  0.0018310546875 
       0.1761678  0.0037536621094 
      0.17619048     0.0048828125 
      0.17621315  0.0063781738281 
      0.17623583  0.0072937011719 
       0.1762585  0.0076293945312 
      0.17628118  0.0069580078125 
      0.17630385  0.0052795410156 
      0.17632653  0.0040283203125 
      0.17634921  0.0022888183594 
      0.17637188  0.0010375976562 
      0.17639456  3.0517578125e-05 
      0.17641723  -0.00039672851562 
      0.17643991  -0.00021362304688 
      0.17646259  3.0517578125e-05 
      0.17648526  0.0017395019531 
      0.17650794  0.0026550292969 
      0.17653061  0.0039367675781 
      0.17655329  0.0056457519531 
      0.17657596  0.0062866210938 
      0.17659864  0.0066833496094 
      0.17662132   0.006103515625 
      0.17664399  0.0053100585938 
      0.17666667  0.0040283203125 
      0.17668934  0.0025939941406 
      0.17671202  0.0010070800781 
      0.17673469  -0.0001220703125 
      0.17675737  -0.000244140625 
      0.17678005  -0.0003662109375 
      0.17680272  0.00064086914062 
       0.1768254  0.0017395019531 
      0.17684807  0.0026245117188 
      0.17687075  0.0037231445312 
      0.17689342  0.0043334960938 
       0.1769161  0.0052795410156 
      0.17693878  0.0050659179688 
      0.17696145  0.0039367675781 
      0.17698413  0.0025329589844 
       0.1770068  0.00070190429688 
      0.17702948  -0.00079345703125 
      0.17705215  -0.002197265625 
      0.17707483  -0.002685546875 
      0.17709751  -0.0028076171875 
      0.17712018  -0.0023803710938 
      0.17714286  -0.00094604492188 
      0.17716553  3.0517578125e-05 
      0.17718821  0.0017395019531 
      0.17721088  0.0033569335938 
      0.17723356  0.0047302246094 
      0.17725624  0.0053405761719 
      0.17727891  0.0049133300781 
      0.17730159   0.004150390625 
      0.17732426  0.0023193359375 
      0.17734694  0.0010986328125 
      0.17736961  -0.0001220703125 
      0.17739229  -0.0010986328125 
      0.17741497  -0.0014953613281 
      0.17743764  -0.0023193359375 
      0.17746032  -0.0014038085938 
      0.17748299  -0.00030517578125 
      0.17750567     0.0009765625 
      0.17752834  0.0023803710938 
      0.17755102  0.0028381347656 
       0.1775737  0.0035095214844 
      0.17759637  0.0029907226562 
      0.17761905  0.0023803710938 
      0.17764172    0.00146484375 
       0.1776644  -0.0001220703125 
      0.17768707  -0.0014038085938 
      0.17770975  -0.0030822753906 
      0.17773243  -0.0039367675781 
       0.1777551  -0.004638671875 
      0.17777778  -0.0052185058594 
      0.17780045  -0.0046081542969 
      0.17782313  -0.0035095214844 
       0.1778458     -0.001953125 
      0.17786848    -0.0009765625 
      0.17789116  -9.1552734375e-05 
      0.17791383  0.00051879882812 
      0.17793651  0.00030517578125 
      0.17795918  -0.0001220703125 
      0.17798186  -0.0019226074219 
      0.17800454  -0.0036315917969 
      0.17802721  -0.0049743652344 
      0.17804989  -0.0066223144531 
      0.17807256  -0.0072021484375 
      0.17809524  -0.007568359375 
      0.17811791  -0.0071105957031 
      0.17814059  -0.0060119628906 
      0.17816327    -0.0048828125 
      0.17818594  -0.0033569335938 
      0.17820862  -0.0020751953125 
      0.17823129  -0.00088500976562 
      0.17825397  -0.00070190429688 
      0.17827664  -0.0010681152344 
      0.17829932  -0.0018920898438 
        0.178322  -0.0032348632812 
      0.17834467  -0.0040893554688 
      0.17836735  -0.0055541992188 
      0.17839002  -0.0066833496094 
       0.1784127  -0.0071716308594 
      0.17843537  -0.0076599121094 
      0.17845805  -0.0071411132812 
      0.17848073  -0.0060729980469 
       0.1785034  -0.005126953125 
      0.17852608  -0.0042114257812 
      0.17854875  -0.003173828125 
      0.17857143  -0.0025329589844 
       0.1785941  -0.0020751953125 
      0.17861678  -0.0022277832031 
      0.17863946  -0.0034790039062 
      0.17866213  -0.0047302246094 
      0.17868481  -0.0059814453125 
      0.17870748  -0.0073547363281 
      0.17873016  -0.0079040527344 
      0.17875283  -0.0083618164062 
      0.17877551  -0.0083618164062 
      0.17879819  -0.0075988769531 
      0.17882086  -0.0064086914062 
      0.17884354  -0.0052490234375 
      0.17886621  -0.0039672851562 
      0.17888889  -0.0023498535156 
      0.17891156  -0.0017395019531 
      0.17893424  -0.0015563964844 
      0.17895692   -0.00146484375 
      0.17897959   -0.00244140625 
      0.17900227  -0.0033874511719 
      0.17902494    -0.0048828125 
      0.17904762  -0.0060424804688 
      0.17907029  -0.0067443847656 
      0.17909297  -0.0072937011719 
      0.17911565  -0.0070495605469 
      0.17913832  -0.0065307617188 
        0.179161  -0.0050659179688 
      0.17918367  -0.0036010742188 
      0.17920635  -0.0018310546875 
      0.17922902  -6.103515625e-05 
       0.1792517  0.00027465820312 
      0.17927438  0.0011901855469 
      0.17929705  0.0003662109375 
      0.17931973  -0.00094604492188 
       0.1793424  -0.0018005371094 
      0.17936508  -0.0031433105469 
      0.17938776  -0.0041198730469 
      0.17941043  -0.0053100585938 
      0.17943311  -0.0049743652344 
      0.17945578  -0.0044250488281 
      0.17947846  -0.0036315917969 
      0.17950113  -0.0018310546875 
      0.17952381   -0.00048828125 
      0.17954649     0.0009765625 
      0.17956916  0.0016479492188 
      0.17959184  0.0021057128906 
      0.17961451  0.0017700195312 
      0.17963719    0.00048828125 
      0.17965986  -0.00067138671875 
      0.17968254  -0.0020751953125 
      0.17970522  -0.0036010742188 
      0.17972789  -0.004638671875 
      0.17975057  -0.0050659179688 
      0.17977324  -0.0051574707031 
      0.17979592  -0.0044860839844 
      0.17981859  -0.0033874511719 
      0.17984127  -0.0027160644531 
      0.17986395  -0.0013427734375 
      0.17988662  -0.00021362304688 
       0.1799093  0.00030517578125 
      0.17993197  0.00094604492188 
      0.17995465  0.00057983398438 
      0.17997732  -3.0517578125e-05 
            0.18  -0.0012512207031 
      0.18002268  -0.0026550292969 
      0.18004535  -0.0040893554688 
      0.18006803  -0.0051574707031 
       0.1800907  -0.0051574707031 
      0.18011338  -0.0054626464844 
      0.18013605  -0.0046081542969 
      0.18015873  -0.0032653808594 
      0.18018141     -0.001953125 
      0.18020408  -0.0003662109375 
      0.18022676  0.00054931640625 
      0.18024943  0.0018920898438 
      0.18027211  0.0020141601562 
      0.18029478  0.00094604492188 
      0.18031746  -0.00021362304688 
      0.18034014  -0.0018920898438 
      0.18036281  -0.0030822753906 
      0.18038549  -0.0043334960938 
      0.18040816  -0.0050659179688 
      0.18043084  -0.0052185058594 
      0.18045351  -0.0049438476562 
      0.18047619  -0.0040588378906 
      0.18049887  -0.0030517578125 
      0.18052154  -0.0018920898438 
      0.18054422  -0.0008544921875 
      0.18056689                0 
      0.18058957  0.0003662109375 
      0.18061224  0.00057983398438 
      0.18063492  0.00039672851562 
       0.1806576  -0.00070190429688 
      0.18068027  -0.0020446777344 
      0.18070295  -0.0032958984375 
      0.18072562  -0.0042419433594 
       0.1807483  -0.0049743652344 
      0.18077098  -0.0053100585938 
      0.18079365  -0.0049133300781 
      0.18081633  -0.003662109375 
        0.180839  -0.0022888183594 
      0.18086168  -0.00091552734375 
      0.18088435  0.0006103515625 
      0.18090703  0.0011596679688 
      0.18092971  0.0010375976562 
      0.18095238  0.00088500976562 
      0.18097506  -0.0001220703125 
      0.18099773  -0.0013732910156 
      0.18102041  -0.0024719238281 
      0.18104308  -0.0039367675781 
      0.18106576  -0.0045471191406 
      0.18108844  -0.0053405761719 
      0.18111111  -0.0055541992188 
      0.18113379  -0.0045166015625 
      0.18115646  -0.0036315917969 
      0.18117914  -0.0024108886719 
      0.18120181  -0.0013427734375 
      0.18122449  0.00039672851562 
      0.18124717  0.0017395019531 
      0.18126984  0.0021667480469 
      0.18129252  0.0025024414062 
      0.18131519  0.0013732910156 
      0.18133787  0.00018310546875 
      0.18136054  -0.00094604492188 
      0.18138322  -0.0017395019531 
       0.1814059  -0.0022888183594 
      0.18142857  -0.0027465820312 
      0.18145125  -0.0021362304688 
      0.18147392  -0.0011596679688 
       0.1814966  0.00021362304688 
      0.18151927  0.0014343261719 
      0.18154195  0.0028991699219 
      0.18156463  0.0041809082031 
       0.1815873  0.0045166015625 
      0.18160998  0.0050354003906 
      0.18163265  0.0040283203125 
      0.18165533  0.0025024414062 
        0.181678  0.0017395019531 
      0.18170068  0.0001220703125 
      0.18172336  -0.0010375976562 
      0.18174603  -0.0017700195312 
      0.18176871  -0.0020446777344 
      0.18179138  -0.0020751953125 
      0.18181406  -0.0016784667969 
      0.18183673  -0.00021362304688 
      0.18185941  0.00054931640625 
      0.18188209  0.0017700195312 
      0.18190476  0.0028381347656 
      0.18192744  0.0030822753906 
      0.18195011  0.0032653808594 
      0.18197279  0.0020446777344 
      0.18199546  0.0010070800781 
      0.18201814  -0.00042724609375 
      0.18204082  -0.0016174316406 
      0.18206349  -0.002197265625 
      0.18208617  -0.0027160644531 
      0.18210884  -0.0024108886719 
      0.18213152  -0.002197265625 
       0.1821542  -0.0010375976562 
      0.18217687  -9.1552734375e-05 
      0.18219955  0.0010070800781 
      0.18222222  0.0024108886719 
       0.1822449  0.0030212402344 
      0.18226757  0.0038757324219 
      0.18229025  0.0035400390625 
      0.18231293  0.0026550292969 
       0.1823356  0.0014038085938 
      0.18235828                0 
      0.18238095  -0.0010375976562 
      0.18240363  -0.002197265625 
       0.1824263  -0.0023803710938 
      0.18244898  -0.0030517578125 
      0.18247166  -0.0030212402344 
      0.18249433  -0.0016784667969 
      0.18251701  -0.000732421875 
      0.18253968  0.0010681152344 
      0.18256236    0.00244140625 
      0.18258503  0.0032958984375 
      0.18260771  0.0038452148438 
      0.18263039  0.0032653808594 
      0.18265306    0.00244140625 
      0.18267574     0.0009765625 
      0.18269841  -0.00045776367188 
      0.18272109  -0.0013122558594 
      0.18274376  -0.0017700195312 
      0.18276644  -0.0018310546875 
      0.18278912  -0.0018615722656 
      0.18281179  -0.0010375976562 
      0.18283447  0.0001220703125 
      0.18285714  0.0013122558594 
      0.18287982  0.0028991699219 
      0.18290249       0.00390625 
      0.18292517  0.0046691894531 
      0.18294785    0.00439453125 
      0.18297052  0.0040893554688 
       0.1829932  0.0033874511719 
      0.18301587  0.0013427734375 
      0.18303855  0.00027465820312 
      0.18306122  -0.00088500976562 
       0.1830839  -0.0014038085938 
      0.18310658  -0.0016784667969 
      0.18312925  -0.0010681152344 
      0.18315193  0.00091552734375 
       0.1831746  0.0014953613281 
      0.18319728     0.0029296875 
      0.18321995   0.004150390625 
      0.18324263     0.0048828125 
      0.18326531  0.0057983398438 
      0.18328798    0.00537109375 
      0.18331066  0.0049133300781 
      0.18333333  0.0035095214844 
      0.18335601  0.0022888183594 
      0.18337868  0.0011596679688 
      0.18340136  -0.00018310546875 
      0.18342404  -0.00021362304688 
      0.18344671  -0.00039672851562 
      0.18346939  0.00033569335938 
      0.18349206  0.0011291503906 
      0.18351474      0.001953125 
      0.18353741  0.0033264160156 
      0.18356009  0.0038452148438 
      0.18358277  0.0046691894531 
      0.18360544  0.0051574707031 
      0.18362812  0.0051574707031 
      0.18365079  0.0045471191406 
      0.18367347  0.0031127929688 
      0.18369615  0.0021667480469 
      0.18371882  0.00076293945312 
       0.1837415  0.0001220703125 
      0.18376417  -0.000244140625 
      0.18378685  -0.00079345703125 
      0.18380952  0.00021362304688 
       0.1838322  0.0014953613281 
      0.18385488  0.0030822753906 
      0.18387755   0.004638671875 
      0.18390023  0.0055236816406 
       0.1839229  0.0060119628906 
      0.18394558  0.0059204101562 
      0.18396825  0.0054626464844 
      0.18399093  0.0040588378906 
      0.18401361  0.0028991699219 
      0.18403628  0.0018005371094 
      0.18405896  0.00030517578125 
      0.18408163  -0.0001220703125 
      0.18410431  -0.00051879882812 
      0.18412698  -0.00067138671875 
      0.18414966  -6.103515625e-05 
      0.18417234  0.0011291503906 
      0.18419501   0.002197265625 
      0.18421769  0.0028076171875 
      0.18424036  0.0036926269531 
      0.18426304   0.004150390625 
      0.18428571  0.0041198730469 
      0.18430839       0.00390625 
      0.18433107  0.0028686523438 
      0.18435374  0.0011291503906 
      0.18437642  -0.00054931640625 
      0.18439909  -0.0011596679688 
      0.18442177  -0.0020751953125 
      0.18444444  -0.0022888183594 
      0.18446712  -0.0017700195312 
       0.1844898  -0.0011901855469 
      0.18451247  6.103515625e-05 
      0.18453515  0.0011596679688 
      0.18455782  0.0025939941406 
       0.1845805  0.0032043457031 
      0.18460317  0.0033264160156 
      0.18462585  0.0031127929688 
      0.18464853  0.0019836425781 
       0.1846712  0.0011291503906 
      0.18469388  -0.00042724609375 
      0.18471655  -0.0015869140625 
      0.18473923  -0.0025634765625 
       0.1847619  -0.0028381347656 
      0.18478458  -0.0024719238281 
      0.18480726  -0.0024108886719 
      0.18482993    -0.0009765625 
      0.18485261  0.00021362304688 
      0.18487528   0.001708984375 
      0.18489796     0.0029296875 
      0.18492063  0.0032348632812 
      0.18494331  0.0036010742188 
      0.18496599  0.0025329589844 
      0.18498866  0.0020446777344 
      0.18501134  0.0014038085938 
      0.18503401  6.103515625e-05 
      0.18505669  -0.000732421875 
      0.18507937  -0.0016784667969 
      0.18510204  -0.0020446777344 
      0.18512472  -0.0023193359375 
      0.18514739  -0.0016784667969 
      0.18517007  -0.00064086914062 
      0.18519274                0 
      0.18521542  0.0014038085938 
       0.1852381  0.0020751953125 
      0.18526077  0.0026550292969 
      0.18528345  0.0025024414062 
      0.18530612  0.0014953613281 
       0.1853288  0.0010681152344 
      0.18535147  -0.00030517578125 
      0.18537415  -0.001220703125 
      0.18539683  -0.0019836425781 
       0.1854195  -0.0027465820312 
      0.18544218  -0.0031127929688 
      0.18546485  -0.0031433105469 
      0.18548753  -0.0017700195312 
       0.1855102  -0.00082397460938 
      0.18553288  0.0003662109375 
      0.18555556  0.0016479492188 
      0.18557823  0.0023498535156 
      0.18560091    0.00341796875 
      0.18562358   0.003662109375 
      0.18564626  0.0032653808594 
      0.18566893  0.0020446777344 
      0.18569161  0.00067138671875 
      0.18571429  -0.0001220703125 
      0.18573696  -0.0010070800781 
      0.18575964  -0.0014038085938 
      0.18578231   -0.00146484375 
      0.18580499  -0.0010375976562 
      0.18582766  -0.00018310546875 
      0.18585034     0.0009765625 
      0.18587302    0.00244140625 
      0.18589569  0.0033569335938 
      0.18591837  0.0042724609375 
      0.18594104  0.0046081542969 
      0.18596372   0.004638671875 
      0.18598639    0.00439453125 
      0.18600907  0.0032043457031 
      0.18603175  0.0020446777344 
      0.18605442  0.0010375976562 
       0.1860771   0.000244140625 
      0.18609977  -0.0003662109375 
      0.18612245  -0.00054931640625 
      0.18614512   0.000244140625 
       0.1861678  0.0013122558594 
      0.18619048  0.0025939941406 
      0.18621315  0.0037231445312 
      0.18623583  0.0049133300781 
       0.1862585  0.0058288574219 
      0.18628118  0.0055541992188 
      0.18630385  0.0055847167969 
      0.18632653  0.0049133300781 
      0.18634921  0.0035705566406 
      0.18637188  0.0027160644531 
      0.18639456  0.0014038085938 
      0.18641723  0.00091552734375 
      0.18643991  0.00054931640625 
      0.18646259  0.0006103515625 
      0.18648526  0.0019226074219 
      0.18650794  0.0030212402344 
      0.18653061  0.0042114257812 
      0.18655329  0.0054016113281 
      0.18657596  0.0065612792969 
      0.18659864  0.0071716308594 
      0.18662132  0.0072326660156 
      0.18664399  0.0066833496094 
      0.18666667  0.0055541992188 
      0.18668934  0.0045166015625 
      0.18671202  0.0038452148438 
      0.18673469  0.0031127929688 
      0.18675737  0.0019836425781 
      0.18678005  0.0016174316406 
      0.18680272  0.0018615722656 
       0.1868254  0.0028076171875 
      0.18684807  0.0043334960938 
      0.18687075    0.00537109375 
      0.18689342  0.0064086914062 
       0.1869161  0.0069885253906 
      0.18693878  0.0072021484375 
      0.18696145  0.0073547363281 
      0.18698413  0.0067749023438 
       0.1870068  0.0057983398438 
      0.18702948   0.005126953125 
      0.18705215  0.0038146972656 
      0.18707483  0.0030822753906 
      0.18709751  0.0025939941406 
      0.18712018  0.0017395019531 
      0.18714286  0.0022277832031 
      0.18716553  0.0029907226562 
      0.18718821  0.0038452148438 
      0.18721088  0.0048522949219 
      0.18723356  0.0060729980469 
      0.18725624  0.0067138671875 
      0.18727891     0.0068359375 
      0.18730159  0.0065307617188 
      0.18732426  0.0052490234375 
      0.18734694   0.004638671875 
      0.18736961  0.0030517578125 
      0.18739229  0.0014343261719 
      0.18741497  0.00082397460938 
      0.18743764  3.0517578125e-05 
      0.18746032  0.0003662109375 
      0.18748299  0.00054931640625 
      0.18750567  0.0018005371094 
      0.18752834  0.0032958984375 
      0.18755102  0.0040893554688 
       0.1875737  0.0050964355469 
      0.18759637  0.0051574707031 
      0.18761905  0.0057067871094 
      0.18764172  0.0053405761719 
       0.1876644  0.0042114257812 
      0.18768707  0.0033264160156 
      0.18770975  0.0019836425781 
      0.18773243  0.0012512207031 
       0.1877551  0.0001220703125 
      0.18777778  -0.00051879882812 
      0.18780045  -0.00042724609375 
      0.18782313  9.1552734375e-05 
       0.1878458  0.0015563964844 
      0.18786848  0.0024108886719 
      0.18789116    0.00341796875 
      0.18791383   0.004150390625 
      0.18793651  0.0044860839844 
      0.18795918   0.005126953125 
      0.18798186  0.0047607421875 
      0.18800454  0.0038757324219 
      0.18802721  0.0026245117188 
      0.18804989  0.0017700195312 
      0.18807256     0.0009765625 
      0.18809524  0.00030517578125 
      0.18811791  0.00045776367188 
      0.18814059  0.00067138671875 
      0.18816327  0.0018310546875 
      0.18818594  0.0028686523438 
      0.18820862  0.0035400390625 
      0.18823129  0.0046081542969 
      0.18825397  0.0052185058594 
      0.18827664  0.0055236816406 
      0.18829932    0.00537109375 
        0.188322  0.0049133300781 
      0.18834467  0.0035095214844 
      0.18836735  0.0020446777344 
      0.18839002    0.00146484375 
       0.1884127                0 
      0.18843537  -0.000732421875 
      0.18845805  -0.00082397460938 
      0.18848073  -0.00070190429688 
       0.1885034  0.00030517578125 
      0.18852608  0.0013732910156 
      0.18854875  0.0029602050781 
      0.18857143  0.0040893554688 
       0.1885941  0.0049743652344 
      0.18861678   0.005615234375 
      0.18863946    0.00537109375 
      0.18866213  0.0047912597656 
      0.18868481  0.0036926269531 
      0.18870748  0.0031127929688 
      0.18873016    0.00244140625 
      0.18875283  0.0018005371094 
      0.18877551  0.0015869140625 
      0.18879819  0.0015563964844 
      0.18882086  0.0023498535156 
      0.18884354  0.0032958984375 
      0.18886621  0.0044860839844 
      0.18888889  0.0054016113281 
      0.18891156  0.0063781738281 
      0.18893424  0.0069580078125 
      0.18895692  0.0065002441406 
      0.18897959  0.0061645507812 
      0.18900227  0.0050964355469 
      0.18902494  0.0039978027344 
      0.18904762  0.0032043457031 
      0.18907029  0.0017700195312 
      0.18909297  0.00076293945312 
      0.18911565                0 
      0.18913832  -0.000244140625 
        0.189161  0.00088500976562 
      0.18918367  0.0019226074219 
      0.18920635  0.0026245117188 
      0.18922902  0.0036926269531 
       0.1892517  0.0047912597656 
      0.18927438  0.0054016113281 
      0.18929705  0.0053405761719 
      0.18931973  0.0047912597656 
       0.1893424  0.0038757324219 
      0.18936508  0.0033569335938 
      0.18938776  0.0027465820312 
      0.18941043  0.0022583007812 
      0.18943311  0.0017395019531 
      0.18945578  0.0012817382812 
      0.18947846  0.0016479492188 
      0.18950113  0.0023193359375 
      0.18952381  0.0035705566406 
      0.18954649  0.0044860839844 
      0.18956916  0.0058288574219 
      0.18959184  0.0067138671875 
      0.18961451  0.0070190429688 
      0.18963719  0.0074768066406 
      0.18965986  0.0070190429688 
      0.18968254  0.0060424804688 
      0.18970522  0.0043334960938 
      0.18972789  0.0035705566406 
      0.18975057  0.0024719238281 
      0.18977324     0.0009765625 
      0.18979592  0.0010986328125 
      0.18981859  0.0006103515625 
      0.18984127  0.0019226074219 
      0.18986395   0.003662109375 
      0.18988662  0.0043640136719 
       0.1899093  0.0062866210938 
      0.18993197    0.00634765625 
      0.18995465  0.0062561035156 
      0.18997732  0.0067749023438 
            0.19    0.00537109375 
      0.19002268  0.0040588378906 
      0.19004535   0.002685546875 
      0.19006803  0.0015869140625 
       0.1900907  0.00091552734375 
      0.19011338  0.00051879882812 
      0.19013605  0.0013122558594 
      0.19015873  0.0018920898438 
      0.19018141  0.0032958984375 
      0.19020408  0.0044250488281 
      0.19022676  0.0053100585938 
      0.19024943  0.0065307617188 
      0.19027211  0.0068054199219 
      0.19029478   0.007080078125 
      0.19031746  0.0066833496094 
      0.19034014  0.0062866210938 
      0.19036281  0.0049743652344 
      0.19038549  0.0036010742188 
      0.19040816  0.0030822753906 
      0.19043084    0.00146484375 
      0.19045351  0.0017395019531 
      0.19047619      0.001953125 
      0.19049887  0.0022277832031 
      0.19052154  0.0038146972656 
      0.19054422  0.0041198730469 
      0.19056689  0.0055236816406 
      0.19058957  0.0060119628906 
      0.19061224      0.005859375 
      0.19063492  0.0059814453125 
       0.1906576  0.0052795410156 
      0.19068027  0.0045471191406 
      0.19070295  0.0028686523438 
      0.19072562  0.0023498535156 
       0.1907483   0.001708984375 
      0.19077098  0.00094604492188 
      0.19079365   0.001220703125 
      0.19081633  0.00054931640625 
        0.190839  0.0016479492188 
      0.19086168    0.00341796875 
      0.19088435  0.0049743652344 
      0.19090703  0.0067749023438 
      0.19092971  0.0072326660156 
      0.19095238    0.00732421875 
      0.19097506     0.0068359375 
      0.19099773  0.0060729980469 
      0.19102041  0.0050048828125 
      0.19104308  0.0038757324219 
      0.19106576  0.0030517578125 
      0.19108844  0.0021362304688 
      0.19111111   0.001708984375 
      0.19113379   0.001220703125 
      0.19115646      0.001953125 
      0.19117914  0.0030517578125 
      0.19120181   0.003662109375 
      0.19122449    0.00439453125 
      0.19124717  0.0049133300781 
      0.19126984    0.00537109375 
      0.19129252  0.0047912597656 
      0.19131519    0.00439453125 
      0.19133787  0.0037841796875 
      0.19136054  0.0028381347656 
      0.19138322  0.0021057128906 
       0.1914059  0.00045776367188 
      0.19142857  -0.000244140625 
      0.19145125                0 
      0.19147392  0.00021362304688 
       0.1914966  0.0010681152344 
      0.19151927  0.0019836425781 
      0.19154195  0.0028991699219 
      0.19156463  0.0036926269531 
       0.1915873  0.0046997070312 
      0.19160998  0.0057983398438 
      0.19163265  0.0056457519531 
      0.19165533  0.0052185058594 
        0.191678   0.004638671875 
      0.19170068  0.0035400390625 
      0.19172336  0.0028076171875 
      0.19174603  0.0023193359375 
      0.19176871  0.0016784667969 
      0.19179138  0.00094604492188 
      0.19181406  0.0010681152344 
      0.19183673  0.0018005371094 
      0.19185941    0.00244140625 
      0.19188209  0.0033569335938 
      0.19190476  0.0038146972656 
      0.19192744  0.0043640136719 
      0.19195011  0.0047607421875 
      0.19197279   0.004638671875 
      0.19199546  0.0042419433594 
      0.19201814   0.003173828125 
      0.19204082      0.001953125 
      0.19206349    0.00048828125 
      0.19208617  -0.00070190429688 
      0.19210884  -0.00091552734375 
      0.19213152  -0.00088500976562 
       0.1921542  -0.000732421875 
      0.19217687  -0.00018310546875 
      0.19219955  0.00064086914062 
      0.19222222  0.0016174316406 
       0.1922449  0.0022277832031 
      0.19226757   0.003173828125 
      0.19229025  0.0036926269531 
      0.19231293  0.0036315917969 
       0.1923356  0.0030517578125 
      0.19235828  0.0015869140625 
      0.19238095   0.000244140625 
      0.19240363  -0.0013122558594 
       0.1924263  -0.0020751953125 
      0.19244898  -0.0023498535156 
      0.19247166  -0.0027770996094 
      0.19249433  -0.0023498535156 
      0.19251701  -0.0017395019531 
      0.19253968  -0.0008544921875 
      0.19256236  0.00064086914062 
      0.19258503  0.0016479492188 
      0.19260771  0.0018615722656 
      0.19263039  0.0021667480469 
      0.19265306  0.0016479492188 
      0.19267574    0.00048828125 
      0.19269841  -0.00033569335938 
      0.19272109  -0.0010681152344 
      0.19274376  -0.0017700195312 
      0.19276644  -0.0023803710938 
      0.19278912  -0.0024719238281 
      0.19281179  -0.0025329589844 
      0.19283447  -0.0019836425781 
      0.19285714  -0.00054931640625 
      0.19287982  0.00015258789062 
      0.19290249  0.0013122558594 
      0.19292517  0.0018005371094 
      0.19294785  0.0016174316406 
      0.19297052  0.0018005371094 
       0.1929932  0.0010070800781 
      0.19301587  0.00033569335938 
      0.19303855  -0.0010681152344 
      0.19306122   -0.00244140625 
       0.1930839  -0.0031127929688 
      0.19310658  -0.0042724609375 
      0.19312925  -0.0045776367188 
      0.19315193  -0.0046691894531 
       0.1931746  -0.0036315917969 
      0.19319728    -0.0029296875 
      0.19321995  -0.0028991699219 
      0.19324263  -0.0013732910156 
      0.19326531   -0.00048828125 
      0.19328798  -0.00033569335938 
      0.19331066  -0.000244140625 
      0.19333333  -0.0010986328125 
      0.19335601  -0.0024108886719 
      0.19337868  -0.0030517578125 
      0.19340136  -0.0035705566406 
      0.19342404  -0.0042724609375 
      0.19344671  -0.0045166015625 
      0.19346939  -0.0050354003906 
      0.19349206  -0.0048522949219 
      0.19351474  -0.0036010742188 
      0.19353741  -0.0024108886719 
      0.19356009  -0.0010375976562 
      0.19358277  0.0001220703125 
      0.19360544  0.00091552734375 
      0.19362812   0.001220703125 
      0.19365079  0.0014343261719 
      0.19367347  0.0011901855469 
      0.19369615  -6.103515625e-05 
      0.19371882  -0.00094604492188 
       0.1937415  -0.0021057128906 
      0.19376417  -0.0022277832031 
      0.19378685  -0.0018920898438 
      0.19380952  -0.0018920898438 
       0.1938322  -0.0008544921875 
      0.19385488  -0.00015258789062 
      0.19387755  0.00039672851562 
      0.19390023    0.00146484375 
       0.1939229  0.0023498535156 
      0.19394558  0.0028076171875 
      0.19396825  0.0022583007812 
      0.19399093    0.00146484375 
      0.19401361  0.00076293945312 
      0.19403628  -0.00015258789062 
      0.19405896   -0.00146484375 
      0.19408163  -0.0032958984375 
      0.19410431  -0.0041198730469 
      0.19412698  -0.0039367675781 
      0.19414966  -0.0038757324219 
      0.19417234  -0.0033264160156 
      0.19419501  -0.0031127929688 
      0.19421769  -0.0026550292969 
      0.19424036  -0.0012817382812 
      0.19426304  -0.00027465820312 
      0.19428571  0.00054931640625 
      0.19430839  0.0003662109375 
      0.19433107  -0.00039672851562 
      0.19435374  -0.00057983398438 
      0.19437642    -0.0009765625 
      0.19439909  -0.0016174316406 
      0.19442177  -0.0022888183594 
      0.19444444  -0.0021667480469 
      0.19446712  -0.0016784667969 
       0.1944898  -0.0010986328125 
      0.19451247  -0.00045776367188 
      0.19453515                0 
      0.19455782  0.00070190429688 
       0.1945805  0.0018920898438 
      0.19460317  0.0028381347656 
      0.19462585  0.0031433105469 
      0.19464853  0.0031433105469 
       0.1946712  0.0020141601562 
      0.19469388  0.0010986328125 
      0.19471655  0.00054931640625 
      0.19473923  -0.00082397460938 
       0.1947619  -0.0017395019531 
      0.19478458  -0.0024719238281 
      0.19480726  -0.0028381347656 
      0.19482993  -0.0028076171875 
      0.19485261  -0.0027770996094 
      0.19487528  -0.0018615722656 
      0.19489796  -0.0014038085938 
      0.19492063  -0.00042724609375 
      0.19494331  0.00079345703125 
      0.19496599  0.00076293945312 
      0.19498866  0.00076293945312 
      0.19501134  -0.00064086914062 
      0.19503401  -0.0015563964844 
      0.19505669  -0.001708984375 
      0.19507937  -0.003173828125 
      0.19510204  -0.0042419433594 
      0.19512472  -0.0051879882812 
      0.19514739  -0.0055847167969 
      0.19517007    -0.0048828125 
      0.19519274  -0.003662109375 
      0.19521542  -0.0025024414062 
       0.1952381  -0.0018310546875 
      0.19526077  -0.0011291503906 
      0.19528345  -0.00076293945312 
      0.19530612  -0.00027465820312 
       0.1953288  -0.00057983398438 
      0.19535147  -0.0021057128906 
      0.19537415  -0.0028381347656 
      0.19539683  -0.0040283203125 
       0.1954195  -0.0048217773438 
      0.19544218  -0.0050048828125 
      0.19546485   -0.00537109375 
      0.19548753  -0.0044555664062 
       0.1955102  -0.0035095214844 
      0.19553288  -0.0025634765625 
      0.19555556  -0.0016479492188 
      0.19557823  -0.000244140625 
      0.19560091  0.0010070800781 
      0.19562358  0.0013122558594 
      0.19564626  0.0018310546875 
      0.19566893  0.0015258789062 
      0.19569161  0.00051879882812 
      0.19571429  -0.00030517578125 
      0.19573696  -0.00079345703125 
      0.19575964  -0.0013122558594 
      0.19578231  -0.0018920898438 
      0.19580499  -0.0016174316406 
      0.19582766  -0.0011596679688 
      0.19585034  -0.0003662109375 
      0.19587302  0.00027465820312 
      0.19589569   0.000732421875 
      0.19591837    0.00146484375 
      0.19594104  0.0020141601562 
      0.19596372  0.0022277832031 
      0.19598639  0.0020751953125 
      0.19600907  0.0013427734375 
      0.19603175  9.1552734375e-05 
      0.19605442  -0.001220703125 
       0.1960771  -0.0019226074219 
      0.19609977  -0.0022583007812 
      0.19612245  -0.0027770996094 
      0.19614512   -0.00341796875 
       0.1961678  -0.0032653808594 
      0.19619048  -0.0021667480469 
      0.19621315  -0.0014038085938 
      0.19623583  -0.00054931640625 
       0.1962585  0.00039672851562 
      0.19628118  0.00079345703125 
      0.19630385  0.0008544921875 
      0.19632653     0.0009765625 
      0.19634921  0.00082397460938 
      0.19637188  0.00027465820312 
      0.19639456  -0.00039672851562 
      0.19641723  -0.0014038085938 
      0.19643991  -0.0018310546875 
      0.19646259  -0.0018920898438 
      0.19648526  -0.0020446777344 
      0.19650794  -0.0014343261719 
      0.19653061  -0.00039672851562 
      0.19655329  0.00045776367188 
      0.19657596  0.0012512207031 
      0.19659864   0.002197265625 
      0.19662132  0.0028076171875 
      0.19664399     0.0029296875 
      0.19666667  0.0026245117188 
      0.19668934  0.0015869140625 
      0.19671202  0.00042724609375 
      0.19673469  -0.00033569335938 
      0.19675737   -0.00146484375 
      0.19678005  -0.0023803710938 
      0.19680272  -0.0029907226562 
       0.1968254  -0.0026550292969 
      0.19684807  -0.0021362304688 
      0.19687075  -0.0018005371094 
      0.19689342  -0.00082397460938 
       0.1969161  -0.00030517578125 
      0.19693878   0.000244140625 
      0.19696145  0.00027465820312 
      0.19698413  6.103515625e-05 
       0.1970068  -0.0003662109375 
      0.19702948  -0.0014953613281 
      0.19705215  -0.0019226074219 
      0.19707483  -0.0032958984375 
      0.19709751  -0.0040283203125 
      0.19712018  -0.0042114257812 
      0.19714286  -0.0044555664062 
      0.19716553  -0.0043029785156 
      0.19718821  -0.0046081542969 
      0.19721088  -0.0036926269531 
      0.19723356   -0.00244140625 
      0.19725624  -0.0012817382812 
      0.19727891  -0.000244140625 
      0.19730159  -6.103515625e-05 
      0.19732426  0.0003662109375 
      0.19734694                0 
      0.19736961    -0.0009765625 
      0.19739229  -0.0014343261719 
      0.19741497  -0.0023193359375 
      0.19743764  -0.0033569335938 
      0.19746032  -0.0040283203125 
      0.19748299  -0.004150390625 
      0.19750567  -0.0038146972656 
      0.19752834  -0.0027160644531 
      0.19755102  -0.0014038085938 
       0.1975737  -0.00057983398438 
      0.19759637    0.00048828125 
      0.19761905   0.000732421875 
      0.19764172    0.00048828125 
       0.1976644  3.0517578125e-05 
      0.19768707  -0.00054931640625 
      0.19770975  -0.0010986328125 
      0.19773243  -0.0026550292969 
       0.1977551  -0.0034484863281 
      0.19777778  -0.0038146972656 
      0.19780045  -0.0043029785156 
      0.19782313  -0.003662109375 
       0.1978458  -0.0030212402344 
      0.19786848  -0.0022277832031 
      0.19789116  -0.0011596679688 
      0.19791383  3.0517578125e-05 
      0.19793651  0.0012817382812 
      0.19795918  0.0012817382812 
      0.19798186  0.0011901855469 
      0.19800454  0.0010986328125 
      0.19802721  0.00033569335938 
      0.19804989  -0.00027465820312 
      0.19807256  -0.0014038085938 
      0.19809524  -0.0025024414062 
      0.19811791  -0.0033874511719 
      0.19814059  -0.0039672851562 
      0.19816327      -0.00390625 
      0.19818594      -0.00390625 
      0.19820862  -0.0032043457031 
      0.19823129  -0.0025939941406 
      0.19825397  -0.0020446777344 
      0.19827664  -0.0016479492188 
      0.19829932  -0.0014343261719 
        0.198322  -0.0014038085938 
      0.19834467  -0.0021057128906 
      0.19836735  -0.0024719238281 
      0.19839002  -0.0032043457031 
       0.1984127  -0.0043640136719 
      0.19843537  -0.0051574707031 
      0.19845805  -0.0055847167969 
      0.19848073  -0.0050048828125 
       0.1985034  -0.0048217773438 
      0.19852608  -0.0037231445312 
      0.19854875  -0.0023193359375 
      0.19857143  -0.001708984375 
       0.1985941  -9.1552734375e-05 
      0.19861678  0.00030517578125 
      0.19863946  0.00057983398438 
      0.19866213  0.00057983398438 
      0.19868481  -0.000732421875 
      0.19870748  -0.0014038085938 
      0.19873016  -0.0029602050781 
      0.19875283  -0.0043334960938 
      0.19877551  -0.0050048828125 
      0.19879819  -0.0052490234375 
      0.19882086  -0.0050354003906 
      0.19884354  -0.0048522949219 
      0.19886621  -0.0040893554688 
      0.19888889  -0.0037536621094 
      0.19891156  -0.0027770996094 
      0.19893424  -0.0021057128906 
      0.19895692  -0.0022277832031 
      0.19897959  -0.0016784667969 
      0.19900227  -0.0020141601562 
      0.19902494  -0.0024108886719 
      0.19904762  -0.0028991699219 
      0.19907029  -0.0037536621094 
      0.19909297  -0.0043640136719 
      0.19911565  -0.0047912597656 
      0.19913832  -0.0046081542969 
        0.199161  -0.0046691894531 
      0.19918367  -0.0040893554688 
      0.19920635  -0.0034484863281 
      0.19922902  -0.0029602050781 
       0.1992517  -0.0016784667969 
      0.19927438  -0.0014038085938 
      0.19929705  -0.00088500976562 
      0.19931973  -0.00039672851562 
       0.1993424  -0.0010070800781 
      0.19936508  -0.0015258789062 
      0.19938776  -0.0023193359375 
      0.19941043  -0.0032958984375 
      0.19943311  -0.0041809082031 
      0.19945578  -0.0043334960938 
      0.19947846  -0.0045471191406 
      0.19950113  -0.0043029785156 
      0.19952381  -0.0035400390625 
      0.19954649  -0.0032348632812 
      0.19956916  -0.0018615722656 
      0.19959184  -0.0010681152344 
      0.19961451  -0.00021362304688 
      0.19963719  0.00042724609375 
      0.19965986  0.00030517578125 
      0.19968254  0.00018310546875 
      0.19970522  -0.0010986328125 
      0.19972789  -0.0020751953125 
      0.19975057  -0.0035400390625 
      0.19977324  -0.0044860839844 
      0.19979592  -0.0047912597656 
      0.19981859  -0.0053405761719 
      0.19984127  -0.0046691894531 
      0.19986395  -0.004150390625 
      0.19988662  -0.0033874511719 
       0.1999093  -0.002685546875 
      0.19993197  -0.0020751953125 
      0.19995465  -0.0010070800781 
      0.19997732  -0.0008544921875 
             0.2    -0.0009765625 
      0.20002268  -0.0015869140625 
      0.20004535  -0.0020141601562 
      0.20006803  -0.0024719238281 
       0.2000907  -0.003173828125 
      0.20011338  -0.003173828125 
      0.20013605  -0.0033569335938 
      0.20015873  -0.0030212402344 
      0.20018141  -0.0022888183594 
      0.20020408  -0.0015258789062 
      0.20022676   -0.00048828125 
      0.20024943  0.00015258789062 
      0.20027211  0.00094604492188 
      0.20029478   0.001708984375 
      0.20031746  0.0018615722656 
      0.20034014  0.0012817382812 
      0.20036281  0.00027465820312 
      0.20038549  -0.00064086914062 
      0.20040816  -0.0018310546875 
      0.20043084  -0.0025329589844 
      0.20045351  -0.0030212402344 
      0.20047619  -0.0036315917969 
      0.20049887  -0.0036315917969 
      0.20052154  -0.0035400390625 
      0.20054422  -0.0027160644531 
      0.20056689  -0.0015869140625 
      0.20058957  -0.0012512207031 
      0.20061224  -0.00091552734375 
      0.20063492  -0.00033569335938 
       0.2006576  -3.0517578125e-05 
      0.20068027  -0.0003662109375 
      0.20070295  -0.0006103515625 
      0.20072562  -0.001220703125 
       0.2007483  -0.0020446777344 
      0.20077098  -0.0023193359375 
      0.20079365  -0.003173828125 
      0.20081633  -0.0038146972656 
        0.200839  -0.0036926269531 
      0.20086168  -0.0030822753906 
      0.20088435  -0.0018005371094 
      0.20090703  -0.0010375976562 
      0.20092971  -0.00015258789062 
      0.20095238  0.00039672851562 
      0.20097506  0.00070190429688 
      0.20099773  0.00088500976562 
      0.20102041  -6.103515625e-05 
      0.20104308  -0.00067138671875 
      0.20106576  -0.0014953613281 
      0.20108844  -0.0025329589844 
      0.20111111  -0.0031127929688 
      0.20113379  -0.0035400390625 
      0.20115646  -0.0039978027344 
      0.20117914  -0.0039978027344 
      0.20120181  -0.0028686523438 
      0.20122449  -0.0025024414062 
      0.20124717  -0.0013732910156 
      0.20126984  -0.0001220703125 
      0.20129252  0.00021362304688 
      0.20131519  0.00064086914062 
      0.20133787  3.0517578125e-05 
      0.20136054  -0.00070190429688 
      0.20138322  -0.0014953613281 
       0.2014059  -0.0022583007812 
      0.20142857  -0.0025329589844 
      0.20145125  -0.0029602050781 
      0.20147392  -0.0029907226562 
       0.2014966  -0.0027770996094 
      0.20151927  -0.0023498535156 
      0.20154195  -0.0016174316406 
      0.20156463  -0.00079345703125 
       0.2015873  0.0003662109375 
      0.20160998  0.0012512207031 
      0.20163265  0.0017395019531 
      0.20165533  0.0019226074219 
        0.201678  0.0020751953125 
      0.20170068  0.0015563964844 
      0.20172336  0.00067138671875 
      0.20174603  -0.00018310546875 
      0.20176871  -0.0014343261719 
      0.20179138  -0.0020446777344 
      0.20181406  -0.0028381347656 
      0.20183673  -0.0033264160156 
      0.20185941  -0.0027770996094 
      0.20188209  -0.0022888183594 
      0.20190476  -0.0012817382812 
      0.20192744  -0.00054931640625 
      0.20195011  -0.0003662109375 
      0.20197279  -0.00015258789062 
      0.20199546  -9.1552734375e-05 
      0.20201814  -0.0006103515625 
      0.20204082  -0.0017700195312 
      0.20206349  -0.0030212402344 
      0.20208617  -0.0043640136719 
      0.20210884  -0.0052490234375 
      0.20213152  -0.0054016113281 
       0.2021542  -0.0057373046875 
      0.20217687  -0.005615234375 
      0.20219955    -0.0048828125 
      0.20222222  -0.0037231445312 
       0.2022449  -0.0019836425781 
      0.20226757  -0.0010986328125 
      0.20229025  -0.00057983398438 
      0.20231293  -0.00039672851562 
       0.2023356  -0.00064086914062 
      0.20235828  -0.0010681152344 
      0.20238095  -0.0019836425781 
      0.20240363  -0.0025634765625 
       0.2024263  -0.0036315917969 
      0.20244898  -0.0042114257812 
      0.20247166  -0.0042724609375 
      0.20249433  -0.0042724609375 
      0.20251701  -0.0035400390625 
      0.20253968  -0.0029907226562 
      0.20256236  -0.0021667480469 
      0.20258503  -0.00082397460938 
      0.20260771  -0.0001220703125 
      0.20263039  -9.1552734375e-05 
      0.20265306  -0.00018310546875 
      0.20267574  -0.00030517578125 
      0.20269841  -0.0014953613281 
      0.20272109  -0.0032958984375 
      0.20274376  -0.0047302246094 
      0.20276644  -0.0061950683594 
      0.20278912  -0.0071411132812 
      0.20281179  -0.0074157714844 
      0.20283447    -0.0068359375 
      0.20285714  -0.0062866210938 
      0.20287982  -0.0053405761719 
      0.20290249  -0.0032348632812 
      0.20292517     -0.001953125 
      0.20294785  -0.00088500976562 
      0.20297052  -0.00042724609375 
       0.2029932  -0.0010375976562 
      0.20301587  -0.0018920898438 
      0.20303855  -0.0038757324219 
      0.20306122  -0.0056762695312 
       0.2030839  -0.0074768066406 
      0.20310658  -0.0086364746094 
      0.20312925  -0.0088806152344 
      0.20315193  -0.0090637207031 
